

Microchip MPLAB XC8 Assembler V3.10 build 20250813170317 
                                                                                               Sun Oct 12 20:59:58 2025

Microchip MPLAB XC8 C Compiler v3.10 (Free license) build 20250813170317 Og1 
     1                           	processor	18F25K22
     2                           	fnconf	rparam,??,?,0
     3                           	pagewidth 120
     4                           	opt	flic
     5                           	psect	idataCOMRAM,global,class=CODE,space=0,delta=1,noexec
     6                           	psect	idataBANK0,global,class=CODE,space=0,delta=1,noexec
     7                           	psect	mediumconst,global,reloc=2,class=MEDIUMCONST,space=0,delta=1,noexec
     8                           	psect	nvBANK0,global,class=BANK0,space=1,delta=1,lowdata,noexec
     9                           	psect	cinit,global,reloc=2,class=CODE,space=0,delta=1
    10                           	psect	bssCOMRAM,global,class=COMRAM,space=1,delta=1,lowdata,noexec
    11                           	psect	dataCOMRAM,global,class=COMRAM,space=1,delta=1,lowdata,noexec
    12                           	psect	bssBANK0,global,class=BANK0,space=1,delta=1,lowdata,noexec
    13                           	psect	dataBANK0,global,class=BANK0,space=1,delta=1,lowdata,noexec
    14                           	psect	bssBANK1,global,class=BANK1,space=1,delta=1,lowdata,noexec
    15                           	psect	cstackBANK0,global,class=BANK0,space=1,delta=1,lowdata,noexec
    16                           	psect	cstackCOMRAM,global,class=COMRAM,space=1,delta=1,lowdata,noexec
    17                           	psect	text0,global,reloc=2,class=CODE,space=0,delta=1
    18                           	psect	text1,global,reloc=2,class=CODE,space=0,delta=1,group=3
    19                           	psect	text2,global,reloc=2,class=CODE,space=0,delta=1,group=1
    20                           	psect	text3,global,reloc=2,class=CODE,space=0,delta=1,group=1
    21                           	psect	text4,global,reloc=2,class=CODE,space=0,delta=1,group=1
    22                           	psect	text5,global,reloc=2,class=CODE,space=0,delta=1,group=1
    23                           	psect	text6,global,reloc=2,class=CODE,space=0,delta=1,group=1
    24                           	psect	text7,global,reloc=2,class=CODE,space=0,delta=1,group=1
    25                           	psect	text8,global,reloc=2,class=CODE,space=0,delta=1,group=3
    26                           	psect	text9,global,reloc=2,class=CODE,space=0,delta=1,group=3
    27                           	psect	text10,global,reloc=2,class=CODE,space=0,delta=1,group=2
    28                           	psect	text11,global,reloc=2,class=CODE,space=0,delta=1,group=2
    29                           	psect	text12,global,reloc=2,class=CODE,space=0,delta=1,group=1
    30                           	psect	text13,global,reloc=2,class=CODE,space=0,delta=1,group=3
    31                           	psect	text14,global,reloc=2,class=CODE,space=0,delta=1
    32                           	psect	text15,global,reloc=2,class=CODE,space=0,delta=1
    33                           	psect	text16,global,reloc=2,class=CODE,space=0,delta=1
    34                           	psect	text17,global,reloc=2,class=CODE,space=0,delta=1
    35                           	psect	text18,global,reloc=2,class=CODE,space=0,delta=1
    36                           	psect	text19,global,reloc=2,class=CODE,space=0,delta=1
    37                           	psect	text20,global,reloc=2,class=CODE,space=0,delta=1
    38                           	psect	text21,global,reloc=2,class=CODE,space=0,delta=1
    39                           	psect	text22,global,reloc=2,class=CODE,space=0,delta=1
    40                           	psect	text23,global,reloc=2,class=CODE,space=0,delta=1
    41                           	psect	text24,global,reloc=2,class=CODE,space=0,delta=1
    42                           	psect	text25,global,reloc=2,class=CODE,space=0,delta=1
    43                           	psect	text26,global,reloc=2,class=CODE,space=0,delta=1
    44                           	psect	text27,global,reloc=2,class=CODE,space=0,delta=1
    45                           	psect	text28,global,reloc=2,class=CODE,space=0,delta=1
    46                           	psect	text29,global,reloc=2,class=CODE,space=0,delta=1
    47                           	psect	text30,global,reloc=2,class=CODE,space=0,delta=1
    48                           	psect	text31,global,reloc=2,class=CODE,space=0,delta=1
    49                           	psect	text32,global,reloc=2,class=CODE,space=0,delta=1
    50                           	psect	text33,global,reloc=2,class=CODE,space=0,delta=1
    51                           	psect	text34,global,reloc=2,class=CODE,space=0,delta=1
    52                           	psect	text35,global,reloc=2,class=CODE,space=0,delta=1
    53                           	psect	text36,global,reloc=2,class=CODE,space=0,delta=1
    54                           	psect	text37,global,reloc=2,class=CODE,space=0,delta=1
    55                           	psect	text38,global,reloc=2,class=CODE,space=0,delta=1
    56                           	psect	text39,global,reloc=2,class=CODE,space=0,delta=1
    57                           	psect	text40,global,reloc=2,class=CODE,space=0,delta=1
    58                           	psect	text41,global,reloc=2,class=CODE,space=0,delta=1
    59                           	psect	text42,global,reloc=2,class=CODE,space=0,delta=1
    60                           	psect	text43,global,reloc=2,class=CODE,space=0,delta=1
    61                           	psect	text44,global,reloc=2,class=CODE,space=0,delta=1
    62                           	psect	intcode,global,reloc=2,class=CODE,space=0,delta=1
    63                           	psect	text46,global,reloc=2,class=CODE,space=0,delta=1
    64                           	psect	text47,global,reloc=2,class=CODE,space=0,delta=1
    65                           	psect	text48,global,reloc=2,class=CODE,space=0,delta=1
    66                           	psect	text49,global,reloc=2,class=CODE,space=0,delta=1
    67                           	psect	text50,global,reloc=2,class=CODE,space=0,delta=1
    68                           	psect	text51,global,reloc=2,class=CODE,space=0,delta=1
    69                           	psect	text52,global,reloc=2,class=CODE,space=0,delta=1
    70                           	psect	intsave_regs,global,class=BIGRAM,space=1,delta=1,noexec
    71                           	psect	rparam,global,class=COMRAM,space=1,delta=1,noexec
    72                           	psect	config,global,abs,ovrld,class=CONFIG,space=4,delta=1,noexec
    73                           	dabs	1,0x1,1
    74   000000                     
    75                           ; Generated 13/12/2024 GMT
    76                           ; 
    77                           ; Copyright © 2024, Microchip Technology Inc. and its subsidiaries ("Microchip")
    78                           ; All rights reserved.
    79                           ; 
    80                           ; This software is developed by Microchip Technology Inc. and its subsidiaries ("Microch
      +                          ip").
    81                           ; 
    82                           ; Redistribution and use in source and binary forms, with or without modification, are
    83                           ; permitted provided that the following conditions are met:
    84                           ; 
    85                           ;     1. Redistributions of source code must retain the above copyright notice, this lis
      +                          t of
    86                           ;        conditions and the following disclaimer.
    87                           ; 
    88                           ;     2. Redistributions in binary form must reproduce the above copyright notice, this 
      +                          list
    89                           ;        of conditions and the following disclaimer in the documentation and/or other
    90                           ;        materials provided with the distribution. Publication is not required when
    91                           ;        this file is used in an embedded application.
    92                           ; 
    93                           ;     3. Microchip's name may not be used to endorse or promote products derived from th
      +                          is
    94                           ;        software without specific prior written permission.
    95                           ; 
    96                           ; THIS SOFTWARE IS PROVIDED BY MICROCHIP "AS IS" AND ANY EXPRESS OR IMPLIED WARRANTIES,
    97                           ; INCLUDING, BUT NOT LIMITED TO, THE IMPLIED WARRANTIES OF MERCHANTABILITY AND FITNESS F
      +                          OR
    98                           ; PURPOSE ARE DISCLAIMED.  IN NO EVENT SHALL MICROCHIP BE LIABLE FOR ANY DIRECT, INDIREC
      +                          T,
    99                           ; INCIDENTAL, SPECIAL, EXEMPLARY, OR CONSEQUENTIAL DAMAGES (INCLUDING BUT NOT LIMITED TO
   100                           ; PROCUREMENT OF SUBSTITUTE GOODS OR SERVICES; LOSS OF USE, DATA OR PROFITS; OR BUSINESS
   101                           ; INTERRUPTION) HOWSOEVER CAUSED AND ON ANY THEORY OF LIABILITY, WHETHER IN CONTRACT, ST
      +                          RICT
   102                           ; LIABILITY, OR TORT (INCLUDING NEGLIGENCE OR OTHERWISE) ARISING IN ANY WAY OUT OF THE U
      +                          SE OF
   103                           ; THIS SOFTWARE, EVEN IF ADVISED OF THE POSSIBILITY OF SUCH DAMAGE.
   104                           ; 
   105                           ; 
   106                           ; Code-generator required, PIC18F25K22 Definitions
   107                           ; 
   108                           ; SFR Addresses
   109   000FE0                     bsr             equ	4064
   110   000FE9                     fsr0            equ	4073
   111   000FEA                     fsr0h           equ	4074
   112   000FE9                     fsr0l           equ	4073
   113   000FE1                     fsr1            equ	4065
   114   000FE2                     fsr1h           equ	4066
   115   000FE1                     fsr1l           equ	4065
   116   000FD9                     fsr2            equ	4057
   117   000FDA                     fsr2h           equ	4058
   118   000FD9                     fsr2l           equ	4057
   119   000FEF                     indf0           equ	4079
   120   000FE7                     indf1           equ	4071
   121   000FDF                     indf2           equ	4063
   122   000FF2                     intcon          equ	4082
   123   000000                     nvmcon          equ	0
   124   000FF9                     pcl             equ	4089
   125   000FFA                     pclath          equ	4090
   126   000FFB                     pclatu          equ	4091
   127   000FEB                     plusw0          equ	4075
   128   000FE3                     plusw1          equ	4067
   129   000FDB                     plusw2          equ	4059
   130   000FED                     postdec0        equ	4077
   131   000FE5                     postdec1        equ	4069
   132   000FDD                     postdec2        equ	4061
   133   000FEE                     postinc0        equ	4078
   134   000FE6                     postinc1        equ	4070
   135   000FDE                     postinc2        equ	4062
   136   000FEC                     preinc0         equ	4076
   137   000FE4                     preinc1         equ	4068
   138   000FDC                     preinc2         equ	4060
   139   000FF3                     prod            equ	4083
   140   000FF4                     prodh           equ	4084
   141   000FF3                     prodl           equ	4083
   142   000FD8                     status          equ	4056
   143   000FF5                     tablat          equ	4085
   144   000FF6                     tblptr          equ	4086
   145   000FF7                     tblptrh         equ	4087
   146   000FF6                     tblptrl         equ	4086
   147   000FF8                     tblptru         equ	4088
   148   000FFD                     tosl            equ	4093
   149   000FE8                     wreg            equ	4072
   150   000F38                     ANSELA          equ	3896	;# 
   151   000F39                     ANSELB          equ	3897	;# 
   152   000F3A                     ANSELC          equ	3898	;# 
   153   000F3D                     PMD2            equ	3901	;# 
   154   000F3E                     PMD1            equ	3902	;# 
   155   000F3F                     PMD0            equ	3903	;# 
   156   000F40                     VREFCON2        equ	3904	;# 
   157   000F40                     DACCON1         equ	3904	;# 
   158   000F41                     VREFCON1        equ	3905	;# 
   159   000F41                     DACCON0         equ	3905	;# 
   160   000F42                     VREFCON0        equ	3906	;# 
   161   000F42                     FVRCON          equ	3906	;# 
   162   000F43                     CTMUICON        equ	3907	;# 
   163   000F43                     CTMUICONH       equ	3907	;# 
   164   000F44                     CTMUCONL        equ	3908	;# 
   165   000F44                     CTMUCON1        equ	3908	;# 
   166   000F45                     CTMUCONH        equ	3909	;# 
   167   000F45                     CTMUCON0        equ	3909	;# 
   168   000F46                     SRCON1          equ	3910	;# 
   169   000F47                     SRCON0          equ	3911	;# 
   170   000F48                     CCPTMRS1        equ	3912	;# 
   171   000F49                     CCPTMRS0        equ	3913	;# 
   172   000F4A                     T6CON           equ	3914	;# 
   173   000F4B                     PR6             equ	3915	;# 
   174   000F4C                     TMR6            equ	3916	;# 
   175   000F4D                     T5GCON          equ	3917	;# 
   176   000F4E                     T5CON           equ	3918	;# 
   177   000F4F                     TMR5            equ	3919	;# 
   178   000F4F                     TMR5L           equ	3919	;# 
   179   000F50                     TMR5H           equ	3920	;# 
   180   000F51                     T4CON           equ	3921	;# 
   181   000F52                     PR4             equ	3922	;# 
   182   000F53                     TMR4            equ	3923	;# 
   183   000F54                     CCP5CON         equ	3924	;# 
   184   000F55                     CCPR5           equ	3925	;# 
   185   000F55                     CCPR5L          equ	3925	;# 
   186   000F56                     CCPR5H          equ	3926	;# 
   187   000F57                     CCP4CON         equ	3927	;# 
   188   000F58                     CCPR4           equ	3928	;# 
   189   000F58                     CCPR4L          equ	3928	;# 
   190   000F59                     CCPR4H          equ	3929	;# 
   191   000F5A                     PSTR3CON        equ	3930	;# 
   192   000F5B                     ECCP3AS         equ	3931	;# 
   193   000F5B                     CCP3AS          equ	3931	;# 
   194   000F5C                     PWM3CON         equ	3932	;# 
   195   000F5D                     CCP3CON         equ	3933	;# 
   196   000F5E                     CCPR3           equ	3934	;# 
   197   000F5E                     CCPR3L          equ	3934	;# 
   198   000F5F                     CCPR3H          equ	3935	;# 
   199   000F60                     SLRCON          equ	3936	;# 
   200   000F61                     WPUB            equ	3937	;# 
   201   000F62                     IOCB            equ	3938	;# 
   202   000F63                     PSTR2CON        equ	3939	;# 
   203   000F64                     ECCP2AS         equ	3940	;# 
   204   000F64                     CCP2AS          equ	3940	;# 
   205   000F65                     PWM2CON         equ	3941	;# 
   206   000F66                     CCP2CON         equ	3942	;# 
   207   000F67                     CCPR2           equ	3943	;# 
   208   000F67                     CCPR2L          equ	3943	;# 
   209   000F68                     CCPR2H          equ	3944	;# 
   210   000F69                     SSP2CON3        equ	3945	;# 
   211   000F6A                     SSP2MSK         equ	3946	;# 
   212   000F6B                     SSP2CON2        equ	3947	;# 
   213   000F6C                     SSP2CON1        equ	3948	;# 
   214   000F6D                     SSP2STAT        equ	3949	;# 
   215   000F6E                     SSP2ADD         equ	3950	;# 
   216   000F6F                     SSP2BUF         equ	3951	;# 
   217   000F70                     BAUDCON2        equ	3952	;# 
   218   000F70                     BAUD2CON        equ	3952	;# 
   219   000F71                     RCSTA2          equ	3953	;# 
   220   000F71                     RC2STA          equ	3953	;# 
   221   000F72                     TXSTA2          equ	3954	;# 
   222   000F72                     TX2STA          equ	3954	;# 
   223   000F73                     TXREG2          equ	3955	;# 
   224   000F73                     TX2REG          equ	3955	;# 
   225   000F74                     RCREG2          equ	3956	;# 
   226   000F74                     RC2REG          equ	3956	;# 
   227   000F75                     SPBRG2          equ	3957	;# 
   228   000F75                     SP2BRG          equ	3957	;# 
   229   000F76                     SPBRGH2         equ	3958	;# 
   230   000F76                     SP2BRGH         equ	3958	;# 
   231   000F77                     CM2CON1         equ	3959	;# 
   232   000F77                     CM12CON         equ	3959	;# 
   233   000F78                     CM2CON0         equ	3960	;# 
   234   000F78                     CM2CON          equ	3960	;# 
   235   000F79                     CM1CON0         equ	3961	;# 
   236   000F79                     CM1CON          equ	3961	;# 
   237   000F7A                     PIE4            equ	3962	;# 
   238   000F7B                     PIR4            equ	3963	;# 
   239   000F7C                     IPR4            equ	3964	;# 
   240   000F7D                     PIE5            equ	3965	;# 
   241   000F7E                     PIR5            equ	3966	;# 
   242   000F7F                     IPR5            equ	3967	;# 
   243   000F80                     PORTA           equ	3968	;# 
   244   000F81                     PORTB           equ	3969	;# 
   245   000F82                     PORTC           equ	3970	;# 
   246   000F84                     PORTE           equ	3972	;# 
   247   000F89                     LATA            equ	3977	;# 
   248   000F8A                     LATB            equ	3978	;# 
   249   000F8B                     LATC            equ	3979	;# 
   250   000F92                     TRISA           equ	3986	;# 
   251   000F92                     DDRA            equ	3986	;# 
   252   000F93                     TRISB           equ	3987	;# 
   253   000F93                     DDRB            equ	3987	;# 
   254   000F94                     TRISC           equ	3988	;# 
   255   000F94                     DDRC            equ	3988	;# 
   256   000F96                     TRISE           equ	3990	;# 
   257   000F9B                     OSCTUNE         equ	3995	;# 
   258   000F9C                     HLVDCON         equ	3996	;# 
   259   000F9C                     LVDCON          equ	3996	;# 
   260   000F9D                     PIE1            equ	3997	;# 
   261   000F9E                     PIR1            equ	3998	;# 
   262   000F9F                     IPR1            equ	3999	;# 
   263   000FA0                     PIE2            equ	4000	;# 
   264   000FA1                     PIR2            equ	4001	;# 
   265   000FA2                     IPR2            equ	4002	;# 
   266   000FA3                     PIE3            equ	4003	;# 
   267   000FA4                     PIR3            equ	4004	;# 
   268   000FA5                     IPR3            equ	4005	;# 
   269   000FA6                     EECON1          equ	4006	;# 
   270   000FA7                     EECON2          equ	4007	;# 
   271   000FA8                     EEDATA          equ	4008	;# 
   272   000FA9                     EEADR           equ	4009	;# 
   273   000FAB                     RCSTA1          equ	4011	;# 
   274   000FAB                     RCSTA           equ	4011	;# 
   275   000FAB                     RC1STA          equ	4011	;# 
   276   000FAC                     TXSTA1          equ	4012	;# 
   277   000FAC                     TXSTA           equ	4012	;# 
   278   000FAC                     TX1STA          equ	4012	;# 
   279   000FAD                     TXREG1          equ	4013	;# 
   280   000FAD                     TXREG           equ	4013	;# 
   281   000FAD                     TX1REG          equ	4013	;# 
   282   000FAE                     RCREG1          equ	4014	;# 
   283   000FAE                     RCREG           equ	4014	;# 
   284   000FAE                     RC1REG          equ	4014	;# 
   285   000FAF                     SPBRG1          equ	4015	;# 
   286   000FAF                     SPBRG           equ	4015	;# 
   287   000FAF                     SP1BRG          equ	4015	;# 
   288   000FB0                     SPBRGH1         equ	4016	;# 
   289   000FB0                     SPBRGH          equ	4016	;# 
   290   000FB0                     SP1BRGH         equ	4016	;# 
   291   000FB1                     T3CON           equ	4017	;# 
   292   000FB2                     TMR3            equ	4018	;# 
   293   000FB2                     TMR3L           equ	4018	;# 
   294   000FB3                     TMR3H           equ	4019	;# 
   295   000FB4                     T3GCON          equ	4020	;# 
   296   000FB6                     ECCP1AS         equ	4022	;# 
   297   000FB6                     ECCPAS          equ	4022	;# 
   298   000FB7                     PWM1CON         equ	4023	;# 
   299   000FB7                     PWMCON          equ	4023	;# 
   300   000FB8                     BAUDCON1        equ	4024	;# 
   301   000FB8                     BAUDCON         equ	4024	;# 
   302   000FB8                     BAUDCTL         equ	4024	;# 
   303   000FB8                     BAUD1CON        equ	4024	;# 
   304   000FB9                     PSTR1CON        equ	4025	;# 
   305   000FB9                     PSTRCON         equ	4025	;# 
   306   000FBA                     T2CON           equ	4026	;# 
   307   000FBB                     PR2             equ	4027	;# 
   308   000FBC                     TMR2            equ	4028	;# 
   309   000FBD                     CCP1CON         equ	4029	;# 
   310   000FBE                     CCPR1           equ	4030	;# 
   311   000FBE                     CCPR1L          equ	4030	;# 
   312   000FBF                     CCPR1H          equ	4031	;# 
   313   000FC0                     ADCON2          equ	4032	;# 
   314   000FC1                     ADCON1          equ	4033	;# 
   315   000FC2                     ADCON0          equ	4034	;# 
   316   000FC3                     ADRES           equ	4035	;# 
   317   000FC3                     ADRESL          equ	4035	;# 
   318   000FC4                     ADRESH          equ	4036	;# 
   319   000FC5                     SSP1CON2        equ	4037	;# 
   320   000FC5                     SSPCON2         equ	4037	;# 
   321   000FC6                     SSP1CON1        equ	4038	;# 
   322   000FC6                     SSPCON1         equ	4038	;# 
   323   000FC7                     SSP1STAT        equ	4039	;# 
   324   000FC7                     SSPSTAT         equ	4039	;# 
   325   000FC8                     SSP1ADD         equ	4040	;# 
   326   000FC8                     SSPADD          equ	4040	;# 
   327   000FC9                     SSP1BUF         equ	4041	;# 
   328   000FC9                     SSPBUF          equ	4041	;# 
   329   000FCA                     SSP1MSK         equ	4042	;# 
   330   000FCA                     SSPMSK          equ	4042	;# 
   331   000FCB                     SSP1CON3        equ	4043	;# 
   332   000FCB                     SSPCON3         equ	4043	;# 
   333   000FCC                     T1GCON          equ	4044	;# 
   334   000FCD                     T1CON           equ	4045	;# 
   335   000FCE                     TMR1            equ	4046	;# 
   336   000FCE                     TMR1L           equ	4046	;# 
   337   000FCF                     TMR1H           equ	4047	;# 
   338   000FD0                     RCON            equ	4048	;# 
   339   000FD1                     WDTCON          equ	4049	;# 
   340   000FD2                     OSCCON2         equ	4050	;# 
   341   000FD3                     OSCCON          equ	4051	;# 
   342   000FD5                     T0CON           equ	4053	;# 
   343   000FD6                     TMR0            equ	4054	;# 
   344   000FD6                     TMR0L           equ	4054	;# 
   345   000FD7                     TMR0H           equ	4055	;# 
   346   000FD8                     STATUS          equ	4056	;# 
   347   000FD9                     FSR2            equ	4057	;# 
   348   000FD9                     FSR2L           equ	4057	;# 
   349   000FDA                     FSR2H           equ	4058	;# 
   350   000FDB                     PLUSW2          equ	4059	;# 
   351   000FDC                     PREINC2         equ	4060	;# 
   352   000FDD                     POSTDEC2        equ	4061	;# 
   353   000FDE                     POSTINC2        equ	4062	;# 
   354   000FDF                     INDF2           equ	4063	;# 
   355   000FE0                     BSR             equ	4064	;# 
   356   000FE1                     FSR1            equ	4065	;# 
   357   000FE1                     FSR1L           equ	4065	;# 
   358   000FE2                     FSR1H           equ	4066	;# 
   359   000FE3                     PLUSW1          equ	4067	;# 
   360   000FE4                     PREINC1         equ	4068	;# 
   361   000FE5                     POSTDEC1        equ	4069	;# 
   362   000FE6                     POSTINC1        equ	4070	;# 
   363   000FE7                     INDF1           equ	4071	;# 
   364   000FE8                     WREG            equ	4072	;# 
   365   000FE9                     FSR0            equ	4073	;# 
   366   000FE9                     FSR0L           equ	4073	;# 
   367   000FEA                     FSR0H           equ	4074	;# 
   368   000FEB                     PLUSW0          equ	4075	;# 
   369   000FEC                     PREINC0         equ	4076	;# 
   370   000FED                     POSTDEC0        equ	4077	;# 
   371   000FEE                     POSTINC0        equ	4078	;# 
   372   000FEF                     INDF0           equ	4079	;# 
   373   000FF0                     INTCON3         equ	4080	;# 
   374   000FF1                     INTCON2         equ	4081	;# 
   375   000FF2                     INTCON          equ	4082	;# 
   376   000FF3                     PROD            equ	4083	;# 
   377   000FF3                     PRODL           equ	4083	;# 
   378   000FF4                     PRODH           equ	4084	;# 
   379   000FF5                     TABLAT          equ	4085	;# 
   380   000FF6                     TBLPTR          equ	4086	;# 
   381   000FF6                     TBLPTRL         equ	4086	;# 
   382   000FF7                     TBLPTRH         equ	4087	;# 
   383   000FF8                     TBLPTRU         equ	4088	;# 
   384   000FF9                     PCLAT           equ	4089	;# 
   385   000FF9                     PC              equ	4089	;# 
   386   000FF9                     PCL             equ	4089	;# 
   387   000FFA                     PCLATH          equ	4090	;# 
   388   000FFB                     PCLATU          equ	4091	;# 
   389   000FFC                     STKPTR          equ	4092	;# 
   390   000FFD                     TOS             equ	4093	;# 
   391   000FFD                     TOSL            equ	4093	;# 
   392   000FFE                     TOSH            equ	4094	;# 
   393   000FFF                     TOSU            equ	4095	;# 
   394   000F38                     ANSELA          equ	3896	;# 
   395   000F39                     ANSELB          equ	3897	;# 
   396   000F3A                     ANSELC          equ	3898	;# 
   397   000F3D                     PMD2            equ	3901	;# 
   398   000F3E                     PMD1            equ	3902	;# 
   399   000F3F                     PMD0            equ	3903	;# 
   400   000F40                     VREFCON2        equ	3904	;# 
   401   000F40                     DACCON1         equ	3904	;# 
   402   000F41                     VREFCON1        equ	3905	;# 
   403   000F41                     DACCON0         equ	3905	;# 
   404   000F42                     VREFCON0        equ	3906	;# 
   405   000F42                     FVRCON          equ	3906	;# 
   406   000F43                     CTMUICON        equ	3907	;# 
   407   000F43                     CTMUICONH       equ	3907	;# 
   408   000F44                     CTMUCONL        equ	3908	;# 
   409   000F44                     CTMUCON1        equ	3908	;# 
   410   000F45                     CTMUCONH        equ	3909	;# 
   411   000F45                     CTMUCON0        equ	3909	;# 
   412   000F46                     SRCON1          equ	3910	;# 
   413   000F47                     SRCON0          equ	3911	;# 
   414   000F48                     CCPTMRS1        equ	3912	;# 
   415   000F49                     CCPTMRS0        equ	3913	;# 
   416   000F4A                     T6CON           equ	3914	;# 
   417   000F4B                     PR6             equ	3915	;# 
   418   000F4C                     TMR6            equ	3916	;# 
   419   000F4D                     T5GCON          equ	3917	;# 
   420   000F4E                     T5CON           equ	3918	;# 
   421   000F4F                     TMR5            equ	3919	;# 
   422   000F4F                     TMR5L           equ	3919	;# 
   423   000F50                     TMR5H           equ	3920	;# 
   424   000F51                     T4CON           equ	3921	;# 
   425   000F52                     PR4             equ	3922	;# 
   426   000F53                     TMR4            equ	3923	;# 
   427   000F54                     CCP5CON         equ	3924	;# 
   428   000F55                     CCPR5           equ	3925	;# 
   429   000F55                     CCPR5L          equ	3925	;# 
   430   000F56                     CCPR5H          equ	3926	;# 
   431   000F57                     CCP4CON         equ	3927	;# 
   432   000F58                     CCPR4           equ	3928	;# 
   433   000F58                     CCPR4L          equ	3928	;# 
   434   000F59                     CCPR4H          equ	3929	;# 
   435   000F5A                     PSTR3CON        equ	3930	;# 
   436   000F5B                     ECCP3AS         equ	3931	;# 
   437   000F5B                     CCP3AS          equ	3931	;# 
   438   000F5C                     PWM3CON         equ	3932	;# 
   439   000F5D                     CCP3CON         equ	3933	;# 
   440   000F5E                     CCPR3           equ	3934	;# 
   441   000F5E                     CCPR3L          equ	3934	;# 
   442   000F5F                     CCPR3H          equ	3935	;# 
   443   000F60                     SLRCON          equ	3936	;# 
   444   000F61                     WPUB            equ	3937	;# 
   445   000F62                     IOCB            equ	3938	;# 
   446   000F63                     PSTR2CON        equ	3939	;# 
   447   000F64                     ECCP2AS         equ	3940	;# 
   448   000F64                     CCP2AS          equ	3940	;# 
   449   000F65                     PWM2CON         equ	3941	;# 
   450   000F66                     CCP2CON         equ	3942	;# 
   451   000F67                     CCPR2           equ	3943	;# 
   452   000F67                     CCPR2L          equ	3943	;# 
   453   000F68                     CCPR2H          equ	3944	;# 
   454   000F69                     SSP2CON3        equ	3945	;# 
   455   000F6A                     SSP2MSK         equ	3946	;# 
   456   000F6B                     SSP2CON2        equ	3947	;# 
   457   000F6C                     SSP2CON1        equ	3948	;# 
   458   000F6D                     SSP2STAT        equ	3949	;# 
   459   000F6E                     SSP2ADD         equ	3950	;# 
   460   000F6F                     SSP2BUF         equ	3951	;# 
   461   000F70                     BAUDCON2        equ	3952	;# 
   462   000F70                     BAUD2CON        equ	3952	;# 
   463   000F71                     RCSTA2          equ	3953	;# 
   464   000F71                     RC2STA          equ	3953	;# 
   465   000F72                     TXSTA2          equ	3954	;# 
   466   000F72                     TX2STA          equ	3954	;# 
   467   000F73                     TXREG2          equ	3955	;# 
   468   000F73                     TX2REG          equ	3955	;# 
   469   000F74                     RCREG2          equ	3956	;# 
   470   000F74                     RC2REG          equ	3956	;# 
   471   000F75                     SPBRG2          equ	3957	;# 
   472   000F75                     SP2BRG          equ	3957	;# 
   473   000F76                     SPBRGH2         equ	3958	;# 
   474   000F76                     SP2BRGH         equ	3958	;# 
   475   000F77                     CM2CON1         equ	3959	;# 
   476   000F77                     CM12CON         equ	3959	;# 
   477   000F78                     CM2CON0         equ	3960	;# 
   478   000F78                     CM2CON          equ	3960	;# 
   479   000F79                     CM1CON0         equ	3961	;# 
   480   000F79                     CM1CON          equ	3961	;# 
   481   000F7A                     PIE4            equ	3962	;# 
   482   000F7B                     PIR4            equ	3963	;# 
   483   000F7C                     IPR4            equ	3964	;# 
   484   000F7D                     PIE5            equ	3965	;# 
   485   000F7E                     PIR5            equ	3966	;# 
   486   000F7F                     IPR5            equ	3967	;# 
   487   000F80                     PORTA           equ	3968	;# 
   488   000F81                     PORTB           equ	3969	;# 
   489   000F82                     PORTC           equ	3970	;# 
   490   000F84                     PORTE           equ	3972	;# 
   491   000F89                     LATA            equ	3977	;# 
   492   000F8A                     LATB            equ	3978	;# 
   493   000F8B                     LATC            equ	3979	;# 
   494   000F92                     TRISA           equ	3986	;# 
   495   000F92                     DDRA            equ	3986	;# 
   496   000F93                     TRISB           equ	3987	;# 
   497   000F93                     DDRB            equ	3987	;# 
   498   000F94                     TRISC           equ	3988	;# 
   499   000F94                     DDRC            equ	3988	;# 
   500   000F96                     TRISE           equ	3990	;# 
   501   000F9B                     OSCTUNE         equ	3995	;# 
   502   000F9C                     HLVDCON         equ	3996	;# 
   503   000F9C                     LVDCON          equ	3996	;# 
   504   000F9D                     PIE1            equ	3997	;# 
   505   000F9E                     PIR1            equ	3998	;# 
   506   000F9F                     IPR1            equ	3999	;# 
   507   000FA0                     PIE2            equ	4000	;# 
   508   000FA1                     PIR2            equ	4001	;# 
   509   000FA2                     IPR2            equ	4002	;# 
   510   000FA3                     PIE3            equ	4003	;# 
   511   000FA4                     PIR3            equ	4004	;# 
   512   000FA5                     IPR3            equ	4005	;# 
   513   000FA6                     EECON1          equ	4006	;# 
   514   000FA7                     EECON2          equ	4007	;# 
   515   000FA8                     EEDATA          equ	4008	;# 
   516   000FA9                     EEADR           equ	4009	;# 
   517   000FAB                     RCSTA1          equ	4011	;# 
   518   000FAB                     RCSTA           equ	4011	;# 
   519   000FAB                     RC1STA          equ	4011	;# 
   520   000FAC                     TXSTA1          equ	4012	;# 
   521   000FAC                     TXSTA           equ	4012	;# 
   522   000FAC                     TX1STA          equ	4012	;# 
   523   000FAD                     TXREG1          equ	4013	;# 
   524   000FAD                     TXREG           equ	4013	;# 
   525   000FAD                     TX1REG          equ	4013	;# 
   526   000FAE                     RCREG1          equ	4014	;# 
   527   000FAE                     RCREG           equ	4014	;# 
   528   000FAE                     RC1REG          equ	4014	;# 
   529   000FAF                     SPBRG1          equ	4015	;# 
   530   000FAF                     SPBRG           equ	4015	;# 
   531   000FAF                     SP1BRG          equ	4015	;# 
   532   000FB0                     SPBRGH1         equ	4016	;# 
   533   000FB0                     SPBRGH          equ	4016	;# 
   534   000FB0                     SP1BRGH         equ	4016	;# 
   535   000FB1                     T3CON           equ	4017	;# 
   536   000FB2                     TMR3            equ	4018	;# 
   537   000FB2                     TMR3L           equ	4018	;# 
   538   000FB3                     TMR3H           equ	4019	;# 
   539   000FB4                     T3GCON          equ	4020	;# 
   540   000FB6                     ECCP1AS         equ	4022	;# 
   541   000FB6                     ECCPAS          equ	4022	;# 
   542   000FB7                     PWM1CON         equ	4023	;# 
   543   000FB7                     PWMCON          equ	4023	;# 
   544   000FB8                     BAUDCON1        equ	4024	;# 
   545   000FB8                     BAUDCON         equ	4024	;# 
   546   000FB8                     BAUDCTL         equ	4024	;# 
   547   000FB8                     BAUD1CON        equ	4024	;# 
   548   000FB9                     PSTR1CON        equ	4025	;# 
   549   000FB9                     PSTRCON         equ	4025	;# 
   550   000FBA                     T2CON           equ	4026	;# 
   551   000FBB                     PR2             equ	4027	;# 
   552   000FBC                     TMR2            equ	4028	;# 
   553   000FBD                     CCP1CON         equ	4029	;# 
   554   000FBE                     CCPR1           equ	4030	;# 
   555   000FBE                     CCPR1L          equ	4030	;# 
   556   000FBF                     CCPR1H          equ	4031	;# 
   557   000FC0                     ADCON2          equ	4032	;# 
   558   000FC1                     ADCON1          equ	4033	;# 
   559   000FC2                     ADCON0          equ	4034	;# 
   560   000FC3                     ADRES           equ	4035	;# 
   561   000FC3                     ADRESL          equ	4035	;# 
   562   000FC4                     ADRESH          equ	4036	;# 
   563   000FC5                     SSP1CON2        equ	4037	;# 
   564   000FC5                     SSPCON2         equ	4037	;# 
   565   000FC6                     SSP1CON1        equ	4038	;# 
   566   000FC6                     SSPCON1         equ	4038	;# 
   567   000FC7                     SSP1STAT        equ	4039	;# 
   568   000FC7                     SSPSTAT         equ	4039	;# 
   569   000FC8                     SSP1ADD         equ	4040	;# 
   570   000FC8                     SSPADD          equ	4040	;# 
   571   000FC9                     SSP1BUF         equ	4041	;# 
   572   000FC9                     SSPBUF          equ	4041	;# 
   573   000FCA                     SSP1MSK         equ	4042	;# 
   574   000FCA                     SSPMSK          equ	4042	;# 
   575   000FCB                     SSP1CON3        equ	4043	;# 
   576   000FCB                     SSPCON3         equ	4043	;# 
   577   000FCC                     T1GCON          equ	4044	;# 
   578   000FCD                     T1CON           equ	4045	;# 
   579   000FCE                     TMR1            equ	4046	;# 
   580   000FCE                     TMR1L           equ	4046	;# 
   581   000FCF                     TMR1H           equ	4047	;# 
   582   000FD0                     RCON            equ	4048	;# 
   583   000FD1                     WDTCON          equ	4049	;# 
   584   000FD2                     OSCCON2         equ	4050	;# 
   585   000FD3                     OSCCON          equ	4051	;# 
   586   000FD5                     T0CON           equ	4053	;# 
   587   000FD6                     TMR0            equ	4054	;# 
   588   000FD6                     TMR0L           equ	4054	;# 
   589   000FD7                     TMR0H           equ	4055	;# 
   590   000FD8                     STATUS          equ	4056	;# 
   591   000FD9                     FSR2            equ	4057	;# 
   592   000FD9                     FSR2L           equ	4057	;# 
   593   000FDA                     FSR2H           equ	4058	;# 
   594   000FDB                     PLUSW2          equ	4059	;# 
   595   000FDC                     PREINC2         equ	4060	;# 
   596   000FDD                     POSTDEC2        equ	4061	;# 
   597   000FDE                     POSTINC2        equ	4062	;# 
   598   000FDF                     INDF2           equ	4063	;# 
   599   000FE0                     BSR             equ	4064	;# 
   600   000FE1                     FSR1            equ	4065	;# 
   601   000FE1                     FSR1L           equ	4065	;# 
   602   000FE2                     FSR1H           equ	4066	;# 
   603   000FE3                     PLUSW1          equ	4067	;# 
   604   000FE4                     PREINC1         equ	4068	;# 
   605   000FE5                     POSTDEC1        equ	4069	;# 
   606   000FE6                     POSTINC1        equ	4070	;# 
   607   000FE7                     INDF1           equ	4071	;# 
   608   000FE8                     WREG            equ	4072	;# 
   609   000FE9                     FSR0            equ	4073	;# 
   610   000FE9                     FSR0L           equ	4073	;# 
   611   000FEA                     FSR0H           equ	4074	;# 
   612   000FEB                     PLUSW0          equ	4075	;# 
   613   000FEC                     PREINC0         equ	4076	;# 
   614   000FED                     POSTDEC0        equ	4077	;# 
   615   000FEE                     POSTINC0        equ	4078	;# 
   616   000FEF                     INDF0           equ	4079	;# 
   617   000FF0                     INTCON3         equ	4080	;# 
   618   000FF1                     INTCON2         equ	4081	;# 
   619   000FF2                     INTCON          equ	4082	;# 
   620   000FF3                     PROD            equ	4083	;# 
   621   000FF3                     PRODL           equ	4083	;# 
   622   000FF4                     PRODH           equ	4084	;# 
   623   000FF5                     TABLAT          equ	4085	;# 
   624   000FF6                     TBLPTR          equ	4086	;# 
   625   000FF6                     TBLPTRL         equ	4086	;# 
   626   000FF7                     TBLPTRH         equ	4087	;# 
   627   000FF8                     TBLPTRU         equ	4088	;# 
   628   000FF9                     PCLAT           equ	4089	;# 
   629   000FF9                     PC              equ	4089	;# 
   630   000FF9                     PCL             equ	4089	;# 
   631   000FFA                     PCLATH          equ	4090	;# 
   632   000FFB                     PCLATU          equ	4091	;# 
   633   000FFC                     STKPTR          equ	4092	;# 
   634   000FFD                     TOS             equ	4093	;# 
   635   000FFD                     TOSL            equ	4093	;# 
   636   000FFE                     TOSH            equ	4094	;# 
   637   000FFF                     TOSU            equ	4095	;# 
   638   000F38                     ANSELA          equ	3896	;# 
   639   000F39                     ANSELB          equ	3897	;# 
   640   000F3A                     ANSELC          equ	3898	;# 
   641   000F3D                     PMD2            equ	3901	;# 
   642   000F3E                     PMD1            equ	3902	;# 
   643   000F3F                     PMD0            equ	3903	;# 
   644   000F40                     VREFCON2        equ	3904	;# 
   645   000F40                     DACCON1         equ	3904	;# 
   646   000F41                     VREFCON1        equ	3905	;# 
   647   000F41                     DACCON0         equ	3905	;# 
   648   000F42                     VREFCON0        equ	3906	;# 
   649   000F42                     FVRCON          equ	3906	;# 
   650   000F43                     CTMUICON        equ	3907	;# 
   651   000F43                     CTMUICONH       equ	3907	;# 
   652   000F44                     CTMUCONL        equ	3908	;# 
   653   000F44                     CTMUCON1        equ	3908	;# 
   654   000F45                     CTMUCONH        equ	3909	;# 
   655   000F45                     CTMUCON0        equ	3909	;# 
   656   000F46                     SRCON1          equ	3910	;# 
   657   000F47                     SRCON0          equ	3911	;# 
   658   000F48                     CCPTMRS1        equ	3912	;# 
   659   000F49                     CCPTMRS0        equ	3913	;# 
   660   000F4A                     T6CON           equ	3914	;# 
   661   000F4B                     PR6             equ	3915	;# 
   662   000F4C                     TMR6            equ	3916	;# 
   663   000F4D                     T5GCON          equ	3917	;# 
   664   000F4E                     T5CON           equ	3918	;# 
   665   000F4F                     TMR5            equ	3919	;# 
   666   000F4F                     TMR5L           equ	3919	;# 
   667   000F50                     TMR5H           equ	3920	;# 
   668   000F51                     T4CON           equ	3921	;# 
   669   000F52                     PR4             equ	3922	;# 
   670   000F53                     TMR4            equ	3923	;# 
   671   000F54                     CCP5CON         equ	3924	;# 
   672   000F55                     CCPR5           equ	3925	;# 
   673   000F55                     CCPR5L          equ	3925	;# 
   674   000F56                     CCPR5H          equ	3926	;# 
   675   000F57                     CCP4CON         equ	3927	;# 
   676   000F58                     CCPR4           equ	3928	;# 
   677   000F58                     CCPR4L          equ	3928	;# 
   678   000F59                     CCPR4H          equ	3929	;# 
   679   000F5A                     PSTR3CON        equ	3930	;# 
   680   000F5B                     ECCP3AS         equ	3931	;# 
   681   000F5B                     CCP3AS          equ	3931	;# 
   682   000F5C                     PWM3CON         equ	3932	;# 
   683   000F5D                     CCP3CON         equ	3933	;# 
   684   000F5E                     CCPR3           equ	3934	;# 
   685   000F5E                     CCPR3L          equ	3934	;# 
   686   000F5F                     CCPR3H          equ	3935	;# 
   687   000F60                     SLRCON          equ	3936	;# 
   688   000F61                     WPUB            equ	3937	;# 
   689   000F62                     IOCB            equ	3938	;# 
   690   000F63                     PSTR2CON        equ	3939	;# 
   691   000F64                     ECCP2AS         equ	3940	;# 
   692   000F64                     CCP2AS          equ	3940	;# 
   693   000F65                     PWM2CON         equ	3941	;# 
   694   000F66                     CCP2CON         equ	3942	;# 
   695   000F67                     CCPR2           equ	3943	;# 
   696   000F67                     CCPR2L          equ	3943	;# 
   697   000F68                     CCPR2H          equ	3944	;# 
   698   000F69                     SSP2CON3        equ	3945	;# 
   699   000F6A                     SSP2MSK         equ	3946	;# 
   700   000F6B                     SSP2CON2        equ	3947	;# 
   701   000F6C                     SSP2CON1        equ	3948	;# 
   702   000F6D                     SSP2STAT        equ	3949	;# 
   703   000F6E                     SSP2ADD         equ	3950	;# 
   704   000F6F                     SSP2BUF         equ	3951	;# 
   705   000F70                     BAUDCON2        equ	3952	;# 
   706   000F70                     BAUD2CON        equ	3952	;# 
   707   000F71                     RCSTA2          equ	3953	;# 
   708   000F71                     RC2STA          equ	3953	;# 
   709   000F72                     TXSTA2          equ	3954	;# 
   710   000F72                     TX2STA          equ	3954	;# 
   711   000F73                     TXREG2          equ	3955	;# 
   712   000F73                     TX2REG          equ	3955	;# 
   713   000F74                     RCREG2          equ	3956	;# 
   714   000F74                     RC2REG          equ	3956	;# 
   715   000F75                     SPBRG2          equ	3957	;# 
   716   000F75                     SP2BRG          equ	3957	;# 
   717   000F76                     SPBRGH2         equ	3958	;# 
   718   000F76                     SP2BRGH         equ	3958	;# 
   719   000F77                     CM2CON1         equ	3959	;# 
   720   000F77                     CM12CON         equ	3959	;# 
   721   000F78                     CM2CON0         equ	3960	;# 
   722   000F78                     CM2CON          equ	3960	;# 
   723   000F79                     CM1CON0         equ	3961	;# 
   724   000F79                     CM1CON          equ	3961	;# 
   725   000F7A                     PIE4            equ	3962	;# 
   726   000F7B                     PIR4            equ	3963	;# 
   727   000F7C                     IPR4            equ	3964	;# 
   728   000F7D                     PIE5            equ	3965	;# 
   729   000F7E                     PIR5            equ	3966	;# 
   730   000F7F                     IPR5            equ	3967	;# 
   731   000F80                     PORTA           equ	3968	;# 
   732   000F81                     PORTB           equ	3969	;# 
   733   000F82                     PORTC           equ	3970	;# 
   734   000F84                     PORTE           equ	3972	;# 
   735   000F89                     LATA            equ	3977	;# 
   736   000F8A                     LATB            equ	3978	;# 
   737   000F8B                     LATC            equ	3979	;# 
   738   000F92                     TRISA           equ	3986	;# 
   739   000F92                     DDRA            equ	3986	;# 
   740   000F93                     TRISB           equ	3987	;# 
   741   000F93                     DDRB            equ	3987	;# 
   742   000F94                     TRISC           equ	3988	;# 
   743   000F94                     DDRC            equ	3988	;# 
   744   000F96                     TRISE           equ	3990	;# 
   745   000F9B                     OSCTUNE         equ	3995	;# 
   746   000F9C                     HLVDCON         equ	3996	;# 
   747   000F9C                     LVDCON          equ	3996	;# 
   748   000F9D                     PIE1            equ	3997	;# 
   749   000F9E                     PIR1            equ	3998	;# 
   750   000F9F                     IPR1            equ	3999	;# 
   751   000FA0                     PIE2            equ	4000	;# 
   752   000FA1                     PIR2            equ	4001	;# 
   753   000FA2                     IPR2            equ	4002	;# 
   754   000FA3                     PIE3            equ	4003	;# 
   755   000FA4                     PIR3            equ	4004	;# 
   756   000FA5                     IPR3            equ	4005	;# 
   757   000FA6                     EECON1          equ	4006	;# 
   758   000FA7                     EECON2          equ	4007	;# 
   759   000FA8                     EEDATA          equ	4008	;# 
   760   000FA9                     EEADR           equ	4009	;# 
   761   000FAB                     RCSTA1          equ	4011	;# 
   762   000FAB                     RCSTA           equ	4011	;# 
   763   000FAB                     RC1STA          equ	4011	;# 
   764   000FAC                     TXSTA1          equ	4012	;# 
   765   000FAC                     TXSTA           equ	4012	;# 
   766   000FAC                     TX1STA          equ	4012	;# 
   767   000FAD                     TXREG1          equ	4013	;# 
   768   000FAD                     TXREG           equ	4013	;# 
   769   000FAD                     TX1REG          equ	4013	;# 
   770   000FAE                     RCREG1          equ	4014	;# 
   771   000FAE                     RCREG           equ	4014	;# 
   772   000FAE                     RC1REG          equ	4014	;# 
   773   000FAF                     SPBRG1          equ	4015	;# 
   774   000FAF                     SPBRG           equ	4015	;# 
   775   000FAF                     SP1BRG          equ	4015	;# 
   776   000FB0                     SPBRGH1         equ	4016	;# 
   777   000FB0                     SPBRGH          equ	4016	;# 
   778   000FB0                     SP1BRGH         equ	4016	;# 
   779   000FB1                     T3CON           equ	4017	;# 
   780   000FB2                     TMR3            equ	4018	;# 
   781   000FB2                     TMR3L           equ	4018	;# 
   782   000FB3                     TMR3H           equ	4019	;# 
   783   000FB4                     T3GCON          equ	4020	;# 
   784   000FB6                     ECCP1AS         equ	4022	;# 
   785   000FB6                     ECCPAS          equ	4022	;# 
   786   000FB7                     PWM1CON         equ	4023	;# 
   787   000FB7                     PWMCON          equ	4023	;# 
   788   000FB8                     BAUDCON1        equ	4024	;# 
   789   000FB8                     BAUDCON         equ	4024	;# 
   790   000FB8                     BAUDCTL         equ	4024	;# 
   791   000FB8                     BAUD1CON        equ	4024	;# 
   792   000FB9                     PSTR1CON        equ	4025	;# 
   793   000FB9                     PSTRCON         equ	4025	;# 
   794   000FBA                     T2CON           equ	4026	;# 
   795   000FBB                     PR2             equ	4027	;# 
   796   000FBC                     TMR2            equ	4028	;# 
   797   000FBD                     CCP1CON         equ	4029	;# 
   798   000FBE                     CCPR1           equ	4030	;# 
   799   000FBE                     CCPR1L          equ	4030	;# 
   800   000FBF                     CCPR1H          equ	4031	;# 
   801   000FC0                     ADCON2          equ	4032	;# 
   802   000FC1                     ADCON1          equ	4033	;# 
   803   000FC2                     ADCON0          equ	4034	;# 
   804   000FC3                     ADRES           equ	4035	;# 
   805   000FC3                     ADRESL          equ	4035	;# 
   806   000FC4                     ADRESH          equ	4036	;# 
   807   000FC5                     SSP1CON2        equ	4037	;# 
   808   000FC5                     SSPCON2         equ	4037	;# 
   809   000FC6                     SSP1CON1        equ	4038	;# 
   810   000FC6                     SSPCON1         equ	4038	;# 
   811   000FC7                     SSP1STAT        equ	4039	;# 
   812   000FC7                     SSPSTAT         equ	4039	;# 
   813   000FC8                     SSP1ADD         equ	4040	;# 
   814   000FC8                     SSPADD          equ	4040	;# 
   815   000FC9                     SSP1BUF         equ	4041	;# 
   816   000FC9                     SSPBUF          equ	4041	;# 
   817   000FCA                     SSP1MSK         equ	4042	;# 
   818   000FCA                     SSPMSK          equ	4042	;# 
   819   000FCB                     SSP1CON3        equ	4043	;# 
   820   000FCB                     SSPCON3         equ	4043	;# 
   821   000FCC                     T1GCON          equ	4044	;# 
   822   000FCD                     T1CON           equ	4045	;# 
   823   000FCE                     TMR1            equ	4046	;# 
   824   000FCE                     TMR1L           equ	4046	;# 
   825   000FCF                     TMR1H           equ	4047	;# 
   826   000FD0                     RCON            equ	4048	;# 
   827   000FD1                     WDTCON          equ	4049	;# 
   828   000FD2                     OSCCON2         equ	4050	;# 
   829   000FD3                     OSCCON          equ	4051	;# 
   830   000FD5                     T0CON           equ	4053	;# 
   831   000FD6                     TMR0            equ	4054	;# 
   832   000FD6                     TMR0L           equ	4054	;# 
   833   000FD7                     TMR0H           equ	4055	;# 
   834   000FD8                     STATUS          equ	4056	;# 
   835   000FD9                     FSR2            equ	4057	;# 
   836   000FD9                     FSR2L           equ	4057	;# 
   837   000FDA                     FSR2H           equ	4058	;# 
   838   000FDB                     PLUSW2          equ	4059	;# 
   839   000FDC                     PREINC2         equ	4060	;# 
   840   000FDD                     POSTDEC2        equ	4061	;# 
   841   000FDE                     POSTINC2        equ	4062	;# 
   842   000FDF                     INDF2           equ	4063	;# 
   843   000FE0                     BSR             equ	4064	;# 
   844   000FE1                     FSR1            equ	4065	;# 
   845   000FE1                     FSR1L           equ	4065	;# 
   846   000FE2                     FSR1H           equ	4066	;# 
   847   000FE3                     PLUSW1          equ	4067	;# 
   848   000FE4                     PREINC1         equ	4068	;# 
   849   000FE5                     POSTDEC1        equ	4069	;# 
   850   000FE6                     POSTINC1        equ	4070	;# 
   851   000FE7                     INDF1           equ	4071	;# 
   852   000FE8                     WREG            equ	4072	;# 
   853   000FE9                     FSR0            equ	4073	;# 
   854   000FE9                     FSR0L           equ	4073	;# 
   855   000FEA                     FSR0H           equ	4074	;# 
   856   000FEB                     PLUSW0          equ	4075	;# 
   857   000FEC                     PREINC0         equ	4076	;# 
   858   000FED                     POSTDEC0        equ	4077	;# 
   859   000FEE                     POSTINC0        equ	4078	;# 
   860   000FEF                     INDF0           equ	4079	;# 
   861   000FF0                     INTCON3         equ	4080	;# 
   862   000FF1                     INTCON2         equ	4081	;# 
   863   000FF2                     INTCON          equ	4082	;# 
   864   000FF3                     PROD            equ	4083	;# 
   865   000FF3                     PRODL           equ	4083	;# 
   866   000FF4                     PRODH           equ	4084	;# 
   867   000FF5                     TABLAT          equ	4085	;# 
   868   000FF6                     TBLPTR          equ	4086	;# 
   869   000FF6                     TBLPTRL         equ	4086	;# 
   870   000FF7                     TBLPTRH         equ	4087	;# 
   871   000FF8                     TBLPTRU         equ	4088	;# 
   872   000FF9                     PCLAT           equ	4089	;# 
   873   000FF9                     PC              equ	4089	;# 
   874   000FF9                     PCL             equ	4089	;# 
   875   000FFA                     PCLATH          equ	4090	;# 
   876   000FFB                     PCLATU          equ	4091	;# 
   877   000FFC                     STKPTR          equ	4092	;# 
   878   000FFD                     TOS             equ	4093	;# 
   879   000FFD                     TOSL            equ	4093	;# 
   880   000FFE                     TOSH            equ	4094	;# 
   881   000FFF                     TOSU            equ	4095	;# 
   882   000F38                     ANSELA          equ	3896	;# 
   883   000F39                     ANSELB          equ	3897	;# 
   884   000F3A                     ANSELC          equ	3898	;# 
   885   000F3D                     PMD2            equ	3901	;# 
   886   000F3E                     PMD1            equ	3902	;# 
   887   000F3F                     PMD0            equ	3903	;# 
   888   000F40                     VREFCON2        equ	3904	;# 
   889   000F40                     DACCON1         equ	3904	;# 
   890   000F41                     VREFCON1        equ	3905	;# 
   891   000F41                     DACCON0         equ	3905	;# 
   892   000F42                     VREFCON0        equ	3906	;# 
   893   000F42                     FVRCON          equ	3906	;# 
   894   000F43                     CTMUICON        equ	3907	;# 
   895   000F43                     CTMUICONH       equ	3907	;# 
   896   000F44                     CTMUCONL        equ	3908	;# 
   897   000F44                     CTMUCON1        equ	3908	;# 
   898   000F45                     CTMUCONH        equ	3909	;# 
   899   000F45                     CTMUCON0        equ	3909	;# 
   900   000F46                     SRCON1          equ	3910	;# 
   901   000F47                     SRCON0          equ	3911	;# 
   902   000F48                     CCPTMRS1        equ	3912	;# 
   903   000F49                     CCPTMRS0        equ	3913	;# 
   904   000F4A                     T6CON           equ	3914	;# 
   905   000F4B                     PR6             equ	3915	;# 
   906   000F4C                     TMR6            equ	3916	;# 
   907   000F4D                     T5GCON          equ	3917	;# 
   908   000F4E                     T5CON           equ	3918	;# 
   909   000F4F                     TMR5            equ	3919	;# 
   910   000F4F                     TMR5L           equ	3919	;# 
   911   000F50                     TMR5H           equ	3920	;# 
   912   000F51                     T4CON           equ	3921	;# 
   913   000F52                     PR4             equ	3922	;# 
   914   000F53                     TMR4            equ	3923	;# 
   915   000F54                     CCP5CON         equ	3924	;# 
   916   000F55                     CCPR5           equ	3925	;# 
   917   000F55                     CCPR5L          equ	3925	;# 
   918   000F56                     CCPR5H          equ	3926	;# 
   919   000F57                     CCP4CON         equ	3927	;# 
   920   000F58                     CCPR4           equ	3928	;# 
   921   000F58                     CCPR4L          equ	3928	;# 
   922   000F59                     CCPR4H          equ	3929	;# 
   923   000F5A                     PSTR3CON        equ	3930	;# 
   924   000F5B                     ECCP3AS         equ	3931	;# 
   925   000F5B                     CCP3AS          equ	3931	;# 
   926   000F5C                     PWM3CON         equ	3932	;# 
   927   000F5D                     CCP3CON         equ	3933	;# 
   928   000F5E                     CCPR3           equ	3934	;# 
   929   000F5E                     CCPR3L          equ	3934	;# 
   930   000F5F                     CCPR3H          equ	3935	;# 
   931   000F60                     SLRCON          equ	3936	;# 
   932   000F61                     WPUB            equ	3937	;# 
   933   000F62                     IOCB            equ	3938	;# 
   934   000F63                     PSTR2CON        equ	3939	;# 
   935   000F64                     ECCP2AS         equ	3940	;# 
   936   000F64                     CCP2AS          equ	3940	;# 
   937   000F65                     PWM2CON         equ	3941	;# 
   938   000F66                     CCP2CON         equ	3942	;# 
   939   000F67                     CCPR2           equ	3943	;# 
   940   000F67                     CCPR2L          equ	3943	;# 
   941   000F68                     CCPR2H          equ	3944	;# 
   942   000F69                     SSP2CON3        equ	3945	;# 
   943   000F6A                     SSP2MSK         equ	3946	;# 
   944   000F6B                     SSP2CON2        equ	3947	;# 
   945   000F6C                     SSP2CON1        equ	3948	;# 
   946   000F6D                     SSP2STAT        equ	3949	;# 
   947   000F6E                     SSP2ADD         equ	3950	;# 
   948   000F6F                     SSP2BUF         equ	3951	;# 
   949   000F70                     BAUDCON2        equ	3952	;# 
   950   000F70                     BAUD2CON        equ	3952	;# 
   951   000F71                     RCSTA2          equ	3953	;# 
   952   000F71                     RC2STA          equ	3953	;# 
   953   000F72                     TXSTA2          equ	3954	;# 
   954   000F72                     TX2STA          equ	3954	;# 
   955   000F73                     TXREG2          equ	3955	;# 
   956   000F73                     TX2REG          equ	3955	;# 
   957   000F74                     RCREG2          equ	3956	;# 
   958   000F74                     RC2REG          equ	3956	;# 
   959   000F75                     SPBRG2          equ	3957	;# 
   960   000F75                     SP2BRG          equ	3957	;# 
   961   000F76                     SPBRGH2         equ	3958	;# 
   962   000F76                     SP2BRGH         equ	3958	;# 
   963   000F77                     CM2CON1         equ	3959	;# 
   964   000F77                     CM12CON         equ	3959	;# 
   965   000F78                     CM2CON0         equ	3960	;# 
   966   000F78                     CM2CON          equ	3960	;# 
   967   000F79                     CM1CON0         equ	3961	;# 
   968   000F79                     CM1CON          equ	3961	;# 
   969   000F7A                     PIE4            equ	3962	;# 
   970   000F7B                     PIR4            equ	3963	;# 
   971   000F7C                     IPR4            equ	3964	;# 
   972   000F7D                     PIE5            equ	3965	;# 
   973   000F7E                     PIR5            equ	3966	;# 
   974   000F7F                     IPR5            equ	3967	;# 
   975   000F80                     PORTA           equ	3968	;# 
   976   000F81                     PORTB           equ	3969	;# 
   977   000F82                     PORTC           equ	3970	;# 
   978   000F84                     PORTE           equ	3972	;# 
   979   000F89                     LATA            equ	3977	;# 
   980   000F8A                     LATB            equ	3978	;# 
   981   000F8B                     LATC            equ	3979	;# 
   982   000F92                     TRISA           equ	3986	;# 
   983   000F92                     DDRA            equ	3986	;# 
   984   000F93                     TRISB           equ	3987	;# 
   985   000F93                     DDRB            equ	3987	;# 
   986   000F94                     TRISC           equ	3988	;# 
   987   000F94                     DDRC            equ	3988	;# 
   988   000F96                     TRISE           equ	3990	;# 
   989   000F9B                     OSCTUNE         equ	3995	;# 
   990   000F9C                     HLVDCON         equ	3996	;# 
   991   000F9C                     LVDCON          equ	3996	;# 
   992   000F9D                     PIE1            equ	3997	;# 
   993   000F9E                     PIR1            equ	3998	;# 
   994   000F9F                     IPR1            equ	3999	;# 
   995   000FA0                     PIE2            equ	4000	;# 
   996   000FA1                     PIR2            equ	4001	;# 
   997   000FA2                     IPR2            equ	4002	;# 
   998   000FA3                     PIE3            equ	4003	;# 
   999   000FA4                     PIR3            equ	4004	;# 
  1000   000FA5                     IPR3            equ	4005	;# 
  1001   000FA6                     EECON1          equ	4006	;# 
  1002   000FA7                     EECON2          equ	4007	;# 
  1003   000FA8                     EEDATA          equ	4008	;# 
  1004   000FA9                     EEADR           equ	4009	;# 
  1005   000FAB                     RCSTA1          equ	4011	;# 
  1006   000FAB                     RCSTA           equ	4011	;# 
  1007   000FAB                     RC1STA          equ	4011	;# 
  1008   000FAC                     TXSTA1          equ	4012	;# 
  1009   000FAC                     TXSTA           equ	4012	;# 
  1010   000FAC                     TX1STA          equ	4012	;# 
  1011   000FAD                     TXREG1          equ	4013	;# 
  1012   000FAD                     TXREG           equ	4013	;# 
  1013   000FAD                     TX1REG          equ	4013	;# 
  1014   000FAE                     RCREG1          equ	4014	;# 
  1015   000FAE                     RCREG           equ	4014	;# 
  1016   000FAE                     RC1REG          equ	4014	;# 
  1017   000FAF                     SPBRG1          equ	4015	;# 
  1018   000FAF                     SPBRG           equ	4015	;# 
  1019   000FAF                     SP1BRG          equ	4015	;# 
  1020   000FB0                     SPBRGH1         equ	4016	;# 
  1021   000FB0                     SPBRGH          equ	4016	;# 
  1022   000FB0                     SP1BRGH         equ	4016	;# 
  1023   000FB1                     T3CON           equ	4017	;# 
  1024   000FB2                     TMR3            equ	4018	;# 
  1025   000FB2                     TMR3L           equ	4018	;# 
  1026   000FB3                     TMR3H           equ	4019	;# 
  1027   000FB4                     T3GCON          equ	4020	;# 
  1028   000FB6                     ECCP1AS         equ	4022	;# 
  1029   000FB6                     ECCPAS          equ	4022	;# 
  1030   000FB7                     PWM1CON         equ	4023	;# 
  1031   000FB7                     PWMCON          equ	4023	;# 
  1032   000FB8                     BAUDCON1        equ	4024	;# 
  1033   000FB8                     BAUDCON         equ	4024	;# 
  1034   000FB8                     BAUDCTL         equ	4024	;# 
  1035   000FB8                     BAUD1CON        equ	4024	;# 
  1036   000FB9                     PSTR1CON        equ	4025	;# 
  1037   000FB9                     PSTRCON         equ	4025	;# 
  1038   000FBA                     T2CON           equ	4026	;# 
  1039   000FBB                     PR2             equ	4027	;# 
  1040   000FBC                     TMR2            equ	4028	;# 
  1041   000FBD                     CCP1CON         equ	4029	;# 
  1042   000FBE                     CCPR1           equ	4030	;# 
  1043   000FBE                     CCPR1L          equ	4030	;# 
  1044   000FBF                     CCPR1H          equ	4031	;# 
  1045   000FC0                     ADCON2          equ	4032	;# 
  1046   000FC1                     ADCON1          equ	4033	;# 
  1047   000FC2                     ADCON0          equ	4034	;# 
  1048   000FC3                     ADRES           equ	4035	;# 
  1049   000FC3                     ADRESL          equ	4035	;# 
  1050   000FC4                     ADRESH          equ	4036	;# 
  1051   000FC5                     SSP1CON2        equ	4037	;# 
  1052   000FC5                     SSPCON2         equ	4037	;# 
  1053   000FC6                     SSP1CON1        equ	4038	;# 
  1054   000FC6                     SSPCON1         equ	4038	;# 
  1055   000FC7                     SSP1STAT        equ	4039	;# 
  1056   000FC7                     SSPSTAT         equ	4039	;# 
  1057   000FC8                     SSP1ADD         equ	4040	;# 
  1058   000FC8                     SSPADD          equ	4040	;# 
  1059   000FC9                     SSP1BUF         equ	4041	;# 
  1060   000FC9                     SSPBUF          equ	4041	;# 
  1061   000FCA                     SSP1MSK         equ	4042	;# 
  1062   000FCA                     SSPMSK          equ	4042	;# 
  1063   000FCB                     SSP1CON3        equ	4043	;# 
  1064   000FCB                     SSPCON3         equ	4043	;# 
  1065   000FCC                     T1GCON          equ	4044	;# 
  1066   000FCD                     T1CON           equ	4045	;# 
  1067   000FCE                     TMR1            equ	4046	;# 
  1068   000FCE                     TMR1L           equ	4046	;# 
  1069   000FCF                     TMR1H           equ	4047	;# 
  1070   000FD0                     RCON            equ	4048	;# 
  1071   000FD1                     WDTCON          equ	4049	;# 
  1072   000FD2                     OSCCON2         equ	4050	;# 
  1073   000FD3                     OSCCON          equ	4051	;# 
  1074   000FD5                     T0CON           equ	4053	;# 
  1075   000FD6                     TMR0            equ	4054	;# 
  1076   000FD6                     TMR0L           equ	4054	;# 
  1077   000FD7                     TMR0H           equ	4055	;# 
  1078   000FD8                     STATUS          equ	4056	;# 
  1079   000FD9                     FSR2            equ	4057	;# 
  1080   000FD9                     FSR2L           equ	4057	;# 
  1081   000FDA                     FSR2H           equ	4058	;# 
  1082   000FDB                     PLUSW2          equ	4059	;# 
  1083   000FDC                     PREINC2         equ	4060	;# 
  1084   000FDD                     POSTDEC2        equ	4061	;# 
  1085   000FDE                     POSTINC2        equ	4062	;# 
  1086   000FDF                     INDF2           equ	4063	;# 
  1087   000FE0                     BSR             equ	4064	;# 
  1088   000FE1                     FSR1            equ	4065	;# 
  1089   000FE1                     FSR1L           equ	4065	;# 
  1090   000FE2                     FSR1H           equ	4066	;# 
  1091   000FE3                     PLUSW1          equ	4067	;# 
  1092   000FE4                     PREINC1         equ	4068	;# 
  1093   000FE5                     POSTDEC1        equ	4069	;# 
  1094   000FE6                     POSTINC1        equ	4070	;# 
  1095   000FE7                     INDF1           equ	4071	;# 
  1096   000FE8                     WREG            equ	4072	;# 
  1097   000FE9                     FSR0            equ	4073	;# 
  1098   000FE9                     FSR0L           equ	4073	;# 
  1099   000FEA                     FSR0H           equ	4074	;# 
  1100   000FEB                     PLUSW0          equ	4075	;# 
  1101   000FEC                     PREINC0         equ	4076	;# 
  1102   000FED                     POSTDEC0        equ	4077	;# 
  1103   000FEE                     POSTINC0        equ	4078	;# 
  1104   000FEF                     INDF0           equ	4079	;# 
  1105   000FF0                     INTCON3         equ	4080	;# 
  1106   000FF1                     INTCON2         equ	4081	;# 
  1107   000FF2                     INTCON          equ	4082	;# 
  1108   000FF3                     PROD            equ	4083	;# 
  1109   000FF3                     PRODL           equ	4083	;# 
  1110   000FF4                     PRODH           equ	4084	;# 
  1111   000FF5                     TABLAT          equ	4085	;# 
  1112   000FF6                     TBLPTR          equ	4086	;# 
  1113   000FF6                     TBLPTRL         equ	4086	;# 
  1114   000FF7                     TBLPTRH         equ	4087	;# 
  1115   000FF8                     TBLPTRU         equ	4088	;# 
  1116   000FF9                     PCLAT           equ	4089	;# 
  1117   000FF9                     PC              equ	4089	;# 
  1118   000FF9                     PCL             equ	4089	;# 
  1119   000FFA                     PCLATH          equ	4090	;# 
  1120   000FFB                     PCLATU          equ	4091	;# 
  1121   000FFC                     STKPTR          equ	4092	;# 
  1122   000FFD                     TOS             equ	4093	;# 
  1123   000FFD                     TOSL            equ	4093	;# 
  1124   000FFE                     TOSH            equ	4094	;# 
  1125   000FFF                     TOSU            equ	4095	;# 
  1126   000F38                     ANSELA          equ	3896	;# 
  1127   000F39                     ANSELB          equ	3897	;# 
  1128   000F3A                     ANSELC          equ	3898	;# 
  1129   000F3D                     PMD2            equ	3901	;# 
  1130   000F3E                     PMD1            equ	3902	;# 
  1131   000F3F                     PMD0            equ	3903	;# 
  1132   000F40                     VREFCON2        equ	3904	;# 
  1133   000F40                     DACCON1         equ	3904	;# 
  1134   000F41                     VREFCON1        equ	3905	;# 
  1135   000F41                     DACCON0         equ	3905	;# 
  1136   000F42                     VREFCON0        equ	3906	;# 
  1137   000F42                     FVRCON          equ	3906	;# 
  1138   000F43                     CTMUICON        equ	3907	;# 
  1139   000F43                     CTMUICONH       equ	3907	;# 
  1140   000F44                     CTMUCONL        equ	3908	;# 
  1141   000F44                     CTMUCON1        equ	3908	;# 
  1142   000F45                     CTMUCONH        equ	3909	;# 
  1143   000F45                     CTMUCON0        equ	3909	;# 
  1144   000F46                     SRCON1          equ	3910	;# 
  1145   000F47                     SRCON0          equ	3911	;# 
  1146   000F48                     CCPTMRS1        equ	3912	;# 
  1147   000F49                     CCPTMRS0        equ	3913	;# 
  1148   000F4A                     T6CON           equ	3914	;# 
  1149   000F4B                     PR6             equ	3915	;# 
  1150   000F4C                     TMR6            equ	3916	;# 
  1151   000F4D                     T5GCON          equ	3917	;# 
  1152   000F4E                     T5CON           equ	3918	;# 
  1153   000F4F                     TMR5            equ	3919	;# 
  1154   000F4F                     TMR5L           equ	3919	;# 
  1155   000F50                     TMR5H           equ	3920	;# 
  1156   000F51                     T4CON           equ	3921	;# 
  1157   000F52                     PR4             equ	3922	;# 
  1158   000F53                     TMR4            equ	3923	;# 
  1159   000F54                     CCP5CON         equ	3924	;# 
  1160   000F55                     CCPR5           equ	3925	;# 
  1161   000F55                     CCPR5L          equ	3925	;# 
  1162   000F56                     CCPR5H          equ	3926	;# 
  1163   000F57                     CCP4CON         equ	3927	;# 
  1164   000F58                     CCPR4           equ	3928	;# 
  1165   000F58                     CCPR4L          equ	3928	;# 
  1166   000F59                     CCPR4H          equ	3929	;# 
  1167   000F5A                     PSTR3CON        equ	3930	;# 
  1168   000F5B                     ECCP3AS         equ	3931	;# 
  1169   000F5B                     CCP3AS          equ	3931	;# 
  1170   000F5C                     PWM3CON         equ	3932	;# 
  1171   000F5D                     CCP3CON         equ	3933	;# 
  1172   000F5E                     CCPR3           equ	3934	;# 
  1173   000F5E                     CCPR3L          equ	3934	;# 
  1174   000F5F                     CCPR3H          equ	3935	;# 
  1175   000F60                     SLRCON          equ	3936	;# 
  1176   000F61                     WPUB            equ	3937	;# 
  1177   000F62                     IOCB            equ	3938	;# 
  1178   000F63                     PSTR2CON        equ	3939	;# 
  1179   000F64                     ECCP2AS         equ	3940	;# 
  1180   000F64                     CCP2AS          equ	3940	;# 
  1181   000F65                     PWM2CON         equ	3941	;# 
  1182   000F66                     CCP2CON         equ	3942	;# 
  1183   000F67                     CCPR2           equ	3943	;# 
  1184   000F67                     CCPR2L          equ	3943	;# 
  1185   000F68                     CCPR2H          equ	3944	;# 
  1186   000F69                     SSP2CON3        equ	3945	;# 
  1187   000F6A                     SSP2MSK         equ	3946	;# 
  1188   000F6B                     SSP2CON2        equ	3947	;# 
  1189   000F6C                     SSP2CON1        equ	3948	;# 
  1190   000F6D                     SSP2STAT        equ	3949	;# 
  1191   000F6E                     SSP2ADD         equ	3950	;# 
  1192   000F6F                     SSP2BUF         equ	3951	;# 
  1193   000F70                     BAUDCON2        equ	3952	;# 
  1194   000F70                     BAUD2CON        equ	3952	;# 
  1195   000F71                     RCSTA2          equ	3953	;# 
  1196   000F71                     RC2STA          equ	3953	;# 
  1197   000F72                     TXSTA2          equ	3954	;# 
  1198   000F72                     TX2STA          equ	3954	;# 
  1199   000F73                     TXREG2          equ	3955	;# 
  1200   000F73                     TX2REG          equ	3955	;# 
  1201   000F74                     RCREG2          equ	3956	;# 
  1202   000F74                     RC2REG          equ	3956	;# 
  1203   000F75                     SPBRG2          equ	3957	;# 
  1204   000F75                     SP2BRG          equ	3957	;# 
  1205   000F76                     SPBRGH2         equ	3958	;# 
  1206   000F76                     SP2BRGH         equ	3958	;# 
  1207   000F77                     CM2CON1         equ	3959	;# 
  1208   000F77                     CM12CON         equ	3959	;# 
  1209   000F78                     CM2CON0         equ	3960	;# 
  1210   000F78                     CM2CON          equ	3960	;# 
  1211   000F79                     CM1CON0         equ	3961	;# 
  1212   000F79                     CM1CON          equ	3961	;# 
  1213   000F7A                     PIE4            equ	3962	;# 
  1214   000F7B                     PIR4            equ	3963	;# 
  1215   000F7C                     IPR4            equ	3964	;# 
  1216   000F7D                     PIE5            equ	3965	;# 
  1217   000F7E                     PIR5            equ	3966	;# 
  1218   000F7F                     IPR5            equ	3967	;# 
  1219   000F80                     PORTA           equ	3968	;# 
  1220   000F81                     PORTB           equ	3969	;# 
  1221   000F82                     PORTC           equ	3970	;# 
  1222   000F84                     PORTE           equ	3972	;# 
  1223   000F89                     LATA            equ	3977	;# 
  1224   000F8A                     LATB            equ	3978	;# 
  1225   000F8B                     LATC            equ	3979	;# 
  1226   000F92                     TRISA           equ	3986	;# 
  1227   000F92                     DDRA            equ	3986	;# 
  1228   000F93                     TRISB           equ	3987	;# 
  1229   000F93                     DDRB            equ	3987	;# 
  1230   000F94                     TRISC           equ	3988	;# 
  1231   000F94                     DDRC            equ	3988	;# 
  1232   000F96                     TRISE           equ	3990	;# 
  1233   000F9B                     OSCTUNE         equ	3995	;# 
  1234   000F9C                     HLVDCON         equ	3996	;# 
  1235   000F9C                     LVDCON          equ	3996	;# 
  1236   000F9D                     PIE1            equ	3997	;# 
  1237   000F9E                     PIR1            equ	3998	;# 
  1238   000F9F                     IPR1            equ	3999	;# 
  1239   000FA0                     PIE2            equ	4000	;# 
  1240   000FA1                     PIR2            equ	4001	;# 
  1241   000FA2                     IPR2            equ	4002	;# 
  1242   000FA3                     PIE3            equ	4003	;# 
  1243   000FA4                     PIR3            equ	4004	;# 
  1244   000FA5                     IPR3            equ	4005	;# 
  1245   000FA6                     EECON1          equ	4006	;# 
  1246   000FA7                     EECON2          equ	4007	;# 
  1247   000FA8                     EEDATA          equ	4008	;# 
  1248   000FA9                     EEADR           equ	4009	;# 
  1249   000FAB                     RCSTA1          equ	4011	;# 
  1250   000FAB                     RCSTA           equ	4011	;# 
  1251   000FAB                     RC1STA          equ	4011	;# 
  1252   000FAC                     TXSTA1          equ	4012	;# 
  1253   000FAC                     TXSTA           equ	4012	;# 
  1254   000FAC                     TX1STA          equ	4012	;# 
  1255   000FAD                     TXREG1          equ	4013	;# 
  1256   000FAD                     TXREG           equ	4013	;# 
  1257   000FAD                     TX1REG          equ	4013	;# 
  1258   000FAE                     RCREG1          equ	4014	;# 
  1259   000FAE                     RCREG           equ	4014	;# 
  1260   000FAE                     RC1REG          equ	4014	;# 
  1261   000FAF                     SPBRG1          equ	4015	;# 
  1262   000FAF                     SPBRG           equ	4015	;# 
  1263   000FAF                     SP1BRG          equ	4015	;# 
  1264   000FB0                     SPBRGH1         equ	4016	;# 
  1265   000FB0                     SPBRGH          equ	4016	;# 
  1266   000FB0                     SP1BRGH         equ	4016	;# 
  1267   000FB1                     T3CON           equ	4017	;# 
  1268   000FB2                     TMR3            equ	4018	;# 
  1269   000FB2                     TMR3L           equ	4018	;# 
  1270   000FB3                     TMR3H           equ	4019	;# 
  1271   000FB4                     T3GCON          equ	4020	;# 
  1272   000FB6                     ECCP1AS         equ	4022	;# 
  1273   000FB6                     ECCPAS          equ	4022	;# 
  1274   000FB7                     PWM1CON         equ	4023	;# 
  1275   000FB7                     PWMCON          equ	4023	;# 
  1276   000FB8                     BAUDCON1        equ	4024	;# 
  1277   000FB8                     BAUDCON         equ	4024	;# 
  1278   000FB8                     BAUDCTL         equ	4024	;# 
  1279   000FB8                     BAUD1CON        equ	4024	;# 
  1280   000FB9                     PSTR1CON        equ	4025	;# 
  1281   000FB9                     PSTRCON         equ	4025	;# 
  1282   000FBA                     T2CON           equ	4026	;# 
  1283   000FBB                     PR2             equ	4027	;# 
  1284   000FBC                     TMR2            equ	4028	;# 
  1285   000FBD                     CCP1CON         equ	4029	;# 
  1286   000FBE                     CCPR1           equ	4030	;# 
  1287   000FBE                     CCPR1L          equ	4030	;# 
  1288   000FBF                     CCPR1H          equ	4031	;# 
  1289   000FC0                     ADCON2          equ	4032	;# 
  1290   000FC1                     ADCON1          equ	4033	;# 
  1291   000FC2                     ADCON0          equ	4034	;# 
  1292   000FC3                     ADRES           equ	4035	;# 
  1293   000FC3                     ADRESL          equ	4035	;# 
  1294   000FC4                     ADRESH          equ	4036	;# 
  1295   000FC5                     SSP1CON2        equ	4037	;# 
  1296   000FC5                     SSPCON2         equ	4037	;# 
  1297   000FC6                     SSP1CON1        equ	4038	;# 
  1298   000FC6                     SSPCON1         equ	4038	;# 
  1299   000FC7                     SSP1STAT        equ	4039	;# 
  1300   000FC7                     SSPSTAT         equ	4039	;# 
  1301   000FC8                     SSP1ADD         equ	4040	;# 
  1302   000FC8                     SSPADD          equ	4040	;# 
  1303   000FC9                     SSP1BUF         equ	4041	;# 
  1304   000FC9                     SSPBUF          equ	4041	;# 
  1305   000FCA                     SSP1MSK         equ	4042	;# 
  1306   000FCA                     SSPMSK          equ	4042	;# 
  1307   000FCB                     SSP1CON3        equ	4043	;# 
  1308   000FCB                     SSPCON3         equ	4043	;# 
  1309   000FCC                     T1GCON          equ	4044	;# 
  1310   000FCD                     T1CON           equ	4045	;# 
  1311   000FCE                     TMR1            equ	4046	;# 
  1312   000FCE                     TMR1L           equ	4046	;# 
  1313   000FCF                     TMR1H           equ	4047	;# 
  1314   000FD0                     RCON            equ	4048	;# 
  1315   000FD1                     WDTCON          equ	4049	;# 
  1316   000FD2                     OSCCON2         equ	4050	;# 
  1317   000FD3                     OSCCON          equ	4051	;# 
  1318   000FD5                     T0CON           equ	4053	;# 
  1319   000FD6                     TMR0            equ	4054	;# 
  1320   000FD6                     TMR0L           equ	4054	;# 
  1321   000FD7                     TMR0H           equ	4055	;# 
  1322   000FD8                     STATUS          equ	4056	;# 
  1323   000FD9                     FSR2            equ	4057	;# 
  1324   000FD9                     FSR2L           equ	4057	;# 
  1325   000FDA                     FSR2H           equ	4058	;# 
  1326   000FDB                     PLUSW2          equ	4059	;# 
  1327   000FDC                     PREINC2         equ	4060	;# 
  1328   000FDD                     POSTDEC2        equ	4061	;# 
  1329   000FDE                     POSTINC2        equ	4062	;# 
  1330   000FDF                     INDF2           equ	4063	;# 
  1331   000FE0                     BSR             equ	4064	;# 
  1332   000FE1                     FSR1            equ	4065	;# 
  1333   000FE1                     FSR1L           equ	4065	;# 
  1334   000FE2                     FSR1H           equ	4066	;# 
  1335   000FE3                     PLUSW1          equ	4067	;# 
  1336   000FE4                     PREINC1         equ	4068	;# 
  1337   000FE5                     POSTDEC1        equ	4069	;# 
  1338   000FE6                     POSTINC1        equ	4070	;# 
  1339   000FE7                     INDF1           equ	4071	;# 
  1340   000FE8                     WREG            equ	4072	;# 
  1341   000FE9                     FSR0            equ	4073	;# 
  1342   000FE9                     FSR0L           equ	4073	;# 
  1343   000FEA                     FSR0H           equ	4074	;# 
  1344   000FEB                     PLUSW0          equ	4075	;# 
  1345   000FEC                     PREINC0         equ	4076	;# 
  1346   000FED                     POSTDEC0        equ	4077	;# 
  1347   000FEE                     POSTINC0        equ	4078	;# 
  1348   000FEF                     INDF0           equ	4079	;# 
  1349   000FF0                     INTCON3         equ	4080	;# 
  1350   000FF1                     INTCON2         equ	4081	;# 
  1351   000FF2                     INTCON          equ	4082	;# 
  1352   000FF3                     PROD            equ	4083	;# 
  1353   000FF3                     PRODL           equ	4083	;# 
  1354   000FF4                     PRODH           equ	4084	;# 
  1355   000FF5                     TABLAT          equ	4085	;# 
  1356   000FF6                     TBLPTR          equ	4086	;# 
  1357   000FF6                     TBLPTRL         equ	4086	;# 
  1358   000FF7                     TBLPTRH         equ	4087	;# 
  1359   000FF8                     TBLPTRU         equ	4088	;# 
  1360   000FF9                     PCLAT           equ	4089	;# 
  1361   000FF9                     PC              equ	4089	;# 
  1362   000FF9                     PCL             equ	4089	;# 
  1363   000FFA                     PCLATH          equ	4090	;# 
  1364   000FFB                     PCLATU          equ	4091	;# 
  1365   000FFC                     STKPTR          equ	4092	;# 
  1366   000FFD                     TOS             equ	4093	;# 
  1367   000FFD                     TOSL            equ	4093	;# 
  1368   000FFE                     TOSH            equ	4094	;# 
  1369   000FFF                     TOSU            equ	4095	;# 
  1370   000F38                     ANSELA          equ	3896	;# 
  1371   000F39                     ANSELB          equ	3897	;# 
  1372   000F3A                     ANSELC          equ	3898	;# 
  1373   000F3D                     PMD2            equ	3901	;# 
  1374   000F3E                     PMD1            equ	3902	;# 
  1375   000F3F                     PMD0            equ	3903	;# 
  1376   000F40                     VREFCON2        equ	3904	;# 
  1377   000F40                     DACCON1         equ	3904	;# 
  1378   000F41                     VREFCON1        equ	3905	;# 
  1379   000F41                     DACCON0         equ	3905	;# 
  1380   000F42                     VREFCON0        equ	3906	;# 
  1381   000F42                     FVRCON          equ	3906	;# 
  1382   000F43                     CTMUICON        equ	3907	;# 
  1383   000F43                     CTMUICONH       equ	3907	;# 
  1384   000F44                     CTMUCONL        equ	3908	;# 
  1385   000F44                     CTMUCON1        equ	3908	;# 
  1386   000F45                     CTMUCONH        equ	3909	;# 
  1387   000F45                     CTMUCON0        equ	3909	;# 
  1388   000F46                     SRCON1          equ	3910	;# 
  1389   000F47                     SRCON0          equ	3911	;# 
  1390   000F48                     CCPTMRS1        equ	3912	;# 
  1391   000F49                     CCPTMRS0        equ	3913	;# 
  1392   000F4A                     T6CON           equ	3914	;# 
  1393   000F4B                     PR6             equ	3915	;# 
  1394   000F4C                     TMR6            equ	3916	;# 
  1395   000F4D                     T5GCON          equ	3917	;# 
  1396   000F4E                     T5CON           equ	3918	;# 
  1397   000F4F                     TMR5            equ	3919	;# 
  1398   000F4F                     TMR5L           equ	3919	;# 
  1399   000F50                     TMR5H           equ	3920	;# 
  1400   000F51                     T4CON           equ	3921	;# 
  1401   000F52                     PR4             equ	3922	;# 
  1402   000F53                     TMR4            equ	3923	;# 
  1403   000F54                     CCP5CON         equ	3924	;# 
  1404   000F55                     CCPR5           equ	3925	;# 
  1405   000F55                     CCPR5L          equ	3925	;# 
  1406   000F56                     CCPR5H          equ	3926	;# 
  1407   000F57                     CCP4CON         equ	3927	;# 
  1408   000F58                     CCPR4           equ	3928	;# 
  1409   000F58                     CCPR4L          equ	3928	;# 
  1410   000F59                     CCPR4H          equ	3929	;# 
  1411   000F5A                     PSTR3CON        equ	3930	;# 
  1412   000F5B                     ECCP3AS         equ	3931	;# 
  1413   000F5B                     CCP3AS          equ	3931	;# 
  1414   000F5C                     PWM3CON         equ	3932	;# 
  1415   000F5D                     CCP3CON         equ	3933	;# 
  1416   000F5E                     CCPR3           equ	3934	;# 
  1417   000F5E                     CCPR3L          equ	3934	;# 
  1418   000F5F                     CCPR3H          equ	3935	;# 
  1419   000F60                     SLRCON          equ	3936	;# 
  1420   000F61                     WPUB            equ	3937	;# 
  1421   000F62                     IOCB            equ	3938	;# 
  1422   000F63                     PSTR2CON        equ	3939	;# 
  1423   000F64                     ECCP2AS         equ	3940	;# 
  1424   000F64                     CCP2AS          equ	3940	;# 
  1425   000F65                     PWM2CON         equ	3941	;# 
  1426   000F66                     CCP2CON         equ	3942	;# 
  1427   000F67                     CCPR2           equ	3943	;# 
  1428   000F67                     CCPR2L          equ	3943	;# 
  1429   000F68                     CCPR2H          equ	3944	;# 
  1430   000F69                     SSP2CON3        equ	3945	;# 
  1431   000F6A                     SSP2MSK         equ	3946	;# 
  1432   000F6B                     SSP2CON2        equ	3947	;# 
  1433   000F6C                     SSP2CON1        equ	3948	;# 
  1434   000F6D                     SSP2STAT        equ	3949	;# 
  1435   000F6E                     SSP2ADD         equ	3950	;# 
  1436   000F6F                     SSP2BUF         equ	3951	;# 
  1437   000F70                     BAUDCON2        equ	3952	;# 
  1438   000F70                     BAUD2CON        equ	3952	;# 
  1439   000F71                     RCSTA2          equ	3953	;# 
  1440   000F71                     RC2STA          equ	3953	;# 
  1441   000F72                     TXSTA2          equ	3954	;# 
  1442   000F72                     TX2STA          equ	3954	;# 
  1443   000F73                     TXREG2          equ	3955	;# 
  1444   000F73                     TX2REG          equ	3955	;# 
  1445   000F74                     RCREG2          equ	3956	;# 
  1446   000F74                     RC2REG          equ	3956	;# 
  1447   000F75                     SPBRG2          equ	3957	;# 
  1448   000F75                     SP2BRG          equ	3957	;# 
  1449   000F76                     SPBRGH2         equ	3958	;# 
  1450   000F76                     SP2BRGH         equ	3958	;# 
  1451   000F77                     CM2CON1         equ	3959	;# 
  1452   000F77                     CM12CON         equ	3959	;# 
  1453   000F78                     CM2CON0         equ	3960	;# 
  1454   000F78                     CM2CON          equ	3960	;# 
  1455   000F79                     CM1CON0         equ	3961	;# 
  1456   000F79                     CM1CON          equ	3961	;# 
  1457   000F7A                     PIE4            equ	3962	;# 
  1458   000F7B                     PIR4            equ	3963	;# 
  1459   000F7C                     IPR4            equ	3964	;# 
  1460   000F7D                     PIE5            equ	3965	;# 
  1461   000F7E                     PIR5            equ	3966	;# 
  1462   000F7F                     IPR5            equ	3967	;# 
  1463   000F80                     PORTA           equ	3968	;# 
  1464   000F81                     PORTB           equ	3969	;# 
  1465   000F82                     PORTC           equ	3970	;# 
  1466   000F84                     PORTE           equ	3972	;# 
  1467   000F89                     LATA            equ	3977	;# 
  1468   000F8A                     LATB            equ	3978	;# 
  1469   000F8B                     LATC            equ	3979	;# 
  1470   000F92                     TRISA           equ	3986	;# 
  1471   000F92                     DDRA            equ	3986	;# 
  1472   000F93                     TRISB           equ	3987	;# 
  1473   000F93                     DDRB            equ	3987	;# 
  1474   000F94                     TRISC           equ	3988	;# 
  1475   000F94                     DDRC            equ	3988	;# 
  1476   000F96                     TRISE           equ	3990	;# 
  1477   000F9B                     OSCTUNE         equ	3995	;# 
  1478   000F9C                     HLVDCON         equ	3996	;# 
  1479   000F9C                     LVDCON          equ	3996	;# 
  1480   000F9D                     PIE1            equ	3997	;# 
  1481   000F9E                     PIR1            equ	3998	;# 
  1482   000F9F                     IPR1            equ	3999	;# 
  1483   000FA0                     PIE2            equ	4000	;# 
  1484   000FA1                     PIR2            equ	4001	;# 
  1485   000FA2                     IPR2            equ	4002	;# 
  1486   000FA3                     PIE3            equ	4003	;# 
  1487   000FA4                     PIR3            equ	4004	;# 
  1488   000FA5                     IPR3            equ	4005	;# 
  1489   000FA6                     EECON1          equ	4006	;# 
  1490   000FA7                     EECON2          equ	4007	;# 
  1491   000FA8                     EEDATA          equ	4008	;# 
  1492   000FA9                     EEADR           equ	4009	;# 
  1493   000FAB                     RCSTA1          equ	4011	;# 
  1494   000FAB                     RCSTA           equ	4011	;# 
  1495   000FAB                     RC1STA          equ	4011	;# 
  1496   000FAC                     TXSTA1          equ	4012	;# 
  1497   000FAC                     TXSTA           equ	4012	;# 
  1498   000FAC                     TX1STA          equ	4012	;# 
  1499   000FAD                     TXREG1          equ	4013	;# 
  1500   000FAD                     TXREG           equ	4013	;# 
  1501   000FAD                     TX1REG          equ	4013	;# 
  1502   000FAE                     RCREG1          equ	4014	;# 
  1503   000FAE                     RCREG           equ	4014	;# 
  1504   000FAE                     RC1REG          equ	4014	;# 
  1505   000FAF                     SPBRG1          equ	4015	;# 
  1506   000FAF                     SPBRG           equ	4015	;# 
  1507   000FAF                     SP1BRG          equ	4015	;# 
  1508   000FB0                     SPBRGH1         equ	4016	;# 
  1509   000FB0                     SPBRGH          equ	4016	;# 
  1510   000FB0                     SP1BRGH         equ	4016	;# 
  1511   000FB1                     T3CON           equ	4017	;# 
  1512   000FB2                     TMR3            equ	4018	;# 
  1513   000FB2                     TMR3L           equ	4018	;# 
  1514   000FB3                     TMR3H           equ	4019	;# 
  1515   000FB4                     T3GCON          equ	4020	;# 
  1516   000FB6                     ECCP1AS         equ	4022	;# 
  1517   000FB6                     ECCPAS          equ	4022	;# 
  1518   000FB7                     PWM1CON         equ	4023	;# 
  1519   000FB7                     PWMCON          equ	4023	;# 
  1520   000FB8                     BAUDCON1        equ	4024	;# 
  1521   000FB8                     BAUDCON         equ	4024	;# 
  1522   000FB8                     BAUDCTL         equ	4024	;# 
  1523   000FB8                     BAUD1CON        equ	4024	;# 
  1524   000FB9                     PSTR1CON        equ	4025	;# 
  1525   000FB9                     PSTRCON         equ	4025	;# 
  1526   000FBA                     T2CON           equ	4026	;# 
  1527   000FBB                     PR2             equ	4027	;# 
  1528   000FBC                     TMR2            equ	4028	;# 
  1529   000FBD                     CCP1CON         equ	4029	;# 
  1530   000FBE                     CCPR1           equ	4030	;# 
  1531   000FBE                     CCPR1L          equ	4030	;# 
  1532   000FBF                     CCPR1H          equ	4031	;# 
  1533   000FC0                     ADCON2          equ	4032	;# 
  1534   000FC1                     ADCON1          equ	4033	;# 
  1535   000FC2                     ADCON0          equ	4034	;# 
  1536   000FC3                     ADRES           equ	4035	;# 
  1537   000FC3                     ADRESL          equ	4035	;# 
  1538   000FC4                     ADRESH          equ	4036	;# 
  1539   000FC5                     SSP1CON2        equ	4037	;# 
  1540   000FC5                     SSPCON2         equ	4037	;# 
  1541   000FC6                     SSP1CON1        equ	4038	;# 
  1542   000FC6                     SSPCON1         equ	4038	;# 
  1543   000FC7                     SSP1STAT        equ	4039	;# 
  1544   000FC7                     SSPSTAT         equ	4039	;# 
  1545   000FC8                     SSP1ADD         equ	4040	;# 
  1546   000FC8                     SSPADD          equ	4040	;# 
  1547   000FC9                     SSP1BUF         equ	4041	;# 
  1548   000FC9                     SSPBUF          equ	4041	;# 
  1549   000FCA                     SSP1MSK         equ	4042	;# 
  1550   000FCA                     SSPMSK          equ	4042	;# 
  1551   000FCB                     SSP1CON3        equ	4043	;# 
  1552   000FCB                     SSPCON3         equ	4043	;# 
  1553   000FCC                     T1GCON          equ	4044	;# 
  1554   000FCD                     T1CON           equ	4045	;# 
  1555   000FCE                     TMR1            equ	4046	;# 
  1556   000FCE                     TMR1L           equ	4046	;# 
  1557   000FCF                     TMR1H           equ	4047	;# 
  1558   000FD0                     RCON            equ	4048	;# 
  1559   000FD1                     WDTCON          equ	4049	;# 
  1560   000FD2                     OSCCON2         equ	4050	;# 
  1561   000FD3                     OSCCON          equ	4051	;# 
  1562   000FD5                     T0CON           equ	4053	;# 
  1563   000FD6                     TMR0            equ	4054	;# 
  1564   000FD6                     TMR0L           equ	4054	;# 
  1565   000FD7                     TMR0H           equ	4055	;# 
  1566   000FD8                     STATUS          equ	4056	;# 
  1567   000FD9                     FSR2            equ	4057	;# 
  1568   000FD9                     FSR2L           equ	4057	;# 
  1569   000FDA                     FSR2H           equ	4058	;# 
  1570   000FDB                     PLUSW2          equ	4059	;# 
  1571   000FDC                     PREINC2         equ	4060	;# 
  1572   000FDD                     POSTDEC2        equ	4061	;# 
  1573   000FDE                     POSTINC2        equ	4062	;# 
  1574   000FDF                     INDF2           equ	4063	;# 
  1575   000FE0                     BSR             equ	4064	;# 
  1576   000FE1                     FSR1            equ	4065	;# 
  1577   000FE1                     FSR1L           equ	4065	;# 
  1578   000FE2                     FSR1H           equ	4066	;# 
  1579   000FE3                     PLUSW1          equ	4067	;# 
  1580   000FE4                     PREINC1         equ	4068	;# 
  1581   000FE5                     POSTDEC1        equ	4069	;# 
  1582   000FE6                     POSTINC1        equ	4070	;# 
  1583   000FE7                     INDF1           equ	4071	;# 
  1584   000FE8                     WREG            equ	4072	;# 
  1585   000FE9                     FSR0            equ	4073	;# 
  1586   000FE9                     FSR0L           equ	4073	;# 
  1587   000FEA                     FSR0H           equ	4074	;# 
  1588   000FEB                     PLUSW0          equ	4075	;# 
  1589   000FEC                     PREINC0         equ	4076	;# 
  1590   000FED                     POSTDEC0        equ	4077	;# 
  1591   000FEE                     POSTINC0        equ	4078	;# 
  1592   000FEF                     INDF0           equ	4079	;# 
  1593   000FF0                     INTCON3         equ	4080	;# 
  1594   000FF1                     INTCON2         equ	4081	;# 
  1595   000FF2                     INTCON          equ	4082	;# 
  1596   000FF3                     PROD            equ	4083	;# 
  1597   000FF3                     PRODL           equ	4083	;# 
  1598   000FF4                     PRODH           equ	4084	;# 
  1599   000FF5                     TABLAT          equ	4085	;# 
  1600   000FF6                     TBLPTR          equ	4086	;# 
  1601   000FF6                     TBLPTRL         equ	4086	;# 
  1602   000FF7                     TBLPTRH         equ	4087	;# 
  1603   000FF8                     TBLPTRU         equ	4088	;# 
  1604   000FF9                     PCLAT           equ	4089	;# 
  1605   000FF9                     PC              equ	4089	;# 
  1606   000FF9                     PCL             equ	4089	;# 
  1607   000FFA                     PCLATH          equ	4090	;# 
  1608   000FFB                     PCLATU          equ	4091	;# 
  1609   000FFC                     STKPTR          equ	4092	;# 
  1610   000FFD                     TOS             equ	4093	;# 
  1611   000FFD                     TOSL            equ	4093	;# 
  1612   000FFE                     TOSH            equ	4094	;# 
  1613   000FFF                     TOSU            equ	4095	;# 
  1614   000F38                     ANSELA          equ	3896	;# 
  1615   000F39                     ANSELB          equ	3897	;# 
  1616   000F3A                     ANSELC          equ	3898	;# 
  1617   000F3D                     PMD2            equ	3901	;# 
  1618   000F3E                     PMD1            equ	3902	;# 
  1619   000F3F                     PMD0            equ	3903	;# 
  1620   000F40                     VREFCON2        equ	3904	;# 
  1621   000F40                     DACCON1         equ	3904	;# 
  1622   000F41                     VREFCON1        equ	3905	;# 
  1623   000F41                     DACCON0         equ	3905	;# 
  1624   000F42                     VREFCON0        equ	3906	;# 
  1625   000F42                     FVRCON          equ	3906	;# 
  1626   000F43                     CTMUICON        equ	3907	;# 
  1627   000F43                     CTMUICONH       equ	3907	;# 
  1628   000F44                     CTMUCONL        equ	3908	;# 
  1629   000F44                     CTMUCON1        equ	3908	;# 
  1630   000F45                     CTMUCONH        equ	3909	;# 
  1631   000F45                     CTMUCON0        equ	3909	;# 
  1632   000F46                     SRCON1          equ	3910	;# 
  1633   000F47                     SRCON0          equ	3911	;# 
  1634   000F48                     CCPTMRS1        equ	3912	;# 
  1635   000F49                     CCPTMRS0        equ	3913	;# 
  1636   000F4A                     T6CON           equ	3914	;# 
  1637   000F4B                     PR6             equ	3915	;# 
  1638   000F4C                     TMR6            equ	3916	;# 
  1639   000F4D                     T5GCON          equ	3917	;# 
  1640   000F4E                     T5CON           equ	3918	;# 
  1641   000F4F                     TMR5            equ	3919	;# 
  1642   000F4F                     TMR5L           equ	3919	;# 
  1643   000F50                     TMR5H           equ	3920	;# 
  1644   000F51                     T4CON           equ	3921	;# 
  1645   000F52                     PR4             equ	3922	;# 
  1646   000F53                     TMR4            equ	3923	;# 
  1647   000F54                     CCP5CON         equ	3924	;# 
  1648   000F55                     CCPR5           equ	3925	;# 
  1649   000F55                     CCPR5L          equ	3925	;# 
  1650   000F56                     CCPR5H          equ	3926	;# 
  1651   000F57                     CCP4CON         equ	3927	;# 
  1652   000F58                     CCPR4           equ	3928	;# 
  1653   000F58                     CCPR4L          equ	3928	;# 
  1654   000F59                     CCPR4H          equ	3929	;# 
  1655   000F5A                     PSTR3CON        equ	3930	;# 
  1656   000F5B                     ECCP3AS         equ	3931	;# 
  1657   000F5B                     CCP3AS          equ	3931	;# 
  1658   000F5C                     PWM3CON         equ	3932	;# 
  1659   000F5D                     CCP3CON         equ	3933	;# 
  1660   000F5E                     CCPR3           equ	3934	;# 
  1661   000F5E                     CCPR3L          equ	3934	;# 
  1662   000F5F                     CCPR3H          equ	3935	;# 
  1663   000F60                     SLRCON          equ	3936	;# 
  1664   000F61                     WPUB            equ	3937	;# 
  1665   000F62                     IOCB            equ	3938	;# 
  1666   000F63                     PSTR2CON        equ	3939	;# 
  1667   000F64                     ECCP2AS         equ	3940	;# 
  1668   000F64                     CCP2AS          equ	3940	;# 
  1669   000F65                     PWM2CON         equ	3941	;# 
  1670   000F66                     CCP2CON         equ	3942	;# 
  1671   000F67                     CCPR2           equ	3943	;# 
  1672   000F67                     CCPR2L          equ	3943	;# 
  1673   000F68                     CCPR2H          equ	3944	;# 
  1674   000F69                     SSP2CON3        equ	3945	;# 
  1675   000F6A                     SSP2MSK         equ	3946	;# 
  1676   000F6B                     SSP2CON2        equ	3947	;# 
  1677   000F6C                     SSP2CON1        equ	3948	;# 
  1678   000F6D                     SSP2STAT        equ	3949	;# 
  1679   000F6E                     SSP2ADD         equ	3950	;# 
  1680   000F6F                     SSP2BUF         equ	3951	;# 
  1681   000F70                     BAUDCON2        equ	3952	;# 
  1682   000F70                     BAUD2CON        equ	3952	;# 
  1683   000F71                     RCSTA2          equ	3953	;# 
  1684   000F71                     RC2STA          equ	3953	;# 
  1685   000F72                     TXSTA2          equ	3954	;# 
  1686   000F72                     TX2STA          equ	3954	;# 
  1687   000F73                     TXREG2          equ	3955	;# 
  1688   000F73                     TX2REG          equ	3955	;# 
  1689   000F74                     RCREG2          equ	3956	;# 
  1690   000F74                     RC2REG          equ	3956	;# 
  1691   000F75                     SPBRG2          equ	3957	;# 
  1692   000F75                     SP2BRG          equ	3957	;# 
  1693   000F76                     SPBRGH2         equ	3958	;# 
  1694   000F76                     SP2BRGH         equ	3958	;# 
  1695   000F77                     CM2CON1         equ	3959	;# 
  1696   000F77                     CM12CON         equ	3959	;# 
  1697   000F78                     CM2CON0         equ	3960	;# 
  1698   000F78                     CM2CON          equ	3960	;# 
  1699   000F79                     CM1CON0         equ	3961	;# 
  1700   000F79                     CM1CON          equ	3961	;# 
  1701   000F7A                     PIE4            equ	3962	;# 
  1702   000F7B                     PIR4            equ	3963	;# 
  1703   000F7C                     IPR4            equ	3964	;# 
  1704   000F7D                     PIE5            equ	3965	;# 
  1705   000F7E                     PIR5            equ	3966	;# 
  1706   000F7F                     IPR5            equ	3967	;# 
  1707   000F80                     PORTA           equ	3968	;# 
  1708   000F81                     PORTB           equ	3969	;# 
  1709   000F82                     PORTC           equ	3970	;# 
  1710   000F84                     PORTE           equ	3972	;# 
  1711   000F89                     LATA            equ	3977	;# 
  1712   000F8A                     LATB            equ	3978	;# 
  1713   000F8B                     LATC            equ	3979	;# 
  1714   000F92                     TRISA           equ	3986	;# 
  1715   000F92                     DDRA            equ	3986	;# 
  1716   000F93                     TRISB           equ	3987	;# 
  1717   000F93                     DDRB            equ	3987	;# 
  1718   000F94                     TRISC           equ	3988	;# 
  1719   000F94                     DDRC            equ	3988	;# 
  1720   000F96                     TRISE           equ	3990	;# 
  1721   000F9B                     OSCTUNE         equ	3995	;# 
  1722   000F9C                     HLVDCON         equ	3996	;# 
  1723   000F9C                     LVDCON          equ	3996	;# 
  1724   000F9D                     PIE1            equ	3997	;# 
  1725   000F9E                     PIR1            equ	3998	;# 
  1726   000F9F                     IPR1            equ	3999	;# 
  1727   000FA0                     PIE2            equ	4000	;# 
  1728   000FA1                     PIR2            equ	4001	;# 
  1729   000FA2                     IPR2            equ	4002	;# 
  1730   000FA3                     PIE3            equ	4003	;# 
  1731   000FA4                     PIR3            equ	4004	;# 
  1732   000FA5                     IPR3            equ	4005	;# 
  1733   000FA6                     EECON1          equ	4006	;# 
  1734   000FA7                     EECON2          equ	4007	;# 
  1735   000FA8                     EEDATA          equ	4008	;# 
  1736   000FA9                     EEADR           equ	4009	;# 
  1737   000FAB                     RCSTA1          equ	4011	;# 
  1738   000FAB                     RCSTA           equ	4011	;# 
  1739   000FAB                     RC1STA          equ	4011	;# 
  1740   000FAC                     TXSTA1          equ	4012	;# 
  1741   000FAC                     TXSTA           equ	4012	;# 
  1742   000FAC                     TX1STA          equ	4012	;# 
  1743   000FAD                     TXREG1          equ	4013	;# 
  1744   000FAD                     TXREG           equ	4013	;# 
  1745   000FAD                     TX1REG          equ	4013	;# 
  1746   000FAE                     RCREG1          equ	4014	;# 
  1747   000FAE                     RCREG           equ	4014	;# 
  1748   000FAE                     RC1REG          equ	4014	;# 
  1749   000FAF                     SPBRG1          equ	4015	;# 
  1750   000FAF                     SPBRG           equ	4015	;# 
  1751   000FAF                     SP1BRG          equ	4015	;# 
  1752   000FB0                     SPBRGH1         equ	4016	;# 
  1753   000FB0                     SPBRGH          equ	4016	;# 
  1754   000FB0                     SP1BRGH         equ	4016	;# 
  1755   000FB1                     T3CON           equ	4017	;# 
  1756   000FB2                     TMR3            equ	4018	;# 
  1757   000FB2                     TMR3L           equ	4018	;# 
  1758   000FB3                     TMR3H           equ	4019	;# 
  1759   000FB4                     T3GCON          equ	4020	;# 
  1760   000FB6                     ECCP1AS         equ	4022	;# 
  1761   000FB6                     ECCPAS          equ	4022	;# 
  1762   000FB7                     PWM1CON         equ	4023	;# 
  1763   000FB7                     PWMCON          equ	4023	;# 
  1764   000FB8                     BAUDCON1        equ	4024	;# 
  1765   000FB8                     BAUDCON         equ	4024	;# 
  1766   000FB8                     BAUDCTL         equ	4024	;# 
  1767   000FB8                     BAUD1CON        equ	4024	;# 
  1768   000FB9                     PSTR1CON        equ	4025	;# 
  1769   000FB9                     PSTRCON         equ	4025	;# 
  1770   000FBA                     T2CON           equ	4026	;# 
  1771   000FBB                     PR2             equ	4027	;# 
  1772   000FBC                     TMR2            equ	4028	;# 
  1773   000FBD                     CCP1CON         equ	4029	;# 
  1774   000FBE                     CCPR1           equ	4030	;# 
  1775   000FBE                     CCPR1L          equ	4030	;# 
  1776   000FBF                     CCPR1H          equ	4031	;# 
  1777   000FC0                     ADCON2          equ	4032	;# 
  1778   000FC1                     ADCON1          equ	4033	;# 
  1779   000FC2                     ADCON0          equ	4034	;# 
  1780   000FC3                     ADRES           equ	4035	;# 
  1781   000FC3                     ADRESL          equ	4035	;# 
  1782   000FC4                     ADRESH          equ	4036	;# 
  1783   000FC5                     SSP1CON2        equ	4037	;# 
  1784   000FC5                     SSPCON2         equ	4037	;# 
  1785   000FC6                     SSP1CON1        equ	4038	;# 
  1786   000FC6                     SSPCON1         equ	4038	;# 
  1787   000FC7                     SSP1STAT        equ	4039	;# 
  1788   000FC7                     SSPSTAT         equ	4039	;# 
  1789   000FC8                     SSP1ADD         equ	4040	;# 
  1790   000FC8                     SSPADD          equ	4040	;# 
  1791   000FC9                     SSP1BUF         equ	4041	;# 
  1792   000FC9                     SSPBUF          equ	4041	;# 
  1793   000FCA                     SSP1MSK         equ	4042	;# 
  1794   000FCA                     SSPMSK          equ	4042	;# 
  1795   000FCB                     SSP1CON3        equ	4043	;# 
  1796   000FCB                     SSPCON3         equ	4043	;# 
  1797   000FCC                     T1GCON          equ	4044	;# 
  1798   000FCD                     T1CON           equ	4045	;# 
  1799   000FCE                     TMR1            equ	4046	;# 
  1800   000FCE                     TMR1L           equ	4046	;# 
  1801   000FCF                     TMR1H           equ	4047	;# 
  1802   000FD0                     RCON            equ	4048	;# 
  1803   000FD1                     WDTCON          equ	4049	;# 
  1804   000FD2                     OSCCON2         equ	4050	;# 
  1805   000FD3                     OSCCON          equ	4051	;# 
  1806   000FD5                     T0CON           equ	4053	;# 
  1807   000FD6                     TMR0            equ	4054	;# 
  1808   000FD6                     TMR0L           equ	4054	;# 
  1809   000FD7                     TMR0H           equ	4055	;# 
  1810   000FD8                     STATUS          equ	4056	;# 
  1811   000FD9                     FSR2            equ	4057	;# 
  1812   000FD9                     FSR2L           equ	4057	;# 
  1813   000FDA                     FSR2H           equ	4058	;# 
  1814   000FDB                     PLUSW2          equ	4059	;# 
  1815   000FDC                     PREINC2         equ	4060	;# 
  1816   000FDD                     POSTDEC2        equ	4061	;# 
  1817   000FDE                     POSTINC2        equ	4062	;# 
  1818   000FDF                     INDF2           equ	4063	;# 
  1819   000FE0                     BSR             equ	4064	;# 
  1820   000FE1                     FSR1            equ	4065	;# 
  1821   000FE1                     FSR1L           equ	4065	;# 
  1822   000FE2                     FSR1H           equ	4066	;# 
  1823   000FE3                     PLUSW1          equ	4067	;# 
  1824   000FE4                     PREINC1         equ	4068	;# 
  1825   000FE5                     POSTDEC1        equ	4069	;# 
  1826   000FE6                     POSTINC1        equ	4070	;# 
  1827   000FE7                     INDF1           equ	4071	;# 
  1828   000FE8                     WREG            equ	4072	;# 
  1829   000FE9                     FSR0            equ	4073	;# 
  1830   000FE9                     FSR0L           equ	4073	;# 
  1831   000FEA                     FSR0H           equ	4074	;# 
  1832   000FEB                     PLUSW0          equ	4075	;# 
  1833   000FEC                     PREINC0         equ	4076	;# 
  1834   000FED                     POSTDEC0        equ	4077	;# 
  1835   000FEE                     POSTINC0        equ	4078	;# 
  1836   000FEF                     INDF0           equ	4079	;# 
  1837   000FF0                     INTCON3         equ	4080	;# 
  1838   000FF1                     INTCON2         equ	4081	;# 
  1839   000FF2                     INTCON          equ	4082	;# 
  1840   000FF3                     PROD            equ	4083	;# 
  1841   000FF3                     PRODL           equ	4083	;# 
  1842   000FF4                     PRODH           equ	4084	;# 
  1843   000FF5                     TABLAT          equ	4085	;# 
  1844   000FF6                     TBLPTR          equ	4086	;# 
  1845   000FF6                     TBLPTRL         equ	4086	;# 
  1846   000FF7                     TBLPTRH         equ	4087	;# 
  1847   000FF8                     TBLPTRU         equ	4088	;# 
  1848   000FF9                     PCLAT           equ	4089	;# 
  1849   000FF9                     PC              equ	4089	;# 
  1850   000FF9                     PCL             equ	4089	;# 
  1851   000FFA                     PCLATH          equ	4090	;# 
  1852   000FFB                     PCLATU          equ	4091	;# 
  1853   000FFC                     STKPTR          equ	4092	;# 
  1854   000FFD                     TOS             equ	4093	;# 
  1855   000FFD                     TOSL            equ	4093	;# 
  1856   000FFE                     TOSH            equ	4094	;# 
  1857   000FFF                     TOSU            equ	4095	;# 
  1858   000F38                     ANSELA          equ	3896	;# 
  1859   000F39                     ANSELB          equ	3897	;# 
  1860   000F3A                     ANSELC          equ	3898	;# 
  1861   000F3D                     PMD2            equ	3901	;# 
  1862   000F3E                     PMD1            equ	3902	;# 
  1863   000F3F                     PMD0            equ	3903	;# 
  1864   000F40                     VREFCON2        equ	3904	;# 
  1865   000F40                     DACCON1         equ	3904	;# 
  1866   000F41                     VREFCON1        equ	3905	;# 
  1867   000F41                     DACCON0         equ	3905	;# 
  1868   000F42                     VREFCON0        equ	3906	;# 
  1869   000F42                     FVRCON          equ	3906	;# 
  1870   000F43                     CTMUICON        equ	3907	;# 
  1871   000F43                     CTMUICONH       equ	3907	;# 
  1872   000F44                     CTMUCONL        equ	3908	;# 
  1873   000F44                     CTMUCON1        equ	3908	;# 
  1874   000F45                     CTMUCONH        equ	3909	;# 
  1875   000F45                     CTMUCON0        equ	3909	;# 
  1876   000F46                     SRCON1          equ	3910	;# 
  1877   000F47                     SRCON0          equ	3911	;# 
  1878   000F48                     CCPTMRS1        equ	3912	;# 
  1879   000F49                     CCPTMRS0        equ	3913	;# 
  1880   000F4A                     T6CON           equ	3914	;# 
  1881   000F4B                     PR6             equ	3915	;# 
  1882   000F4C                     TMR6            equ	3916	;# 
  1883   000F4D                     T5GCON          equ	3917	;# 
  1884   000F4E                     T5CON           equ	3918	;# 
  1885   000F4F                     TMR5            equ	3919	;# 
  1886   000F4F                     TMR5L           equ	3919	;# 
  1887   000F50                     TMR5H           equ	3920	;# 
  1888   000F51                     T4CON           equ	3921	;# 
  1889   000F52                     PR4             equ	3922	;# 
  1890   000F53                     TMR4            equ	3923	;# 
  1891   000F54                     CCP5CON         equ	3924	;# 
  1892   000F55                     CCPR5           equ	3925	;# 
  1893   000F55                     CCPR5L          equ	3925	;# 
  1894   000F56                     CCPR5H          equ	3926	;# 
  1895   000F57                     CCP4CON         equ	3927	;# 
  1896   000F58                     CCPR4           equ	3928	;# 
  1897   000F58                     CCPR4L          equ	3928	;# 
  1898   000F59                     CCPR4H          equ	3929	;# 
  1899   000F5A                     PSTR3CON        equ	3930	;# 
  1900   000F5B                     ECCP3AS         equ	3931	;# 
  1901   000F5B                     CCP3AS          equ	3931	;# 
  1902   000F5C                     PWM3CON         equ	3932	;# 
  1903   000F5D                     CCP3CON         equ	3933	;# 
  1904   000F5E                     CCPR3           equ	3934	;# 
  1905   000F5E                     CCPR3L          equ	3934	;# 
  1906   000F5F                     CCPR3H          equ	3935	;# 
  1907   000F60                     SLRCON          equ	3936	;# 
  1908   000F61                     WPUB            equ	3937	;# 
  1909   000F62                     IOCB            equ	3938	;# 
  1910   000F63                     PSTR2CON        equ	3939	;# 
  1911   000F64                     ECCP2AS         equ	3940	;# 
  1912   000F64                     CCP2AS          equ	3940	;# 
  1913   000F65                     PWM2CON         equ	3941	;# 
  1914   000F66                     CCP2CON         equ	3942	;# 
  1915   000F67                     CCPR2           equ	3943	;# 
  1916   000F67                     CCPR2L          equ	3943	;# 
  1917   000F68                     CCPR2H          equ	3944	;# 
  1918   000F69                     SSP2CON3        equ	3945	;# 
  1919   000F6A                     SSP2MSK         equ	3946	;# 
  1920   000F6B                     SSP2CON2        equ	3947	;# 
  1921   000F6C                     SSP2CON1        equ	3948	;# 
  1922   000F6D                     SSP2STAT        equ	3949	;# 
  1923   000F6E                     SSP2ADD         equ	3950	;# 
  1924   000F6F                     SSP2BUF         equ	3951	;# 
  1925   000F70                     BAUDCON2        equ	3952	;# 
  1926   000F70                     BAUD2CON        equ	3952	;# 
  1927   000F71                     RCSTA2          equ	3953	;# 
  1928   000F71                     RC2STA          equ	3953	;# 
  1929   000F72                     TXSTA2          equ	3954	;# 
  1930   000F72                     TX2STA          equ	3954	;# 
  1931   000F73                     TXREG2          equ	3955	;# 
  1932   000F73                     TX2REG          equ	3955	;# 
  1933   000F74                     RCREG2          equ	3956	;# 
  1934   000F74                     RC2REG          equ	3956	;# 
  1935   000F75                     SPBRG2          equ	3957	;# 
  1936   000F75                     SP2BRG          equ	3957	;# 
  1937   000F76                     SPBRGH2         equ	3958	;# 
  1938   000F76                     SP2BRGH         equ	3958	;# 
  1939   000F77                     CM2CON1         equ	3959	;# 
  1940   000F77                     CM12CON         equ	3959	;# 
  1941   000F78                     CM2CON0         equ	3960	;# 
  1942   000F78                     CM2CON          equ	3960	;# 
  1943   000F79                     CM1CON0         equ	3961	;# 
  1944   000F79                     CM1CON          equ	3961	;# 
  1945   000F7A                     PIE4            equ	3962	;# 
  1946   000F7B                     PIR4            equ	3963	;# 
  1947   000F7C                     IPR4            equ	3964	;# 
  1948   000F7D                     PIE5            equ	3965	;# 
  1949   000F7E                     PIR5            equ	3966	;# 
  1950   000F7F                     IPR5            equ	3967	;# 
  1951   000F80                     PORTA           equ	3968	;# 
  1952   000F81                     PORTB           equ	3969	;# 
  1953   000F82                     PORTC           equ	3970	;# 
  1954   000F84                     PORTE           equ	3972	;# 
  1955   000F89                     LATA            equ	3977	;# 
  1956   000F8A                     LATB            equ	3978	;# 
  1957   000F8B                     LATC            equ	3979	;# 
  1958   000F92                     TRISA           equ	3986	;# 
  1959   000F92                     DDRA            equ	3986	;# 
  1960   000F93                     TRISB           equ	3987	;# 
  1961   000F93                     DDRB            equ	3987	;# 
  1962   000F94                     TRISC           equ	3988	;# 
  1963   000F94                     DDRC            equ	3988	;# 
  1964   000F96                     TRISE           equ	3990	;# 
  1965   000F9B                     OSCTUNE         equ	3995	;# 
  1966   000F9C                     HLVDCON         equ	3996	;# 
  1967   000F9C                     LVDCON          equ	3996	;# 
  1968   000F9D                     PIE1            equ	3997	;# 
  1969   000F9E                     PIR1            equ	3998	;# 
  1970   000F9F                     IPR1            equ	3999	;# 
  1971   000FA0                     PIE2            equ	4000	;# 
  1972   000FA1                     PIR2            equ	4001	;# 
  1973   000FA2                     IPR2            equ	4002	;# 
  1974   000FA3                     PIE3            equ	4003	;# 
  1975   000FA4                     PIR3            equ	4004	;# 
  1976   000FA5                     IPR3            equ	4005	;# 
  1977   000FA6                     EECON1          equ	4006	;# 
  1978   000FA7                     EECON2          equ	4007	;# 
  1979   000FA8                     EEDATA          equ	4008	;# 
  1980   000FA9                     EEADR           equ	4009	;# 
  1981   000FAB                     RCSTA1          equ	4011	;# 
  1982   000FAB                     RCSTA           equ	4011	;# 
  1983   000FAB                     RC1STA          equ	4011	;# 
  1984   000FAC                     TXSTA1          equ	4012	;# 
  1985   000FAC                     TXSTA           equ	4012	;# 
  1986   000FAC                     TX1STA          equ	4012	;# 
  1987   000FAD                     TXREG1          equ	4013	;# 
  1988   000FAD                     TXREG           equ	4013	;# 
  1989   000FAD                     TX1REG          equ	4013	;# 
  1990   000FAE                     RCREG1          equ	4014	;# 
  1991   000FAE                     RCREG           equ	4014	;# 
  1992   000FAE                     RC1REG          equ	4014	;# 
  1993   000FAF                     SPBRG1          equ	4015	;# 
  1994   000FAF                     SPBRG           equ	4015	;# 
  1995   000FAF                     SP1BRG          equ	4015	;# 
  1996   000FB0                     SPBRGH1         equ	4016	;# 
  1997   000FB0                     SPBRGH          equ	4016	;# 
  1998   000FB0                     SP1BRGH         equ	4016	;# 
  1999   000FB1                     T3CON           equ	4017	;# 
  2000   000FB2                     TMR3            equ	4018	;# 
  2001   000FB2                     TMR3L           equ	4018	;# 
  2002   000FB3                     TMR3H           equ	4019	;# 
  2003   000FB4                     T3GCON          equ	4020	;# 
  2004   000FB6                     ECCP1AS         equ	4022	;# 
  2005   000FB6                     ECCPAS          equ	4022	;# 
  2006   000FB7                     PWM1CON         equ	4023	;# 
  2007   000FB7                     PWMCON          equ	4023	;# 
  2008   000FB8                     BAUDCON1        equ	4024	;# 
  2009   000FB8                     BAUDCON         equ	4024	;# 
  2010   000FB8                     BAUDCTL         equ	4024	;# 
  2011   000FB8                     BAUD1CON        equ	4024	;# 
  2012   000FB9                     PSTR1CON        equ	4025	;# 
  2013   000FB9                     PSTRCON         equ	4025	;# 
  2014   000FBA                     T2CON           equ	4026	;# 
  2015   000FBB                     PR2             equ	4027	;# 
  2016   000FBC                     TMR2            equ	4028	;# 
  2017   000FBD                     CCP1CON         equ	4029	;# 
  2018   000FBE                     CCPR1           equ	4030	;# 
  2019   000FBE                     CCPR1L          equ	4030	;# 
  2020   000FBF                     CCPR1H          equ	4031	;# 
  2021   000FC0                     ADCON2          equ	4032	;# 
  2022   000FC1                     ADCON1          equ	4033	;# 
  2023   000FC2                     ADCON0          equ	4034	;# 
  2024   000FC3                     ADRES           equ	4035	;# 
  2025   000FC3                     ADRESL          equ	4035	;# 
  2026   000FC4                     ADRESH          equ	4036	;# 
  2027   000FC5                     SSP1CON2        equ	4037	;# 
  2028   000FC5                     SSPCON2         equ	4037	;# 
  2029   000FC6                     SSP1CON1        equ	4038	;# 
  2030   000FC6                     SSPCON1         equ	4038	;# 
  2031   000FC7                     SSP1STAT        equ	4039	;# 
  2032   000FC7                     SSPSTAT         equ	4039	;# 
  2033   000FC8                     SSP1ADD         equ	4040	;# 
  2034   000FC8                     SSPADD          equ	4040	;# 
  2035   000FC9                     SSP1BUF         equ	4041	;# 
  2036   000FC9                     SSPBUF          equ	4041	;# 
  2037   000FCA                     SSP1MSK         equ	4042	;# 
  2038   000FCA                     SSPMSK          equ	4042	;# 
  2039   000FCB                     SSP1CON3        equ	4043	;# 
  2040   000FCB                     SSPCON3         equ	4043	;# 
  2041   000FCC                     T1GCON          equ	4044	;# 
  2042   000FCD                     T1CON           equ	4045	;# 
  2043   000FCE                     TMR1            equ	4046	;# 
  2044   000FCE                     TMR1L           equ	4046	;# 
  2045   000FCF                     TMR1H           equ	4047	;# 
  2046   000FD0                     RCON            equ	4048	;# 
  2047   000FD1                     WDTCON          equ	4049	;# 
  2048   000FD2                     OSCCON2         equ	4050	;# 
  2049   000FD3                     OSCCON          equ	4051	;# 
  2050   000FD5                     T0CON           equ	4053	;# 
  2051   000FD6                     TMR0            equ	4054	;# 
  2052   000FD6                     TMR0L           equ	4054	;# 
  2053   000FD7                     TMR0H           equ	4055	;# 
  2054   000FD8                     STATUS          equ	4056	;# 
  2055   000FD9                     FSR2            equ	4057	;# 
  2056   000FD9                     FSR2L           equ	4057	;# 
  2057   000FDA                     FSR2H           equ	4058	;# 
  2058   000FDB                     PLUSW2          equ	4059	;# 
  2059   000FDC                     PREINC2         equ	4060	;# 
  2060   000FDD                     POSTDEC2        equ	4061	;# 
  2061   000FDE                     POSTINC2        equ	4062	;# 
  2062   000FDF                     INDF2           equ	4063	;# 
  2063   000FE0                     BSR             equ	4064	;# 
  2064   000FE1                     FSR1            equ	4065	;# 
  2065   000FE1                     FSR1L           equ	4065	;# 
  2066   000FE2                     FSR1H           equ	4066	;# 
  2067   000FE3                     PLUSW1          equ	4067	;# 
  2068   000FE4                     PREINC1         equ	4068	;# 
  2069   000FE5                     POSTDEC1        equ	4069	;# 
  2070   000FE6                     POSTINC1        equ	4070	;# 
  2071   000FE7                     INDF1           equ	4071	;# 
  2072   000FE8                     WREG            equ	4072	;# 
  2073   000FE9                     FSR0            equ	4073	;# 
  2074   000FE9                     FSR0L           equ	4073	;# 
  2075   000FEA                     FSR0H           equ	4074	;# 
  2076   000FEB                     PLUSW0          equ	4075	;# 
  2077   000FEC                     PREINC0         equ	4076	;# 
  2078   000FED                     POSTDEC0        equ	4077	;# 
  2079   000FEE                     POSTINC0        equ	4078	;# 
  2080   000FEF                     INDF0           equ	4079	;# 
  2081   000FF0                     INTCON3         equ	4080	;# 
  2082   000FF1                     INTCON2         equ	4081	;# 
  2083   000FF2                     INTCON          equ	4082	;# 
  2084   000FF3                     PROD            equ	4083	;# 
  2085   000FF3                     PRODL           equ	4083	;# 
  2086   000FF4                     PRODH           equ	4084	;# 
  2087   000FF5                     TABLAT          equ	4085	;# 
  2088   000FF6                     TBLPTR          equ	4086	;# 
  2089   000FF6                     TBLPTRL         equ	4086	;# 
  2090   000FF7                     TBLPTRH         equ	4087	;# 
  2091   000FF8                     TBLPTRU         equ	4088	;# 
  2092   000FF9                     PCLAT           equ	4089	;# 
  2093   000FF9                     PC              equ	4089	;# 
  2094   000FF9                     PCL             equ	4089	;# 
  2095   000FFA                     PCLATH          equ	4090	;# 
  2096   000FFB                     PCLATU          equ	4091	;# 
  2097   000FFC                     STKPTR          equ	4092	;# 
  2098   000FFD                     TOS             equ	4093	;# 
  2099   000FFD                     TOSL            equ	4093	;# 
  2100   000FFE                     TOSH            equ	4094	;# 
  2101   000FFF                     TOSU            equ	4095	;# 
  2102   000F38                     ANSELA          equ	3896	;# 
  2103   000F39                     ANSELB          equ	3897	;# 
  2104   000F3A                     ANSELC          equ	3898	;# 
  2105   000F3D                     PMD2            equ	3901	;# 
  2106   000F3E                     PMD1            equ	3902	;# 
  2107   000F3F                     PMD0            equ	3903	;# 
  2108   000F40                     VREFCON2        equ	3904	;# 
  2109   000F40                     DACCON1         equ	3904	;# 
  2110   000F41                     VREFCON1        equ	3905	;# 
  2111   000F41                     DACCON0         equ	3905	;# 
  2112   000F42                     VREFCON0        equ	3906	;# 
  2113   000F42                     FVRCON          equ	3906	;# 
  2114   000F43                     CTMUICON        equ	3907	;# 
  2115   000F43                     CTMUICONH       equ	3907	;# 
  2116   000F44                     CTMUCONL        equ	3908	;# 
  2117   000F44                     CTMUCON1        equ	3908	;# 
  2118   000F45                     CTMUCONH        equ	3909	;# 
  2119   000F45                     CTMUCON0        equ	3909	;# 
  2120   000F46                     SRCON1          equ	3910	;# 
  2121   000F47                     SRCON0          equ	3911	;# 
  2122   000F48                     CCPTMRS1        equ	3912	;# 
  2123   000F49                     CCPTMRS0        equ	3913	;# 
  2124   000F4A                     T6CON           equ	3914	;# 
  2125   000F4B                     PR6             equ	3915	;# 
  2126   000F4C                     TMR6            equ	3916	;# 
  2127   000F4D                     T5GCON          equ	3917	;# 
  2128   000F4E                     T5CON           equ	3918	;# 
  2129   000F4F                     TMR5            equ	3919	;# 
  2130   000F4F                     TMR5L           equ	3919	;# 
  2131   000F50                     TMR5H           equ	3920	;# 
  2132   000F51                     T4CON           equ	3921	;# 
  2133   000F52                     PR4             equ	3922	;# 
  2134   000F53                     TMR4            equ	3923	;# 
  2135   000F54                     CCP5CON         equ	3924	;# 
  2136   000F55                     CCPR5           equ	3925	;# 
  2137   000F55                     CCPR5L          equ	3925	;# 
  2138   000F56                     CCPR5H          equ	3926	;# 
  2139   000F57                     CCP4CON         equ	3927	;# 
  2140   000F58                     CCPR4           equ	3928	;# 
  2141   000F58                     CCPR4L          equ	3928	;# 
  2142   000F59                     CCPR4H          equ	3929	;# 
  2143   000F5A                     PSTR3CON        equ	3930	;# 
  2144   000F5B                     ECCP3AS         equ	3931	;# 
  2145   000F5B                     CCP3AS          equ	3931	;# 
  2146   000F5C                     PWM3CON         equ	3932	;# 
  2147   000F5D                     CCP3CON         equ	3933	;# 
  2148   000F5E                     CCPR3           equ	3934	;# 
  2149   000F5E                     CCPR3L          equ	3934	;# 
  2150   000F5F                     CCPR3H          equ	3935	;# 
  2151   000F60                     SLRCON          equ	3936	;# 
  2152   000F61                     WPUB            equ	3937	;# 
  2153   000F62                     IOCB            equ	3938	;# 
  2154   000F63                     PSTR2CON        equ	3939	;# 
  2155   000F64                     ECCP2AS         equ	3940	;# 
  2156   000F64                     CCP2AS          equ	3940	;# 
  2157   000F65                     PWM2CON         equ	3941	;# 
  2158   000F66                     CCP2CON         equ	3942	;# 
  2159   000F67                     CCPR2           equ	3943	;# 
  2160   000F67                     CCPR2L          equ	3943	;# 
  2161   000F68                     CCPR2H          equ	3944	;# 
  2162   000F69                     SSP2CON3        equ	3945	;# 
  2163   000F6A                     SSP2MSK         equ	3946	;# 
  2164   000F6B                     SSP2CON2        equ	3947	;# 
  2165   000F6C                     SSP2CON1        equ	3948	;# 
  2166   000F6D                     SSP2STAT        equ	3949	;# 
  2167   000F6E                     SSP2ADD         equ	3950	;# 
  2168   000F6F                     SSP2BUF         equ	3951	;# 
  2169   000F70                     BAUDCON2        equ	3952	;# 
  2170   000F70                     BAUD2CON        equ	3952	;# 
  2171   000F71                     RCSTA2          equ	3953	;# 
  2172   000F71                     RC2STA          equ	3953	;# 
  2173   000F72                     TXSTA2          equ	3954	;# 
  2174   000F72                     TX2STA          equ	3954	;# 
  2175   000F73                     TXREG2          equ	3955	;# 
  2176   000F73                     TX2REG          equ	3955	;# 
  2177   000F74                     RCREG2          equ	3956	;# 
  2178   000F74                     RC2REG          equ	3956	;# 
  2179   000F75                     SPBRG2          equ	3957	;# 
  2180   000F75                     SP2BRG          equ	3957	;# 
  2181   000F76                     SPBRGH2         equ	3958	;# 
  2182   000F76                     SP2BRGH         equ	3958	;# 
  2183   000F77                     CM2CON1         equ	3959	;# 
  2184   000F77                     CM12CON         equ	3959	;# 
  2185   000F78                     CM2CON0         equ	3960	;# 
  2186   000F78                     CM2CON          equ	3960	;# 
  2187   000F79                     CM1CON0         equ	3961	;# 
  2188   000F79                     CM1CON          equ	3961	;# 
  2189   000F7A                     PIE4            equ	3962	;# 
  2190   000F7B                     PIR4            equ	3963	;# 
  2191   000F7C                     IPR4            equ	3964	;# 
  2192   000F7D                     PIE5            equ	3965	;# 
  2193   000F7E                     PIR5            equ	3966	;# 
  2194   000F7F                     IPR5            equ	3967	;# 
  2195   000F80                     PORTA           equ	3968	;# 
  2196   000F81                     PORTB           equ	3969	;# 
  2197   000F82                     PORTC           equ	3970	;# 
  2198   000F84                     PORTE           equ	3972	;# 
  2199   000F89                     LATA            equ	3977	;# 
  2200   000F8A                     LATB            equ	3978	;# 
  2201   000F8B                     LATC            equ	3979	;# 
  2202   000F92                     TRISA           equ	3986	;# 
  2203   000F92                     DDRA            equ	3986	;# 
  2204   000F93                     TRISB           equ	3987	;# 
  2205   000F93                     DDRB            equ	3987	;# 
  2206   000F94                     TRISC           equ	3988	;# 
  2207   000F94                     DDRC            equ	3988	;# 
  2208   000F96                     TRISE           equ	3990	;# 
  2209   000F9B                     OSCTUNE         equ	3995	;# 
  2210   000F9C                     HLVDCON         equ	3996	;# 
  2211   000F9C                     LVDCON          equ	3996	;# 
  2212   000F9D                     PIE1            equ	3997	;# 
  2213   000F9E                     PIR1            equ	3998	;# 
  2214   000F9F                     IPR1            equ	3999	;# 
  2215   000FA0                     PIE2            equ	4000	;# 
  2216   000FA1                     PIR2            equ	4001	;# 
  2217   000FA2                     IPR2            equ	4002	;# 
  2218   000FA3                     PIE3            equ	4003	;# 
  2219   000FA4                     PIR3            equ	4004	;# 
  2220   000FA5                     IPR3            equ	4005	;# 
  2221   000FA6                     EECON1          equ	4006	;# 
  2222   000FA7                     EECON2          equ	4007	;# 
  2223   000FA8                     EEDATA          equ	4008	;# 
  2224   000FA9                     EEADR           equ	4009	;# 
  2225   000FAB                     RCSTA1          equ	4011	;# 
  2226   000FAB                     RCSTA           equ	4011	;# 
  2227   000FAB                     RC1STA          equ	4011	;# 
  2228   000FAC                     TXSTA1          equ	4012	;# 
  2229   000FAC                     TXSTA           equ	4012	;# 
  2230   000FAC                     TX1STA          equ	4012	;# 
  2231   000FAD                     TXREG1          equ	4013	;# 
  2232   000FAD                     TXREG           equ	4013	;# 
  2233   000FAD                     TX1REG          equ	4013	;# 
  2234   000FAE                     RCREG1          equ	4014	;# 
  2235   000FAE                     RCREG           equ	4014	;# 
  2236   000FAE                     RC1REG          equ	4014	;# 
  2237   000FAF                     SPBRG1          equ	4015	;# 
  2238   000FAF                     SPBRG           equ	4015	;# 
  2239   000FAF                     SP1BRG          equ	4015	;# 
  2240   000FB0                     SPBRGH1         equ	4016	;# 
  2241   000FB0                     SPBRGH          equ	4016	;# 
  2242   000FB0                     SP1BRGH         equ	4016	;# 
  2243   000FB1                     T3CON           equ	4017	;# 
  2244   000FB2                     TMR3            equ	4018	;# 
  2245   000FB2                     TMR3L           equ	4018	;# 
  2246   000FB3                     TMR3H           equ	4019	;# 
  2247   000FB4                     T3GCON          equ	4020	;# 
  2248   000FB6                     ECCP1AS         equ	4022	;# 
  2249   000FB6                     ECCPAS          equ	4022	;# 
  2250   000FB7                     PWM1CON         equ	4023	;# 
  2251   000FB7                     PWMCON          equ	4023	;# 
  2252   000FB8                     BAUDCON1        equ	4024	;# 
  2253   000FB8                     BAUDCON         equ	4024	;# 
  2254   000FB8                     BAUDCTL         equ	4024	;# 
  2255   000FB8                     BAUD1CON        equ	4024	;# 
  2256   000FB9                     PSTR1CON        equ	4025	;# 
  2257   000FB9                     PSTRCON         equ	4025	;# 
  2258   000FBA                     T2CON           equ	4026	;# 
  2259   000FBB                     PR2             equ	4027	;# 
  2260   000FBC                     TMR2            equ	4028	;# 
  2261   000FBD                     CCP1CON         equ	4029	;# 
  2262   000FBE                     CCPR1           equ	4030	;# 
  2263   000FBE                     CCPR1L          equ	4030	;# 
  2264   000FBF                     CCPR1H          equ	4031	;# 
  2265   000FC0                     ADCON2          equ	4032	;# 
  2266   000FC1                     ADCON1          equ	4033	;# 
  2267   000FC2                     ADCON0          equ	4034	;# 
  2268   000FC3                     ADRES           equ	4035	;# 
  2269   000FC3                     ADRESL          equ	4035	;# 
  2270   000FC4                     ADRESH          equ	4036	;# 
  2271   000FC5                     SSP1CON2        equ	4037	;# 
  2272   000FC5                     SSPCON2         equ	4037	;# 
  2273   000FC6                     SSP1CON1        equ	4038	;# 
  2274   000FC6                     SSPCON1         equ	4038	;# 
  2275   000FC7                     SSP1STAT        equ	4039	;# 
  2276   000FC7                     SSPSTAT         equ	4039	;# 
  2277   000FC8                     SSP1ADD         equ	4040	;# 
  2278   000FC8                     SSPADD          equ	4040	;# 
  2279   000FC9                     SSP1BUF         equ	4041	;# 
  2280   000FC9                     SSPBUF          equ	4041	;# 
  2281   000FCA                     SSP1MSK         equ	4042	;# 
  2282   000FCA                     SSPMSK          equ	4042	;# 
  2283   000FCB                     SSP1CON3        equ	4043	;# 
  2284   000FCB                     SSPCON3         equ	4043	;# 
  2285   000FCC                     T1GCON          equ	4044	;# 
  2286   000FCD                     T1CON           equ	4045	;# 
  2287   000FCE                     TMR1            equ	4046	;# 
  2288   000FCE                     TMR1L           equ	4046	;# 
  2289   000FCF                     TMR1H           equ	4047	;# 
  2290   000FD0                     RCON            equ	4048	;# 
  2291   000FD1                     WDTCON          equ	4049	;# 
  2292   000FD2                     OSCCON2         equ	4050	;# 
  2293   000FD3                     OSCCON          equ	4051	;# 
  2294   000FD5                     T0CON           equ	4053	;# 
  2295   000FD6                     TMR0            equ	4054	;# 
  2296   000FD6                     TMR0L           equ	4054	;# 
  2297   000FD7                     TMR0H           equ	4055	;# 
  2298   000FD8                     STATUS          equ	4056	;# 
  2299   000FD9                     FSR2            equ	4057	;# 
  2300   000FD9                     FSR2L           equ	4057	;# 
  2301   000FDA                     FSR2H           equ	4058	;# 
  2302   000FDB                     PLUSW2          equ	4059	;# 
  2303   000FDC                     PREINC2         equ	4060	;# 
  2304   000FDD                     POSTDEC2        equ	4061	;# 
  2305   000FDE                     POSTINC2        equ	4062	;# 
  2306   000FDF                     INDF2           equ	4063	;# 
  2307   000FE0                     BSR             equ	4064	;# 
  2308   000FE1                     FSR1            equ	4065	;# 
  2309   000FE1                     FSR1L           equ	4065	;# 
  2310   000FE2                     FSR1H           equ	4066	;# 
  2311   000FE3                     PLUSW1          equ	4067	;# 
  2312   000FE4                     PREINC1         equ	4068	;# 
  2313   000FE5                     POSTDEC1        equ	4069	;# 
  2314   000FE6                     POSTINC1        equ	4070	;# 
  2315   000FE7                     INDF1           equ	4071	;# 
  2316   000FE8                     WREG            equ	4072	;# 
  2317   000FE9                     FSR0            equ	4073	;# 
  2318   000FE9                     FSR0L           equ	4073	;# 
  2319   000FEA                     FSR0H           equ	4074	;# 
  2320   000FEB                     PLUSW0          equ	4075	;# 
  2321   000FEC                     PREINC0         equ	4076	;# 
  2322   000FED                     POSTDEC0        equ	4077	;# 
  2323   000FEE                     POSTINC0        equ	4078	;# 
  2324   000FEF                     INDF0           equ	4079	;# 
  2325   000FF0                     INTCON3         equ	4080	;# 
  2326   000FF1                     INTCON2         equ	4081	;# 
  2327   000FF2                     INTCON          equ	4082	;# 
  2328   000FF3                     PROD            equ	4083	;# 
  2329   000FF3                     PRODL           equ	4083	;# 
  2330   000FF4                     PRODH           equ	4084	;# 
  2331   000FF5                     TABLAT          equ	4085	;# 
  2332   000FF6                     TBLPTR          equ	4086	;# 
  2333   000FF6                     TBLPTRL         equ	4086	;# 
  2334   000FF7                     TBLPTRH         equ	4087	;# 
  2335   000FF8                     TBLPTRU         equ	4088	;# 
  2336   000FF9                     PCLAT           equ	4089	;# 
  2337   000FF9                     PC              equ	4089	;# 
  2338   000FF9                     PCL             equ	4089	;# 
  2339   000FFA                     PCLATH          equ	4090	;# 
  2340   000FFB                     PCLATU          equ	4091	;# 
  2341   000FFC                     STKPTR          equ	4092	;# 
  2342   000FFD                     TOS             equ	4093	;# 
  2343   000FFD                     TOSL            equ	4093	;# 
  2344   000FFE                     TOSH            equ	4094	;# 
  2345   000FFF                     TOSU            equ	4095	;# 
  2346   000F38                     ANSELA          equ	3896	;# 
  2347   000F39                     ANSELB          equ	3897	;# 
  2348   000F3A                     ANSELC          equ	3898	;# 
  2349   000F3D                     PMD2            equ	3901	;# 
  2350   000F3E                     PMD1            equ	3902	;# 
  2351   000F3F                     PMD0            equ	3903	;# 
  2352   000F40                     VREFCON2        equ	3904	;# 
  2353   000F40                     DACCON1         equ	3904	;# 
  2354   000F41                     VREFCON1        equ	3905	;# 
  2355   000F41                     DACCON0         equ	3905	;# 
  2356   000F42                     VREFCON0        equ	3906	;# 
  2357   000F42                     FVRCON          equ	3906	;# 
  2358   000F43                     CTMUICON        equ	3907	;# 
  2359   000F43                     CTMUICONH       equ	3907	;# 
  2360   000F44                     CTMUCONL        equ	3908	;# 
  2361   000F44                     CTMUCON1        equ	3908	;# 
  2362   000F45                     CTMUCONH        equ	3909	;# 
  2363   000F45                     CTMUCON0        equ	3909	;# 
  2364   000F46                     SRCON1          equ	3910	;# 
  2365   000F47                     SRCON0          equ	3911	;# 
  2366   000F48                     CCPTMRS1        equ	3912	;# 
  2367   000F49                     CCPTMRS0        equ	3913	;# 
  2368   000F4A                     T6CON           equ	3914	;# 
  2369   000F4B                     PR6             equ	3915	;# 
  2370   000F4C                     TMR6            equ	3916	;# 
  2371   000F4D                     T5GCON          equ	3917	;# 
  2372   000F4E                     T5CON           equ	3918	;# 
  2373   000F4F                     TMR5            equ	3919	;# 
  2374   000F4F                     TMR5L           equ	3919	;# 
  2375   000F50                     TMR5H           equ	3920	;# 
  2376   000F51                     T4CON           equ	3921	;# 
  2377   000F52                     PR4             equ	3922	;# 
  2378   000F53                     TMR4            equ	3923	;# 
  2379   000F54                     CCP5CON         equ	3924	;# 
  2380   000F55                     CCPR5           equ	3925	;# 
  2381   000F55                     CCPR5L          equ	3925	;# 
  2382   000F56                     CCPR5H          equ	3926	;# 
  2383   000F57                     CCP4CON         equ	3927	;# 
  2384   000F58                     CCPR4           equ	3928	;# 
  2385   000F58                     CCPR4L          equ	3928	;# 
  2386   000F59                     CCPR4H          equ	3929	;# 
  2387   000F5A                     PSTR3CON        equ	3930	;# 
  2388   000F5B                     ECCP3AS         equ	3931	;# 
  2389   000F5B                     CCP3AS          equ	3931	;# 
  2390   000F5C                     PWM3CON         equ	3932	;# 
  2391   000F5D                     CCP3CON         equ	3933	;# 
  2392   000F5E                     CCPR3           equ	3934	;# 
  2393   000F5E                     CCPR3L          equ	3934	;# 
  2394   000F5F                     CCPR3H          equ	3935	;# 
  2395   000F60                     SLRCON          equ	3936	;# 
  2396   000F61                     WPUB            equ	3937	;# 
  2397   000F62                     IOCB            equ	3938	;# 
  2398   000F63                     PSTR2CON        equ	3939	;# 
  2399   000F64                     ECCP2AS         equ	3940	;# 
  2400   000F64                     CCP2AS          equ	3940	;# 
  2401   000F65                     PWM2CON         equ	3941	;# 
  2402   000F66                     CCP2CON         equ	3942	;# 
  2403   000F67                     CCPR2           equ	3943	;# 
  2404   000F67                     CCPR2L          equ	3943	;# 
  2405   000F68                     CCPR2H          equ	3944	;# 
  2406   000F69                     SSP2CON3        equ	3945	;# 
  2407   000F6A                     SSP2MSK         equ	3946	;# 
  2408   000F6B                     SSP2CON2        equ	3947	;# 
  2409   000F6C                     SSP2CON1        equ	3948	;# 
  2410   000F6D                     SSP2STAT        equ	3949	;# 
  2411   000F6E                     SSP2ADD         equ	3950	;# 
  2412   000F6F                     SSP2BUF         equ	3951	;# 
  2413   000F70                     BAUDCON2        equ	3952	;# 
  2414   000F70                     BAUD2CON        equ	3952	;# 
  2415   000F71                     RCSTA2          equ	3953	;# 
  2416   000F71                     RC2STA          equ	3953	;# 
  2417   000F72                     TXSTA2          equ	3954	;# 
  2418   000F72                     TX2STA          equ	3954	;# 
  2419   000F73                     TXREG2          equ	3955	;# 
  2420   000F73                     TX2REG          equ	3955	;# 
  2421   000F74                     RCREG2          equ	3956	;# 
  2422   000F74                     RC2REG          equ	3956	;# 
  2423   000F75                     SPBRG2          equ	3957	;# 
  2424   000F75                     SP2BRG          equ	3957	;# 
  2425   000F76                     SPBRGH2         equ	3958	;# 
  2426   000F76                     SP2BRGH         equ	3958	;# 
  2427   000F77                     CM2CON1         equ	3959	;# 
  2428   000F77                     CM12CON         equ	3959	;# 
  2429   000F78                     CM2CON0         equ	3960	;# 
  2430   000F78                     CM2CON          equ	3960	;# 
  2431   000F79                     CM1CON0         equ	3961	;# 
  2432   000F79                     CM1CON          equ	3961	;# 
  2433   000F7A                     PIE4            equ	3962	;# 
  2434   000F7B                     PIR4            equ	3963	;# 
  2435   000F7C                     IPR4            equ	3964	;# 
  2436   000F7D                     PIE5            equ	3965	;# 
  2437   000F7E                     PIR5            equ	3966	;# 
  2438   000F7F                     IPR5            equ	3967	;# 
  2439   000F80                     PORTA           equ	3968	;# 
  2440   000F81                     PORTB           equ	3969	;# 
  2441   000F82                     PORTC           equ	3970	;# 
  2442   000F84                     PORTE           equ	3972	;# 
  2443   000F89                     LATA            equ	3977	;# 
  2444   000F8A                     LATB            equ	3978	;# 
  2445   000F8B                     LATC            equ	3979	;# 
  2446   000F92                     TRISA           equ	3986	;# 
  2447   000F92                     DDRA            equ	3986	;# 
  2448   000F93                     TRISB           equ	3987	;# 
  2449   000F93                     DDRB            equ	3987	;# 
  2450   000F94                     TRISC           equ	3988	;# 
  2451   000F94                     DDRC            equ	3988	;# 
  2452   000F96                     TRISE           equ	3990	;# 
  2453   000F9B                     OSCTUNE         equ	3995	;# 
  2454   000F9C                     HLVDCON         equ	3996	;# 
  2455   000F9C                     LVDCON          equ	3996	;# 
  2456   000F9D                     PIE1            equ	3997	;# 
  2457   000F9E                     PIR1            equ	3998	;# 
  2458   000F9F                     IPR1            equ	3999	;# 
  2459   000FA0                     PIE2            equ	4000	;# 
  2460   000FA1                     PIR2            equ	4001	;# 
  2461   000FA2                     IPR2            equ	4002	;# 
  2462   000FA3                     PIE3            equ	4003	;# 
  2463   000FA4                     PIR3            equ	4004	;# 
  2464   000FA5                     IPR3            equ	4005	;# 
  2465   000FA6                     EECON1          equ	4006	;# 
  2466   000FA7                     EECON2          equ	4007	;# 
  2467   000FA8                     EEDATA          equ	4008	;# 
  2468   000FA9                     EEADR           equ	4009	;# 
  2469   000FAB                     RCSTA1          equ	4011	;# 
  2470   000FAB                     RCSTA           equ	4011	;# 
  2471   000FAB                     RC1STA          equ	4011	;# 
  2472   000FAC                     TXSTA1          equ	4012	;# 
  2473   000FAC                     TXSTA           equ	4012	;# 
  2474   000FAC                     TX1STA          equ	4012	;# 
  2475   000FAD                     TXREG1          equ	4013	;# 
  2476   000FAD                     TXREG           equ	4013	;# 
  2477   000FAD                     TX1REG          equ	4013	;# 
  2478   000FAE                     RCREG1          equ	4014	;# 
  2479   000FAE                     RCREG           equ	4014	;# 
  2480   000FAE                     RC1REG          equ	4014	;# 
  2481   000FAF                     SPBRG1          equ	4015	;# 
  2482   000FAF                     SPBRG           equ	4015	;# 
  2483   000FAF                     SP1BRG          equ	4015	;# 
  2484   000FB0                     SPBRGH1         equ	4016	;# 
  2485   000FB0                     SPBRGH          equ	4016	;# 
  2486   000FB0                     SP1BRGH         equ	4016	;# 
  2487   000FB1                     T3CON           equ	4017	;# 
  2488   000FB2                     TMR3            equ	4018	;# 
  2489   000FB2                     TMR3L           equ	4018	;# 
  2490   000FB3                     TMR3H           equ	4019	;# 
  2491   000FB4                     T3GCON          equ	4020	;# 
  2492   000FB6                     ECCP1AS         equ	4022	;# 
  2493   000FB6                     ECCPAS          equ	4022	;# 
  2494   000FB7                     PWM1CON         equ	4023	;# 
  2495   000FB7                     PWMCON          equ	4023	;# 
  2496   000FB8                     BAUDCON1        equ	4024	;# 
  2497   000FB8                     BAUDCON         equ	4024	;# 
  2498   000FB8                     BAUDCTL         equ	4024	;# 
  2499   000FB8                     BAUD1CON        equ	4024	;# 
  2500   000FB9                     PSTR1CON        equ	4025	;# 
  2501   000FB9                     PSTRCON         equ	4025	;# 
  2502   000FBA                     T2CON           equ	4026	;# 
  2503   000FBB                     PR2             equ	4027	;# 
  2504   000FBC                     TMR2            equ	4028	;# 
  2505   000FBD                     CCP1CON         equ	4029	;# 
  2506   000FBE                     CCPR1           equ	4030	;# 
  2507   000FBE                     CCPR1L          equ	4030	;# 
  2508   000FBF                     CCPR1H          equ	4031	;# 
  2509   000FC0                     ADCON2          equ	4032	;# 
  2510   000FC1                     ADCON1          equ	4033	;# 
  2511   000FC2                     ADCON0          equ	4034	;# 
  2512   000FC3                     ADRES           equ	4035	;# 
  2513   000FC3                     ADRESL          equ	4035	;# 
  2514   000FC4                     ADRESH          equ	4036	;# 
  2515   000FC5                     SSP1CON2        equ	4037	;# 
  2516   000FC5                     SSPCON2         equ	4037	;# 
  2517   000FC6                     SSP1CON1        equ	4038	;# 
  2518   000FC6                     SSPCON1         equ	4038	;# 
  2519   000FC7                     SSP1STAT        equ	4039	;# 
  2520   000FC7                     SSPSTAT         equ	4039	;# 
  2521   000FC8                     SSP1ADD         equ	4040	;# 
  2522   000FC8                     SSPADD          equ	4040	;# 
  2523   000FC9                     SSP1BUF         equ	4041	;# 
  2524   000FC9                     SSPBUF          equ	4041	;# 
  2525   000FCA                     SSP1MSK         equ	4042	;# 
  2526   000FCA                     SSPMSK          equ	4042	;# 
  2527   000FCB                     SSP1CON3        equ	4043	;# 
  2528   000FCB                     SSPCON3         equ	4043	;# 
  2529   000FCC                     T1GCON          equ	4044	;# 
  2530   000FCD                     T1CON           equ	4045	;# 
  2531   000FCE                     TMR1            equ	4046	;# 
  2532   000FCE                     TMR1L           equ	4046	;# 
  2533   000FCF                     TMR1H           equ	4047	;# 
  2534   000FD0                     RCON            equ	4048	;# 
  2535   000FD1                     WDTCON          equ	4049	;# 
  2536   000FD2                     OSCCON2         equ	4050	;# 
  2537   000FD3                     OSCCON          equ	4051	;# 
  2538   000FD5                     T0CON           equ	4053	;# 
  2539   000FD6                     TMR0            equ	4054	;# 
  2540   000FD6                     TMR0L           equ	4054	;# 
  2541   000FD7                     TMR0H           equ	4055	;# 
  2542   000FD8                     STATUS          equ	4056	;# 
  2543   000FD9                     FSR2            equ	4057	;# 
  2544   000FD9                     FSR2L           equ	4057	;# 
  2545   000FDA                     FSR2H           equ	4058	;# 
  2546   000FDB                     PLUSW2          equ	4059	;# 
  2547   000FDC                     PREINC2         equ	4060	;# 
  2548   000FDD                     POSTDEC2        equ	4061	;# 
  2549   000FDE                     POSTINC2        equ	4062	;# 
  2550   000FDF                     INDF2           equ	4063	;# 
  2551   000FE0                     BSR             equ	4064	;# 
  2552   000FE1                     FSR1            equ	4065	;# 
  2553   000FE1                     FSR1L           equ	4065	;# 
  2554   000FE2                     FSR1H           equ	4066	;# 
  2555   000FE3                     PLUSW1          equ	4067	;# 
  2556   000FE4                     PREINC1         equ	4068	;# 
  2557   000FE5                     POSTDEC1        equ	4069	;# 
  2558   000FE6                     POSTINC1        equ	4070	;# 
  2559   000FE7                     INDF1           equ	4071	;# 
  2560   000FE8                     WREG            equ	4072	;# 
  2561   000FE9                     FSR0            equ	4073	;# 
  2562   000FE9                     FSR0L           equ	4073	;# 
  2563   000FEA                     FSR0H           equ	4074	;# 
  2564   000FEB                     PLUSW0          equ	4075	;# 
  2565   000FEC                     PREINC0         equ	4076	;# 
  2566   000FED                     POSTDEC0        equ	4077	;# 
  2567   000FEE                     POSTINC0        equ	4078	;# 
  2568   000FEF                     INDF0           equ	4079	;# 
  2569   000FF0                     INTCON3         equ	4080	;# 
  2570   000FF1                     INTCON2         equ	4081	;# 
  2571   000FF2                     INTCON          equ	4082	;# 
  2572   000FF3                     PROD            equ	4083	;# 
  2573   000FF3                     PRODL           equ	4083	;# 
  2574   000FF4                     PRODH           equ	4084	;# 
  2575   000FF5                     TABLAT          equ	4085	;# 
  2576   000FF6                     TBLPTR          equ	4086	;# 
  2577   000FF6                     TBLPTRL         equ	4086	;# 
  2578   000FF7                     TBLPTRH         equ	4087	;# 
  2579   000FF8                     TBLPTRU         equ	4088	;# 
  2580   000FF9                     PCLAT           equ	4089	;# 
  2581   000FF9                     PC              equ	4089	;# 
  2582   000FF9                     PCL             equ	4089	;# 
  2583   000FFA                     PCLATH          equ	4090	;# 
  2584   000FFB                     PCLATU          equ	4091	;# 
  2585   000FFC                     STKPTR          equ	4092	;# 
  2586   000FFD                     TOS             equ	4093	;# 
  2587   000FFD                     TOSL            equ	4093	;# 
  2588   000FFE                     TOSH            equ	4094	;# 
  2589   000FFF                     TOSU            equ	4095	;# 
  2590                           
  2591 ;; Function _INT0_DefaultInterruptHandler is unused but had its address taken
  2592   000000                     _INT0_DefaultInterruptHandler equ	0
  2593                           
  2594 ;; Function _INT1_DefaultInterruptHandler is unused but had its address taken
  2595   000000                     _INT1_DefaultInterruptHandler equ	0
  2596                           
  2597 ;; Function _INT2_DefaultInterruptHandler is unused but had its address taken
  2598   000000                     _INT2_DefaultInterruptHandler equ	0
  2599                           
  2600 ;; Function _TMR1_DefaultOverflowCallback is unused but had its address taken
  2601   000000                     _TMR1_DefaultOverflowCallback equ	0
  2602                           
  2603 ;; Function _TMR1_DefaultGateCallback is unused but had its address taken
  2604   000000                     _TMR1_DefaultGateCallback equ	0
  2605                           
  2606 ;; Function _TMR2_DefaultPeriodMatchCallback is unused but had its address taken
  2607   000000                     _TMR2_DefaultPeriodMatchCallback equ	0
  2608                           
  2609 ;; Function _EUSART2_Deinitialize is unused but had its address taken
  2610   000000                     _EUSART2_Deinitialize equ	0
  2611                           
  2612 ;; Function _EUSART2_TransmitEnable is unused but had its address taken
  2613   000000                     _EUSART2_TransmitEnable equ	0
  2614                           
  2615 ;; Function _EUSART2_TransmitDisable is unused but had its address taken
  2616   000000                     _EUSART2_TransmitDisable equ	0
  2617                           
  2618 ;; Function _EUSART2_AutoBaudSet is unused but had its address taken
  2619   000000                     _EUSART2_AutoBaudSet equ	0
  2620                           
  2621 ;; Function _EUSART2_AutoBaudQuery is unused but had its address taken
  2622   000000                     _EUSART2_AutoBaudQuery equ	0
  2623                           
  2624 ;; Function _EUSART2_IsTxReady is unused but had its address taken
  2625   000000                     _EUSART2_IsTxReady equ	0
  2626                           
  2627 ;; Function _EUSART2_IsTxDone is unused but had its address taken
  2628   000000                     _EUSART2_IsTxDone equ	0
  2629                           
  2630 ;; Function _EUSART2_ErrorGet is unused but had its address taken
  2631   000000                     _EUSART2_ErrorGet equ	0
  2632                           
  2633 ;; Function _EUSART2_Write is unused but had its address taken
  2634   000000                     _EUSART2_Write  equ	0
  2635                           
  2636 ;; Function _EUSART2_TxCompleteCallbackRegister is unused but had its address taken
  2637   000000                     _EUSART2_TxCompleteCallbackRegister equ	0
  2638                           
  2639 ;; Function _EUSART1_Deinitialize is unused but had its address taken
  2640   000000                     _EUSART1_Deinitialize equ	0
  2641                           
  2642 ;; Function _EUSART1_TransmitEnable is unused but had its address taken
  2643   000000                     _EUSART1_TransmitEnable equ	0
  2644                           
  2645 ;; Function _EUSART1_TransmitDisable is unused but had its address taken
  2646   000000                     _EUSART1_TransmitDisable equ	0
  2647                           
  2648 ;; Function _EUSART1_AutoBaudSet is unused but had its address taken
  2649   000000                     _EUSART1_AutoBaudSet equ	0
  2650                           
  2651 ;; Function _EUSART1_AutoBaudQuery is unused but had its address taken
  2652   000000                     _EUSART1_AutoBaudQuery equ	0
  2653                           
  2654 ;; Function _EUSART1_IsTxDone is unused but had its address taken
  2655   000000                     _EUSART1_IsTxDone equ	0
  2656                           
  2657 ;; Function _EUSART1_ErrorGet is unused but had its address taken
  2658   000000                     _EUSART1_ErrorGet equ	0
  2659                           
  2660                           	psect	idataCOMRAM
  2661   001730                     __pidataCOMRAM:
  2662                           	callstack 0
  2663                           
  2664                           ;initializer for _baudRateSelected
  2665   001730  01                 	db	1
  2666                           
  2667                           	psect	idataBANK0
  2668   0016D8                     __pidataBANK0:
  2669                           	callstack 0
  2670                           
  2671                           ;initializer for _bitPeriod
  2672   0016D8  D055               	dw	53333
  2673   0016DA  3415               	dw	13333
  2674   0016DC  1A0A               	dw	6666
  2675   0016DE  0D05               	dw	3333
  2676   0016E0  0682               	dw	1666
  2677   0016E2  0341               	dw	833
  2678                           
  2679                           	psect	mediumconst
  2680   007BF6                     __pmediumconst:
  2681                           	callstack 0
  2682   007BF6  00                 	db	0
  2683   007BF7                     _UART1:
  2684                           	callstack 0
  2685   007BF7  D2                 	db	low _EUSART1_Initialize
  2686   007BF8  13                 	db	high _EUSART1_Initialize
  2687   007BF9  00                 	db	0
  2688   007BFA  00                 	db	0
  2689   007BFB  92                 	db	low _EUSART1_Read
  2690   007BFC  11                 	db	high _EUSART1_Read
  2691   007BFD  1A                 	db	low _EUSART1_Write
  2692   007BFE  17                 	db	high _EUSART1_Write
  2693   007BFF  96                 	db	low _EUSART1_IsRxReady
  2694   007C00  16                 	db	high _EUSART1_IsRxReady
  2695   007C01  2A                 	db	low _EUSART1_IsTxReady
  2696   007C02  15                 	db	high _EUSART1_IsTxReady
  2697   007C03  00                 	db	0
  2698   007C04  00                 	db	0
  2699   007C05  00                 	db	0
  2700   007C06  00                 	db	0
  2701   007C07  00                 	db	0
  2702   007C08  00                 	db	0
  2703   007C09  00                 	db	0
  2704   007C0A  00                 	db	0
  2705   007C0B  00                 	db	0
  2706   007C0C  00                 	db	0
  2707   007C0D  00                 	db	0
  2708   007C0E  00                 	db	0
  2709   007C0F  00                 	db	0
  2710   007C10  00                 	db	0
  2711   007C11  00                 	db	0
  2712   007C12  00                 	db	0
  2713   007C13  00                 	db	0
  2714   007C14  00                 	db	0
  2715   007C15  00                 	db	0
  2716   007C16  00                 	db	0
  2717   007C17  00                 	db	0
  2718   007C18  00                 	db	0
  2719   007C19  00                 	db	0
  2720   007C1A  00                 	db	0
  2721   007C1B  00                 	db	0
  2722   007C1C  00                 	db	0
  2723   007C1D  00                 	db	0
  2724   007C1E  00                 	db	0
  2725   007C1F  04                 	db	low _EUSART1_FramingErrorCallbackRegister
  2726   007C20  16                 	db	high _EUSART1_FramingErrorCallbackRegister
  2727   007C21  E8                 	db	low _EUSART1_OverrunErrorCallbackRegister
  2728   007C22  15                 	db	high _EUSART1_OverrunErrorCallbackRegister
  2729   007C23  00                 	db	0
  2730   007C24  00                 	db	0
  2731   007C25  00                 	db	0
  2732   007C26  00                 	db	0
  2733   007C27                     __end_of_UART1:
  2734                           	callstack 0
  2735   007C27                     _UART2:
  2736                           	callstack 0
  2737   007C27  78                 	db	low _EUSART2_Initialize
  2738   007C28  12                 	db	high _EUSART2_Initialize
  2739   007C29  00                 	db	0
  2740   007C2A  00                 	db	0
  2741   007C2B  00                 	db	low _EUSART2_Read
  2742   007C2C  15                 	db	high _EUSART2_Read
  2743   007C2D  00                 	db	0
  2744   007C2E  00                 	db	0
  2745   007C2F  6C                 	db	low _EUSART2_IsRxReady
  2746   007C30  16                 	db	high _EUSART2_IsRxReady
  2747   007C31  00                 	db	0
  2748   007C32  00                 	db	0
  2749   007C33  00                 	db	0
  2750   007C34  00                 	db	0
  2751   007C35  00                 	db	0
  2752   007C36  00                 	db	0
  2753   007C37  00                 	db	0
  2754   007C38  00                 	db	0
  2755   007C39  00                 	db	0
  2756   007C3A  00                 	db	0
  2757   007C3B  00                 	db	0
  2758   007C3C  00                 	db	0
  2759   007C3D  00                 	db	0
  2760   007C3E  00                 	db	0
  2761   007C3F  00                 	db	0
  2762   007C40  00                 	db	0
  2763   007C41  00                 	db	0
  2764   007C42  00                 	db	0
  2765   007C43  00                 	db	0
  2766   007C44  00                 	db	0
  2767   007C45  00                 	db	0
  2768   007C46  00                 	db	0
  2769   007C47  00                 	db	0
  2770   007C48  00                 	db	0
  2771   007C49  00                 	db	0
  2772   007C4A  00                 	db	0
  2773   007C4B  20                 	db	low _EUSART2_RxCompleteCallbackRegister
  2774   007C4C  16                 	db	high _EUSART2_RxCompleteCallbackRegister
  2775   007C4D  00                 	db	0
  2776   007C4E  00                 	db	0
  2777   007C4F  CC                 	db	low _EUSART2_FramingErrorCallbackRegister
  2778   007C50  15                 	db	high _EUSART2_FramingErrorCallbackRegister
  2779   007C51  B0                 	db	low _EUSART2_OverrunErrorCallbackRegister
  2780   007C52  15                 	db	high _EUSART2_OverrunErrorCallbackRegister
  2781   007C53  00                 	db	0
  2782   007C54  00                 	db	0
  2783   007C55  00                 	db	0
  2784   007C56  00                 	db	0
  2785   007C57                     __end_of_UART2:
  2786                           	callstack 0
  2787   007C57                     STR_21:
  2788   007C57  70                 	db	112	;'p'
  2789   007C58  3A                 	db	58	;':'
  2790   007C59  20                 	db	32
  2791   007C5A  73                 	db	115	;'s'
  2792   007C5B  65                 	db	101	;'e'
  2793   007C5C  6E                 	db	110	;'n'
  2794   007C5D  64                 	db	100	;'d'
  2795   007C5E  20                 	db	32
  2796   007C5F  31                 	db	49	;'1'
  2797   007C60  20                 	db	32
  2798   007C61  70                 	db	112	;'p'
  2799   007C62  75                 	db	117	;'u'
  2800   007C63  6C                 	db	108	;'l'
  2801   007C64  73                 	db	115	;'s'
  2802   007C65  65                 	db	101	;'e'
  2803   007C66  20                 	db	32
  2804   007C67  6F                 	db	111	;'o'
  2805   007C68  66                 	db	102	;'f'
  2806   007C69  20                 	db	32
  2807   007C6A  33                 	db	51	;'3'
  2808   007C6B  38                 	db	56	;'8'
  2809   007C6C  6B                 	db	107	;'k'
  2810   007C6D  48                 	db	72	;'H'
  2811   007C6E  7A                 	db	122	;'z'
  2812   007C6F  20                 	db	32
  2813   007C70  49                 	db	73	;'I'
  2814   007C71  52                 	db	82	;'R'
  2815   007C72  20                 	db	32
  2816   007C73  69                 	db	105	;'i'
  2817   007C74  6C                 	db	108	;'l'
  2818   007C75  6C                 	db	108	;'l'
  2819   007C76  75                 	db	117	;'u'
  2820   007C77  6D                 	db	109	;'m'
  2821   007C78  69                 	db	105	;'i'
  2822   007C79  6E                 	db	110	;'n'
  2823   007C7A  61                 	db	97	;'a'
  2824   007C7B  74                 	db	116	;'t'
  2825   007C7C  69                 	db	105	;'i'
  2826   007C7D  6F                 	db	111	;'o'
  2827   007C7E  6E                 	db	110	;'n'
  2828   007C7F  20                 	db	32
  2829   007C80  77                 	db	119	;'w'
  2830   007C81  69                 	db	105	;'i'
  2831   007C82  74                 	db	116	;'t'
  2832   007C83  68                 	db	104	;'h'
  2833   007C84  20                 	db	32
  2834   007C85  61                 	db	97	;'a'
  2835   007C86  20                 	db	32
  2836   007C87  64                 	db	100	;'d'
  2837   007C88  75                 	db	117	;'u'
  2838   007C89  72                 	db	114	;'r'
  2839   007C8A  61                 	db	97	;'a'
  2840   007C8B  74                 	db	116	;'t'
  2841   007C8C  69                 	db	105	;'i'
  2842   007C8D  6F                 	db	111	;'o'
  2843   007C8E  6E                 	db	110	;'n'
  2844   007C8F  20                 	db	32
  2845   007C90  6F                 	db	111	;'o'
  2846   007C91  66                 	db	102	;'f'
  2847   007C92  20                 	db	32
  2848   007C93  25                 	db	37
  2849   007C94  64                 	db	100	;'d'
  2850   007C95  20                 	db	32
  2851   007C96  31                 	db	49	;'1'
  2852   007C97  3A                 	db	58	;':'
  2853   007C98  31                 	db	49	;'1'
  2854   007C99  20                 	db	32
  2855   007C9A  70                 	db	112	;'p'
  2856   007C9B  72                 	db	114	;'r'
  2857   007C9C  65                 	db	101	;'e'
  2858   007C9D  73                 	db	115	;'s'
  2859   007C9E  63                 	db	99	;'c'
  2860   007C9F  61                 	db	97	;'a'
  2861   007CA0  6C                 	db	108	;'l'
  2862   007CA1  65                 	db	101	;'e'
  2863   007CA2  64                 	db	100	;'d'
  2864   007CA3  20                 	db	32
  2865   007CA4  54                 	db	84	;'T'
  2866   007CA5  4D                 	db	77	;'M'
  2867   007CA6  52                 	db	82	;'R'
  2868   007CA7  31                 	db	49	;'1'
  2869   007CA8  20                 	db	32
  2870   007CA9  63                 	db	99	;'c'
  2871   007CAA  6F                 	db	111	;'o'
  2872   007CAB  75                 	db	117	;'u'
  2873   007CAC  6E                 	db	110	;'n'
  2874   007CAD  74                 	db	116	;'t'
  2875   007CAE  73                 	db	115	;'s'
  2876   007CAF  0D                 	db	13
  2877   007CB0  0A                 	db	10
  2878   007CB1  00                 	db	0
  2879   007CB2                     STR_4:
  2880   007CB2  49                 	db	73	;'I'
  2881   007CB3  6E                 	db	110	;'n'
  2882   007CB4  73                 	db	115	;'s'
  2883   007CB5  74                 	db	116	;'t'
  2884   007CB6  61                 	db	97	;'a'
  2885   007CB7  6C                 	db	108	;'l'
  2886   007CB8  6C                 	db	108	;'l'
  2887   007CB9  20                 	db	32
  2888   007CBA  61                 	db	97	;'a'
  2889   007CBB  20                 	db	32
  2890   007CBC  6A                 	db	106	;'j'
  2891   007CBD  75                 	db	117	;'u'
  2892   007CBE  6D                 	db	109	;'m'
  2893   007CBF  70                 	db	112	;'p'
  2894   007CC0  65                 	db	101	;'e'
  2895   007CC1  72                 	db	114	;'r'
  2896   007CC2  20                 	db	32
  2897   007CC3  77                 	db	119	;'w'
  2898   007CC4  69                 	db	105	;'i'
  2899   007CC5  72                 	db	114	;'r'
  2900   007CC6  65                 	db	101	;'e'
  2901   007CC7  20                 	db	32
  2902   007CC8  66                 	db	102	;'f'
  2903   007CC9  72                 	db	114	;'r'
  2904   007CCA  6F                 	db	111	;'o'
  2905   007CCB  6D                 	db	109	;'m'
  2906   007CCC  20                 	db	32
  2907   007CCD  52                 	db	82	;'R'
  2908   007CCE  43                 	db	67	;'C'
  2909   007CCF  30                 	db	48	;'0'
  2910   007CD0  20                 	db	32
  2911   007CD1  74                 	db	116	;'t'
  2912   007CD2  6F                 	db	111	;'o'
  2913   007CD3  20                 	db	32
  2914   007CD4  52                 	db	82	;'R'
  2915   007CD5  42                 	db	66	;'B'
  2916   007CD6  37                 	db	55	;'7'
  2917   007CD7  20                 	db	32
  2918   007CD8  4F                 	db	79	;'O'
  2919   007CD9  4E                 	db	78	;'N'
  2920   007CDA  4C                 	db	76	;'L'
  2921   007CDB  59                 	db	89	;'Y'
  2922   007CDC  20                 	db	32
  2923   007CDD  41                 	db	65	;'A'
  2924   007CDE  46                 	db	70	;'F'
  2925   007CDF  54                 	db	84	;'T'
  2926   007CE0  45                 	db	69	;'E'
  2927   007CE1  52                 	db	82	;'R'
  2928   007CE2  20                 	db	32
  2929   007CE3  75                 	db	117	;'u'
  2930   007CE4  6E                 	db	110	;'n'
  2931   007CE5  70                 	db	112	;'p'
  2932   007CE6  6C                 	db	108	;'l'
  2933   007CE7  75                 	db	117	;'u'
  2934   007CE8  67                 	db	103	;'g'
  2935   007CE9  67                 	db	103	;'g'
  2936   007CEA  69                 	db	105	;'i'
  2937   007CEB  6E                 	db	110	;'n'
  2938   007CEC  67                 	db	103	;'g'
  2939   007CED  20                 	db	32
  2940   007CEE  50                 	db	80	;'P'
  2941   007CEF  49                 	db	73	;'I'
  2942   007CF0  43                 	db	67	;'C'
  2943   007CF1  4B                 	db	75	;'K'
  2944   007CF2  69                 	db	105	;'i'
  2945   007CF3  74                 	db	116	;'t'
  2946   007CF4  33                 	db	51	;'3'
  2947   007CF5  0D                 	db	13
  2948   007CF6  0A                 	db	10
  2949   007CF7  00                 	db	0
  2950   007CF8                     STR_7:
  2951   007CF8  2D                 	db	45
  2952   007CF9  2D                 	db	45
  2953   007CFA  2D                 	db	45
  2954   007CFB  2D                 	db	45
  2955   007CFC  2D                 	db	45
  2956   007CFD  2D                 	db	45
  2957   007CFE  2D                 	db	45
  2958   007CFF  2D                 	db	45
  2959   007D00  2D                 	db	45
  2960   007D01  2D                 	db	45
  2961   007D02  2D                 	db	45
  2962   007D03  2D                 	db	45
  2963   007D04  2D                 	db	45
  2964   007D05  2D                 	db	45
  2965   007D06  2D                 	db	45
  2966   007D07  2D                 	db	45
  2967   007D08  2D                 	db	45
  2968   007D09  2D                 	db	45
  2969   007D0A  2D                 	db	45
  2970   007D0B  2D                 	db	45
  2971   007D0C  2D                 	db	45
  2972   007D0D  2D                 	db	45
  2973   007D0E  2D                 	db	45
  2974   007D0F  2D                 	db	45
  2975   007D10  2D                 	db	45
  2976   007D11  2D                 	db	45
  2977   007D12  2D                 	db	45
  2978   007D13  2D                 	db	45
  2979   007D14  2D                 	db	45
  2980   007D15  2D                 	db	45
  2981   007D16  2D                 	db	45
  2982   007D17  2D                 	db	45
  2983   007D18  2D                 	db	45
  2984   007D19  2D                 	db	45
  2985   007D1A  2D                 	db	45
  2986   007D1B  2D                 	db	45
  2987   007D1C  2D                 	db	45
  2988   007D1D  2D                 	db	45
  2989   007D1E  2D                 	db	45
  2990   007D1F  2D                 	db	45
  2991   007D20  2D                 	db	45
  2992   007D21  2D                 	db	45
  2993   007D22  2D                 	db	45
  2994   007D23  2D                 	db	45
  2995   007D24  2D                 	db	45
  2996   007D25  2D                 	db	45
  2997   007D26  2D                 	db	45
  2998   007D27  2D                 	db	45
  2999   007D28  2D                 	db	45
  3000   007D29  0D                 	db	13
  3001   007D2A  0A                 	db	10
  3002   007D2B  00                 	db	0
  3003   007D2C                     STR_20:
  3004   007D2C  62                 	db	98	;'b'
  3005   007D2D  3A                 	db	58	;':'
  3006   007D2E  20                 	db	32
  3007   007D2F  73                 	db	115	;'s'
  3008   007D30  65                 	db	101	;'e'
  3009   007D31  74                 	db	116	;'t'
  3010   007D32  20                 	db	32
  3011   007D33  74                 	db	116	;'t'
  3012   007D34  68                 	db	104	;'h'
  3013   007D35  65                 	db	101	;'e'
  3014   007D36  20                 	db	32
  3015   007D37  42                 	db	66	;'B'
  3016   007D38  61                 	db	97	;'a'
  3017   007D39  75                 	db	117	;'u'
  3018   007D3A  64                 	db	100	;'d'
  3019   007D3B  20                 	db	32
  3020   007D3C  72                 	db	114	;'r'
  3021   007D3D  61                 	db	97	;'a'
  3022   007D3E  74                 	db	116	;'t'
  3023   007D3F  65                 	db	101	;'e'
  3024   007D40  20                 	db	32
  3025   007D41  6F                 	db	111	;'o'
  3026   007D42  66                 	db	102	;'f'
  3027   007D43  20                 	db	32
  3028   007D44  74                 	db	116	;'t'
  3029   007D45  68                 	db	104	;'h'
  3030   007D46  65                 	db	101	;'e'
  3031   007D47  20                 	db	32
  3032   007D48  73                 	db	115	;'s'
  3033   007D49  65                 	db	101	;'e'
  3034   007D4A  6E                 	db	110	;'n'
  3035   007D4B  74                 	db	116	;'t'
  3036   007D4C  20                 	db	32
  3037   007D4D  63                 	db	99	;'c'
  3038   007D4E  68                 	db	104	;'h'
  3039   007D4F  61                 	db	97	;'a'
  3040   007D50  72                 	db	114	;'r'
  3041   007D51  61                 	db	97	;'a'
  3042   007D52  63                 	db	99	;'c'
  3043   007D53  74                 	db	116	;'t'
  3044   007D54  65                 	db	101	;'e'
  3045   007D55  72                 	db	114	;'r'
  3046   007D56  73                 	db	115	;'s'
  3047   007D57  0D                 	db	13
  3048   007D58  0A                 	db	10
  3049   007D59  00                 	db	0
  3050   007D5A                     STR_29:
  3051   007D5A  43                 	db	67	;'C'
  3052   007D5B  68                 	db	104	;'h'
  3053   007D5C  6F                 	db	111	;'o'
  3054   007D5D  6F                 	db	111	;'o'
  3055   007D5E  73                 	db	115	;'s'
  3056   007D5F  65                 	db	101	;'e'
  3057   007D60  20                 	db	32
  3058   007D61  74                 	db	116	;'t'
  3059   007D62  68                 	db	104	;'h'
  3060   007D63  65                 	db	101	;'e'
  3061   007D64  20                 	db	32
  3062   007D65  69                 	db	105	;'i'
  3063   007D66  6E                 	db	110	;'n'
  3064   007D67  64                 	db	100	;'d'
  3065   007D68  65                 	db	101	;'e'
  3066   007D69  78                 	db	120	;'x'
  3067   007D6A  20                 	db	32
  3068   007D6B  6F                 	db	111	;'o'
  3069   007D6C  66                 	db	102	;'f'
  3070   007D6D  20                 	db	32
  3071   007D6E  74                 	db	116	;'t'
  3072   007D6F  68                 	db	104	;'h'
  3073   007D70  65                 	db	101	;'e'
  3074   007D71  20                 	db	32
  3075   007D72  74                 	db	116	;'t'
  3076   007D73  61                 	db	97	;'a'
  3077   007D74  72                 	db	114	;'r'
  3078   007D75  67                 	db	103	;'g'
  3079   007D76  65                 	db	101	;'e'
  3080   007D77  74                 	db	116	;'t'
  3081   007D78  20                 	db	32
  3082   007D79  62                 	db	98	;'b'
  3083   007D7A  61                 	db	97	;'a'
  3084   007D7B  75                 	db	117	;'u'
  3085   007D7C  64                 	db	100	;'d'
  3086   007D7D  20                 	db	32
  3087   007D7E  72                 	db	114	;'r'
  3088   007D7F  61                 	db	97	;'a'
  3089   007D80  74                 	db	116	;'t'
  3090   007D81  65                 	db	101	;'e'
  3091   007D82  0D                 	db	13
  3092   007D83  0A                 	db	10
  3093   007D84  00                 	db	0
  3094   007D85                     STR_5:
  3095   007D85  49                 	db	73	;'I'
  3096   007D86  6E                 	db	110	;'n'
  3097   007D87  73                 	db	115	;'s'
  3098   007D88  74                 	db	116	;'t'
  3099   007D89  61                 	db	97	;'a'
  3100   007D8A  6C                 	db	108	;'l'
  3101   007D8B  6C                 	db	108	;'l'
  3102   007D8C  20                 	db	32
  3103   007D8D  61                 	db	97	;'a'
  3104   007D8E  20                 	db	32
  3105   007D8F  6A                 	db	106	;'j'
  3106   007D90  75                 	db	117	;'u'
  3107   007D91  6D                 	db	109	;'m'
  3108   007D92  70                 	db	112	;'p'
  3109   007D93  65                 	db	101	;'e'
  3110   007D94  72                 	db	114	;'r'
  3111   007D95  20                 	db	32
  3112   007D96  6F                 	db	111	;'o'
  3113   007D97  76                 	db	118	;'v'
  3114   007D98  65                 	db	101	;'e'
  3115   007D99  72                 	db	114	;'r'
  3116   007D9A  20                 	db	32
  3117   007D9B  49                 	db	73	;'I'
  3118   007D9C  52                 	db	82	;'R'
  3119   007D9D  5F                 	db	95	;'_'
  3120   007D9E  54                 	db	84	;'T'
  3121   007D9F  58                 	db	88	;'X'
  3122   007DA0  20                 	db	32
  3123   007DA1  68                 	db	104	;'h'
  3124   007DA2  65                 	db	101	;'e'
  3125   007DA3  61                 	db	97	;'a'
  3126   007DA4  64                 	db	100	;'d'
  3127   007DA5  65                 	db	101	;'e'
  3128   007DA6  72                 	db	114	;'r'
  3129   007DA7  20                 	db	32
  3130   007DA8  70                 	db	112	;'p'
  3131   007DA9  69                 	db	105	;'i'
  3132   007DAA  6E                 	db	110	;'n'
  3133   007DAB  73                 	db	115	;'s'
  3134   007DAC  0D                 	db	13
  3135   007DAD  0A                 	db	10
  3136   007DAE  00                 	db	0
  3137   007DAF                     STR_23:
  3138   007DAF  52                 	db	82	;'R'
  3139   007DB0  3A                 	db	58	;':'
  3140   007DB1  20                 	db	32
  3141   007DB2  75                 	db	117	;'u'
  3142   007DB3  73                 	db	115	;'s'
  3143   007DB4  65                 	db	101	;'e'
  3144   007DB5  20                 	db	32
  3145   007DB6  45                 	db	69	;'E'
  3146   007DB7  55                 	db	85	;'U'
  3147   007DB8  53                 	db	83	;'S'
  3148   007DB9  41                 	db	65	;'A'
  3149   007DBA  52                 	db	82	;'R'
  3150   007DBB  54                 	db	84	;'T'
  3151   007DBC  32                 	db	50	;'2'
  3152   007DBD  20                 	db	32
  3153   007DBE  74                 	db	116	;'t'
  3154   007DBF  6F                 	db	111	;'o'
  3155   007DC0  20                 	db	32
  3156   007DC1  64                 	db	100	;'d'
  3157   007DC2  65                 	db	101	;'e'
  3158   007DC3  63                 	db	99	;'c'
  3159   007DC4  6F                 	db	111	;'o'
  3160   007DC5  64                 	db	100	;'d'
  3161   007DC6  65                 	db	101	;'e'
  3162   007DC7  20                 	db	32
  3163   007DC8  63                 	db	99	;'c'
  3164   007DC9  68                 	db	104	;'h'
  3165   007DCA  61                 	db	97	;'a'
  3166   007DCB  72                 	db	114	;'r'
  3167   007DCC  61                 	db	97	;'a'
  3168   007DCD  63                 	db	99	;'c'
  3169   007DCE  74                 	db	116	;'t'
  3170   007DCF  65                 	db	101	;'e'
  3171   007DD0  72                 	db	114	;'r'
  3172   007DD1  0D                 	db	13
  3173   007DD2  0A                 	db	10
  3174   007DD3  00                 	db	0
  3175   007DD4                     STR_22:
  3176   007DD4  53                 	db	83	;'S'
  3177   007DD5  3A                 	db	58	;':'
  3178   007DD6  20                 	db	32
  3179   007DD7  53                 	db	83	;'S'
  3180   007DD8  65                 	db	101	;'e'
  3181   007DD9  6E                 	db	110	;'n'
  3182   007DDA  64                 	db	100	;'d'
  3183   007DDB  20                 	db	32
  3184   007DDC  25                 	db	37
  3185   007DDD  63                 	db	99	;'c'
  3186   007DDE  20                 	db	32
  3187   007DDF  75                 	db	117	;'u'
  3188   007DE0  73                 	db	115	;'s'
  3189   007DE1  69                 	db	105	;'i'
  3190   007DE2  6E                 	db	110	;'n'
  3191   007DE3  67                 	db	103	;'g'
  3192   007DE4  20                 	db	32
  3193   007DE5  49                 	db	73	;'I'
  3194   007DE6  52                 	db	82	;'R'
  3195   007DE7  20                 	db	32
  3196   007DE8  74                 	db	116	;'t'
  3197   007DE9  72                 	db	114	;'r'
  3198   007DEA  61                 	db	97	;'a'
  3199   007DEB  6E                 	db	110	;'n'
  3200   007DEC  73                 	db	115	;'s'
  3201   007DED  6D                 	db	109	;'m'
  3202   007DEE  69                 	db	105	;'i'
  3203   007DEF  74                 	db	116	;'t'
  3204   007DF0  74                 	db	116	;'t'
  3205   007DF1  65                 	db	101	;'e'
  3206   007DF2  72                 	db	114	;'r'
  3207   007DF3  0D                 	db	13
  3208   007DF4  0A                 	db	10
  3209   007DF5  00                 	db	0
  3210   007DF6                     STR_2:
  3211   007DF6  52                 	db	82	;'R'
  3212   007DF7  65                 	db	101	;'e'
  3213   007DF8  63                 	db	99	;'c'
  3214   007DF9  65                 	db	101	;'e'
  3215   007DFA  69                 	db	105	;'i'
  3216   007DFB  76                 	db	118	;'v'
  3217   007DFC  65                 	db	101	;'e'
  3218   007DFD  20                 	db	32
  3219   007DFE  61                 	db	97	;'a'
  3220   007DFF  6E                 	db	110	;'n'
  3221   007E00  64                 	db	100	;'d'
  3222   007E01  20                 	db	32
  3223   007E02  64                 	db	100	;'d'
  3224   007E03  65                 	db	101	;'e'
  3225   007E04  63                 	db	99	;'c'
  3226   007E05  6F                 	db	111	;'o'
  3227   007E06  64                 	db	100	;'d'
  3228   007E07  65                 	db	101	;'e'
  3229   007E08  20                 	db	32
  3230   007E09  61                 	db	97	;'a'
  3231   007E0A  6E                 	db	110	;'n'
  3232   007E0B  20                 	db	32
  3233   007E0C  49                 	db	73	;'I'
  3234   007E0D  52                 	db	82	;'R'
  3235   007E0E  20                 	db	32
  3236   007E0F  70                 	db	112	;'p'
  3237   007E10  61                 	db	97	;'a'
  3238   007E11  63                 	db	99	;'c'
  3239   007E12  6B                 	db	107	;'k'
  3240   007E13  65                 	db	101	;'e'
  3241   007E14  74                 	db	116	;'t'
  3242   007E15  0D                 	db	13
  3243   007E16  0A                 	db	10
  3244   007E17  00                 	db	0
  3245   007E18                     STR_40:
  3246   007E18  4E                 	db	78	;'N'
  3247   007E19  6F                 	db	111	;'o'
  3248   007E1A  74                 	db	116	;'t'
  3249   007E1B  68                 	db	104	;'h'
  3250   007E1C  69                 	db	105	;'i'
  3251   007E1D  6E                 	db	110	;'n'
  3252   007E1E  67                 	db	103	;'g'
  3253   007E1F  20                 	db	32
  3254   007E20  72                 	db	114	;'r'
  3255   007E21  65                 	db	101	;'e'
  3256   007E22  63                 	db	99	;'c'
  3257   007E23  65                 	db	101	;'e'
  3258   007E24  69                 	db	105	;'i'
  3259   007E25  76                 	db	118	;'v'
  3260   007E26  65                 	db	101	;'e'
  3261   007E27  64                 	db	100	;'d'
  3262   007E28  20                 	db	32
  3263   007E29  66                 	db	102	;'f'
  3264   007E2A  72                 	db	114	;'r'
  3265   007E2B  6F                 	db	111	;'o'
  3266   007E2C  6D                 	db	109	;'m'
  3267   007E2D  20                 	db	32
  3268   007E2E  45                 	db	69	;'E'
  3269   007E2F  55                 	db	85	;'U'
  3270   007E30  53                 	db	83	;'S'
  3271   007E31  41                 	db	65	;'A'
  3272   007E32  52                 	db	82	;'R'
  3273   007E33  54                 	db	84	;'T'
  3274   007E34  32                 	db	50	;'2'
  3275   007E35  0D                 	db	13
  3276   007E36  0A                 	db	10
  3277   007E37  00                 	db	0
  3278   007E38                     STR_39:
  3279   007E38  4A                 	db	74	;'J'
  3280   007E39  75                 	db	117	;'u'
  3281   007E3A  73                 	db	115	;'s'
  3282   007E3B  74                 	db	116	;'t'
  3283   007E3C  20                 	db	32
  3284   007E3D  72                 	db	114	;'r'
  3285   007E3E  65                 	db	101	;'e'
  3286   007E3F  61                 	db	97	;'a'
  3287   007E40  64                 	db	100	;'d'
  3288   007E41  20                 	db	32
  3289   007E42  69                 	db	105	;'i'
  3290   007E43  6E                 	db	110	;'n'
  3291   007E44  20                 	db	32
  3292   007E45  25                 	db	37
  3293   007E46  63                 	db	99	;'c'
  3294   007E47  20                 	db	32
  3295   007E48  66                 	db	102	;'f'
  3296   007E49  72                 	db	114	;'r'
  3297   007E4A  6F                 	db	111	;'o'
  3298   007E4B  6D                 	db	109	;'m'
  3299   007E4C  20                 	db	32
  3300   007E4D  45                 	db	69	;'E'
  3301   007E4E  55                 	db	85	;'U'
  3302   007E4F  53                 	db	83	;'S'
  3303   007E50  41                 	db	65	;'A'
  3304   007E51  52                 	db	82	;'R'
  3305   007E52  54                 	db	84	;'T'
  3306   007E53  32                 	db	50	;'2'
  3307   007E54  0D                 	db	13
  3308   007E55  0A                 	db	10
  3309   007E56  00                 	db	0
  3310   007E57                     STR_36:
  3311   007E57  42                 	db	66	;'B'
  3312   007E58  61                 	db	97	;'a'
  3313   007E59  75                 	db	117	;'u'
  3314   007E5A  64                 	db	100	;'d'
  3315   007E5B  20                 	db	32
  3316   007E5C  72                 	db	114	;'r'
  3317   007E5D  61                 	db	97	;'a'
  3318   007E5E  74                 	db	116	;'t'
  3319   007E5F  65                 	db	101	;'e'
  3320   007E60  20                 	db	32
  3321   007E61  61                 	db	97	;'a'
  3322   007E62  73                 	db	115	;'s'
  3323   007E63  73                 	db	115	;'s'
  3324   007E64  69                 	db	105	;'i'
  3325   007E65  67                 	db	103	;'g'
  3326   007E66  6E                 	db	110	;'n'
  3327   007E67  65                 	db	101	;'e'
  3328   007E68  64                 	db	100	;'d'
  3329   007E69  20                 	db	32
  3330   007E6A  25                 	db	37
  3331   007E6B  30                 	db	48	;'0'
  3332   007E6C  32                 	db	50	;'2'
  3333   007E6D  78                 	db	120	;'x'
  3334   007E6E  3A                 	db	58	;':'
  3335   007E6F  25                 	db	37
  3336   007E70  30                 	db	48	;'0'
  3337   007E71  32                 	db	50	;'2'
  3338   007E72  78                 	db	120	;'x'
  3339   007E73  0D                 	db	13
  3340   007E74  0A                 	db	10
  3341   007E75  00                 	db	0
  3342   007E76                     STR_19:
  3343   007E76  7A                 	db	122	;'z'
  3344   007E77  3A                 	db	58	;':'
  3345   007E78  20                 	db	32
  3346   007E79  43                 	db	67	;'C'
  3347   007E7A  6C                 	db	108	;'l'
  3348   007E7B  65                 	db	101	;'e'
  3349   007E7C  61                 	db	97	;'a'
  3350   007E7D  72                 	db	114	;'r'
  3351   007E7E  20                 	db	32
  3352   007E7F  74                 	db	116	;'t'
  3353   007E80  68                 	db	104	;'h'
  3354   007E81  65                 	db	101	;'e'
  3355   007E82  20                 	db	32
  3356   007E83  74                 	db	116	;'t'
  3357   007E84  65                 	db	101	;'e'
  3358   007E85  72                 	db	114	;'r'
  3359   007E86  6D                 	db	109	;'m'
  3360   007E87  69                 	db	105	;'i'
  3361   007E88  6E                 	db	110	;'n'
  3362   007E89  61                 	db	97	;'a'
  3363   007E8A  6C                 	db	108	;'l'
  3364   007E8B  0D                 	db	13
  3365   007E8C  0A                 	db	10
  3366   007E8D  00                 	db	0
  3367   007E8E                     STR_3:
  3368   007E8E  44                 	db	68	;'D'
  3369   007E8F  65                 	db	101	;'e'
  3370   007E90  76                 	db	118	;'v'
  3371   007E91  27                 	db	39
  3372   007E92  32                 	db	50	;'2'
  3373   007E93  31                 	db	49	;'1'
  3374   007E94  20                 	db	32
  3375   007E95  42                 	db	66	;'B'
  3376   007E96  6F                 	db	111	;'o'
  3377   007E97  61                 	db	97	;'a'
  3378   007E98  72                 	db	114	;'r'
  3379   007E99  64                 	db	100	;'d'
  3380   007E9A  20                 	db	32
  3381   007E9B  77                 	db	119	;'w'
  3382   007E9C  69                 	db	105	;'i'
  3383   007E9D  72                 	db	114	;'r'
  3384   007E9E  69                 	db	105	;'i'
  3385   007E9F  6E                 	db	110	;'n'
  3386   007EA0  67                 	db	103	;'g'
  3387   007EA1  0D                 	db	13
  3388   007EA2  0A                 	db	10
  3389   007EA3  00                 	db	0
  3390   007EA4                     STR_41:
  3391   007EA4  4A                 	db	74	;'J'
  3392   007EA5  75                 	db	117	;'u'
  3393   007EA6  73                 	db	115	;'s'
  3394   007EA7  74                 	db	116	;'t'
  3395   007EA8  20                 	db	32
  3396   007EA9  72                 	db	114	;'r'
  3397   007EAA  65                 	db	101	;'e'
  3398   007EAB  73                 	db	115	;'s'
  3399   007EAC  65                 	db	101	;'e'
  3400   007EAD  74                 	db	116	;'t'
  3401   007EAE  20                 	db	32
  3402   007EAF  45                 	db	69	;'E'
  3403   007EB0  55                 	db	85	;'U'
  3404   007EB1  53                 	db	83	;'S'
  3405   007EB2  41                 	db	65	;'A'
  3406   007EB3  52                 	db	82	;'R'
  3407   007EB4  54                 	db	84	;'T'
  3408   007EB5  32                 	db	50	;'2'
  3409   007EB6  0D                 	db	13
  3410   007EB7  0A                 	db	10
  3411   007EB8  00                 	db	0
  3412   007EB9                     STR_18:
  3413   007EB9  5A                 	db	90	;'Z'
  3414   007EBA  3A                 	db	58	;':'
  3415   007EBB  20                 	db	32
  3416   007EBC  52                 	db	82	;'R'
  3417   007EBD  65                 	db	101	;'e'
  3418   007EBE  73                 	db	115	;'s'
  3419   007EBF  65                 	db	101	;'e'
  3420   007EC0  74                 	db	116	;'t'
  3421   007EC1  20                 	db	32
  3422   007EC2  70                 	db	112	;'p'
  3423   007EC3  72                 	db	114	;'r'
  3424   007EC4  6F                 	db	111	;'o'
  3425   007EC5  63                 	db	99	;'c'
  3426   007EC6  65                 	db	101	;'e'
  3427   007EC7  73                 	db	115	;'s'
  3428   007EC8  73                 	db	115	;'s'
  3429   007EC9  6F                 	db	111	;'o'
  3430   007ECA  72                 	db	114	;'r'
  3431   007ECB  0D                 	db	13
  3432   007ECC  0A                 	db	10
  3433   007ECD  00                 	db	0
  3434   007ECE                     STR_38:
  3435   007ECE  6A                 	db	106	;'j'
  3436   007ECF  75                 	db	117	;'u'
  3437   007ED0  73                 	db	115	;'s'
  3438   007ED1  74                 	db	116	;'t'
  3439   007ED2  20                 	db	32
  3440   007ED3  73                 	db	115	;'s'
  3441   007ED4  65                 	db	101	;'e'
  3442   007ED5  6E                 	db	110	;'n'
  3443   007ED6  74                 	db	116	;'t'
  3444   007ED7  20                 	db	32
  3445   007ED8  25                 	db	37
  3446   007ED9  63                 	db	99	;'c'
  3447   007EDA  20                 	db	32
  3448   007EDB  20                 	db	32
  3449   007EDC  20                 	db	32
  3450   007EDD  20                 	db	32
  3451   007EDE  25                 	db	37
  3452   007EDF  78                 	db	120	;'x'
  3453   007EE0  0D                 	db	13
  3454   007EE1  0A                 	db	10
  3455   007EE2  00                 	db	0
  3456   007EE3                     STR_24:
  3457   007EE3  72                 	db	114	;'r'
  3458   007EE4  3A                 	db	58	;':'
  3459   007EE5  20                 	db	32
  3460   007EE6  72                 	db	114	;'r'
  3461   007EE7  65                 	db	101	;'e'
  3462   007EE8  73                 	db	115	;'s'
  3463   007EE9  65                 	db	101	;'e'
  3464   007EEA  74                 	db	116	;'t'
  3465   007EEB  20                 	db	32
  3466   007EEC  45                 	db	69	;'E'
  3467   007EED  55                 	db	85	;'U'
  3468   007EEE  53                 	db	83	;'S'
  3469   007EEF  41                 	db	65	;'A'
  3470   007EF0  52                 	db	82	;'R'
  3471   007EF1  54                 	db	84	;'T'
  3472   007EF2  32                 	db	50	;'2'
  3473   007EF3  0D                 	db	13
  3474   007EF4  0A                 	db	10
  3475   007EF5  00                 	db	0
  3476   007EF6                     STR_42:
  3477   007EF6  55                 	db	85	;'U'
  3478   007EF7  6E                 	db	110	;'n'
  3479   007EF8  6B                 	db	107	;'k'
  3480   007EF9  6E                 	db	110	;'n'
  3481   007EFA  6F                 	db	111	;'o'
  3482   007EFB  77                 	db	119	;'w'
  3483   007EFC  6E                 	db	110	;'n'
  3484   007EFD  20                 	db	32
  3485   007EFE  6B                 	db	107	;'k'
  3486   007EFF  65                 	db	101	;'e'
  3487   007F00  79                 	db	121	;'y'
  3488   007F01  20                 	db	32
  3489   007F02  25                 	db	37
  3490   007F03  63                 	db	99	;'c'
  3491   007F04  0D                 	db	13
  3492   007F05  0A                 	db	10
  3493   007F06  00                 	db	0
  3494   007F07                     STR_35:
  3495   007F07  35                 	db	53	;'5'
  3496   007F08  3A                 	db	58	;':'
  3497   007F09  20                 	db	32
  3498   007F0A  31                 	db	49	;'1'
  3499   007F0B  39                 	db	57	;'9'
  3500   007F0C  32                 	db	50	;'2'
  3501   007F0D  30                 	db	48	;'0'
  3502   007F0E  30                 	db	48	;'0'
  3503   007F0F  20                 	db	32
  3504   007F10  62                 	db	98	;'b'
  3505   007F11  61                 	db	97	;'a'
  3506   007F12  75                 	db	117	;'u'
  3507   007F13  64                 	db	100	;'d'
  3508   007F14  0D                 	db	13
  3509   007F15  0A                 	db	10
  3510   007F16  00                 	db	0
  3511   007F17                     STR_31:
  3512   007F17  31                 	db	49	;'1'
  3513   007F18  3A                 	db	58	;':'
  3514   007F19  20                 	db	32
  3515   007F1A  31                 	db	49	;'1'
  3516   007F1B  32                 	db	50	;'2'
  3517   007F1C  30                 	db	48	;'0'
  3518   007F1D  30                 	db	48	;'0'
  3519   007F1E  20                 	db	32
  3520   007F1F  62                 	db	98	;'b'
  3521   007F20  61                 	db	97	;'a'
  3522   007F21  75                 	db	117	;'u'
  3523   007F22  64                 	db	100	;'d'
  3524   007F23  0D                 	db	13
  3525   007F24  0A                 	db	10
  3526   007F25  00                 	db	0
  3527   007F26                     STR_32:
  3528   007F26  32                 	db	50	;'2'
  3529   007F27  3A                 	db	58	;':'
  3530   007F28  20                 	db	32
  3531   007F29  32                 	db	50	;'2'
  3532   007F2A  34                 	db	52	;'4'
  3533   007F2B  30                 	db	48	;'0'
  3534   007F2C  30                 	db	48	;'0'
  3535   007F2D  20                 	db	32
  3536   007F2E  62                 	db	98	;'b'
  3537   007F2F  61                 	db	97	;'a'
  3538   007F30  75                 	db	117	;'u'
  3539   007F31  64                 	db	100	;'d'
  3540   007F32  0D                 	db	13
  3541   007F33  0A                 	db	10
  3542   007F34  00                 	db	0
  3543   007F35                     STR_34:
  3544   007F35  34                 	db	52	;'4'
  3545   007F36  3A                 	db	58	;':'
  3546   007F37  20                 	db	32
  3547   007F38  39                 	db	57	;'9'
  3548   007F39  36                 	db	54	;'6'
  3549   007F3A  30                 	db	48	;'0'
  3550   007F3B  30                 	db	48	;'0'
  3551   007F3C  20                 	db	32
  3552   007F3D  62                 	db	98	;'b'
  3553   007F3E  61                 	db	97	;'a'
  3554   007F3F  75                 	db	117	;'u'
  3555   007F40  64                 	db	100	;'d'
  3556   007F41  0D                 	db	13
  3557   007F42  0A                 	db	10
  3558   007F43  00                 	db	0
  3559   007F44                     STR_33:
  3560   007F44  33                 	db	51	;'3'
  3561   007F45  3A                 	db	58	;':'
  3562   007F46  20                 	db	32
  3563   007F47  34                 	db	52	;'4'
  3564   007F48  38                 	db	56	;'8'
  3565   007F49  30                 	db	48	;'0'
  3566   007F4A  30                 	db	48	;'0'
  3567   007F4B  20                 	db	32
  3568   007F4C  62                 	db	98	;'b'
  3569   007F4D  61                 	db	97	;'a'
  3570   007F4E  75                 	db	117	;'u'
  3571   007F4F  64                 	db	100	;'d'
  3572   007F50  0D                 	db	13
  3573   007F51  0A                 	db	10
  3574   007F52  00                 	db	0
  3575   007F53                     STR_16:
  3576   007F53  3F                 	db	63	;'?'
  3577   007F54  3A                 	db	58	;':'
  3578   007F55  20                 	db	32
  3579   007F56  68                 	db	104	;'h'
  3580   007F57  65                 	db	101	;'e'
  3581   007F58  6C                 	db	108	;'l'
  3582   007F59  70                 	db	112	;'p'
  3583   007F5A  20                 	db	32
  3584   007F5B  6D                 	db	109	;'m'
  3585   007F5C  65                 	db	101	;'e'
  3586   007F5D  6E                 	db	110	;'n'
  3587   007F5E  75                 	db	117	;'u'
  3588   007F5F  0D                 	db	13
  3589   007F60  0A                 	db	10
  3590   007F61  00                 	db	0
  3591   007F62                     STR_45:
  3592   007F62  0A                 	db	10
  3593   007F63  0D                 	db	13
  3594   007F64  43                 	db	67	;'C'
  3595   007F65  68                 	db	104	;'h'
  3596   007F66  65                 	db	101	;'e'
  3597   007F67  63                 	db	99	;'c'
  3598   007F68  6B                 	db	107	;'k'
  3599   007F69  73                 	db	115	;'s'
  3600   007F6A  75                 	db	117	;'u'
  3601   007F6B  6D                 	db	109	;'m'
  3602   007F6C  3A                 	db	58	;':'
  3603   007F6D  20                 	db	32
  3604   007F6E  25                 	db	37
  3605   007F6F  64                 	db	100	;'d'
  3606   007F70  00                 	db	0
  3607   007F71                     STR_30:
  3608   007F71  30                 	db	48	;'0'
  3609   007F72  3A                 	db	58	;':'
  3610   007F73  20                 	db	32
  3611   007F74  33                 	db	51	;'3'
  3612   007F75  30                 	db	48	;'0'
  3613   007F76  30                 	db	48	;'0'
  3614   007F77  20                 	db	32
  3615   007F78  62                 	db	98	;'b'
  3616   007F79  61                 	db	97	;'a'
  3617   007F7A  75                 	db	117	;'u'
  3618   007F7B  64                 	db	100	;'d'
  3619   007F7C  0D                 	db	13
  3620   007F7D  0A                 	db	10
  3621   007F7E  00                 	db	0
  3622   007F7F                     STR_13:
  3623   007F7F  31                 	db	49	;'1'
  3624   007F80  39                 	db	57	;'9'
  3625   007F81  32                 	db	50	;'2'
  3626   007F82  30                 	db	48	;'0'
  3627   007F83  30                 	db	48	;'0'
  3628   007F84  20                 	db	32
  3629   007F85  42                 	db	66	;'B'
  3630   007F86  61                 	db	97	;'a'
  3631   007F87  75                 	db	117	;'u'
  3632   007F88  64                 	db	100	;'d'
  3633   007F89  0D                 	db	13
  3634   007F8A  0A                 	db	10
  3635   007F8B  00                 	db	0
  3636   007F8C                     STR_37:
  3637   007F8C  50                 	db	80	;'P'
  3638   007F8D  75                 	db	117	;'u'
  3639   007F8E  6C                 	db	108	;'l'
  3640   007F8F  73                 	db	115	;'s'
  3641   007F90  65                 	db	101	;'e'
  3642   007F91  20                 	db	32
  3643   007F92  73                 	db	115	;'s'
  3644   007F93  65                 	db	101	;'e'
  3645   007F94  6E                 	db	110	;'n'
  3646   007F95  74                 	db	116	;'t'
  3647   007F96  0D                 	db	13
  3648   007F97  0A                 	db	10
  3649   007F98  00                 	db	0
  3650   007F99                     STR_9:
  3651   007F99  31                 	db	49	;'1'
  3652   007F9A  32                 	db	50	;'2'
  3653   007F9B  30                 	db	48	;'0'
  3654   007F9C  30                 	db	48	;'0'
  3655   007F9D  20                 	db	32
  3656   007F9E  42                 	db	66	;'B'
  3657   007F9F  61                 	db	97	;'a'
  3658   007FA0  75                 	db	117	;'u'
  3659   007FA1  64                 	db	100	;'d'
  3660   007FA2  0D                 	db	13
  3661   007FA3  0A                 	db	10
  3662   007FA4  00                 	db	0
  3663   007FA5                     STR_10:
  3664   007FA5  32                 	db	50	;'2'
  3665   007FA6  34                 	db	52	;'4'
  3666   007FA7  30                 	db	48	;'0'
  3667   007FA8  30                 	db	48	;'0'
  3668   007FA9  20                 	db	32
  3669   007FAA  42                 	db	66	;'B'
  3670   007FAB  61                 	db	97	;'a'
  3671   007FAC  75                 	db	117	;'u'
  3672   007FAD  64                 	db	100	;'d'
  3673   007FAE  0D                 	db	13
  3674   007FAF  0A                 	db	10
  3675   007FB0  00                 	db	0
  3676   007FB1                     STR_12:
  3677   007FB1  39                 	db	57	;'9'
  3678   007FB2  36                 	db	54	;'6'
  3679   007FB3  30                 	db	48	;'0'
  3680   007FB4  30                 	db	48	;'0'
  3681   007FB5  20                 	db	32
  3682   007FB6  42                 	db	66	;'B'
  3683   007FB7  61                 	db	97	;'a'
  3684   007FB8  75                 	db	117	;'u'
  3685   007FB9  64                 	db	100	;'d'
  3686   007FBA  0D                 	db	13
  3687   007FBB  0A                 	db	10
  3688   007FBC  00                 	db	0
  3689   007FBD                     STR_11:
  3690   007FBD  34                 	db	52	;'4'
  3691   007FBE  38                 	db	56	;'8'
  3692   007FBF  30                 	db	48	;'0'
  3693   007FC0  30                 	db	48	;'0'
  3694   007FC1  20                 	db	32
  3695   007FC2  42                 	db	66	;'B'
  3696   007FC3  61                 	db	97	;'a'
  3697   007FC4  75                 	db	117	;'u'
  3698   007FC5  64                 	db	100	;'d'
  3699   007FC6  0D                 	db	13
  3700   007FC7  0A                 	db	10
  3701   007FC8  00                 	db	0
  3702   007FC9                     STR_8:
  3703   007FC9  33                 	db	51	;'3'
  3704   007FCA  30                 	db	48	;'0'
  3705   007FCB  30                 	db	48	;'0'
  3706   007FCC  20                 	db	32
  3707   007FCD  42                 	db	66	;'B'
  3708   007FCE  61                 	db	97	;'a'
  3709   007FCF  75                 	db	117	;'u'
  3710   007FD0  64                 	db	100	;'d'
  3711   007FD1  0D                 	db	13
  3712   007FD2  0A                 	db	10
  3713   007FD3  00                 	db	0
  3714   007FD4                     STR_1:
  3715   007FD4  69                 	db	105	;'i'
  3716   007FD5  6E                 	db	110	;'n'
  3717   007FD6  4C                 	db	76	;'L'
  3718   007FD7  61                 	db	97	;'a'
  3719   007FD8  62                 	db	98	;'b'
  3720   007FD9  20                 	db	32
  3721   007FDA  36                 	db	54	;'6'
  3722   007FDB  0D                 	db	13
  3723   007FDC  0A                 	db	10
  3724   007FDD  00                 	db	0
  3725   007FDE  4D                 	db	77	;'M'
  3726   007FDF  65                 	db	101	;'e'
  3727   007FE0  73                 	db	115	;'s'
  3728   007FE1  73                 	db	115	;'s'
  3729   007FE2  61                 	db	97	;'a'
  3730   007FE3  67                 	db	103	;'g'
  3731   007FE4  65                 	db	101	;'e'
  3732   007FE5  3A                 	db	58	;':'
  3733   007FE6  20                 	db	32
  3734   007FE7  00                 	db	0
  3735   007FE8                     STR_26:
  3736   007FE8  6F                 	db	111	;'o'
  3737   007FE9  3A                 	db	58	;':'
  3738   007FEA  09                 	db	9
  3739   007FEB  6F                 	db	111	;'o'
  3740   007FEC  6B                 	db	107	;'k'
  3741   007FED  0D                 	db	13
  3742   007FEE  0A                 	db	10
  3743   007FEF  00                 	db	0
  3744   007FF0                     STR_17:
  3745   007FF0  6F                 	db	111	;'o'
  3746   007FF1  3A                 	db	58	;':'
  3747   007FF2  20                 	db	32
  3748   007FF3  6B                 	db	107	;'k'
  3749   007FF4  0D                 	db	13
  3750   007FF5  0A                 	db	10
  3751   007FF6  00                 	db	0
  3752   007FF7                     STR_6:
  3753   007FF7  0D                 	db	13
  3754   007FF8  0A                 	db	10
  3755   007FF9  3E                 	db	62	;'>'
  3756   007FFA  20                 	db	32
  3757   007FFB  00                 	db	0
  3758   007FFC                     STR_44:
  3759   007FFC  25                 	db	37
  3760   007FFD  63                 	db	99	;'c'
  3761   007FFE  00                 	db	0
  3762   007F64                     STR_48          equ	STR_45+2
  3763   007FFC                     STR_47          equ	STR_44
  3764   007ECE                     STR_43          equ	STR_38
  3765   007F99                     STR_14          equ	STR_9
  3766   007CF8                     STR_15          equ	STR_7
  3767   007CF8                     STR_25          equ	STR_7
  3768   007D2A                     STR_27          equ	STR_7+50
  3769   007D2A                     STR_28          equ	STR_7+50
  3770   007FFF  00                 	db	0	; dummy byte at the end
  3771   007BF6                     __smallconst    set	__pmediumconst
  3772   007BF6                     __mediumconst   set	__pmediumconst
  3773   000002                     __activetblptr  equ	2
  3774                           
  3775                           	psect	nvBANK0
  3776   0000D5                     __pnvBANK0:
  3777                           	callstack 0
  3778   0000D5                     _TMR2_PeriodMatchCallback:
  3779                           	callstack 0
  3780   0000D5                     	ds	2
  3781   0000D7                     _TMR1_GateCallback:
  3782                           	callstack 0
  3783   0000D7                     	ds	2
  3784   0000D9                     _TMR1_OverflowCallback:
  3785                           	callstack 0
  3786   0000D9                     	ds	2
  3787   000F3A                     _ANSELC         set	3898
  3788   000F39                     _ANSELB         set	3897
  3789   000F38                     _ANSELA         set	3896
  3790   000F49                     _CCPTMRS0bits   set	3913
  3791   000FAD                     _TXREG1         set	4013
  3792   000FAE                     _RCREG1         set	4014
  3793   000FB8                     _BAUDCON1bits   set	4024
  3794   000FAC                     _TXSTA1bits     set	4012
  3795   000FAB                     _RCSTA1bits     set	4011
  3796   000FB0                     _SPBRGH1        set	4016
  3797   000FAF                     _SPBRG1         set	4015
  3798   000FAC                     _TXSTA1         set	4012
  3799   000FAB                     _RCSTA1         set	4011
  3800   000FB8                     _BAUDCON1       set	4024
  3801   000F73                     _TXREG2         set	3955
  3802   000F74                     _RCREG2         set	3956
  3803   000F70                     _BAUDCON2bits   set	3952
  3804   000F72                     _TXSTA2bits     set	3954
  3805   000F71                     _RCSTA2bits     set	3953
  3806   000F76                     _SPBRGH2        set	3958
  3807   000F75                     _SPBRG2         set	3957
  3808   000F72                     _TXSTA2         set	3954
  3809   000F71                     _RCSTA2         set	3953
  3810   000F70                     _BAUDCON2       set	3952
  3811   000FBA                     _T2CONbits      set	4026
  3812   000FBA                     _T2CON          set	4026
  3813   000FBC                     _TMR2           set	4028
  3814   000FBB                     _PR2            set	4027
  3815   000FCC                     _T1GCONbits     set	4044
  3816   000F9D                     _PIE1bits       set	3997
  3817   000FCD                     _T1CON          set	4045
  3818   000F9E                     _PIR1bits       set	3998
  3819   000FCC                     _T1GCON         set	4044
  3820   000FCE                     _TMR1L          set	4046
  3821   000FCF                     _TMR1H          set	4047
  3822   000FCD                     _T1CONbits      set	4045
  3823   000F62                     _IOCB           set	3938
  3824   000F61                     _WPUB           set	3937
  3825   000F96                     _TRISE          set	3990
  3826   000F94                     _TRISC          set	3988
  3827   000F93                     _TRISB          set	3987
  3828   000F92                     _TRISA          set	3986
  3829   000F8B                     _LATC           set	3979
  3830   000F8A                     _LATB           set	3978
  3831   000F89                     _LATA           set	3977
  3832   000F9B                     _OSCTUNE        set	3995
  3833   000FD2                     _OSCCON2        set	4050
  3834   000FD3                     _OSCCON         set	4051
  3835   000FA4                     _PIR3bits       set	4004
  3836   000FA3                     _PIE3bits       set	4003
  3837   000FF0                     _INTCON3bits    set	4080
  3838   000FF1                     _INTCON2bits    set	4081
  3839   000FF2                     _INTCONbits     set	4082
  3840   000FD0                     _RCONbits       set	4048
  3841   000F67                     _CCPR2L         set	3943
  3842   000F68                     _CCPR2H         set	3944
  3843   000F63                     _PSTR2CON       set	3939
  3844   000F65                     _PWM2CON        set	3941
  3845   000F64                     _ECCP2AS        set	3940
  3846   000F66                     _CCP2CON        set	3942
  3847                           
  3848                           ; #config settings
  3849                           
  3850                           	psect	cinit
  3851   001214                     __pcinit:
  3852                           	callstack 0
  3853   001214                     start_initialization:
  3854                           	callstack 0
  3855   001214                     __initialization:
  3856                           	callstack 0
  3857                           
  3858                           ; Initialize objects allocated to BANK0 (12 bytes)
  3859                           ; load TBLPTR registers with __pidataBANK0
  3860   001214  0ED8               	movlw	low __pidataBANK0
  3861   001216  6EF6               	movwf	tblptrl,c
  3862   001218  0E16               	movlw	high __pidataBANK0
  3863   00121A  6EF7               	movwf	tblptrh,c
  3864   00121C  0E00               	movlw	low (__pidataBANK0 shr (0+16))
  3865   00121E  6EF8               	movwf	tblptru,c
  3866   001220  EE00  F0BF         	lfsr	0,__pdataBANK0
  3867   001224  EE10 F00C          	lfsr	1,12
  3868   001228                     copy_data0:
  3869   001228  0009               	tblrd		*+
  3870   00122A  CFF5 FFEE          	movff	tablat,postinc0
  3871   00122E  50E5               	movf	postdec1,w,c
  3872   001230  50E1               	movf	fsr1l,w,c
  3873   001232  E1FA               	bnz	copy_data0
  3874                           
  3875                           ; Initialize objects allocated to COMRAM (1 bytes)
  3876                           ; load TBLPTR registers with __pidataCOMRAM
  3877   001234  0E30               	movlw	low __pidataCOMRAM
  3878   001236  6EF6               	movwf	tblptrl,c
  3879   001238  0E17               	movlw	high __pidataCOMRAM
  3880   00123A  6EF7               	movwf	tblptrh,c
  3881   00123C  0E00               	movlw	low (__pidataCOMRAM shr (0+16))
  3882   00123E  6EF8               	movwf	tblptru,c
  3883   001240  0009               	tblrd		*+	;fetch initializer
  3884   001242  CFF5 F055          	movff	tablat,__pdataCOMRAM
  3885                           
  3886                           ; Clear objects allocated to BANK1 (100 bytes)
  3887   001246  EE01  F000         	lfsr	0,__pbssBANK1
  3888   00124A  0E64               	movlw	100
  3889   00124C                     clear_0:
  3890   00124C  6AEE               	clrf	postinc0,c
  3891   00124E  06E8               	decf	wreg,f,c
  3892   001250  E1FD               	bnz	clear_0
  3893                           
  3894                           ; Clear objects allocated to BANK0 (95 bytes)
  3895   001252  EE00  F060         	lfsr	0,__pbssBANK0
  3896   001256  0E5F               	movlw	95
  3897   001258                     clear_1:
  3898   001258  6AEE               	clrf	postinc0,c
  3899   00125A  06E8               	decf	wreg,f,c
  3900   00125C  E1FD               	bnz	clear_1
  3901                           
  3902                           ; Clear objects allocated to COMRAM (13 bytes)
  3903   00125E  EE00  F048         	lfsr	0,__pbssCOMRAM
  3904   001262  0E0D               	movlw	13
  3905   001264                     clear_2:
  3906   001264  6AEE               	clrf	postinc0,c
  3907   001266  06E8               	decf	wreg,f,c
  3908   001268  E1FD               	bnz	clear_2
  3909   00126A                     end_of_initialization:
  3910                           	callstack 0
  3911   00126A                     __end_of__initialization:
  3912                           	callstack 0
  3913   00126A  9001               	bcf	int$flags,0,c	;clear compiler interrupt flag (level 1)
  3914   00126C  9201               	bcf	int$flags,1,c	;clear compiler interrupt flag (level 2)
  3915   00126E  0E00               	movlw	low (__Lmediumconst shr (0+16))
  3916   001270  6EF8               	movwf	tblptru,c
  3917   001272  0100               	movlb	0
  3918   001274  EF5E  F000         	goto	_main	;jump to C main() function
  3919                           
  3920                           	psect	bssCOMRAM
  3921   000048                     __pbssCOMRAM:
  3922                           	callstack 0
  3923   000048                     _width:
  3924                           	callstack 0
  3925   000048                     	ds	2
  3926   00004A                     _timer1ReloadVal:
  3927                           	callstack 0
  3928   00004A                     	ds	2
  3929   00004C                     _flags:
  3930                           	callstack 0
  3931   00004C                     	ds	1
  3932   00004D                     myEUSART2ISR@rxState:
  3933                           	callstack 0
  3934   00004D                     	ds	1
  3935   00004E                     _receiveBusy:
  3936                           	callstack 0
  3937   00004E                     	ds	1
  3938   00004F                     _eusart2RxCount:
  3939                           	callstack 0
  3940   00004F                     	ds	1
  3941   000050                     _eusart2RxTail:
  3942                           	callstack 0
  3943   000050                     	ds	1
  3944   000051                     _eusart2RxHead:
  3945                           	callstack 0
  3946   000051                     	ds	1
  3947   000052                     _eusart2TxBufferRemaining:
  3948                           	callstack 0
  3949   000052                     	ds	1
  3950   000053                     _eusart2TxTail:
  3951                           	callstack 0
  3952   000053                     	ds	1
  3953   000054                     _eusart2TxHead:
  3954                           	callstack 0
  3955   000054                     	ds	1
  3956                           
  3957                           	psect	dataCOMRAM
  3958   000055                     __pdataCOMRAM:
  3959                           	callstack 0
  3960   000055                     _baudRateSelected:
  3961                           	callstack 0
  3962   000055                     	ds	1
  3963                           
  3964                           	psect	bssBANK0
  3965   000060                     __pbssBANK0:
  3966                           	callstack 0
  3967   000060                     _eusart2RxStatusBuffer:
  3968                           	callstack 0
  3969   000060                     	ds	16
  3970   000070                     _eusart2RxBuffer:
  3971                           	callstack 0
  3972   000070                     	ds	8
  3973   000078                     _eusart2TxBuffer:
  3974                           	callstack 0
  3975   000078                     	ds	8
  3976   000080                     _prec:
  3977                           	callstack 0
  3978   000080                     	ds	2
  3979   000082                     myEUSART2ISR@rxBufIDX:
  3980                           	callstack 0
  3981   000082                     	ds	2
  3982   000084                     _EUSART1_OverrunErrorHandler:
  3983                           	callstack 0
  3984   000084                     	ds	2
  3985   000086                     _EUSART1_FramingErrorHandler:
  3986                           	callstack 0
  3987   000086                     	ds	2
  3988   000088                     _eusart1RxLastError:
  3989                           	callstack 0
  3990   000088                     	ds	2
  3991   00008A                     _EUSART2_OverrunErrorHandler:
  3992                           	callstack 0
  3993   00008A                     	ds	2
  3994   00008C                     _EUSART2_FramingErrorHandler:
  3995                           	callstack 0
  3996   00008C                     	ds	2
  3997   00008E                     _EUSART2_RxCompleteInterruptHandler:
  3998                           	callstack 0
  3999   00008E                     	ds	2
  4000   000090                     _EUSART2_TxCompleteInterruptHandler:
  4001                           	callstack 0
  4002   000090                     	ds	2
  4003   000092                     _eusart2RxLastError:
  4004                           	callstack 0
  4005   000092                     	ds	2
  4006   000094                     _INT2_InterruptHandler:
  4007                           	callstack 0
  4008   000094                     	ds	2
  4009   000096                     _INT1_InterruptHandler:
  4010                           	callstack 0
  4011   000096                     	ds	2
  4012   000098                     _INT0_InterruptHandler:
  4013                           	callstack 0
  4014   000098                     	ds	2
  4015   00009A                     _EUSART2_RxInterruptHandler:
  4016                           	callstack 0
  4017   00009A                     	ds	2
  4018   00009C                     _EUSART2_TxInterruptHandler:
  4019                           	callstack 0
  4020   00009C                     	ds	2
  4021   00009E                     _receiveNewMessage:
  4022                           	callstack 0
  4023   00009E                     	ds	1
  4024   00009F                     _dbuf:
  4025                           	callstack 0
  4026   00009F                     	ds	32
  4027                           
  4028                           	psect	dataBANK0
  4029   0000BF                     __pdataBANK0:
  4030                           	callstack 0
  4031   0000BF                     _bitPeriod:
  4032                           	callstack 0
  4033   0000BF                     	ds	12
  4034                           
  4035                           	psect	bssBANK1
  4036   000100                     __pbssBANK1:
  4037                           	callstack 0
  4038   000100                     _messageBuffer:
  4039                           	callstack 0
  4040   000100                     	ds	50
  4041   000132                     _IRrecieveBuffer:
  4042                           	callstack 0
  4043   000132                     	ds	50
  4044                           
  4045                           	psect	cstackBANK0
  4046   0000CB                     __pcstackBANK0:
  4047                           	callstack 0
  4048   0000CB                     ?_printf:
  4049                           	callstack 0
  4050   0000CB                     printf@fmt:
  4051                           	callstack 0
  4052                           
  4053                           ; 2 bytes @ 0x0
  4054   0000CB                     	ds	6
  4055   0000D1                     main@cmd:
  4056                           	callstack 0
  4057                           
  4058                           ; 1 bytes @ 0x6
  4059   0000D1                     	ds	1
  4060   0000D2                     main@mask:
  4061                           	callstack 0
  4062                           
  4063                           ; 1 bytes @ 0x7
  4064   0000D2                     	ds	1
  4065   0000D3                     main@letter:
  4066                           	callstack 0
  4067                           
  4068                           ; 1 bytes @ 0x8
  4069   0000D3                     	ds	1
  4070   0000D4                     main@i:
  4071                           	callstack 0
  4072                           
  4073                           ; 1 bytes @ 0x9
  4074   0000D4                     	ds	1
  4075                           
  4076                           	psect	cstackCOMRAM
  4077   000002                     __pcstackCOMRAM:
  4078                           	callstack 0
  4079   000002                     EUSART2_ReceiveISR@regValue:
  4080                           	callstack 0
  4081   000002                     EUSART2_TransmitISR@tempTxTail:
  4082                           	callstack 0
  4083   000002                     
  4084                           ; 1 bytes @ 0x0
  4085   000002                     	ds	1
  4086   000003                     EUSART2_ReceiveISR@tempRxHead:
  4087                           	callstack 0
  4088                           
  4089                           ; 1 bytes @ 0x1
  4090   000003                     	ds	1
  4091   000004                     ??_INTERRUPT_InterruptManager:
  4092                           
  4093                           ; 1 bytes @ 0x2
  4094   000004                     	ds	6
  4095   00000A                     ?___awdiv:
  4096                           	callstack 0
  4097   00000A                     ?___awmod:
  4098                           	callstack 0
  4099   00000A                     ?_read_prec_or_width:
  4100                           	callstack 0
  4101   00000A                     EUSART2_Read@tempRxTail:
  4102                           	callstack 0
  4103   00000A                     _EUSART1_IsTxReady$2002:
  4104                           	callstack 0
  4105   00000A                     EUSART1_Write@txData:
  4106                           	callstack 0
  4107   00000A                     read_prec_or_width@fmt:
  4108                           	callstack 0
  4109   00000A                     ECCP2_LoadDutyValue@dutyValue:
  4110                           	callstack 0
  4111   00000A                     INT0_SetInterruptHandler@InterruptHandler:
  4112                           	callstack 0
  4113   00000A                     INT1_SetInterruptHandler@InterruptHandler:
  4114                           	callstack 0
  4115   00000A                     INT2_SetInterruptHandler@InterruptHandler:
  4116                           	callstack 0
  4117   00000A                     TMR1_CounterSet@timerVal:
  4118                           	callstack 0
  4119   00000A                     EUSART2_FramingErrorCallbackRegister@callbackHandler:
  4120                           	callstack 0
  4121   00000A                     EUSART2_OverrunErrorCallbackRegister@callbackHandler:
  4122                           	callstack 0
  4123   00000A                     EUSART2_RxCompleteCallbackRegister@callbackHandler:
  4124                           	callstack 0
  4125   00000A                     EUSART1_FramingErrorCallbackRegister@callbackHandler:
  4126                           	callstack 0
  4127   00000A                     EUSART1_OverrunErrorCallbackRegister@callbackHandler:
  4128                           	callstack 0
  4129   00000A                     ___awdiv@dividend:
  4130                           	callstack 0
  4131   00000A                     ___awmod@dividend:
  4132                           	callstack 0
  4133   00000A                     ??_TMR1_Initialize:
  4134   00000A                     
  4135                           ; 1 bytes @ 0x8
  4136   00000A                     	ds	1
  4137   00000B                     putch@txData:
  4138                           	callstack 0
  4139   00000B                     read_prec_or_width@ap:
  4140                           	callstack 0
  4141   00000B                     
  4142                           ; 1 bytes @ 0x9
  4143   00000B                     	ds	1
  4144   00000C                     TMR1_CounterSet@onState:
  4145                           	callstack 0
  4146   00000C                     ___awdiv@divisor:
  4147                           	callstack 0
  4148   00000C                     ___awmod@divisor:
  4149                           	callstack 0
  4150   00000C                     fputc@c:
  4151                           	callstack 0
  4152   00000C                     ??_ECCP2_LoadDutyValue:
  4153   00000C                     ??_read_prec_or_width:
  4154                           
  4155                           ; 1 bytes @ 0xA
  4156   00000C                     	ds	2
  4157   00000E                     ___awdiv@counter:
  4158                           	callstack 0
  4159   00000E                     ___awmod@counter:
  4160                           	callstack 0
  4161   00000E                     read_prec_or_width@c:
  4162                           	callstack 0
  4163   00000E                     fputc@fp:
  4164                           	callstack 0
  4165   00000E                     
  4166                           ; 1 bytes @ 0xC
  4167   00000E                     	ds	1
  4168   00000F                     ___awdiv@sign:
  4169                           	callstack 0
  4170   00000F                     ___awmod@sign:
  4171                           	callstack 0
  4172   00000F                     read_prec_or_width@n:
  4173                           	callstack 0
  4174                           
  4175                           ; 2 bytes @ 0xD
  4176   00000F                     	ds	1
  4177   000010                     ?_abs:
  4178                           	callstack 0
  4179   000010                     ___awdiv@quotient:
  4180                           	callstack 0
  4181   000010                     abs@a:
  4182                           	callstack 0
  4183   000010                     ??_fputc:
  4184                           
  4185                           ; 1 bytes @ 0xE
  4186   000010                     	ds	2
  4187   000012                     ??_abs:
  4188                           
  4189                           ; 1 bytes @ 0x10
  4190   000012                     	ds	3
  4191   000015                     fputs@s:
  4192                           	callstack 0
  4193   000015                     ctoa@fp:
  4194                           	callstack 0
  4195                           
  4196                           ; 2 bytes @ 0x13
  4197   000015                     	ds	1
  4198   000016                     fputs@fp:
  4199                           	callstack 0
  4200                           
  4201                           ; 2 bytes @ 0x14
  4202   000016                     	ds	1
  4203   000017                     ctoa@c:
  4204                           	callstack 0
  4205                           
  4206                           ; 1 bytes @ 0x15
  4207   000017                     	ds	1
  4208   000018                     fputs@c:
  4209                           	callstack 0
  4210   000018                     ??_ctoa:
  4211                           
  4212                           ; 1 bytes @ 0x16
  4213   000018                     	ds	1
  4214   000019                     ctoa@l:
  4215                           	callstack 0
  4216   000019                     fputs@i:
  4217                           	callstack 0
  4218                           
  4219                           ; 2 bytes @ 0x17
  4220   000019                     	ds	2
  4221   00001B                     pad@fp:
  4222                           	callstack 0
  4223   00001B                     ctoa@w:
  4224                           	callstack 0
  4225                           
  4226                           ; 2 bytes @ 0x19
  4227   00001B                     	ds	2
  4228   00001D                     pad@buf:
  4229                           	callstack 0
  4230                           
  4231                           ; 1 bytes @ 0x1B
  4232   00001D                     	ds	1
  4233   00001E                     pad@p:
  4234                           	callstack 0
  4235                           
  4236                           ; 2 bytes @ 0x1C
  4237   00001E                     	ds	2
  4238   000020                     ??_pad:
  4239                           
  4240                           ; 1 bytes @ 0x1E
  4241   000020                     	ds	1
  4242   000021                     pad@i:
  4243                           	callstack 0
  4244                           
  4245                           ; 2 bytes @ 0x1F
  4246   000021                     	ds	2
  4247   000023                     dtoa@fp:
  4248                           	callstack 0
  4249   000023                     xtoa@fp:
  4250                           	callstack 0
  4251                           
  4252                           ; 2 bytes @ 0x21
  4253   000023                     	ds	2
  4254   000025                     dtoa@d:
  4255                           	callstack 0
  4256   000025                     xtoa@d:
  4257                           	callstack 0
  4258                           
  4259                           ; 2 bytes @ 0x23
  4260   000025                     	ds	2
  4261   000027                     _dtoa$2913:
  4262                           	callstack 0
  4263   000027                     ??_xtoa:
  4264                           
  4265                           ; 1 bytes @ 0x25
  4266   000027                     	ds	2
  4267   000029                     dtoa@p:
  4268                           	callstack 0
  4269                           
  4270                           ; 1 bytes @ 0x27
  4271   000029                     	ds	1
  4272   00002A                     xtoa@p:
  4273                           	callstack 0
  4274   00002A                     dtoa@w:
  4275                           	callstack 0
  4276                           
  4277                           ; 2 bytes @ 0x28
  4278   00002A                     	ds	1
  4279   00002B                     xtoa@w:
  4280                           	callstack 0
  4281                           
  4282                           ; 2 bytes @ 0x29
  4283   00002B                     	ds	1
  4284   00002C                     dtoa@s:
  4285                           	callstack 0
  4286                           
  4287                           ; 1 bytes @ 0x2A
  4288   00002C                     	ds	1
  4289   00002D                     xtoa@c:
  4290                           	callstack 0
  4291   00002D                     dtoa@i:
  4292                           	callstack 0
  4293                           
  4294                           ; 2 bytes @ 0x2B
  4295   00002D                     	ds	1
  4296   00002E                     xtoa@i:
  4297                           	callstack 0
  4298                           
  4299                           ; 2 bytes @ 0x2C
  4300   00002E                     	ds	2
  4301   000030                     vfpfcnvrt@fp:
  4302                           	callstack 0
  4303                           
  4304                           ; 2 bytes @ 0x2E
  4305   000030                     	ds	2
  4306   000032                     vfpfcnvrt@fmt:
  4307                           	callstack 0
  4308                           
  4309                           ; 1 bytes @ 0x30
  4310   000032                     	ds	1
  4311   000033                     vfpfcnvrt@ap:
  4312                           	callstack 0
  4313                           
  4314                           ; 1 bytes @ 0x31
  4315   000033                     	ds	1
  4316   000034                     ??_vfpfcnvrt:
  4317                           
  4318                           ; 1 bytes @ 0x32
  4319   000034                     	ds	2
  4320   000036                     vfpfcnvrt@c:
  4321                           	callstack 0
  4322                           
  4323                           ; 1 bytes @ 0x34
  4324   000036                     	ds	1
  4325   000037                     vfpfcnvrt@done:
  4326                           	callstack 0
  4327                           
  4328                           ; 1 bytes @ 0x35
  4329   000037                     	ds	1
  4330   000038                     vfpfcnvrt@convarg:
  4331                           	callstack 0
  4332                           
  4333                           ; 4 bytes @ 0x36
  4334   000038                     	ds	4
  4335   00003C                     vfpfcnvrt@cp:
  4336                           	callstack 0
  4337                           
  4338                           ; 2 bytes @ 0x3A
  4339   00003C                     	ds	2
  4340   00003E                     ?_vfprintf:
  4341                           	callstack 0
  4342   00003E                     vfprintf@fp:
  4343                           	callstack 0
  4344                           
  4345                           ; 2 bytes @ 0x3C
  4346   00003E                     	ds	2
  4347   000040                     vfprintf@fmt:
  4348                           	callstack 0
  4349                           
  4350                           ; 2 bytes @ 0x3E
  4351   000040                     	ds	2
  4352   000042                     vfprintf@ap:
  4353                           	callstack 0
  4354                           
  4355                           ; 1 bytes @ 0x40
  4356   000042                     	ds	1
  4357   000043                     vfprintf@cfmt:
  4358                           	callstack 0
  4359   000043                     
  4360                           ; 1 bytes @ 0x41
  4361   000043                     	ds	2
  4362   000045                     printf@ap:
  4363                           	callstack 0
  4364   000045                     
  4365                           ; 1 bytes @ 0x43
  4366   000045                     	ds	1
  4367   000046                     ??_main:
  4368                           
  4369                           ; 1 bytes @ 0x44
  4370   000046                     	ds	2
  4371                           
  4372 ;;
  4373 ;;Main: autosize = 0, tempsize = 2, incstack = 0, save=0
  4374 ;;
  4375 ;; *************** function _main *****************
  4376 ;; Defined at:
  4377 ;;		line 48 in file "main.c"
  4378 ;; Parameters:    Size  Location     Type
  4379 ;;		None
  4380 ;; Auto vars:     Size  Location     Type
  4381 ;;  i               1    9[BANK0 ] unsigned char 
  4382 ;;  letter          1    8[BANK0 ] unsigned char 
  4383 ;;  mask            1    7[BANK0 ] unsigned char 
  4384 ;;  cmd             1    6[BANK0 ] unsigned char 
  4385 ;; Return value:  Size  Location     Type
  4386 ;;                  1    wreg      void 
  4387 ;; Registers used:
  4388 ;;		wreg, fsr1l, fsr1h, fsr2l, fsr2h, status,2, status,0, pcl, pclath, pclatu, tosl, tblptrl, tblptrh, tblptru, prodl, p
      +rodh, cstack
  4389 ;; Tracked objects:
  4390 ;;		On entry : 0/0
  4391 ;;		On exit  : 0/0
  4392 ;;		Unchanged: 0/0
  4393 ;; Data sizes:     COMRAM   BANK0   BANK1   BANK2   BANK3   BANK4   BANK5
  4394 ;;      Params:         0       0       0       0       0       0       0
  4395 ;;      Locals:         0       4       0       0       0       0       0
  4396 ;;      Temps:          2       0       0       0       0       0       0
  4397 ;;      Totals:         2       4       0       0       0       0       0
  4398 ;;Total ram usage:        6 bytes
  4399 ;; Hardware stack levels required when called: 10
  4400 ;; This function calls:
  4401 ;;		_ECCP2_LoadDutyValue
  4402 ;;		_EUSART1_IsRxReady
  4403 ;;		_EUSART1_Read
  4404 ;;		_EUSART2_IsRxReady
  4405 ;;		_EUSART2_Read
  4406 ;;		_EUSART2_RxCompleteCallbackRegister
  4407 ;;		_SYSTEM_Initialize
  4408 ;;		_TMR1_CounterSet
  4409 ;;		_TMR1_OverflowStatusGet
  4410 ;;		_printf
  4411 ;; This function is called by:
  4412 ;;		Startup code after reset
  4413 ;; This function uses a non-reentrant model
  4414 ;;
  4415                           
  4416                           	psect	text0
  4417   0000BC                     __ptext0:
  4418                           	callstack 0
  4419   0000BC                     _main:
  4420                           	callstack 21
  4421   0000BC                     
  4422                           ;main.c: 50:     PIR1bits.TMR1IF = 0;;main.c: 51:     while (TMR1_OverflowStatusGet() ==
      +                           0);;main.c: 53: ;main.c: 54:     if (EUSART2_IsRxReady()) (void) EUSART2_Read();
  4423   0000BC  0E35               	movlw	53
  4424   0000BE  0100               	movlb	0	; () banked
  4425   0000C0  6FD3               	movwf	main@letter& (0+255),b
  4426   0000C2                     
  4427                           ; BSR set to: 0
  4428                           ;main.c: 59:     printf("Dev'21 Board wiring\r\n");
  4429   0000C2  ECA8  F00A         	call	_SYSTEM_Initialize	;wreg free
  4430   0000C6                     
  4431                           ;main.c: 61:     printf("Install a jumper over IR_TX header pins\r\n");
  4432   0000C6  96F2               	bcf	242,3,c	;volatile
  4433   0000C8                     
  4434                           ;main.c: 62:     printf("\r\n> ");
  4435   0000C8  6A0B               	clrf	(ECCP2_LoadDutyValue@dutyValue+1)^0,c
  4436   0000CA  0E00               	movlw	0
  4437   0000CC  6E0A               	movwf	ECCP2_LoadDutyValue@dutyValue^0,c
  4438   0000CE  ECCD  F009         	call	_ECCP2_LoadDutyValue	;wreg free
  4439   0000D2                     
  4440                           ;main.c: 63: 
  4441   0000D2  9AA3               	bcf	163,5,c	;volatile
  4442   0000D4                     
  4443                           ;main.c: 64: 
  4444   0000D4  0E64               	movlw	low _myEUSART2ISR
  4445   0000D6  6E0A               	movwf	EUSART2_RxCompleteCallbackRegister@callbackHandler^0,c
  4446   0000D8  0E10               	movlw	high _myEUSART2ISR
  4447   0000DA  6E0B               	movwf	(EUSART2_RxCompleteCallbackRegister@callbackHandler+1)^0,c
  4448   0000DC  EC10  F00B         	call	_EUSART2_RxCompleteCallbackRegister	;wreg free
  4449   0000E0                     
  4450                           ;main.c: 65:     for (;;) {
  4451   0000E0  8AA3               	bsf	163,5,c	;volatile
  4452   0000E2                     
  4453                           ;main.c: 66: 
  4454   0000E2  8EF2               	bsf	242,7,c	;volatile
  4455   0000E4                     
  4456                           ;main.c: 67:         if (EUSART1_IsRxReady()) {
  4457   0000E4  8CF2               	bsf	242,6,c	;volatile
  4458   0000E6                     
  4459                           ;main.c: 71: 
  4460   0000E6  6A0B               	clrf	(ECCP2_LoadDutyValue@dutyValue+1)^0,c
  4461   0000E8  0E00               	movlw	0
  4462   0000EA  6E0A               	movwf	ECCP2_LoadDutyValue@dutyValue^0,c
  4463   0000EC  ECCD  F009         	call	_ECCP2_LoadDutyValue	;wreg free
  4464   0000F0                     
  4465                           ;main.c: 74:                 case '?':
  4466   0000F0  6A0B               	clrf	(TMR1_CounterSet@timerVal+1)^0,c
  4467   0000F2  0E00               	movlw	0
  4468   0000F4  6E0A               	movwf	TMR1_CounterSet@timerVal^0,c
  4469   0000F6  EC8C  F009         	call	_TMR1_CounterSet	;wreg free
  4470   0000FA                     
  4471                           ;main.c: 75:                     printf("-----------------------------------------------
      +                          --\r\n");
  4472   0000FA  909E               	bcf	158,0,c	;volatile
  4473   0000FC                     l4654:
  4474   0000FC  EC41  F00B         	call	_TMR1_OverflowStatusGet	;wreg free
  4475   000100  0900               	iorlw	0
  4476   000102  B4D8               	btfsc	status,2,c
  4477   000104  EF86  F000         	goto	u3841
  4478   000108  EF88  F000         	goto	u3840
  4479   00010C                     u3841:
  4480   00010C  EF7E  F000         	goto	l4654
  4481   000110                     u3840:
  4482   000110                     
  4483                           ;main.c: 79:                         case 1: printf("1200 Baud\r\n");
  4484   000110  EC36  F00B         	call	_EUSART2_IsRxReady	;wreg free
  4485   000114  0900               	iorlw	0
  4486   000116  B4D8               	btfsc	status,2,c
  4487   000118  EF90  F000         	goto	u3851
  4488   00011C  EF92  F000         	goto	u3850
  4489   000120                     u3851:
  4490   000120  EF94  F000         	goto	l4660
  4491   000124                     u3850:
  4492   000124  EC80  F00A         	call	_EUSART2_Read	;wreg free
  4493   000128                     l4660:
  4494                           
  4495                           ;main.c: 80:                             break;
  4496   000128  EC36  F00B         	call	_EUSART2_IsRxReady	;wreg free
  4497   00012C  0900               	iorlw	0
  4498   00012E  B4D8               	btfsc	status,2,c
  4499   000130  EF9C  F000         	goto	u3861
  4500   000134  EF9E  F000         	goto	u3860
  4501   000138                     u3861:
  4502   000138  EFA0  F000         	goto	l4664
  4503   00013C                     u3860:
  4504   00013C  EC80  F00A         	call	_EUSART2_Read	;wreg free
  4505   000140                     l4664:
  4506                           
  4507                           ;main.c: 82:                             break;
  4508   000140  0ED4               	movlw	low STR_1
  4509   000142  0100               	movlb	0	; () banked
  4510   000144  6FCB               	movwf	printf@fmt& (0+255),b
  4511   000146  0E7F               	movlw	high STR_1
  4512   000148  6FCC               	movwf	(printf@fmt+1)& (0+255),b
  4513   00014A  ECC9  F00A         	call	_printf	;wreg free
  4514   00014E                     
  4515                           ;main.c: 83:                         case 3: printf("4800 Baud\r\n");
  4516   00014E  0EF6               	movlw	low STR_2
  4517   000150  0100               	movlb	0	; () banked
  4518   000152  6FCB               	movwf	printf@fmt& (0+255),b
  4519   000154  0E7D               	movlw	high STR_2
  4520   000156  6FCC               	movwf	(printf@fmt+1)& (0+255),b
  4521   000158  ECC9  F00A         	call	_printf	;wreg free
  4522   00015C                     
  4523                           ;main.c: 84:                             break;
  4524   00015C  0E8E               	movlw	low STR_3
  4525   00015E  0100               	movlb	0	; () banked
  4526   000160  6FCB               	movwf	printf@fmt& (0+255),b
  4527   000162  0E7E               	movlw	high STR_3
  4528   000164  6FCC               	movwf	(printf@fmt+1)& (0+255),b
  4529   000166  ECC9  F00A         	call	_printf	;wreg free
  4530   00016A                     
  4531                           ;main.c: 85:                         case 4: printf("9600 Baud\r\n");
  4532   00016A  0EB2               	movlw	low STR_4
  4533   00016C  0100               	movlb	0	; () banked
  4534   00016E  6FCB               	movwf	printf@fmt& (0+255),b
  4535   000170  0E7C               	movlw	high STR_4
  4536   000172  6FCC               	movwf	(printf@fmt+1)& (0+255),b
  4537   000174  ECC9  F00A         	call	_printf	;wreg free
  4538   000178                     
  4539                           ;main.c: 86:                             break;
  4540   000178  0E85               	movlw	low STR_5
  4541   00017A  0100               	movlb	0	; () banked
  4542   00017C  6FCB               	movwf	printf@fmt& (0+255),b
  4543   00017E  0E7D               	movlw	high STR_5
  4544   000180  6FCC               	movwf	(printf@fmt+1)& (0+255),b
  4545   000182  ECC9  F00A         	call	_printf	;wreg free
  4546   000186                     
  4547                           ;main.c: 87:                         case 5: printf("19200 Baud\r\n");
  4548   000186  0EF7               	movlw	low STR_6
  4549   000188  0100               	movlb	0	; () banked
  4550   00018A  6FCB               	movwf	printf@fmt& (0+255),b
  4551   00018C  0E7F               	movlw	high STR_6
  4552   00018E  6FCC               	movwf	(printf@fmt+1)& (0+255),b
  4553   000190  ECC9  F00A         	call	_printf	;wreg free
  4554   000194                     l4676:
  4555                           
  4556                           ;main.c: 92:                     printf("-----------------------------------------------
      +                          --\r\n");
  4557   000194  EC4B  F00B         	call	_EUSART1_IsRxReady	;wreg free
  4558   000198  0900               	iorlw	0
  4559   00019A  B4D8               	btfsc	status,2,c
  4560   00019C  EFD2  F000         	goto	u3871
  4561   0001A0  EFD4  F000         	goto	u3870
  4562   0001A4                     u3871:
  4563   0001A4  EFCA  F000         	goto	l4676
  4564   0001A8                     u3870:
  4565   0001A8                     
  4566                           ;main.c: 93:                     printf("?: help menu\r\n");
  4567   0001A8  ECC9  F008         	call	_EUSART1_Read	;wreg free
  4568   0001AC  0100               	movlb	0	; () banked
  4569   0001AE  6FD1               	movwf	main@cmd& (0+255),b
  4570                           
  4571                           ;main.c: 94:                     printf("o: k\r\n");
  4572   0001B0  EF60  F003         	goto	l4812
  4573   0001B4                     l4680:
  4574                           
  4575                           ; BSR set to: 0
  4576                           ;main.c: 100:                     printf("R: use EUSART2 to decode character\r\n");
  4577   0001B4  0EF8               	movlw	low STR_7
  4578   0001B6  6FCB               	movwf	printf@fmt& (0+255),b
  4579   0001B8  0E7C               	movlw	high STR_7
  4580   0001BA  6FCC               	movwf	(printf@fmt+1)& (0+255),b
  4581   0001BC  ECC9  F00A         	call	_printf	;wreg free
  4582                           
  4583                           ;main.c: 101:                     printf("r: reset EUSART2\r\n");
  4584   0001C0  EF21  F001         	goto	l4698
  4585   0001C4                     l4682:
  4586   0001C4  0EC9               	movlw	low STR_8
  4587   0001C6  0100               	movlb	0	; () banked
  4588   0001C8  6FCB               	movwf	printf@fmt& (0+255),b
  4589   0001CA  0E7F               	movlw	high STR_8
  4590   0001CC  6FCC               	movwf	(printf@fmt+1)& (0+255),b
  4591   0001CE  ECC9  F00A         	call	_printf	;wreg free
  4592                           
  4593                           ;main.c: 103:                     break;
  4594   0001D2  EF3C  F001         	goto	l4700
  4595   0001D6                     l4684:
  4596   0001D6  0E99               	movlw	low STR_9
  4597   0001D8  0100               	movlb	0	; () banked
  4598   0001DA  6FCB               	movwf	printf@fmt& (0+255),b
  4599   0001DC  0E7F               	movlw	high STR_9
  4600   0001DE  6FCC               	movwf	(printf@fmt+1)& (0+255),b
  4601   0001E0  ECC9  F00A         	call	_printf	;wreg free
  4602                           
  4603                           ;main.c: 105: 
  4604   0001E4  EF3C  F001         	goto	l4700
  4605   0001E8                     l4686:
  4606   0001E8  0EA5               	movlw	low STR_10
  4607   0001EA  0100               	movlb	0	; () banked
  4608   0001EC  6FCB               	movwf	printf@fmt& (0+255),b
  4609   0001EE  0E7F               	movlw	high STR_10
  4610   0001F0  6FCC               	movwf	(printf@fmt+1)& (0+255),b
  4611   0001F2  ECC9  F00A         	call	_printf	;wreg free
  4612                           
  4613                           ;main.c: 107: 
  4614   0001F6  EF3C  F001         	goto	l4700
  4615   0001FA                     l4688:
  4616   0001FA  0EBD               	movlw	low STR_11
  4617   0001FC  0100               	movlb	0	; () banked
  4618   0001FE  6FCB               	movwf	printf@fmt& (0+255),b
  4619   000200  0E7F               	movlw	high STR_11
  4620   000202  6FCC               	movwf	(printf@fmt+1)& (0+255),b
  4621   000204  ECC9  F00A         	call	_printf	;wreg free
  4622                           
  4623                           ;main.c: 109:                     printf("o:	ok\r\n");
  4624   000208  EF3C  F001         	goto	l4700
  4625   00020C                     l4690:
  4626   00020C  0EB1               	movlw	low STR_12
  4627   00020E  0100               	movlb	0	; () banked
  4628   000210  6FCB               	movwf	printf@fmt& (0+255),b
  4629   000212  0E7F               	movlw	high STR_12
  4630   000214  6FCC               	movwf	(printf@fmt+1)& (0+255),b
  4631   000216  ECC9  F00A         	call	_printf	;wreg free
  4632                           
  4633                           ;main.c: 111: 
  4634   00021A  EF3C  F001         	goto	l4700
  4635   00021E                     l4692:
  4636   00021E  0E7F               	movlw	low STR_13
  4637   000220  0100               	movlb	0	; () banked
  4638   000222  6FCB               	movwf	printf@fmt& (0+255),b
  4639   000224  0E7F               	movlw	high STR_13
  4640   000226  6FCC               	movwf	(printf@fmt+1)& (0+255),b
  4641   000228  ECC9  F00A         	call	_printf	;wreg free
  4642                           
  4643                           ;main.c: 113: 
  4644   00022C  EF3C  F001         	goto	l4700
  4645   000230                     l4694:
  4646   000230  0E99               	movlw	low STR_9
  4647   000232  0100               	movlb	0	; () banked
  4648   000234  6FCB               	movwf	printf@fmt& (0+255),b
  4649   000236  0E7F               	movlw	high STR_9
  4650   000238  6FCC               	movwf	(printf@fmt+1)& (0+255),b
  4651   00023A  ECC9  F00A         	call	_printf	;wreg free
  4652                           
  4653                           ;main.c: 115:                 case 'Z':
  4654   00023E  EF3C  F001         	goto	l4700
  4655   000242                     l4698:
  4656   000242  5055               	movf	_baudRateSelected^0,w,c
  4657                           
  4658                           ; Switch size 1, requested type "simple"
  4659                           ; Number of cases is 6, Range of values is 0 to 5
  4660                           ; switch strategies available:
  4661                           ; Name         Instructions Cycles
  4662                           ; simple_byte           19    10 (average)
  4663                           ;	Chosen strategy is simple_byte
  4664   000244  0A00               	xorlw	0	; case 0
  4665   000246  B4D8               	btfsc	status,2,c
  4666   000248  EFE2  F000         	goto	l4682
  4667   00024C  0A01               	xorlw	1	; case 1
  4668   00024E  B4D8               	btfsc	status,2,c
  4669   000250  EFEB  F000         	goto	l4684
  4670   000254  0A03               	xorlw	3	; case 2
  4671   000256  B4D8               	btfsc	status,2,c
  4672   000258  EFF4  F000         	goto	l4686
  4673   00025C  0A01               	xorlw	1	; case 3
  4674   00025E  B4D8               	btfsc	status,2,c
  4675   000260  EFFD  F000         	goto	l4688
  4676   000264  0A07               	xorlw	7	; case 4
  4677   000266  B4D8               	btfsc	status,2,c
  4678   000268  EF06  F001         	goto	l4690
  4679   00026C  0A01               	xorlw	1	; case 5
  4680   00026E  B4D8               	btfsc	status,2,c
  4681   000270  EF0F  F001         	goto	l4692
  4682   000274  EF18  F001         	goto	l4694
  4683   000278                     l4700:
  4684                           
  4685                           ;main.c: 117:                     __asm("reset");
  4686   000278  0EF8               	movlw	low STR_7
  4687   00027A  0100               	movlb	0	; () banked
  4688   00027C  6FCB               	movwf	printf@fmt& (0+255),b
  4689   00027E  0E7C               	movlw	high STR_7
  4690   000280  6FCC               	movwf	(printf@fmt+1)& (0+255),b
  4691   000282  ECC9  F00A         	call	_printf	;wreg free
  4692                           
  4693                           ;main.c: 118:                     break;
  4694   000286  0E53               	movlw	low STR_16
  4695   000288  0100               	movlb	0	; () banked
  4696   00028A  6FCB               	movwf	printf@fmt& (0+255),b
  4697   00028C  0E7F               	movlw	high STR_16
  4698   00028E  6FCC               	movwf	(printf@fmt+1)& (0+255),b
  4699   000290  ECC9  F00A         	call	_printf	;wreg free
  4700                           
  4701                           ;main.c: 119: 
  4702   000294  0EF0               	movlw	low STR_17
  4703   000296  0100               	movlb	0	; () banked
  4704   000298  6FCB               	movwf	printf@fmt& (0+255),b
  4705   00029A  0E7F               	movlw	high STR_17
  4706   00029C  6FCC               	movwf	(printf@fmt+1)& (0+255),b
  4707   00029E  ECC9  F00A         	call	_printf	;wreg free
  4708                           
  4709                           ;main.c: 120: 
  4710   0002A2  0EB9               	movlw	low STR_18
  4711   0002A4  0100               	movlb	0	; () banked
  4712   0002A6  6FCB               	movwf	printf@fmt& (0+255),b
  4713   0002A8  0E7E               	movlw	high STR_18
  4714   0002AA  6FCC               	movwf	(printf@fmt+1)& (0+255),b
  4715   0002AC  ECC9  F00A         	call	_printf	;wreg free
  4716                           
  4717                           ;main.c: 121: 
  4718   0002B0  0E76               	movlw	low STR_19
  4719   0002B2  0100               	movlb	0	; () banked
  4720   0002B4  6FCB               	movwf	printf@fmt& (0+255),b
  4721   0002B6  0E7E               	movlw	high STR_19
  4722   0002B8  6FCC               	movwf	(printf@fmt+1)& (0+255),b
  4723   0002BA  ECC9  F00A         	call	_printf	;wreg free
  4724                           
  4725                           ;main.c: 122: 
  4726   0002BE  0E2C               	movlw	low STR_20
  4727   0002C0  0100               	movlb	0	; () banked
  4728   0002C2  6FCB               	movwf	printf@fmt& (0+255),b
  4729   0002C4  0E7D               	movlw	high STR_20
  4730   0002C6  6FCC               	movwf	(printf@fmt+1)& (0+255),b
  4731   0002C8  ECC9  F00A         	call	_printf	;wreg free
  4732                           
  4733                           ;main.c: 123:                 case 'z':
  4734   0002CC  0E57               	movlw	low STR_21
  4735   0002CE  0100               	movlb	0	; () banked
  4736   0002D0  6FCB               	movwf	printf@fmt& (0+255),b
  4737   0002D2  0E7C               	movlw	high STR_21
  4738   0002D4  6FCC               	movwf	(printf@fmt+1)& (0+255),b
  4739   0002D6  5055               	movf	_baudRateSelected^0,w,c
  4740   0002D8  0D02               	mullw	2
  4741   0002DA  50F3               	movf	243,w,c
  4742   0002DC  0FBF               	addlw	low _bitPeriod
  4743   0002DE  6ED9               	movwf	fsr2l,c
  4744   0002E0  6ADA               	clrf	fsr2h,c
  4745   0002E2  CFDE F0CD          	movff	postinc2,?_printf+2
  4746   0002E6  CFDD F0CE          	movff	postdec2,?_printf+3
  4747   0002EA  ECC9  F00A         	call	_printf	;wreg free
  4748                           
  4749                           ;main.c: 124:                     for (i = 0; i < 40; i++) printf("\n");
  4750   0002EE  0ED4               	movlw	low STR_22
  4751   0002F0  0100               	movlb	0	; () banked
  4752   0002F2  6FCB               	movwf	printf@fmt& (0+255),b
  4753   0002F4  0E7D               	movlw	high STR_22
  4754   0002F6  6FCC               	movwf	(printf@fmt+1)& (0+255),b
  4755   0002F8  C0D3  F0CD         	movff	main@letter,?_printf+2
  4756   0002FC  6BCE               	clrf	(?_printf+3)& (0+255),b
  4757   0002FE  ECC9  F00A         	call	_printf	;wreg free
  4758                           
  4759                           ;main.c: 125:                     break;
  4760   000302  0EAF               	movlw	low STR_23
  4761   000304  0100               	movlb	0	; () banked
  4762   000306  6FCB               	movwf	printf@fmt& (0+255),b
  4763   000308  0E7D               	movlw	high STR_23
  4764   00030A  6FCC               	movwf	(printf@fmt+1)& (0+255),b
  4765   00030C  ECC9  F00A         	call	_printf	;wreg free
  4766                           
  4767                           ;main.c: 126: 
  4768   000310  0EE3               	movlw	low STR_24
  4769   000312  0100               	movlb	0	; () banked
  4770   000314  6FCB               	movwf	printf@fmt& (0+255),b
  4771   000316  0E7E               	movlw	high STR_24
  4772   000318  6FCC               	movwf	(printf@fmt+1)& (0+255),b
  4773   00031A  ECC9  F00A         	call	_printf	;wreg free
  4774                           
  4775                           ;main.c: 127: 
  4776   00031E  0EF8               	movlw	low STR_7
  4777   000320  0100               	movlb	0	; () banked
  4778   000322  6FCB               	movwf	printf@fmt& (0+255),b
  4779   000324  0E7C               	movlw	high STR_7
  4780   000326  6FCC               	movwf	(printf@fmt+1)& (0+255),b
  4781   000328  ECC9  F00A         	call	_printf	;wreg free
  4782                           
  4783                           ;main.c: 128: 
  4784   00032C  EFCA  F000         	goto	l4676
  4785   000330                     l4702:
  4786                           
  4787                           ; BSR set to: 0
  4788                           ;main.c: 134:                     printf("2: 2400 baud\r\n");
  4789   000330  0EE8               	movlw	low STR_26
  4790   000332  6FCB               	movwf	printf@fmt& (0+255),b
  4791   000334  0E7F               	movlw	high STR_26
  4792   000336  6FCC               	movwf	(printf@fmt+1)& (0+255),b
  4793   000338  ECC9  F00A         	call	_printf	;wreg free
  4794                           
  4795                           ;main.c: 135:                     printf("3: 4800 baud\r\n");
  4796   00033C  EFCA  F000         	goto	l4676
  4797   000340                     l773:
  4798                           
  4799                           ; BSR set to: 0
  4800                           ;main.c: 141:                     switch (baudRateSelected) {
  4801   000340  6BD4               	clrf	main@i& (0+255),b
  4802   000342                     l4708:
  4803                           
  4804                           ; BSR set to: 0
  4805   000342  0E2A               	movlw	low (STR_7+50)
  4806   000344  6FCB               	movwf	printf@fmt& (0+255),b
  4807   000346  0E7D               	movlw	high (STR_7+50)
  4808   000348  6FCC               	movwf	(printf@fmt+1)& (0+255),b
  4809   00034A  ECC9  F00A         	call	_printf	;wreg free
  4810   00034E  0100               	movlb	0	; () banked
  4811   000350  2BD4               	incf	main@i& (0+255),f,b
  4812   000352                     
  4813                           ; BSR set to: 0
  4814   000352  0E27               	movlw	39
  4815   000354  65D4               	cpfsgt	main@i& (0+255),b
  4816   000356  EFAF  F001         	goto	u3881
  4817   00035A  EFB1  F001         	goto	u3880
  4818   00035E                     u3881:
  4819   00035E  EFA1  F001         	goto	l4708
  4820   000362                     u3880:
  4821   000362                     
  4822                           ; BSR set to: 0
  4823   000362  00FF               	reset		;# 
  4824                           
  4825                           ;main.c: 143:                             SPBRG2 = 0x54;
  4826   000364  EFCA  F000         	goto	l4676
  4827   000368                     l776:
  4828                           
  4829                           ; BSR set to: 0
  4830                           ;main.c: 149:                             SPBRG2 = 0x0A;
  4831   000368  6BD4               	clrf	main@i& (0+255),b
  4832   00036A                     l4718:
  4833                           
  4834                           ; BSR set to: 0
  4835   00036A  0E2A               	movlw	low (STR_7+50)
  4836   00036C  6FCB               	movwf	printf@fmt& (0+255),b
  4837   00036E  0E7D               	movlw	high (STR_7+50)
  4838   000370  6FCC               	movwf	(printf@fmt+1)& (0+255),b
  4839   000372  ECC9  F00A         	call	_printf	;wreg free
  4840   000376  0100               	movlb	0	; () banked
  4841   000378  2BD4               	incf	main@i& (0+255),f,b
  4842   00037A                     
  4843                           ; BSR set to: 0
  4844   00037A  0E27               	movlw	39
  4845   00037C  65D4               	cpfsgt	main@i& (0+255),b
  4846   00037E  EFC3  F001         	goto	u3891
  4847   000382  EFC5  F001         	goto	u3890
  4848   000386                     u3891:
  4849   000386  EFB5  F001         	goto	l4718
  4850   00038A                     u3890:
  4851   00038A  EFCA  F000         	goto	l4676
  4852   00038E                     l4724:
  4853                           
  4854                           ; BSR set to: 0
  4855                           ;main.c: 156:                             break;
  4856   00038E  0E5A               	movlw	low STR_29
  4857   000390  6FCB               	movwf	printf@fmt& (0+255),b
  4858   000392  0E7D               	movlw	high STR_29
  4859   000394  6FCC               	movwf	(printf@fmt+1)& (0+255),b
  4860   000396  ECC9  F00A         	call	_printf	;wreg free
  4861                           
  4862                           ;main.c: 157:                         case 5: SPBRGH2 = 0x03;
  4863   00039A  0E71               	movlw	low STR_30
  4864   00039C  0100               	movlb	0	; () banked
  4865   00039E  6FCB               	movwf	printf@fmt& (0+255),b
  4866   0003A0  0E7F               	movlw	high STR_30
  4867   0003A2  6FCC               	movwf	(printf@fmt+1)& (0+255),b
  4868   0003A4  ECC9  F00A         	call	_printf	;wreg free
  4869                           
  4870                           ;main.c: 158:                             SPBRG2 = 0x40;
  4871   0003A8  0E17               	movlw	low STR_31
  4872   0003AA  0100               	movlb	0	; () banked
  4873   0003AC  6FCB               	movwf	printf@fmt& (0+255),b
  4874   0003AE  0E7F               	movlw	high STR_31
  4875   0003B0  6FCC               	movwf	(printf@fmt+1)& (0+255),b
  4876   0003B2  ECC9  F00A         	call	_printf	;wreg free
  4877                           
  4878                           ;main.c: 159:                             break;
  4879   0003B6  0E26               	movlw	low STR_32
  4880   0003B8  0100               	movlb	0	; () banked
  4881   0003BA  6FCB               	movwf	printf@fmt& (0+255),b
  4882   0003BC  0E7F               	movlw	high STR_32
  4883   0003BE  6FCC               	movwf	(printf@fmt+1)& (0+255),b
  4884   0003C0  ECC9  F00A         	call	_printf	;wreg free
  4885                           
  4886                           ;main.c: 160:                         default: SPBRGH2 = 0x34;
  4887   0003C4  0E44               	movlw	low STR_33
  4888   0003C6  0100               	movlb	0	; () banked
  4889   0003C8  6FCB               	movwf	printf@fmt& (0+255),b
  4890   0003CA  0E7F               	movlw	high STR_33
  4891   0003CC  6FCC               	movwf	(printf@fmt+1)& (0+255),b
  4892   0003CE  ECC9  F00A         	call	_printf	;wreg free
  4893                           
  4894                           ;main.c: 161:                             SPBRG2 = 0x14;
  4895   0003D2  0E35               	movlw	low STR_34
  4896   0003D4  0100               	movlb	0	; () banked
  4897   0003D6  6FCB               	movwf	printf@fmt& (0+255),b
  4898   0003D8  0E7F               	movlw	high STR_34
  4899   0003DA  6FCC               	movwf	(printf@fmt+1)& (0+255),b
  4900   0003DC  ECC9  F00A         	call	_printf	;wreg free
  4901                           
  4902                           ;main.c: 162:                             break;
  4903   0003E0  0E07               	movlw	low STR_35
  4904   0003E2  0100               	movlb	0	; () banked
  4905   0003E4  6FCB               	movwf	printf@fmt& (0+255),b
  4906   0003E6  0E7F               	movlw	high STR_35
  4907   0003E8  6FCC               	movwf	(printf@fmt+1)& (0+255),b
  4908   0003EA  ECC9  F00A         	call	_printf	;wreg free
  4909   0003EE                     l4726:
  4910   0003EE  EC4B  F00B         	call	_EUSART1_IsRxReady	;wreg free
  4911   0003F2  0900               	iorlw	0
  4912   0003F4  A4D8               	btfss	status,2,c
  4913   0003F6  EFFF  F001         	goto	u3901
  4914   0003FA  EF01  F002         	goto	u3900
  4915   0003FE                     u3901:
  4916   0003FE  EFF7  F001         	goto	l4726
  4917   000402                     u3900:
  4918   000402                     l4728:
  4919   000402  EC4B  F00B         	call	_EUSART1_IsRxReady	;wreg free
  4920   000406  0900               	iorlw	0
  4921   000408  B4D8               	btfsc	status,2,c
  4922   00040A  EF09  F002         	goto	u3911
  4923   00040E  EF0B  F002         	goto	u3910
  4924   000412                     u3911:
  4925   000412  EF01  F002         	goto	l4728
  4926   000416                     u3910:
  4927   000416                     
  4928                           ;main.c: 165:                     break;
  4929   000416  ECC9  F008         	call	_EUSART1_Read	;wreg free
  4930   00041A  0FD0               	addlw	208
  4931   00041C  6E55               	movwf	_baudRateSelected^0,c
  4932                           
  4933                           ;main.c: 166: 
  4934   00041E  EF35  F002         	goto	l4748
  4935   000422                     l4732:
  4936   000422  0ED0               	movlw	208
  4937   000424  6E76               	movwf	118,c	;volatile
  4938                           
  4939                           ;main.c: 168: 
  4940   000426  0E54               	movlw	84
  4941   000428  6E75               	movwf	117,c	;volatile
  4942                           
  4943                           ;main.c: 169: 
  4944   00042A  EF50  F002         	goto	l4750
  4945   00042E                     l4734:
  4946   00042E  0E34               	movlw	52
  4947   000430  6E76               	movwf	118,c	;volatile
  4948                           
  4949                           ;main.c: 171:                 case 'p':
  4950   000432  0E14               	movlw	20
  4951   000434  6E75               	movwf	117,c	;volatile
  4952                           
  4953                           ;main.c: 172:                     ECCP2_LoadDutyValue(25);
  4954   000436  EF50  F002         	goto	l4750
  4955   00043A                     l4736:
  4956   00043A  0E1A               	movlw	26
  4957   00043C  6E76               	movwf	118,c	;volatile
  4958                           
  4959                           ;main.c: 174:                     PIR1bits.TMR1IF = 0;
  4960   00043E  0E0A               	movlw	10
  4961   000440  6E75               	movwf	117,c	;volatile
  4962                           
  4963                           ;main.c: 175:                     while (TMR1_OverflowStatusGet() == 0);
  4964   000442  EF50  F002         	goto	l4750
  4965   000446                     l4738:
  4966   000446  0E0D               	movlw	13
  4967   000448  6E76               	movwf	118,c	;volatile
  4968                           
  4969                           ;main.c: 177:                     printf("Pulse sent\r\n");
  4970   00044A  0E05               	movlw	5
  4971   00044C  6E75               	movwf	117,c	;volatile
  4972                           
  4973                           ;main.c: 178:                     break;
  4974   00044E  EF50  F002         	goto	l4750
  4975   000452                     l4740:
  4976   000452  0E06               	movlw	6
  4977   000454  6E76               	movwf	118,c	;volatile
  4978                           
  4979                           ;main.c: 180: 
  4980   000456  0E82               	movlw	130
  4981   000458  6E75               	movwf	117,c	;volatile
  4982                           
  4983                           ;main.c: 181: 
  4984   00045A  EF50  F002         	goto	l4750
  4985   00045E                     l4742:
  4986   00045E  0E03               	movlw	3
  4987   000460  6E76               	movwf	118,c	;volatile
  4988                           
  4989                           ;main.c: 183: 
  4990   000462  0E40               	movlw	64
  4991   000464  6E75               	movwf	117,c	;volatile
  4992                           
  4993                           ;main.c: 184:                 case 'S':
  4994   000466  EF50  F002         	goto	l4750
  4995   00046A                     l4748:
  4996   00046A  5055               	movf	_baudRateSelected^0,w,c
  4997                           
  4998                           ; Switch size 1, requested type "simple"
  4999                           ; Number of cases is 6, Range of values is 0 to 5
  5000                           ; switch strategies available:
  5001                           ; Name         Instructions Cycles
  5002                           ; simple_byte           19    10 (average)
  5003                           ;	Chosen strategy is simple_byte
  5004   00046C  0A00               	xorlw	0	; case 0
  5005   00046E  B4D8               	btfsc	status,2,c
  5006   000470  EF11  F002         	goto	l4732
  5007   000474  0A01               	xorlw	1	; case 1
  5008   000476  B4D8               	btfsc	status,2,c
  5009   000478  EF17  F002         	goto	l4734
  5010   00047C  0A03               	xorlw	3	; case 2
  5011   00047E  B4D8               	btfsc	status,2,c
  5012   000480  EF1D  F002         	goto	l4736
  5013   000484  0A01               	xorlw	1	; case 3
  5014   000486  B4D8               	btfsc	status,2,c
  5015   000488  EF23  F002         	goto	l4738
  5016   00048C  0A07               	xorlw	7	; case 4
  5017   00048E  B4D8               	btfsc	status,2,c
  5018   000490  EF29  F002         	goto	l4740
  5019   000494  0A01               	xorlw	1	; case 5
  5020   000496  B4D8               	btfsc	status,2,c
  5021   000498  EF2F  F002         	goto	l4742
  5022   00049C  EF17  F002         	goto	l4734
  5023   0004A0                     l4750:
  5024                           
  5025                           ;main.c: 189:                     while (TMR1_OverflowStatusGet() == 0);
  5026   0004A0  0E57               	movlw	low STR_36
  5027   0004A2  0100               	movlb	0	; () banked
  5028   0004A4  6FCB               	movwf	printf@fmt& (0+255),b
  5029   0004A6  0E7E               	movlw	high STR_36
  5030   0004A8  6FCC               	movwf	(printf@fmt+1)& (0+255),b
  5031   0004AA  CF76 F0CD          	movff	3958,?_printf+2	;volatile
  5032   0004AE  6BCE               	clrf	(?_printf+3)& (0+255),b
  5033   0004B0  CF75 F0CF          	movff	3957,?_printf+4	;volatile
  5034   0004B4  6BD0               	clrf	(?_printf+5)& (0+255),b
  5035   0004B6  ECC9  F00A         	call	_printf	;wreg free
  5036                           
  5037                           ;main.c: 190: 
  5038   0004BA  EFCA  F000         	goto	l4676
  5039   0004BE                     l4752:
  5040                           
  5041                           ; BSR set to: 0
  5042                           ;main.c: 197:                         TMR1_CounterSet(0x10000 - bitPeriod[baudRateSelect
      +                          ed]);
  5043   0004BE  6A0B               	clrf	(ECCP2_LoadDutyValue@dutyValue+1)^0,c
  5044   0004C0  0E19               	movlw	25
  5045   0004C2  6E0A               	movwf	ECCP2_LoadDutyValue@dutyValue^0,c
  5046   0004C4  ECCD  F009         	call	_ECCP2_LoadDutyValue	;wreg free
  5047   0004C8                     
  5048                           ;main.c: 198:                         PIR1bits.TMR1IF = 0;
  5049   0004C8  5055               	movf	_baudRateSelected^0,w,c
  5050   0004CA  0D02               	mullw	2
  5051   0004CC  50F3               	movf	243,w,c
  5052   0004CE  0FBF               	addlw	low _bitPeriod
  5053   0004D0  6ED9               	movwf	fsr2l,c
  5054   0004D2  6ADA               	clrf	fsr2h,c
  5055   0004D4  CFDE F046          	movff	postinc2,??_main
  5056   0004D8  CFDD F047          	movff	postdec2,??_main+1
  5057   0004DC  5046               	movf	??_main^0,w,c
  5058   0004DE  0800               	sublw	0
  5059   0004E0  6E0A               	movwf	TMR1_CounterSet@timerVal^0,c
  5060   0004E2  5047               	movf	(??_main+1)^0,w,c
  5061   0004E4  A0D8               	btfss	status,0,c
  5062   0004E6  2AE8               	incf	wreg,f,c
  5063   0004E8  0800               	sublw	0
  5064   0004EA  6E0B               	movwf	(TMR1_CounterSet@timerVal+1)^0,c
  5065   0004EC  EC8C  F009         	call	_TMR1_CounterSet	;wreg free
  5066   0004F0                     
  5067                           ;main.c: 199:                         while (TMR1_OverflowStatusGet() == 0);
  5068   0004F0  909E               	bcf	158,0,c	;volatile
  5069   0004F2                     l4758:
  5070   0004F2  EC41  F00B         	call	_TMR1_OverflowStatusGet	;wreg free
  5071   0004F6  0900               	iorlw	0
  5072   0004F8  B4D8               	btfsc	status,2,c
  5073   0004FA  EF81  F002         	goto	u3921
  5074   0004FE  EF83  F002         	goto	u3920
  5075   000502                     u3921:
  5076   000502  EF79  F002         	goto	l4758
  5077   000506                     u3920:
  5078   000506                     
  5079                           ;main.c: 201: 
  5080   000506  6A0B               	clrf	(ECCP2_LoadDutyValue@dutyValue+1)^0,c
  5081   000508  0E00               	movlw	0
  5082   00050A  6E0A               	movwf	ECCP2_LoadDutyValue@dutyValue^0,c
  5083   00050C  ECCD  F009         	call	_ECCP2_LoadDutyValue	;wreg free
  5084   000510                     
  5085                           ;main.c: 202: 
  5086   000510  0E8C               	movlw	low STR_37
  5087   000512  0100               	movlb	0	; () banked
  5088   000514  6FCB               	movwf	printf@fmt& (0+255),b
  5089   000516  0E7F               	movlw	high STR_37
  5090   000518  6FCC               	movwf	(printf@fmt+1)& (0+255),b
  5091   00051A  ECC9  F00A         	call	_printf	;wreg free
  5092                           
  5093                           ;main.c: 203:                     ECCP2_LoadDutyValue(0);
  5094   00051E  EFCA  F000         	goto	l4676
  5095   000522                     l4764:
  5096                           
  5097                           ; BSR set to: 0
  5098                           ;main.c: 211: 
  5099   000522  6A0B               	clrf	(ECCP2_LoadDutyValue@dutyValue+1)^0,c
  5100   000524  0E19               	movlw	25
  5101   000526  6E0A               	movwf	ECCP2_LoadDutyValue@dutyValue^0,c
  5102   000528  ECCD  F009         	call	_ECCP2_LoadDutyValue	;wreg free
  5103   00052C                     
  5104                           ;main.c: 212: 
  5105   00052C  5055               	movf	_baudRateSelected^0,w,c
  5106   00052E  0D02               	mullw	2
  5107   000530  50F3               	movf	243,w,c
  5108   000532  0FBF               	addlw	low _bitPeriod
  5109   000534  6ED9               	movwf	fsr2l,c
  5110   000536  6ADA               	clrf	fsr2h,c
  5111   000538  CFDE F046          	movff	postinc2,??_main
  5112   00053C  CFDD F047          	movff	postdec2,??_main+1
  5113   000540  5046               	movf	??_main^0,w,c
  5114   000542  0800               	sublw	0
  5115   000544  6E0A               	movwf	TMR1_CounterSet@timerVal^0,c
  5116   000546  5047               	movf	(??_main+1)^0,w,c
  5117   000548  A0D8               	btfss	status,0,c
  5118   00054A  2AE8               	incf	wreg,f,c
  5119   00054C  0800               	sublw	0
  5120   00054E  6E0B               	movwf	(TMR1_CounterSet@timerVal+1)^0,c
  5121   000550  EC8C  F009         	call	_TMR1_CounterSet	;wreg free
  5122   000554                     
  5123                           ;main.c: 213: 
  5124   000554  909E               	bcf	158,0,c	;volatile
  5125   000556                     l4770:
  5126   000556  EC41  F00B         	call	_TMR1_OverflowStatusGet	;wreg free
  5127   00055A  0900               	iorlw	0
  5128   00055C  B4D8               	btfsc	status,2,c
  5129   00055E  EFB3  F002         	goto	u3931
  5130   000562  EFB5  F002         	goto	u3930
  5131   000566                     u3931:
  5132   000566  EFAB  F002         	goto	l4770
  5133   00056A                     u3930:
  5134   00056A                     
  5135                           ;main.c: 217:                     if (PIR3bits.RC2IF == 1)
  5136   00056A  0E01               	movlw	1
  5137   00056C  0100               	movlb	0	; () banked
  5138   00056E  6FD2               	movwf	main@mask& (0+255),b
  5139                           
  5140                           ;main.c: 218:                         printf("Just read in %c from EUSART2\r\n", RCREG2)
      +                          ;
  5141   000570  EFF3  F002         	goto	l4788
  5142   000574                     l4774:
  5143                           
  5144                           ; BSR set to: 0
  5145                           ;main.c: 219:                     else
  5146   000574  51D3               	movf	main@letter& (0+255),w,b
  5147   000576  15D2               	andwf	main@mask& (0+255),w,b
  5148   000578  0900               	iorlw	0
  5149   00057A  B4D8               	btfsc	status,2,c
  5150   00057C  EFC2  F002         	goto	u3941
  5151   000580  EFC4  F002         	goto	u3940
  5152   000584                     u3941:
  5153   000584  EFCB  F002         	goto	l4778
  5154   000588                     u3940:
  5155   000588                     
  5156                           ; BSR set to: 0
  5157   000588  6A0B               	clrf	(ECCP2_LoadDutyValue@dutyValue+1)^0,c
  5158   00058A  0E00               	movlw	0
  5159   00058C  6E0A               	movwf	ECCP2_LoadDutyValue@dutyValue^0,c
  5160   00058E  ECCD  F009         	call	_ECCP2_LoadDutyValue	;wreg free
  5161   000592  EFD0  F002         	goto	l4780
  5162   000596                     l4778:
  5163                           
  5164                           ; BSR set to: 0
  5165   000596  6A0B               	clrf	(ECCP2_LoadDutyValue@dutyValue+1)^0,c
  5166   000598  0E19               	movlw	25
  5167   00059A  6E0A               	movwf	ECCP2_LoadDutyValue@dutyValue^0,c
  5168   00059C  ECCD  F009         	call	_ECCP2_LoadDutyValue	;wreg free
  5169   0005A0                     l4780:
  5170                           
  5171                           ;main.c: 221:                     break;
  5172   0005A0  0100               	movlb	0	; () banked
  5173   0005A2  51D2               	movf	main@mask& (0+255),w,b
  5174   0005A4  25D2               	addwf	main@mask& (0+255),w,b
  5175   0005A6  6FD2               	movwf	main@mask& (0+255),b
  5176   0005A8                     
  5177                           ; BSR set to: 0
  5178                           ;main.c: 222: 
  5179   0005A8  5055               	movf	_baudRateSelected^0,w,c
  5180   0005AA  0D02               	mullw	2
  5181   0005AC  50F3               	movf	243,w,c
  5182   0005AE  0FBF               	addlw	low _bitPeriod
  5183   0005B0  6ED9               	movwf	fsr2l,c
  5184   0005B2  6ADA               	clrf	fsr2h,c
  5185   0005B4  CFDE F046          	movff	postinc2,??_main
  5186   0005B8  CFDD F047          	movff	postdec2,??_main+1
  5187   0005BC  5046               	movf	??_main^0,w,c
  5188   0005BE  0800               	sublw	0
  5189   0005C0  6E0A               	movwf	TMR1_CounterSet@timerVal^0,c
  5190   0005C2  5047               	movf	(??_main+1)^0,w,c
  5191   0005C4  A0D8               	btfss	status,0,c
  5192   0005C6  2AE8               	incf	wreg,f,c
  5193   0005C8  0800               	sublw	0
  5194   0005CA  6E0B               	movwf	(TMR1_CounterSet@timerVal+1)^0,c
  5195   0005CC  EC8C  F009         	call	_TMR1_CounterSet	;wreg free
  5196   0005D0                     
  5197                           ;main.c: 223: 
  5198   0005D0  909E               	bcf	158,0,c	;volatile
  5199   0005D2                     l4786:
  5200   0005D2  EC41  F00B         	call	_TMR1_OverflowStatusGet	;wreg free
  5201   0005D6  0900               	iorlw	0
  5202   0005D8  B4D8               	btfsc	status,2,c
  5203   0005DA  EFF1  F002         	goto	u3951
  5204   0005DE  EFF3  F002         	goto	u3950
  5205   0005E2                     u3951:
  5206   0005E2  EFE9  F002         	goto	l4786
  5207   0005E6                     u3950:
  5208   0005E6                     l4788:
  5209                           
  5210                           ;main.c: 218:                         printf("Just read in %c from EUSART2\r\n", RCREG2)
      +                          ;
  5211   0005E6  0100               	movlb	0	; () banked
  5212   0005E8  51D2               	movf	main@mask& (0+255),w,b
  5213   0005EA  A4D8               	btfss	status,2,c
  5214   0005EC  EFFA  F002         	goto	u3961
  5215   0005F0  EFFC  F002         	goto	u3960
  5216   0005F4                     u3961:
  5217   0005F4  EFBA  F002         	goto	l4774
  5218   0005F8                     u3960:
  5219   0005F8                     
  5220                           ; BSR set to: 0
  5221                           ;main.c: 228:                     RCSTA2bits.CREN = 1;
  5222   0005F8  6A0B               	clrf	(ECCP2_LoadDutyValue@dutyValue+1)^0,c
  5223   0005FA  0E00               	movlw	0
  5224   0005FC  6E0A               	movwf	ECCP2_LoadDutyValue@dutyValue^0,c
  5225   0005FE  ECCD  F009         	call	_ECCP2_LoadDutyValue	;wreg free
  5226   000602                     
  5227                           ;main.c: 229:                     printf("Just reset EUSART2\r\n");
  5228   000602  5055               	movf	_baudRateSelected^0,w,c
  5229   000604  0D02               	mullw	2
  5230   000606  50F3               	movf	243,w,c
  5231   000608  0FBF               	addlw	low _bitPeriod
  5232   00060A  6ED9               	movwf	fsr2l,c
  5233   00060C  6ADA               	clrf	fsr2h,c
  5234   00060E  CFDE F046          	movff	postinc2,??_main
  5235   000612  CFDD F047          	movff	postdec2,??_main+1
  5236   000616  5046               	movf	??_main^0,w,c
  5237   000618  0800               	sublw	0
  5238   00061A  6E0A               	movwf	TMR1_CounterSet@timerVal^0,c
  5239   00061C  5047               	movf	(??_main+1)^0,w,c
  5240   00061E  A0D8               	btfss	status,0,c
  5241   000620  2AE8               	incf	wreg,f,c
  5242   000622  0800               	sublw	0
  5243   000624  6E0B               	movwf	(TMR1_CounterSet@timerVal+1)^0,c
  5244   000626  EC8C  F009         	call	_TMR1_CounterSet	;wreg free
  5245   00062A                     
  5246                           ;main.c: 230:                     break;
  5247   00062A  909E               	bcf	158,0,c	;volatile
  5248   00062C                     l4796:
  5249   00062C  EC41  F00B         	call	_TMR1_OverflowStatusGet	;wreg free
  5250   000630  0900               	iorlw	0
  5251   000632  B4D8               	btfsc	status,2,c
  5252   000634  EF1E  F003         	goto	u3971
  5253   000638  EF20  F003         	goto	u3970
  5254   00063C                     u3971:
  5255   00063C  EF16  F003         	goto	l4796
  5256   000640                     u3970:
  5257   000640                     
  5258                           ;main.c: 233: 
  5259   000640  0ECE               	movlw	low STR_38
  5260   000642  0100               	movlb	0	; () banked
  5261   000644  6FCB               	movwf	printf@fmt& (0+255),b
  5262   000646  0E7E               	movlw	high STR_38
  5263   000648  6FCC               	movwf	(printf@fmt+1)& (0+255),b
  5264   00064A  C0D3  F0CD         	movff	main@letter,?_printf+2
  5265   00064E  6BCE               	clrf	(?_printf+3)& (0+255),b
  5266   000650  C0D3  F0CF         	movff	main@letter,?_printf+4
  5267   000654  6BD0               	clrf	(?_printf+5)& (0+255),b
  5268   000656  ECC9  F00A         	call	_printf	;wreg free
  5269   00065A                     
  5270                           ;main.c: 234: 
  5271   00065A  0100               	movlb	0	; () banked
  5272   00065C  2BD3               	incf	main@letter& (0+255),f,b
  5273                           
  5274                           ;main.c: 235:                 default:
  5275   00065E  EFCA  F000         	goto	l4676
  5276   000662                     l814:
  5277                           
  5278                           ; BSR set to: 0
  5279                           ;main.c: 242: }
  5280   000662  AAA4               	btfss	164,5,c	;volatile
  5281   000664  EF36  F003         	goto	u3981
  5282   000668  EF38  F003         	goto	u3980
  5283   00066C                     u3981:
  5284   00066C  EF43  F003         	goto	l4804
  5285   000670                     u3980:
  5286   000670                     
  5287                           ; BSR set to: 0
  5288                           ;main.c: 243: 
  5289   000670  0E38               	movlw	low STR_39
  5290   000672  6FCB               	movwf	printf@fmt& (0+255),b
  5291   000674  0E7E               	movlw	high STR_39
  5292   000676  6FCC               	movwf	(printf@fmt+1)& (0+255),b
  5293   000678  CF74 F0CD          	movff	3956,?_printf+2	;volatile
  5294   00067C  6BCE               	clrf	(?_printf+3)& (0+255),b
  5295   00067E  ECC9  F00A         	call	_printf	;wreg free
  5296   000682  EFCA  F000         	goto	l4676
  5297   000686                     l4804:
  5298                           
  5299                           ; BSR set to: 0
  5300                           ;main.c: 245: 
  5301   000686  0E18               	movlw	low STR_40
  5302   000688  6FCB               	movwf	printf@fmt& (0+255),b
  5303   00068A  0E7E               	movlw	high STR_40
  5304   00068C  6FCC               	movwf	(printf@fmt+1)& (0+255),b
  5305   00068E  ECC9  F00A         	call	_printf	;wreg free
  5306   000692  EFCA  F000         	goto	l4676
  5307   000696                     l817:
  5308                           
  5309                           ; BSR set to: 0
  5310                           ;main.c: 252:     uint8_t mask = 0b00000001;
  5311   000696  9871               	bcf	113,4,c	;volatile
  5312                           
  5313                           ;main.c: 253:     while (mask != 0) {
  5314   000698  8871               	bsf	113,4,c	;volatile
  5315   00069A                     
  5316                           ; BSR set to: 0
  5317                           ;main.c: 254:         if ((c & mask) != 0){
  5318   00069A  0EA4               	movlw	low STR_41
  5319   00069C  6FCB               	movwf	printf@fmt& (0+255),b
  5320   00069E  0E7E               	movlw	high STR_41
  5321   0006A0  6FCC               	movwf	(printf@fmt+1)& (0+255),b
  5322   0006A2  ECC9  F00A         	call	_printf	;wreg free
  5323                           
  5324                           ;main.c: 255:             ECCP2_LoadDutyValue(0);
  5325   0006A6  EFCA  F000         	goto	l4676
  5326   0006AA                     l4808:
  5327                           
  5328                           ; BSR set to: 0
  5329                           ;main.c: 261:         TMR1_CounterSet(0x10000 - bitPeriod[baudRateSelected]);
  5330   0006AA  0EF6               	movlw	low STR_42
  5331   0006AC  6FCB               	movwf	printf@fmt& (0+255),b
  5332   0006AE  0E7E               	movlw	high STR_42
  5333   0006B0  6FCC               	movwf	(printf@fmt+1)& (0+255),b
  5334   0006B2  C0D1  F0CD         	movff	main@cmd,?_printf+2
  5335   0006B6  6BCE               	clrf	(?_printf+3)& (0+255),b
  5336   0006B8  ECC9  F00A         	call	_printf	;wreg free
  5337                           
  5338                           ;main.c: 262:         PIR1bits.TMR1IF = 0;
  5339   0006BC  EFCA  F000         	goto	l4676
  5340   0006C0                     l4812:
  5341                           
  5342                           ; BSR set to: 0
  5343   0006C0  51D1               	movf	main@cmd& (0+255),w,b
  5344                           
  5345                           ; Switch size 1, requested type "simple"
  5346                           ; Number of cases is 9, Range of values is 63 to 122
  5347                           ; switch strategies available:
  5348                           ; Name         Instructions Cycles
  5349                           ; simple_byte           28    15 (average)
  5350                           ;	Chosen strategy is simple_byte
  5351   0006C2  0A3F               	xorlw	63	; case 63
  5352   0006C4  B4D8               	btfsc	status,2,c
  5353   0006C6  EFDA  F000         	goto	l4680
  5354   0006CA  0A6D               	xorlw	109	; case 82
  5355   0006CC  B4D8               	btfsc	status,2,c
  5356   0006CE  EF31  F003         	goto	l814
  5357   0006D2  0A01               	xorlw	1	; case 83
  5358   0006D4  B4D8               	btfsc	status,2,c
  5359   0006D6  EF91  F002         	goto	l4764
  5360   0006DA  0A09               	xorlw	9	; case 90
  5361   0006DC  B4D8               	btfsc	status,2,c
  5362   0006DE  EFA0  F001         	goto	l773
  5363   0006E2  0A38               	xorlw	56	; case 98
  5364   0006E4  B4D8               	btfsc	status,2,c
  5365   0006E6  EFC7  F001         	goto	l4724
  5366   0006EA  0A0D               	xorlw	13	; case 111
  5367   0006EC  B4D8               	btfsc	status,2,c
  5368   0006EE  EF98  F001         	goto	l4702
  5369   0006F2  0A1F               	xorlw	31	; case 112
  5370   0006F4  B4D8               	btfsc	status,2,c
  5371   0006F6  EF5F  F002         	goto	l4752
  5372   0006FA  0A02               	xorlw	2	; case 114
  5373   0006FC  B4D8               	btfsc	status,2,c
  5374   0006FE  EF4B  F003         	goto	l817
  5375   000702  0A08               	xorlw	8	; case 122
  5376   000704  B4D8               	btfsc	status,2,c
  5377   000706  EFB4  F001         	goto	l776
  5378   00070A  EF55  F003         	goto	l4808
  5379   00070E  EF5C  F000         	goto	start
  5380   000712                     __end_of_main:
  5381                           	callstack 0
  5382                           
  5383 ;; *************** function _printf *****************
  5384 ;; Defined at:
  5385 ;;		line 5 in file "/opt/microchip/xc8/v3.10/pic/sources/c99/common/printf.c"
  5386 ;; Parameters:    Size  Location     Type
  5387 ;;  fmt             2    0[BANK0 ] PTR const unsigned char 
  5388 ;;		 -> STR_48(13), STR_47(3), STR_46(10), STR_45(15), 
  5389 ;;		 -> STR_44(3), STR_43(21), STR_42(17), STR_41(21), 
  5390 ;;		 -> STR_40(32), STR_39(31), STR_38(21), STR_37(13), 
  5391 ;;		 -> STR_36(31), STR_35(16), STR_34(15), STR_33(15), 
  5392 ;;		 -> STR_32(15), STR_31(15), STR_30(14), STR_29(43), 
  5393 ;;		 -> STR_28(2), STR_27(2), STR_26(8), STR_25(52), 
  5394 ;;		 -> STR_24(19), STR_23(37), STR_22(34), STR_21(91), 
  5395 ;;		 -> STR_20(46), STR_19(24), STR_18(21), STR_17(7), 
  5396 ;;		 -> STR_16(15), STR_15(52), STR_14(12), STR_13(13), 
  5397 ;;		 -> STR_12(12), STR_11(12), STR_10(12), STR_9(12), 
  5398 ;;		 -> STR_8(11), STR_7(52), STR_6(5), STR_5(42), 
  5399 ;;		 -> STR_4(70), STR_3(22), STR_2(34), STR_1(10), 
  5400 ;; Auto vars:     Size  Location     Type
  5401 ;;  ret             2    0        int 
  5402 ;;  ap              1   67[COMRAM] PTR void [1]
  5403 ;;		 -> ?_printf(2), 
  5404 ;; Return value:  Size  Location     Type
  5405 ;;                  2    0[BANK0 ] int 
  5406 ;; Registers used:
  5407 ;;		wreg, fsr1l, fsr1h, fsr2l, fsr2h, status,2, status,0, tblptrl, tblptrh, tblptru, prodl, prodh, cstack
  5408 ;; Tracked objects:
  5409 ;;		On entry : 0/0
  5410 ;;		On exit  : 0/0
  5411 ;;		Unchanged: 0/0
  5412 ;; Data sizes:     COMRAM   BANK0   BANK1   BANK2   BANK3   BANK4   BANK5
  5413 ;;      Params:         0       6       0       0       0       0       0
  5414 ;;      Locals:         1       0       0       0       0       0       0
  5415 ;;      Temps:          0       0       0       0       0       0       0
  5416 ;;      Totals:         1       6       0       0       0       0       0
  5417 ;;Total ram usage:        7 bytes
  5418 ;; Hardware stack levels used: 1
  5419 ;; Hardware stack levels required when called: 9
  5420 ;; This function calls:
  5421 ;;		_vfprintf
  5422 ;; This function is called by:
  5423 ;;		_main
  5424 ;;		_transmitChar
  5425 ;;		_transmitBuffer
  5426 ;;		_writeToMessageBuffer
  5427 ;; This function uses a non-reentrant model
  5428 ;;
  5429                           
  5430                           	psect	text1
  5431   001592                     __ptext1:
  5432                           	callstack 0
  5433   001592                     _printf:
  5434                           	callstack 21
  5435   001592  0ECD               	movlw	low (?_printf+2)
  5436   001594  6E45               	movwf	printf@ap^0,c
  5437   001596  0E00               	movlw	0
  5438   001598  6E3E               	movwf	vfprintf@fp^0,c
  5439   00159A  0E00               	movlw	0
  5440   00159C  6E3F               	movwf	(vfprintf@fp+1)^0,c
  5441   00159E  C0CB  F040         	movff	printf@fmt,vfprintf@fmt
  5442   0015A2  C0CC  F041         	movff	printf@fmt+1,vfprintf@fmt+1
  5443   0015A6  0E45               	movlw	low printf@ap
  5444   0015A8  6E42               	movwf	vfprintf@ap^0,c
  5445   0015AA  EC6A  F009         	call	_vfprintf	;wreg free
  5446   0015AE  0012               	return		;funcret
  5447   0015B0                     __end_of_printf:
  5448                           	callstack 0
  5449                           
  5450 ;; *************** function _vfprintf *****************
  5451 ;; Defined at:
  5452 ;;		line 1817 in file "/opt/microchip/xc8/v3.10/pic/sources/c99/common/doprnt.c"
  5453 ;; Parameters:    Size  Location     Type
  5454 ;;  fp              2   60[COMRAM] PTR struct _IO_FILE
  5455 ;;		 -> NULL(0), 
  5456 ;;  fmt             2   62[COMRAM] PTR const unsigned char 
  5457 ;;		 -> STR_48(13), STR_47(3), STR_46(10), STR_45(15), 
  5458 ;;		 -> STR_44(3), STR_43(21), STR_42(17), STR_41(21), 
  5459 ;;		 -> STR_40(32), STR_39(31), STR_38(21), STR_37(13), 
  5460 ;;		 -> STR_36(31), STR_35(16), STR_34(15), STR_33(15), 
  5461 ;;		 -> STR_32(15), STR_31(15), STR_30(14), STR_29(43), 
  5462 ;;		 -> STR_28(2), STR_27(2), STR_26(8), STR_25(52), 
  5463 ;;		 -> STR_24(19), STR_23(37), STR_22(34), STR_21(91), 
  5464 ;;		 -> STR_20(46), STR_19(24), STR_18(21), STR_17(7), 
  5465 ;;		 -> STR_16(15), STR_15(52), STR_14(12), STR_13(13), 
  5466 ;;		 -> STR_12(12), STR_11(12), STR_10(12), STR_9(12), 
  5467 ;;		 -> STR_8(11), STR_7(52), STR_6(5), STR_5(42), 
  5468 ;;		 -> STR_4(70), STR_3(22), STR_2(34), STR_1(10), 
  5469 ;;  ap              1   64[COMRAM] PTR PTR void 
  5470 ;;		 -> printf@ap(1), 
  5471 ;; Auto vars:     Size  Location     Type
  5472 ;;  cfmt            2   65[COMRAM] PTR unsigned char 
  5473 ;;		 -> STR_48(13), STR_47(3), STR_46(10), STR_45(15), 
  5474 ;;		 -> STR_44(3), STR_43(21), STR_42(17), STR_41(21), 
  5475 ;;		 -> STR_40(32), STR_39(31), STR_38(21), STR_37(13), 
  5476 ;;		 -> STR_36(31), STR_35(16), STR_34(15), STR_33(15), 
  5477 ;;		 -> STR_32(15), STR_31(15), STR_30(14), STR_29(43), 
  5478 ;;		 -> STR_28(2), STR_27(2), STR_26(8), STR_25(52), 
  5479 ;;		 -> STR_24(19), STR_23(37), STR_22(34), STR_21(91), 
  5480 ;;		 -> STR_20(46), STR_19(24), STR_18(21), STR_17(7), 
  5481 ;;		 -> STR_16(15), STR_15(52), STR_14(12), STR_13(13), 
  5482 ;;		 -> STR_12(12), STR_11(12), STR_10(12), STR_9(12), 
  5483 ;;		 -> STR_8(11), STR_7(52), STR_6(5), STR_5(42), 
  5484 ;;		 -> STR_4(70), STR_3(22), STR_2(34), STR_1(10), 
  5485 ;; Return value:  Size  Location     Type
  5486 ;;                  2   60[COMRAM] int 
  5487 ;; Registers used:
  5488 ;;		wreg, fsr1l, fsr1h, fsr2l, fsr2h, status,2, status,0, tblptrl, tblptrh, tblptru, prodl, prodh, cstack
  5489 ;; Tracked objects:
  5490 ;;		On entry : 0/0
  5491 ;;		On exit  : 0/0
  5492 ;;		Unchanged: 0/0
  5493 ;; Data sizes:     COMRAM   BANK0   BANK1   BANK2   BANK3   BANK4   BANK5
  5494 ;;      Params:         5       0       0       0       0       0       0
  5495 ;;      Locals:         2       0       0       0       0       0       0
  5496 ;;      Temps:          0       0       0       0       0       0       0
  5497 ;;      Totals:         7       0       0       0       0       0       0
  5498 ;;Total ram usage:        7 bytes
  5499 ;; Hardware stack levels used: 1
  5500 ;; Hardware stack levels required when called: 8
  5501 ;; This function calls:
  5502 ;;		_vfpfcnvrt
  5503 ;; This function is called by:
  5504 ;;		_printf
  5505 ;; This function uses a non-reentrant model
  5506 ;;
  5507                           
  5508                           	psect	text2
  5509   0012D4                     __ptext2:
  5510                           	callstack 0
  5511   0012D4                     _vfprintf:
  5512                           	callstack 21
  5513   0012D4                     
  5514                           ;/opt/microchip/xc8/v3.10/pic/sources/c99/common/doprnt.c: 1817: int vfprintf(FILE *fp, 
      +                          const char *fmt, va_list ap);/opt/microchip/xc8/v3.10/pic/sources/c99/common/doprnt.c: 1
      +                          818: {;/opt/microchip/xc8/v3.10/pic/sources/c99/common/doprnt.c: 1820:     char *cfmt;;/
      +                          opt/microchip/xc8/v3.10/pic/sources/c99/common/doprnt.c: 1822:     cfmt = (char *)fmt;
  5515   0012D4  C040  F043         	movff	vfprintf@fmt,vfprintf@cfmt
  5516   0012D8  C041  F044         	movff	vfprintf@fmt+1,vfprintf@cfmt+1
  5517                           
  5518                           ;/opt/microchip/xc8/v3.10/pic/sources/c99/common/doprnt.c: 1826:     while (*cfmt) {
  5519   0012DC  EF7A  F009         	goto	l4456
  5520   0012E0                     l4454:
  5521                           
  5522                           ;/opt/microchip/xc8/v3.10/pic/sources/c99/common/doprnt.c: 1830:    vfpfcnvrt(fp, &cfmt,
      +                           ap);
  5523   0012E0  C03E  F030         	movff	vfprintf@fp,vfpfcnvrt@fp
  5524   0012E4  C03F  F031         	movff	vfprintf@fp+1,vfpfcnvrt@fp+1
  5525   0012E8  0E43               	movlw	low vfprintf@cfmt
  5526   0012EA  6E32               	movwf	vfpfcnvrt@fmt^0,c
  5527   0012EC  C042  F033         	movff	vfprintf@ap,vfpfcnvrt@ap
  5528   0012F0  EC89  F003         	call	_vfpfcnvrt	;wreg free
  5529   0012F4                     l4456:
  5530                           
  5531                           ;/opt/microchip/xc8/v3.10/pic/sources/c99/common/doprnt.c: 1826:     while (*cfmt) {
  5532   0012F4  C043  FFF6         	movff	vfprintf@cfmt,tblptrl
  5533   0012F8  C044  FFF7         	movff	vfprintf@cfmt+1,tblptrh
  5534   0012FC                     	if	0	;tblptru may be non-zero
  5535   0012FC                     	endif
  5536   0012FC                     	if	0	;tblptru may be non-zero
  5537   0012FC                     	endif
  5538   0012FC  0008               	tblrd		*
  5539   0012FE  50F5               	movf	tablat,w,c
  5540   001300  0900               	iorlw	0
  5541   001302  A4D8               	btfss	status,2,c
  5542   001304  EF86  F009         	goto	u3451
  5543   001308  EF88  F009         	goto	u3450
  5544   00130C                     u3451:
  5545   00130C  EF70  F009         	goto	l4454
  5546   001310                     u3450:
  5547   001310                     
  5548                           ;/opt/microchip/xc8/v3.10/pic/sources/c99/common/doprnt.c: 1835:  return 0;
  5549   001310  6A3F               	clrf	(?_vfprintf+1)^0,c
  5550   001312  0E00               	movlw	0
  5551   001314  6E3E               	movwf	?_vfprintf^0,c
  5552   001316  0012               	return		;funcret
  5553   001318                     __end_of_vfprintf:
  5554                           	callstack 0
  5555                           
  5556 ;; *************** function _vfpfcnvrt *****************
  5557 ;; Defined at:
  5558 ;;		line 1177 in file "/opt/microchip/xc8/v3.10/pic/sources/c99/common/doprnt.c"
  5559 ;; Parameters:    Size  Location     Type
  5560 ;;  fp              2   46[COMRAM] PTR struct _IO_FILE
  5561 ;;		 -> NULL(0), 
  5562 ;;  fmt             1   48[COMRAM] PTR PTR unsigned char 
  5563 ;;		 -> vfprintf@cfmt(2), 
  5564 ;;  ap              1   49[COMRAM] PTR PTR void 
  5565 ;;		 -> printf@ap(1), 
  5566 ;; Auto vars:     Size  Location     Type
  5567 ;;  convarg         4   54[COMRAM] struct .
  5568 ;;  cp              2   58[COMRAM] PTR unsigned char 
  5569 ;;		 -> STR_48(13), STR_47(3), STR_46(10), STR_45(15), 
  5570 ;;		 -> STR_44(3), STR_43(21), STR_42(17), STR_41(21), 
  5571 ;;		 -> STR_40(32), STR_39(31), STR_38(21), STR_37(13), 
  5572 ;;		 -> STR_36(31), STR_35(16), STR_34(15), STR_33(15), 
  5573 ;;		 -> STR_32(15), STR_31(15), STR_30(14), STR_29(43), 
  5574 ;;		 -> STR_28(2), STR_27(2), STR_26(8), STR_25(52), 
  5575 ;;		 -> STR_24(19), STR_23(37), STR_22(34), STR_21(91), 
  5576 ;;		 -> STR_20(46), STR_19(24), STR_18(21), STR_17(7), 
  5577 ;;		 -> STR_16(15), STR_15(52), STR_14(12), STR_13(13), 
  5578 ;;		 -> STR_12(12), STR_11(12), STR_10(12), STR_9(12), 
  5579 ;;		 -> STR_8(11), STR_7(52), STR_6(5), STR_5(42), 
  5580 ;;		 -> STR_4(70), STR_3(22), STR_2(34), STR_1(10), 
  5581 ;;  done            1   53[COMRAM] _Bool 
  5582 ;;  c               1   52[COMRAM] unsigned char 
  5583 ;; Return value:  Size  Location     Type
  5584 ;;                  1    wreg      void 
  5585 ;; Registers used:
  5586 ;;		wreg, fsr1l, fsr1h, fsr2l, fsr2h, status,2, status,0, tblptrl, tblptrh, tblptru, prodl, prodh, cstack
  5587 ;; Tracked objects:
  5588 ;;		On entry : 0/0
  5589 ;;		On exit  : 0/0
  5590 ;;		Unchanged: 0/0
  5591 ;; Data sizes:     COMRAM   BANK0   BANK1   BANK2   BANK3   BANK4   BANK5
  5592 ;;      Params:         4       0       0       0       0       0       0
  5593 ;;      Locals:         8       0       0       0       0       0       0
  5594 ;;      Temps:          2       0       0       0       0       0       0
  5595 ;;      Totals:        14       0       0       0       0       0       0
  5596 ;;Total ram usage:       14 bytes
  5597 ;; Hardware stack levels used: 1
  5598 ;; Hardware stack levels required when called: 7
  5599 ;; This function calls:
  5600 ;;		_ctoa
  5601 ;;		_dtoa
  5602 ;;		_fputc
  5603 ;;		_read_prec_or_width
  5604 ;;		_xtoa
  5605 ;; This function is called by:
  5606 ;;		_vfprintf
  5607 ;; This function uses a non-reentrant model
  5608 ;;
  5609                           
  5610                           	psect	text3
  5611   000712                     __ptext3:
  5612                           	callstack 0
  5613   000712                     _vfpfcnvrt:
  5614                           	callstack 21
  5615   000712                     
  5616                           ;/opt/microchip/xc8/v3.10/pic/sources/c99/common/doprnt.c: 1177: vfpfcnvrt(FILE *fp, cha
      +                          r *fmt[], va_list ap);/opt/microchip/xc8/v3.10/pic/sources/c99/common/doprnt.c: 1178: {;
      +                          /opt/microchip/xc8/v3.10/pic/sources/c99/common/doprnt.c: 1179:     char c, *cp;;/opt/mi
      +                          crochip/xc8/v3.10/pic/sources/c99/common/doprnt.c: 1180:     _Bool done;;/opt/microchip/
      +                          xc8/v3.10/pic/sources/c99/common/doprnt.c: 1188:  } convarg;;/opt/microchip/xc8/v3.10/pi
      +                          c/sources/c99/common/doprnt.c: 1201:     if ((*fmt)[0] == '%') {
  5617   000712  5032               	movf	vfpfcnvrt@fmt^0,w,c
  5618   000714  6ED9               	movwf	fsr2l,c
  5619   000716  6ADA               	clrf	fsr2h,c
  5620   000718  CFDE FFF6          	movff	postinc2,tblptrl
  5621   00071C  CFDD FFF7          	movff	postdec2,tblptrh
  5622   000720                     	if	0	;tblptru may be non-zero
  5623   000720                     	endif
  5624   000720                     	if	0	;tblptru may be non-zero
  5625   000720                     	endif
  5626   000720  0008               	tblrd		*
  5627   000722  50F5               	movf	tablat,w,c
  5628   000724  0A25               	xorlw	37
  5629   000726  A4D8               	btfss	status,2,c
  5630   000728  EF98  F003         	goto	u3381
  5631   00072C  EF9A  F003         	goto	u3380
  5632   000730                     u3381:
  5633   000730  EFA1  F004         	goto	l4342
  5634   000734                     u3380:
  5635   000734                     
  5636                           ;/opt/microchip/xc8/v3.10/pic/sources/c99/common/doprnt.c: 1202:         ++*fmt;
  5637   000734  5032               	movf	vfpfcnvrt@fmt^0,w,c
  5638   000736  6ED9               	movwf	fsr2l,c
  5639   000738  6ADA               	clrf	fsr2h,c
  5640   00073A  2ADE               	incf	postinc2,f,c
  5641   00073C  0E00               	movlw	0
  5642   00073E  22DD               	addwfc	postdec2,f,c
  5643   000740                     
  5644                           ;/opt/microchip/xc8/v3.10/pic/sources/c99/common/doprnt.c: 1204:         flags = width =
      +                           0;
  5645   000740  6A49               	clrf	(_width+1)^0,c
  5646   000742  0E00               	movlw	0
  5647   000744  6E48               	movwf	_width^0,c
  5648   000746  C048  F04C         	movff	_width,_flags
  5649   00074A                     
  5650                           ;/opt/microchip/xc8/v3.10/pic/sources/c99/common/doprnt.c: 1205:         prec = -1;
  5651   00074A  0100               	movlb	0	; () banked
  5652   00074C  6980               	setf	_prec& (0+255),b
  5653   00074E  6981               	setf	(_prec+1)& (0+255),b
  5654   000750                     
  5655                           ; BSR set to: 0
  5656                           ;/opt/microchip/xc8/v3.10/pic/sources/c99/common/doprnt.c: 1209:         done = 0;
  5657   000750  6A37               	clrf	vfpfcnvrt@done^0,c
  5658                           
  5659                           ;/opt/microchip/xc8/v3.10/pic/sources/c99/common/doprnt.c: 1210:         while (!done) {
  5660   000752  EFC7  F003         	goto	l4292
  5661   000756                     l4282:
  5662                           
  5663                           ;/opt/microchip/xc8/v3.10/pic/sources/c99/common/doprnt.c: 1220:                     fla
      +                          gs |= (1 << 1);
  5664   000756  824C               	bsf	_flags^0,1,c
  5665   000758                     
  5666                           ;/opt/microchip/xc8/v3.10/pic/sources/c99/common/doprnt.c: 1221:                     ++*
      +                          fmt;
  5667   000758  5032               	movf	vfpfcnvrt@fmt^0,w,c
  5668   00075A  6ED9               	movwf	fsr2l,c
  5669   00075C  6ADA               	clrf	fsr2h,c
  5670   00075E  2ADE               	incf	postinc2,f,c
  5671   000760  0E00               	movlw	0
  5672   000762  22DD               	addwfc	postdec2,f,c
  5673                           
  5674                           ;/opt/microchip/xc8/v3.10/pic/sources/c99/common/doprnt.c: 1222:                     bre
      +                          ak;
  5675   000764  EFC7  F003         	goto	l4292
  5676   000768                     l4286:
  5677                           
  5678                           ;/opt/microchip/xc8/v3.10/pic/sources/c99/common/doprnt.c: 1243:                     don
      +                          e = 1;
  5679   000768  0E01               	movlw	1
  5680   00076A  6E37               	movwf	vfpfcnvrt@done^0,c
  5681                           
  5682                           ;/opt/microchip/xc8/v3.10/pic/sources/c99/common/doprnt.c: 1244:                     bre
      +                          ak;
  5683   00076C  EFC7  F003         	goto	l4292
  5684   000770                     l4290:
  5685   000770  5032               	movf	vfpfcnvrt@fmt^0,w,c
  5686   000772  6ED9               	movwf	fsr2l,c
  5687   000774  6ADA               	clrf	fsr2h,c
  5688   000776  CFDE FFF6          	movff	postinc2,tblptrl
  5689   00077A  CFDD FFF7          	movff	postdec2,tblptrh
  5690   00077E                     	if	0	;tblptru may be non-zero
  5691   00077E                     	endif
  5692   00077E                     	if	0	;tblptru may be non-zero
  5693   00077E                     	endif
  5694   00077E  0008               	tblrd		*
  5695   000780  50F5               	movf	tablat,w,c
  5696                           
  5697                           ; Switch size 1, requested type "simple"
  5698                           ; Number of cases is 1, Range of values is 48 to 48
  5699                           ; switch strategies available:
  5700                           ; Name         Instructions Cycles
  5701                           ; simple_byte            4     3 (average)
  5702                           ;	Chosen strategy is simple_byte
  5703   000782  0A30               	xorlw	48	; case 48
  5704   000784  B4D8               	btfsc	status,2,c
  5705   000786  EFAB  F003         	goto	l4282
  5706   00078A  EFB4  F003         	goto	l4286
  5707   00078E                     l4292:
  5708                           
  5709                           ;/opt/microchip/xc8/v3.10/pic/sources/c99/common/doprnt.c: 1210:         while (!done) {
  5710   00078E  5037               	movf	vfpfcnvrt@done^0,w,c
  5711   000790  B4D8               	btfsc	status,2,c
  5712   000792  EFCD  F003         	goto	u3391
  5713   000796  EFCF  F003         	goto	u3390
  5714   00079A                     u3391:
  5715   00079A  EFB8  F003         	goto	l4290
  5716   00079E                     u3390:
  5717   00079E                     
  5718                           ;/opt/microchip/xc8/v3.10/pic/sources/c99/common/doprnt.c: 1256:   width = read_prec_or_
      +                          width(fmt, ap);
  5719   00079E  C032  F00A         	movff	vfpfcnvrt@fmt,read_prec_or_width@fmt
  5720   0007A2  C033  F00B         	movff	vfpfcnvrt@ap,read_prec_or_width@ap
  5721   0007A6  ECDD  F007         	call	_read_prec_or_width	;wreg free
  5722   0007AA  C00A  F048         	movff	?_read_prec_or_width,_width
  5723   0007AE  C00B  F049         	movff	?_read_prec_or_width+1,_width+1
  5724   0007B2                     
  5725                           ;/opt/microchip/xc8/v3.10/pic/sources/c99/common/doprnt.c: 1257:   if (width < 0) {
  5726   0007B2  BE49               	btfsc	(_width+1)^0,7,c
  5727   0007B4  EFE0  F003         	goto	u3400
  5728   0007B8  EFDE  F003         	goto	u3401
  5729   0007BC                     u3401:
  5730   0007BC  EFE5  F003         	goto	l4300
  5731   0007C0                     u3400:
  5732   0007C0                     
  5733                           ;/opt/microchip/xc8/v3.10/pic/sources/c99/common/doprnt.c: 1258:    flags |= (1 << 0);
  5734   0007C0  804C               	bsf	_flags^0,0,c
  5735                           
  5736                           ;/opt/microchip/xc8/v3.10/pic/sources/c99/common/doprnt.c: 1259:    width = -width;
  5737   0007C2  6C48               	negf	_width^0,c
  5738   0007C4  1E49               	comf	(_width+1)^0,f,c
  5739   0007C6  B0D8               	btfsc	status,0,c
  5740   0007C8  2A49               	incf	(_width+1)^0,f,c
  5741   0007CA                     l4300:
  5742                           
  5743                           ;/opt/microchip/xc8/v3.10/pic/sources/c99/common/doprnt.c: 1273:         if ((*fmt)[0] =
      +                          = 'c') {
  5744   0007CA  5032               	movf	vfpfcnvrt@fmt^0,w,c
  5745   0007CC  6ED9               	movwf	fsr2l,c
  5746   0007CE  6ADA               	clrf	fsr2h,c
  5747   0007D0  CFDE FFF6          	movff	postinc2,tblptrl
  5748   0007D4  CFDD FFF7          	movff	postdec2,tblptrh
  5749   0007D8                     	if	0	;tblptru may be non-zero
  5750   0007D8                     	endif
  5751   0007D8                     	if	0	;tblptru may be non-zero
  5752   0007D8                     	endif
  5753   0007D8  0008               	tblrd		*
  5754   0007DA  50F5               	movf	tablat,w,c
  5755   0007DC  0A63               	xorlw	99
  5756   0007DE  A4D8               	btfss	status,2,c
  5757   0007E0  EFF4  F003         	goto	u3411
  5758   0007E4  EFF6  F003         	goto	u3410
  5759   0007E8                     u3411:
  5760   0007E8  EF10  F004         	goto	l4310
  5761   0007EC                     u3410:
  5762   0007EC                     
  5763                           ;/opt/microchip/xc8/v3.10/pic/sources/c99/common/doprnt.c: 1274:             ++*fmt;
  5764   0007EC  5032               	movf	vfpfcnvrt@fmt^0,w,c
  5765   0007EE  6ED9               	movwf	fsr2l,c
  5766   0007F0  6ADA               	clrf	fsr2h,c
  5767   0007F2  2ADE               	incf	postinc2,f,c
  5768   0007F4  0E00               	movlw	0
  5769   0007F6  22DD               	addwfc	postdec2,f,c
  5770   0007F8                     
  5771                           ;/opt/microchip/xc8/v3.10/pic/sources/c99/common/doprnt.c: 1275:             c = (unsign
      +                          ed char)(*(int *)__va_arg(*(int **)ap, (int)0));
  5772   0007F8  5033               	movf	vfpfcnvrt@ap^0,w,c
  5773   0007FA  6ED9               	movwf	fsr2l,c
  5774   0007FC  6ADA               	clrf	fsr2h,c
  5775   0007FE  50DF               	movf	indf2,w,c
  5776   000800  2ADF               	incf	indf2,f,c
  5777   000802  2ADF               	incf	indf2,f,c
  5778   000804  6ED9               	movwf	fsr2l,c
  5779   000806  6ADA               	clrf	fsr2h,c
  5780   000808  50DF               	movf	indf2,w,c
  5781   00080A  6E36               	movwf	vfpfcnvrt@c^0,c
  5782   00080C                     
  5783                           ;/opt/microchip/xc8/v3.10/pic/sources/c99/common/doprnt.c: 1284:             return (voi
      +                          d) ctoa(fp, c);;	Return value of _vfpfcnvrt is never used
  5784   00080C  C030  F015         	movff	vfpfcnvrt@fp,ctoa@fp
  5785   000810  C031  F016         	movff	vfpfcnvrt@fp+1,ctoa@fp+1
  5786   000814  C036  F017         	movff	vfpfcnvrt@c,ctoa@c
  5787   000818  ECC5  F006         	call	_ctoa	;wreg free
  5788   00081C  EFB4  F004         	goto	l1750
  5789   000820                     l4310:
  5790                           
  5791                           ;/opt/microchip/xc8/v3.10/pic/sources/c99/common/doprnt.c: 1291:   cp = *fmt;
  5792   000820  5032               	movf	vfpfcnvrt@fmt^0,w,c
  5793   000822  6ED9               	movwf	fsr2l,c
  5794   000824  6ADA               	clrf	fsr2h,c
  5795   000826  CFDE F03C          	movff	postinc2,vfpfcnvrt@cp
  5796   00082A  CFDD F03D          	movff	postdec2,vfpfcnvrt@cp+1
  5797   00082E                     
  5798                           ;/opt/microchip/xc8/v3.10/pic/sources/c99/common/doprnt.c: 1361:   if (*cp == 'd' || *cp
      +                           == 'i') {
  5799   00082E  C03C  FFF6         	movff	vfpfcnvrt@cp,tblptrl
  5800   000832  C03D  FFF7         	movff	vfpfcnvrt@cp+1,tblptrh
  5801   000836                     	if	0	;tblptru may be non-zero
  5802   000836                     	endif
  5803   000836                     	if	0	;tblptru may be non-zero
  5804   000836                     	endif
  5805   000836  0008               	tblrd		*
  5806   000838  50F5               	movf	tablat,w,c
  5807   00083A  0A64               	xorlw	100
  5808   00083C  B4D8               	btfsc	status,2,c
  5809   00083E  EF23  F004         	goto	u3421
  5810   000842  EF25  F004         	goto	u3420
  5811   000846                     u3421:
  5812   000846  EF33  F004         	goto	l4316
  5813   00084A                     u3420:
  5814   00084A  C03C  FFF6         	movff	vfpfcnvrt@cp,tblptrl
  5815   00084E  C03D  FFF7         	movff	vfpfcnvrt@cp+1,tblptrh
  5816   000852                     	if	0	;tblptru may be non-zero
  5817   000852                     	endif
  5818   000852                     	if	0	;tblptru may be non-zero
  5819   000852                     	endif
  5820   000852  0008               	tblrd		*
  5821   000854  50F5               	movf	tablat,w,c
  5822   000856  0A69               	xorlw	105
  5823   000858  A4D8               	btfss	status,2,c
  5824   00085A  EF31  F004         	goto	u3431
  5825   00085E  EF33  F004         	goto	u3430
  5826   000862                     u3431:
  5827   000862  EF58  F004         	goto	l4324
  5828   000866                     u3430:
  5829   000866                     l4316:
  5830                           
  5831                           ;/opt/microchip/xc8/v3.10/pic/sources/c99/common/doprnt.c: 1404:    convarg.sint = (vfpf
      +                          _sint_t)(int)(*(int *)__va_arg(*(int **)ap, (int)0));
  5832   000866  5033               	movf	vfpfcnvrt@ap^0,w,c
  5833   000868  6ED9               	movwf	fsr2l,c
  5834   00086A  6ADA               	clrf	fsr2h,c
  5835   00086C  0E02               	movlw	2
  5836   00086E  26DF               	addwf	indf2,f,c
  5837   000870  5CDF               	subwf	indf2,w,c
  5838   000872  6ED9               	movwf	fsr2l,c
  5839   000874  6ADA               	clrf	fsr2h,c
  5840   000876  CFDE F038          	movff	postinc2,vfpfcnvrt@convarg
  5841   00087A  CFDE F039          	movff	postinc2,vfpfcnvrt@convarg+1
  5842   00087E                     
  5843                           ;/opt/microchip/xc8/v3.10/pic/sources/c99/common/doprnt.c: 1406:    *fmt = cp+1;
  5844   00087E  0E01               	movlw	1
  5845   000880  243C               	addwf	vfpfcnvrt@cp^0,w,c
  5846   000882  6E34               	movwf	??_vfpfcnvrt^0,c
  5847   000884  0E00               	movlw	0
  5848   000886  203D               	addwfc	(vfpfcnvrt@cp+1)^0,w,c
  5849   000888  6E35               	movwf	(??_vfpfcnvrt+1)^0,c
  5850   00088A  5032               	movf	vfpfcnvrt@fmt^0,w,c
  5851   00088C  6ED9               	movwf	fsr2l,c
  5852   00088E  6ADA               	clrf	fsr2h,c
  5853   000890  C034  FFDE         	movff	??_vfpfcnvrt,postinc2
  5854   000894  C035  FFDD         	movff	??_vfpfcnvrt+1,postdec2
  5855   000898                     
  5856                           ;/opt/microchip/xc8/v3.10/pic/sources/c99/common/doprnt.c: 1432:    return (void) dtoa(f
      +                          p, convarg.sint);;	Return value of _vfpfcnvrt is never used
  5857   000898  C030  F023         	movff	vfpfcnvrt@fp,dtoa@fp
  5858   00089C  C031  F024         	movff	vfpfcnvrt@fp+1,dtoa@fp+1
  5859   0008A0  C038  F025         	movff	vfpfcnvrt@convarg,dtoa@d
  5860   0008A4  C039  F026         	movff	vfpfcnvrt@convarg+1,dtoa@d+1
  5861   0008A8  ECB5  F004         	call	_dtoa	;wreg free
  5862   0008AC  EFB4  F004         	goto	l1750
  5863   0008B0                     l4324:
  5864   0008B0  C03C  FFF6         	movff	vfpfcnvrt@cp,tblptrl
  5865   0008B4  C03D  FFF7         	movff	vfpfcnvrt@cp+1,tblptrh
  5866   0008B8                     	if	0	;tblptru may be non-zero
  5867   0008B8                     	endif
  5868   0008B8                     	if	0	;tblptru may be non-zero
  5869   0008B8                     	endif
  5870   0008B8  0008               	tblrd		*
  5871   0008BA  50F5               	movf	tablat,w,c
  5872   0008BC  0A78               	xorlw	120
  5873   0008BE  A4D8               	btfss	status,2,c
  5874   0008C0  EF64  F004         	goto	u3441
  5875   0008C4  EF66  F004         	goto	u3440
  5876   0008C8                     u3441:
  5877   0008C8  EF99  F004         	goto	l4338
  5878   0008CC                     u3440:
  5879   0008CC                     
  5880                           ;/opt/microchip/xc8/v3.10/pic/sources/c99/common/doprnt.c: 1452:     ) {;/opt/microchip/
      +                          xc8/v3.10/pic/sources/c99/common/doprnt.c: 1495:    convarg.uint = (vfpf_uint_t)(unsigne
      +                          d int)(*(unsigned int *)__va_arg(*(unsigned int **)ap, (unsigned int)0));
  5881   0008CC  5033               	movf	vfpfcnvrt@ap^0,w,c
  5882   0008CE  6ED9               	movwf	fsr2l,c
  5883   0008D0  6ADA               	clrf	fsr2h,c
  5884   0008D2  0E02               	movlw	2
  5885   0008D4  26DF               	addwf	indf2,f,c
  5886   0008D6  5CDF               	subwf	indf2,w,c
  5887   0008D8  6ED9               	movwf	fsr2l,c
  5888   0008DA  6ADA               	clrf	fsr2h,c
  5889   0008DC  CFDE F038          	movff	postinc2,vfpfcnvrt@convarg
  5890   0008E0  CFDE F039          	movff	postinc2,vfpfcnvrt@convarg+1
  5891   0008E4                     
  5892                           ;/opt/microchip/xc8/v3.10/pic/sources/c99/common/doprnt.c: 1497:    *fmt = cp+1;
  5893   0008E4  0E01               	movlw	1
  5894   0008E6  243C               	addwf	vfpfcnvrt@cp^0,w,c
  5895   0008E8  6E34               	movwf	??_vfpfcnvrt^0,c
  5896   0008EA  0E00               	movlw	0
  5897   0008EC  203D               	addwfc	(vfpfcnvrt@cp+1)^0,w,c
  5898   0008EE  6E35               	movwf	(??_vfpfcnvrt+1)^0,c
  5899   0008F0  5032               	movf	vfpfcnvrt@fmt^0,w,c
  5900   0008F2  6ED9               	movwf	fsr2l,c
  5901   0008F4  6ADA               	clrf	fsr2h,c
  5902   0008F6  C034  FFDE         	movff	??_vfpfcnvrt,postinc2
  5903   0008FA  C035  FFDD         	movff	??_vfpfcnvrt+1,postdec2
  5904                           
  5905                           ;/opt/microchip/xc8/v3.10/pic/sources/c99/common/doprnt.c: 1498:    switch (*cp) {
  5906   0008FE  EF8D  F004         	goto	l4336
  5907   000902                     l4330:
  5908                           
  5909                           ;/opt/microchip/xc8/v3.10/pic/sources/c99/common/doprnt.c: 1586:      return (void) xtoa
      +                          (fp,convarg.uint);;	Return value of _vfpfcnvrt is never used
  5910   000902  C030  F023         	movff	vfpfcnvrt@fp,xtoa@fp
  5911   000906  C031  F024         	movff	vfpfcnvrt@fp+1,xtoa@fp+1
  5912   00090A  C038  F025         	movff	vfpfcnvrt@convarg,xtoa@d
  5913   00090E  C039  F026         	movff	vfpfcnvrt@convarg+1,xtoa@d+1
  5914   000912  ECE4  F005         	call	_xtoa	;wreg free
  5915   000916  EFB4  F004         	goto	l1750
  5916   00091A                     l4336:
  5917   00091A  C03C  FFF6         	movff	vfpfcnvrt@cp,tblptrl
  5918   00091E  C03D  FFF7         	movff	vfpfcnvrt@cp+1,tblptrh
  5919   000922                     	if	0	;tblptru may be non-zero
  5920   000922                     	endif
  5921   000922                     	if	0	;tblptru may be non-zero
  5922   000922                     	endif
  5923   000922  0008               	tblrd		*
  5924   000924  50F5               	movf	tablat,w,c
  5925                           
  5926                           ; Switch size 1, requested type "simple"
  5927                           ; Number of cases is 1, Range of values is 120 to 120
  5928                           ; switch strategies available:
  5929                           ; Name         Instructions Cycles
  5930                           ; simple_byte            4     3 (average)
  5931                           ;	Chosen strategy is simple_byte
  5932   000926  0A78               	xorlw	120	; case 120
  5933   000928  B4D8               	btfsc	status,2,c
  5934   00092A  EF81  F004         	goto	l4330
  5935   00092E  EF99  F004         	goto	l4338
  5936   000932                     l4338:
  5937                           
  5938                           ;/opt/microchip/xc8/v3.10/pic/sources/c99/common/doprnt.c: 1806:         ++*fmt;
  5939   000932  5032               	movf	vfpfcnvrt@fmt^0,w,c
  5940   000934  6ED9               	movwf	fsr2l,c
  5941   000936  6ADA               	clrf	fsr2h,c
  5942   000938  2ADE               	incf	postinc2,f,c
  5943   00093A  0E00               	movlw	0
  5944   00093C  22DD               	addwfc	postdec2,f,c
  5945   00093E  EFB4  F004         	goto	l1750
  5946   000942                     l4342:
  5947                           
  5948                           ;/opt/microchip/xc8/v3.10/pic/sources/c99/common/doprnt.c: 1811:     fputc((int)(*fmt)[0
      +                          ], fp);
  5949   000942  5032               	movf	vfpfcnvrt@fmt^0,w,c
  5950   000944  6ED9               	movwf	fsr2l,c
  5951   000946  6ADA               	clrf	fsr2h,c
  5952   000948  CFDE FFF6          	movff	postinc2,tblptrl
  5953   00094C  CFDD FFF7          	movff	postdec2,tblptrh
  5954   000950                     	if	0	;tblptru may be non-zero
  5955   000950                     	endif
  5956   000950                     	if	0	;tblptru may be non-zero
  5957   000950                     	endif
  5958   000950  0008               	tblrd		*
  5959   000952  50F5               	movf	tablat,w,c
  5960   000954  6E0C               	movwf	fputc@c^0,c
  5961   000956  6A0D               	clrf	(fputc@c+1)^0,c
  5962   000958  C030  F00E         	movff	vfpfcnvrt@fp,fputc@fp
  5963   00095C  C031  F00F         	movff	vfpfcnvrt@fp+1,fputc@fp+1
  5964   000960  EC60  F006         	call	_fputc	;wreg free
  5965   000964  EF99  F004         	goto	l4338
  5966   000968                     l1750:
  5967   000968  0012               	return		;funcret
  5968   00096A                     __end_of_vfpfcnvrt:
  5969                           	callstack 0
  5970                           
  5971 ;; *************** function _xtoa *****************
  5972 ;; Defined at:
  5973 ;;		line 1055 in file "/opt/microchip/xc8/v3.10/pic/sources/c99/common/doprnt.c"
  5974 ;; Parameters:    Size  Location     Type
  5975 ;;  fp              2   33[COMRAM] PTR struct _IO_FILE
  5976 ;;		 -> NULL(0), 
  5977 ;;  d               2   35[COMRAM] unsigned int 
  5978 ;; Auto vars:     Size  Location     Type
  5979 ;;  i               2   44[COMRAM] int 
  5980 ;;  w               2   41[COMRAM] int 
  5981 ;;  c               1   43[COMRAM] unsigned char 
  5982 ;;  p               1   40[COMRAM] _Bool 
  5983 ;; Return value:  Size  Location     Type
  5984 ;;                  1    wreg      void 
  5985 ;; Registers used:
  5986 ;;		wreg, fsr1l, fsr1h, fsr2l, fsr2h, status,2, status,0, cstack
  5987 ;; Tracked objects:
  5988 ;;		On entry : 0/0
  5989 ;;		On exit  : 0/0
  5990 ;;		Unchanged: 0/0
  5991 ;; Data sizes:     COMRAM   BANK0   BANK1   BANK2   BANK3   BANK4   BANK5
  5992 ;;      Params:         4       0       0       0       0       0       0
  5993 ;;      Locals:         6       0       0       0       0       0       0
  5994 ;;      Temps:          3       0       0       0       0       0       0
  5995 ;;      Totals:        13       0       0       0       0       0       0
  5996 ;;Total ram usage:       13 bytes
  5997 ;; Hardware stack levels used: 1
  5998 ;; Hardware stack levels required when called: 4
  5999 ;; This function calls:
  6000 ;;		_pad
  6001 ;; This function is called by:
  6002 ;;		_vfpfcnvrt
  6003 ;; This function uses a non-reentrant model
  6004 ;;
  6005                           
  6006                           	psect	text4
  6007   000BC8                     __ptext4:
  6008                           	callstack 0
  6009   000BC8                     _xtoa:
  6010                           	callstack 23
  6011   000BC8                     
  6012                           ;/opt/microchip/xc8/v3.10/pic/sources/c99/common/doprnt.c: 1055: static void xtoa(FILE *
      +                          fp, vfpf_uint_t d);/opt/microchip/xc8/v3.10/pic/sources/c99/common/doprnt.c: 1058: {;/op
      +                          t/microchip/xc8/v3.10/pic/sources/c99/common/doprnt.c: 1059:  char c;;/opt/microchip/xc8
      +                          /v3.10/pic/sources/c99/common/doprnt.c: 1063:     int i, w;;/opt/microchip/xc8/v3.10/pic
      +                          /sources/c99/common/doprnt.c: 1067:  _Bool p = 1;
  6013   000BC8  0E01               	movlw	1
  6014   000BCA  6E2A               	movwf	xtoa@p^0,c
  6015   000BCC                     
  6016                           ;/opt/microchip/xc8/v3.10/pic/sources/c99/common/doprnt.c: 1082:     w = width;
  6017   000BCC  C048  F02B         	movff	_width,xtoa@w
  6018   000BD0  C049  F02C         	movff	_width+1,xtoa@w+1
  6019                           
  6020                           ;/opt/microchip/xc8/v3.10/pic/sources/c99/common/doprnt.c: 1095:     i = sizeof(dbuf) - 
      +                          1;
  6021   000BD4  6A2F               	clrf	(xtoa@i+1)^0,c
  6022   000BD6  0E1F               	movlw	31
  6023   000BD8  6E2E               	movwf	xtoa@i^0,c
  6024   000BDA                     
  6025                           ;/opt/microchip/xc8/v3.10/pic/sources/c99/common/doprnt.c: 1096:     dbuf[i] = '\0';
  6026   000BDA  0100               	movlb	0	; () banked
  6027   000BDC  6BBE               	clrf	(_dbuf+31)& (0+255),b
  6028                           
  6029                           ;/opt/microchip/xc8/v3.10/pic/sources/c99/common/doprnt.c: 1097:     while (!(i < 2) && 
      +                          (d != 0
  6030   000BDE  EF1F  F006         	goto	l4222
  6031   000BE2                     l4204:
  6032                           
  6033                           ;/opt/microchip/xc8/v3.10/pic/sources/c99/common/doprnt.c: 1106:     )) {;/opt/microchip
      +                          /xc8/v3.10/pic/sources/c99/common/doprnt.c: 1107:         --i;
  6034   000BE2  062E               	decf	xtoa@i^0,f,c
  6035   000BE4  A0D8               	btfss	status,0,c
  6036   000BE6  062F               	decf	(xtoa@i+1)^0,f,c
  6037   000BE8                     
  6038                           ;/opt/microchip/xc8/v3.10/pic/sources/c99/common/doprnt.c: 1108:         c = d & 0x0f;
  6039   000BE8  5025               	movf	xtoa@d^0,w,c
  6040   000BEA  0B0F               	andlw	15
  6041   000BEC  6E2D               	movwf	xtoa@c^0,c
  6042   000BEE                     
  6043                           ;/opt/microchip/xc8/v3.10/pic/sources/c99/common/doprnt.c: 1109:   if (c < 10) {
  6044   000BEE  0E0A               	movlw	10
  6045   000BF0  602D               	cpfslt	xtoa@c^0,c
  6046   000BF2  EFFD  F005         	goto	u3251
  6047   000BF6  EFFF  F005         	goto	u3250
  6048   000BFA                     u3251:
  6049   000BFA  EF03  F006         	goto	l4212
  6050   000BFE                     u3250:
  6051   000BFE                     
  6052                           ;/opt/microchip/xc8/v3.10/pic/sources/c99/common/doprnt.c: 1110:    c += '0';
  6053   000BFE  0E30               	movlw	48
  6054   000C00  262D               	addwf	xtoa@c^0,f,c
  6055                           
  6056                           ;/opt/microchip/xc8/v3.10/pic/sources/c99/common/doprnt.c: 1111:   }
  6057   000C02  EF05  F006         	goto	l4214
  6058   000C06                     l4212:
  6059                           
  6060                           ;/opt/microchip/xc8/v3.10/pic/sources/c99/common/doprnt.c: 1116:    c += 'a' - 10;
  6061   000C06  0E57               	movlw	87
  6062   000C08  262D               	addwf	xtoa@c^0,f,c
  6063   000C0A                     l4214:
  6064                           
  6065                           ;/opt/microchip/xc8/v3.10/pic/sources/c99/common/doprnt.c: 1121:   dbuf[i] = c;
  6066   000C0A  502E               	movf	xtoa@i^0,w,c
  6067   000C0C  0F9F               	addlw	low _dbuf
  6068   000C0E  6ED9               	movwf	fsr2l,c
  6069   000C10  6ADA               	clrf	fsr2h,c
  6070   000C12  C02D  FFDF         	movff	xtoa@c,indf2
  6071   000C16                     
  6072                           ;/opt/microchip/xc8/v3.10/pic/sources/c99/common/doprnt.c: 1125:   p = 0;
  6073   000C16  6A2A               	clrf	xtoa@p^0,c
  6074   000C18                     
  6075                           ;/opt/microchip/xc8/v3.10/pic/sources/c99/common/doprnt.c: 1127:         --w;
  6076   000C18  062B               	decf	xtoa@w^0,f,c
  6077   000C1A  A0D8               	btfss	status,0,c
  6078   000C1C  062C               	decf	(xtoa@w+1)^0,f,c
  6079   000C1E                     
  6080                           ;/opt/microchip/xc8/v3.10/pic/sources/c99/common/doprnt.c: 1128:         d = d >> 4;
  6081   000C1E  C025  F027         	movff	xtoa@d,??_xtoa
  6082   000C22  C026  F028         	movff	xtoa@d+1,??_xtoa+1
  6083   000C26  0E04               	movlw	4
  6084   000C28  6E29               	movwf	(??_xtoa+2)^0,c
  6085   000C2A                     u3265:
  6086   000C2A  90D8               	bcf	status,0,c
  6087   000C2C  3228               	rrcf	(??_xtoa+1)^0,f,c
  6088   000C2E  3227               	rrcf	??_xtoa^0,f,c
  6089   000C30  2E29               	decfsz	(??_xtoa+2)^0,f,c
  6090   000C32  EF15  F006         	goto	u3265
  6091   000C36  C027  F025         	movff	??_xtoa,xtoa@d
  6092   000C3A  C028  F026         	movff	??_xtoa+1,xtoa@d+1
  6093   000C3E                     l4222:
  6094                           
  6095                           ;/opt/microchip/xc8/v3.10/pic/sources/c99/common/doprnt.c: 1097:     while (!(i < 2) && 
      +                          (d != 0
  6096   000C3E  BE2F               	btfsc	(xtoa@i+1)^0,7,c
  6097   000C40  EF2B  F006         	goto	u3271
  6098   000C44  502F               	movf	(xtoa@i+1)^0,w,c
  6099   000C46  E109               	bnz	u3270
  6100   000C48  0E02               	movlw	2
  6101   000C4A  5C2E               	subwf	xtoa@i^0,w,c
  6102   000C4C  A0D8               	btfss	status,0,c
  6103   000C4E  EF2B  F006         	goto	u3271
  6104   000C52  EF2D  F006         	goto	u3270
  6105   000C56                     u3271:
  6106   000C56  EF52  F006         	goto	l4232
  6107   000C5A                     u3270:
  6108   000C5A  5025               	movf	xtoa@d^0,w,c
  6109   000C5C  1026               	iorwf	(xtoa@d+1)^0,w,c
  6110   000C5E  A4D8               	btfss	status,2,c
  6111   000C60  EF34  F006         	goto	u3281
  6112   000C64  EF36  F006         	goto	u3280
  6113   000C68                     u3281:
  6114   000C68  EFF1  F005         	goto	l4204
  6115   000C6C                     u3280:
  6116   000C6C  502A               	movf	xtoa@p^0,w,c
  6117   000C6E  A4D8               	btfss	status,2,c
  6118   000C70  EF3C  F006         	goto	u3291
  6119   000C74  EF3E  F006         	goto	u3290
  6120   000C78                     u3291:
  6121   000C78  EFF1  F005         	goto	l4204
  6122   000C7C                     u3290:
  6123   000C7C  BE2C               	btfsc	(xtoa@w+1)^0,7,c
  6124   000C7E  EF49  F006         	goto	u3301
  6125   000C82  502C               	movf	(xtoa@w+1)^0,w,c
  6126   000C84  E108               	bnz	u3300
  6127   000C86  042B               	decf	xtoa@w^0,w,c
  6128   000C88  A0D8               	btfss	status,0,c
  6129   000C8A  EF49  F006         	goto	u3301
  6130   000C8E  EF4B  F006         	goto	u3300
  6131   000C92                     u3301:
  6132   000C92  EF52  F006         	goto	l4232
  6133   000C96                     u3300:
  6134   000C96  B24C               	btfsc	_flags^0,1,c
  6135   000C98  EF50  F006         	goto	u3311
  6136   000C9C  EF52  F006         	goto	u3310
  6137   000CA0                     u3311:
  6138   000CA0  EFF1  F005         	goto	l4204
  6139   000CA4                     u3310:
  6140   000CA4                     l4232:
  6141                           
  6142                           ;/opt/microchip/xc8/v3.10/pic/sources/c99/common/doprnt.c: 1152:     return (void) pad(f
      +                          p, &dbuf[i], w);
  6143   000CA4  C023  F01B         	movff	xtoa@fp,pad@fp
  6144   000CA8  C024  F01C         	movff	xtoa@fp+1,pad@fp+1
  6145   000CAC  502E               	movf	xtoa@i^0,w,c
  6146   000CAE  0F9F               	addlw	low _dbuf
  6147   000CB0  6E1D               	movwf	pad@buf^0,c
  6148   000CB2  C02B  F01E         	movff	xtoa@w,pad@p
  6149   000CB6  C02C  F01F         	movff	xtoa@w+1,pad@p+1
  6150   000CBA  EC81  F008         	call	_pad	;wreg free
  6151   000CBE  0012               	return		;funcret
  6152   000CC0                     __end_of_xtoa:
  6153                           	callstack 0
  6154                           
  6155 ;; *************** function _read_prec_or_width *****************
  6156 ;; Defined at:
  6157 ;;		line 1158 in file "/opt/microchip/xc8/v3.10/pic/sources/c99/common/doprnt.c"
  6158 ;; Parameters:    Size  Location     Type
  6159 ;;  fmt             1    8[COMRAM] PTR PTR const unsigned c
  6160 ;;		 -> vfprintf@cfmt(2), 
  6161 ;;  ap              1    9[COMRAM] PTR PTR void [1]
  6162 ;;		 -> printf@ap(1), 
  6163 ;; Auto vars:     Size  Location     Type
  6164 ;;  c               1   12[COMRAM] unsigned char 
  6165 ;;  n               2   13[COMRAM] int 
  6166 ;; Return value:  Size  Location     Type
  6167 ;;                  2    8[COMRAM] int 
  6168 ;; Registers used:
  6169 ;;		wreg, fsr2l, fsr2h, status,2, status,0, tblptrl, tblptrh, tblptru, prodl, prodh
  6170 ;; Tracked objects:
  6171 ;;		On entry : 0/0
  6172 ;;		On exit  : 0/0
  6173 ;;		Unchanged: 0/0
  6174 ;; Data sizes:     COMRAM   BANK0   BANK1   BANK2   BANK3   BANK4   BANK5
  6175 ;;      Params:         2       0       0       0       0       0       0
  6176 ;;      Locals:         3       0       0       0       0       0       0
  6177 ;;      Temps:          2       0       0       0       0       0       0
  6178 ;;      Totals:         7       0       0       0       0       0       0
  6179 ;;Total ram usage:        7 bytes
  6180 ;; Hardware stack levels used: 1
  6181 ;; Hardware stack levels required when called: 3
  6182 ;; This function calls:
  6183 ;;		Nothing
  6184 ;; This function is called by:
  6185 ;;		_vfpfcnvrt
  6186 ;; This function uses a non-reentrant model
  6187 ;;
  6188                           
  6189                           	psect	text5
  6190   000FBA                     __ptext5:
  6191                           	callstack 0
  6192   000FBA                     _read_prec_or_width:
  6193                           	callstack 24
  6194   000FBA                     
  6195                           ;/opt/microchip/xc8/v3.10/pic/sources/c99/common/doprnt.c: 1159:     int n = 0;
  6196   000FBA  6A10               	clrf	(read_prec_or_width@n+1)^0,c
  6197   000FBC  0E00               	movlw	0
  6198   000FBE  6E0F               	movwf	read_prec_or_width@n^0,c
  6199   000FC0                     
  6200                           ;/opt/microchip/xc8/v3.10/pic/sources/c99/common/doprnt.c: 1160:     if ((*fmt)[0] == '*
      +                          ') {
  6201   000FC0  500A               	movf	read_prec_or_width@fmt^0,w,c
  6202   000FC2  6ED9               	movwf	fsr2l,c
  6203   000FC4  6ADA               	clrf	fsr2h,c
  6204   000FC6  CFDE FFF6          	movff	postinc2,tblptrl
  6205   000FCA  CFDD FFF7          	movff	postdec2,tblptrh
  6206   000FCE                     	if	0	;tblptru may be non-zero
  6207   000FCE                     	endif
  6208   000FCE                     	if	0	;tblptru may be non-zero
  6209   000FCE                     	endif
  6210   000FCE  0008               	tblrd		*
  6211   000FD0  50F5               	movf	tablat,w,c
  6212   000FD2  0A2A               	xorlw	42
  6213   000FD4  A4D8               	btfss	status,2,c
  6214   000FD6  EFEF  F007         	goto	u3321
  6215   000FDA  EFF1  F007         	goto	u3320
  6216   000FDE                     u3321:
  6217   000FDE  EF1A  F008         	goto	l4248
  6218   000FE2                     u3320:
  6219   000FE2                     
  6220                           ;/opt/microchip/xc8/v3.10/pic/sources/c99/common/doprnt.c: 1161:         ++*fmt;
  6221   000FE2  500A               	movf	read_prec_or_width@fmt^0,w,c
  6222   000FE4  6ED9               	movwf	fsr2l,c
  6223   000FE6  6ADA               	clrf	fsr2h,c
  6224   000FE8  2ADE               	incf	postinc2,f,c
  6225   000FEA  0E00               	movlw	0
  6226   000FEC  22DD               	addwfc	postdec2,f,c
  6227   000FEE                     
  6228                           ;/opt/microchip/xc8/v3.10/pic/sources/c99/common/doprnt.c: 1162:         n = (*(int *)__
      +                          va_arg(*(int **)*ap, (int)0));
  6229   000FEE  500B               	movf	read_prec_or_width@ap^0,w,c
  6230   000FF0  6ED9               	movwf	fsr2l,c
  6231   000FF2  6ADA               	clrf	fsr2h,c
  6232   000FF4  0E02               	movlw	2
  6233   000FF6  26DF               	addwf	indf2,f,c
  6234   000FF8  5CDF               	subwf	indf2,w,c
  6235   000FFA  6ED9               	movwf	fsr2l,c
  6236   000FFC  6ADA               	clrf	fsr2h,c
  6237   000FFE  CFDE F00F          	movff	postinc2,read_prec_or_width@n
  6238   001002  CFDE F010          	movff	postinc2,read_prec_or_width@n+1
  6239                           
  6240                           ;/opt/microchip/xc8/v3.10/pic/sources/c99/common/doprnt.c: 1163:     } else {
  6241   001006  EF2D  F008         	goto	l1733
  6242   00100A                     l4244:
  6243                           
  6244                           ;/opt/microchip/xc8/v3.10/pic/sources/c99/common/doprnt.c: 1166:             n = n * 10 
      +                          + c;
  6245   00100A  0E0A               	movlw	10
  6246   00100C  020F               	mulwf	read_prec_or_width@n^0,c
  6247   00100E  CFF3 F00C          	movff	prodl,??_read_prec_or_width
  6248   001012  CFF4 F00D          	movff	prodh,??_read_prec_or_width+1
  6249   001016  0210               	mulwf	(read_prec_or_width@n+1)^0,c
  6250   001018  50F3               	movf	prodl,w,c
  6251   00101A  260D               	addwf	(??_read_prec_or_width+1)^0,f,c
  6252   00101C  500E               	movf	read_prec_or_width@c^0,w,c
  6253   00101E  240C               	addwf	??_read_prec_or_width^0,w,c
  6254   001020  6E0F               	movwf	read_prec_or_width@n^0,c
  6255   001022  0E00               	movlw	0
  6256   001024  200D               	addwfc	(??_read_prec_or_width+1)^0,w,c
  6257   001026  6E10               	movwf	(read_prec_or_width@n+1)^0,c
  6258   001028                     
  6259                           ;/opt/microchip/xc8/v3.10/pic/sources/c99/common/doprnt.c: 1167:             ++*fmt;
  6260   001028  500A               	movf	read_prec_or_width@fmt^0,w,c
  6261   00102A  6ED9               	movwf	fsr2l,c
  6262   00102C  6ADA               	clrf	fsr2h,c
  6263   00102E  2ADE               	incf	postinc2,f,c
  6264   001030  0E00               	movlw	0
  6265   001032  22DD               	addwfc	postdec2,f,c
  6266   001034                     l4248:
  6267                           
  6268                           ;/opt/microchip/xc8/v3.10/pic/sources/c99/common/doprnt.c: 1165:         while ((c = ((u
      +                          nsigned)(*fmt)[0]) - '0') < 10) {
  6269   001034  500A               	movf	read_prec_or_width@fmt^0,w,c
  6270   001036  6ED9               	movwf	fsr2l,c
  6271   001038  6ADA               	clrf	fsr2h,c
  6272   00103A  CFDE FFF6          	movff	postinc2,tblptrl
  6273   00103E  CFDD FFF7          	movff	postdec2,tblptrh
  6274   001042                     	if	0	;tblptru may be non-zero
  6275   001042                     	endif
  6276   001042                     	if	0	;tblptru may be non-zero
  6277   001042                     	endif
  6278   001042  0008               	tblrd		*
  6279   001044  50F5               	movf	tablat,w,c
  6280   001046  0FD0               	addlw	208
  6281   001048  6E0E               	movwf	read_prec_or_width@c^0,c
  6282   00104A  0E09               	movlw	9
  6283   00104C  640E               	cpfsgt	read_prec_or_width@c^0,c
  6284   00104E  EF2B  F008         	goto	u3331
  6285   001052  EF2D  F008         	goto	u3330
  6286   001056                     u3331:
  6287   001056  EF05  F008         	goto	l4244
  6288   00105A                     u3330:
  6289   00105A                     l1733:
  6290                           
  6291                           ;/opt/microchip/xc8/v3.10/pic/sources/c99/common/doprnt.c: 1170:     return n;
  6292   00105A  C00F  F00A         	movff	read_prec_or_width@n,?_read_prec_or_width
  6293   00105E  C010  F00B         	movff	read_prec_or_width@n+1,?_read_prec_or_width+1
  6294   001062  0012               	return		;funcret
  6295   001064                     __end_of_read_prec_or_width:
  6296                           	callstack 0
  6297                           
  6298 ;; *************** function _dtoa *****************
  6299 ;; Defined at:
  6300 ;;		line 513 in file "/opt/microchip/xc8/v3.10/pic/sources/c99/common/doprnt.c"
  6301 ;; Parameters:    Size  Location     Type
  6302 ;;  fp              2   33[COMRAM] PTR struct _IO_FILE
  6303 ;;		 -> NULL(0), 
  6304 ;;  d               2   35[COMRAM] int 
  6305 ;; Auto vars:     Size  Location     Type
  6306 ;;  i               2   43[COMRAM] int 
  6307 ;;  w               2   40[COMRAM] int 
  6308 ;;  s               1   42[COMRAM] unsigned char 
  6309 ;;  p               1   39[COMRAM] _Bool 
  6310 ;; Return value:  Size  Location     Type
  6311 ;;                  1    wreg      void 
  6312 ;; Registers used:
  6313 ;;		wreg, fsr1l, fsr1h, fsr2l, fsr2h, status,2, status,0, cstack
  6314 ;; Tracked objects:
  6315 ;;		On entry : 0/0
  6316 ;;		On exit  : 0/0
  6317 ;;		Unchanged: 0/0
  6318 ;; Data sizes:     COMRAM   BANK0   BANK1   BANK2   BANK3   BANK4   BANK5
  6319 ;;      Params:         4       0       0       0       0       0       0
  6320 ;;      Locals:         8       0       0       0       0       0       0
  6321 ;;      Temps:          0       0       0       0       0       0       0
  6322 ;;      Totals:        12       0       0       0       0       0       0
  6323 ;;Total ram usage:       12 bytes
  6324 ;; Hardware stack levels used: 1
  6325 ;; Hardware stack levels required when called: 6
  6326 ;; This function calls:
  6327 ;;		___awdiv
  6328 ;;		___awmod
  6329 ;;		_abs
  6330 ;;		_pad
  6331 ;; This function is called by:
  6332 ;;		_vfpfcnvrt
  6333 ;; This function uses a non-reentrant model
  6334 ;;
  6335                           
  6336                           	psect	text6
  6337   00096A                     __ptext6:
  6338                           	callstack 0
  6339   00096A                     _dtoa:
  6340                           	callstack 21
  6341   00096A                     
  6342                           ;/opt/microchip/xc8/v3.10/pic/sources/c99/common/doprnt.c: 513: static void dtoa(FILE *f
      +                          p, vfpf_sint_t d);/opt/microchip/xc8/v3.10/pic/sources/c99/common/doprnt.c: 514: {;/opt/
      +                          microchip/xc8/v3.10/pic/sources/c99/common/doprnt.c: 515:  char s;;/opt/microchip/xc8/v3
      +                          .10/pic/sources/c99/common/doprnt.c: 516:     int i, w;;/opt/microchip/xc8/v3.10/pic/sou
      +                          rces/c99/common/doprnt.c: 520:  _Bool p = 1;
  6343   00096A  0E01               	movlw	1
  6344   00096C  6E29               	movwf	dtoa@p^0,c
  6345   00096E                     
  6346                           ;/opt/microchip/xc8/v3.10/pic/sources/c99/common/doprnt.c: 524:     s = d < 0 ? 1 : 0;
  6347   00096E  BE26               	btfsc	(dtoa@d+1)^0,7,c
  6348   000970  EFBC  F004         	goto	u3151
  6349   000974  EFBF  F004         	goto	u3150
  6350   000978                     u3151:
  6351   000978  0E01               	movlw	1
  6352   00097A  EFC0  F004         	goto	u3160
  6353   00097E                     u3150:
  6354   00097E  0E00               	movlw	0
  6355   000980                     u3160:
  6356   000980  6E2C               	movwf	dtoa@s^0,c
  6357   000982                     
  6358                           ;/opt/microchip/xc8/v3.10/pic/sources/c99/common/doprnt.c: 535:     w = width;
  6359   000982  C048  F02A         	movff	_width,dtoa@w
  6360   000986  C049  F02B         	movff	_width+1,dtoa@w+1
  6361   00098A                     
  6362                           ;/opt/microchip/xc8/v3.10/pic/sources/c99/common/doprnt.c: 536:     if (s
  6363   00098A  502C               	movf	dtoa@s^0,w,c
  6364   00098C  B4D8               	btfsc	status,2,c
  6365   00098E  EFCB  F004         	goto	u3171
  6366   000992  EFCD  F004         	goto	u3170
  6367   000996                     u3171:
  6368   000996  EFE2  F004         	goto	l1704
  6369   00099A                     u3170:
  6370   00099A                     
  6371                           ;/opt/microchip/xc8/v3.10/pic/sources/c99/common/doprnt.c: 540:     ) {;/opt/microchip/x
      +                          c8/v3.10/pic/sources/c99/common/doprnt.c: 541:         --w;
  6372   00099A  062A               	decf	dtoa@w^0,f,c
  6373   00099C  A0D8               	btfss	status,0,c
  6374   00099E  062B               	decf	(dtoa@w+1)^0,f,c
  6375   0009A0                     
  6376                           ;/opt/microchip/xc8/v3.10/pic/sources/c99/common/doprnt.c: 542:   s = s ? '-' : '+';
  6377   0009A0  502C               	movf	dtoa@s^0,w,c
  6378   0009A2  A4D8               	btfss	status,2,c
  6379   0009A4  EFD6  F004         	goto	u3181
  6380   0009A8  EFD8  F004         	goto	u3180
  6381   0009AC                     u3181:
  6382   0009AC  EFDD  F004         	goto	l4162
  6383   0009B0                     u3180:
  6384   0009B0  6A28               	clrf	(_dtoa$2913+1)^0,c
  6385   0009B2  0E2B               	movlw	43
  6386   0009B4  6E27               	movwf	_dtoa$2913^0,c
  6387   0009B6  EFE0  F004         	goto	l4164
  6388   0009BA                     l4162:
  6389   0009BA  6A28               	clrf	(_dtoa$2913+1)^0,c
  6390   0009BC  0E2D               	movlw	45
  6391   0009BE  6E27               	movwf	_dtoa$2913^0,c
  6392   0009C0                     l4164:
  6393   0009C0  C027  F02C         	movff	_dtoa$2913,dtoa@s
  6394   0009C4                     l1704:
  6395                           
  6396                           ;/opt/microchip/xc8/v3.10/pic/sources/c99/common/doprnt.c: 552:     i = sizeof(dbuf) - 1
      +                          ;
  6397   0009C4  6A2E               	clrf	(dtoa@i+1)^0,c
  6398   0009C6  0E1F               	movlw	31
  6399   0009C8  6E2D               	movwf	dtoa@i^0,c
  6400   0009CA                     
  6401                           ;/opt/microchip/xc8/v3.10/pic/sources/c99/common/doprnt.c: 553:     dbuf[i] = '\0';
  6402   0009CA  0100               	movlb	0	; () banked
  6403   0009CC  6BBE               	clrf	(_dbuf+31)& (0+255),b
  6404                           
  6405                           ;/opt/microchip/xc8/v3.10/pic/sources/c99/common/doprnt.c: 554:     while (!(i < 1) && (
      +                          d != 0
  6406   0009CE  EF13  F005         	goto	l4178
  6407   0009D2                     l4168:
  6408                           
  6409                           ;/opt/microchip/xc8/v3.10/pic/sources/c99/common/doprnt.c: 563:     )) {;/opt/microchip/
      +                          xc8/v3.10/pic/sources/c99/common/doprnt.c: 564:         --i;
  6410   0009D2  062D               	decf	dtoa@i^0,f,c
  6411   0009D4  A0D8               	btfss	status,0,c
  6412   0009D6  062E               	decf	(dtoa@i+1)^0,f,c
  6413   0009D8                     
  6414                           ;/opt/microchip/xc8/v3.10/pic/sources/c99/common/doprnt.c: 565:         dbuf[i] = (char)
      +                          ((int)'0' + abs(d % 10));
  6415   0009D8  502D               	movf	dtoa@i^0,w,c
  6416   0009DA  0F9F               	addlw	low _dbuf
  6417   0009DC  6ED9               	movwf	fsr2l,c
  6418   0009DE  6ADA               	clrf	fsr2h,c
  6419   0009E0  C025  F00A         	movff	dtoa@d,___awmod@dividend
  6420   0009E4  C026  F00B         	movff	dtoa@d+1,___awmod@dividend+1
  6421   0009E8  6A0D               	clrf	(___awmod@divisor+1)^0,c
  6422   0009EA  0E0A               	movlw	10
  6423   0009EC  6E0C               	movwf	___awmod@divisor^0,c
  6424   0009EE  EC86  F007         	call	___awmod	;wreg free
  6425   0009F2  C00A  F010         	movff	?___awmod,abs@a
  6426   0009F6  C00B  F011         	movff	?___awmod+1,abs@a+1
  6427   0009FA  EC04  F00A         	call	_abs	;wreg free
  6428   0009FE  5010               	movf	?_abs^0,w,c
  6429   000A00  0F30               	addlw	48
  6430   000A02  6EDF               	movwf	indf2,c
  6431   000A04                     
  6432                           ;/opt/microchip/xc8/v3.10/pic/sources/c99/common/doprnt.c: 569:   p = 0;
  6433   000A04  6A29               	clrf	dtoa@p^0,c
  6434   000A06                     
  6435                           ;/opt/microchip/xc8/v3.10/pic/sources/c99/common/doprnt.c: 571:         --w;
  6436   000A06  062A               	decf	dtoa@w^0,f,c
  6437   000A08  A0D8               	btfss	status,0,c
  6438   000A0A  062B               	decf	(dtoa@w+1)^0,f,c
  6439   000A0C                     
  6440                           ;/opt/microchip/xc8/v3.10/pic/sources/c99/common/doprnt.c: 572:         d = d / 10;
  6441   000A0C  C025  F00A         	movff	dtoa@d,___awdiv@dividend
  6442   000A10  C026  F00B         	movff	dtoa@d+1,___awdiv@dividend+1
  6443   000A14  6A0D               	clrf	(___awdiv@divisor+1)^0,c
  6444   000A16  0E0A               	movlw	10
  6445   000A18  6E0C               	movwf	___awdiv@divisor^0,c
  6446   000A1A  EC26  F007         	call	___awdiv	;wreg free
  6447   000A1E  C00A  F025         	movff	?___awdiv,dtoa@d
  6448   000A22  C00B  F026         	movff	?___awdiv+1,dtoa@d+1
  6449   000A26                     l4178:
  6450                           
  6451                           ;/opt/microchip/xc8/v3.10/pic/sources/c99/common/doprnt.c: 554:     while (!(i < 1) && (
      +                          d != 0
  6452   000A26  BE2E               	btfsc	(dtoa@i+1)^0,7,c
  6453   000A28  EF1E  F005         	goto	u3191
  6454   000A2C  502E               	movf	(dtoa@i+1)^0,w,c
  6455   000A2E  E108               	bnz	u3190
  6456   000A30  042D               	decf	dtoa@i^0,w,c
  6457   000A32  A0D8               	btfss	status,0,c
  6458   000A34  EF1E  F005         	goto	u3191
  6459   000A38  EF20  F005         	goto	u3190
  6460   000A3C                     u3191:
  6461   000A3C  EF45  F005         	goto	l4188
  6462   000A40                     u3190:
  6463   000A40  5025               	movf	dtoa@d^0,w,c
  6464   000A42  1026               	iorwf	(dtoa@d+1)^0,w,c
  6465   000A44  A4D8               	btfss	status,2,c
  6466   000A46  EF27  F005         	goto	u3201
  6467   000A4A  EF29  F005         	goto	u3200
  6468   000A4E                     u3201:
  6469   000A4E  EFE9  F004         	goto	l4168
  6470   000A52                     u3200:
  6471   000A52  5029               	movf	dtoa@p^0,w,c
  6472   000A54  A4D8               	btfss	status,2,c
  6473   000A56  EF2F  F005         	goto	u3211
  6474   000A5A  EF31  F005         	goto	u3210
  6475   000A5E                     u3211:
  6476   000A5E  EFE9  F004         	goto	l4168
  6477   000A62                     u3210:
  6478   000A62  BE2B               	btfsc	(dtoa@w+1)^0,7,c
  6479   000A64  EF3C  F005         	goto	u3221
  6480   000A68  502B               	movf	(dtoa@w+1)^0,w,c
  6481   000A6A  E108               	bnz	u3220
  6482   000A6C  042A               	decf	dtoa@w^0,w,c
  6483   000A6E  A0D8               	btfss	status,0,c
  6484   000A70  EF3C  F005         	goto	u3221
  6485   000A74  EF3E  F005         	goto	u3220
  6486   000A78                     u3221:
  6487   000A78  EF45  F005         	goto	l4188
  6488   000A7C                     u3220:
  6489   000A7C  B24C               	btfsc	_flags^0,1,c
  6490   000A7E  EF43  F005         	goto	u3231
  6491   000A82  EF45  F005         	goto	u3230
  6492   000A86                     u3231:
  6493   000A86  EFE9  F004         	goto	l4168
  6494   000A8A                     u3230:
  6495   000A8A                     l4188:
  6496                           
  6497                           ;/opt/microchip/xc8/v3.10/pic/sources/c99/common/doprnt.c: 576:     if (s != 0) {
  6498   000A8A  502C               	movf	dtoa@s^0,w,c
  6499   000A8C  B4D8               	btfsc	status,2,c
  6500   000A8E  EF4B  F005         	goto	u3241
  6501   000A92  EF4D  F005         	goto	u3240
  6502   000A96                     u3241:
  6503   000A96  EF56  F005         	goto	l4194
  6504   000A9A                     u3240:
  6505   000A9A                     
  6506                           ;/opt/microchip/xc8/v3.10/pic/sources/c99/common/doprnt.c: 577:         --i;
  6507   000A9A  062D               	decf	dtoa@i^0,f,c
  6508   000A9C  A0D8               	btfss	status,0,c
  6509   000A9E  062E               	decf	(dtoa@i+1)^0,f,c
  6510   000AA0                     
  6511                           ;/opt/microchip/xc8/v3.10/pic/sources/c99/common/doprnt.c: 578:         dbuf[i] = s;
  6512   000AA0  502D               	movf	dtoa@i^0,w,c
  6513   000AA2  0F9F               	addlw	low _dbuf
  6514   000AA4  6ED9               	movwf	fsr2l,c
  6515   000AA6  6ADA               	clrf	fsr2h,c
  6516   000AA8  C02C  FFDF         	movff	dtoa@s,indf2
  6517   000AAC                     l4194:
  6518                           
  6519                           ;/opt/microchip/xc8/v3.10/pic/sources/c99/common/doprnt.c: 582:     return (void) pad(fp
      +                          , &dbuf[i], w);
  6520   000AAC  C023  F01B         	movff	dtoa@fp,pad@fp
  6521   000AB0  C024  F01C         	movff	dtoa@fp+1,pad@fp+1
  6522   000AB4  502D               	movf	dtoa@i^0,w,c
  6523   000AB6  0F9F               	addlw	low _dbuf
  6524   000AB8  6E1D               	movwf	pad@buf^0,c
  6525   000ABA  C02A  F01E         	movff	dtoa@w,pad@p
  6526   000ABE  C02B  F01F         	movff	dtoa@w+1,pad@p+1
  6527   000AC2  EC81  F008         	call	_pad	;wreg free
  6528   000AC6  0012               	return		;funcret
  6529   000AC8                     __end_of_dtoa:
  6530                           	callstack 0
  6531                           
  6532 ;; *************** function _pad *****************
  6533 ;; Defined at:
  6534 ;;		line 193 in file "/opt/microchip/xc8/v3.10/pic/sources/c99/common/doprnt.c"
  6535 ;; Parameters:    Size  Location     Type
  6536 ;;  fp              2   25[COMRAM] PTR struct _IO_FILE
  6537 ;;		 -> NULL(0), 
  6538 ;;  buf             1   27[COMRAM] PTR unsigned char 
  6539 ;;		 -> dbuf(32), 
  6540 ;;  p               2   28[COMRAM] int 
  6541 ;; Auto vars:     Size  Location     Type
  6542 ;;  i               2   31[COMRAM] int 
  6543 ;; Return value:  Size  Location     Type
  6544 ;;                  1    wreg      void 
  6545 ;; Registers used:
  6546 ;;		wreg, fsr1l, fsr1h, fsr2l, fsr2h, status,2, status,0, cstack
  6547 ;; Tracked objects:
  6548 ;;		On entry : 0/0
  6549 ;;		On exit  : 0/0
  6550 ;;		Unchanged: 0/0
  6551 ;; Data sizes:     COMRAM   BANK0   BANK1   BANK2   BANK3   BANK4   BANK5
  6552 ;;      Params:         5       0       0       0       0       0       0
  6553 ;;      Locals:         2       0       0       0       0       0       0
  6554 ;;      Temps:          1       0       0       0       0       0       0
  6555 ;;      Totals:         8       0       0       0       0       0       0
  6556 ;;Total ram usage:        8 bytes
  6557 ;; Hardware stack levels used: 1
  6558 ;; Hardware stack levels required when called: 3
  6559 ;; This function calls:
  6560 ;;		_fputc
  6561 ;;		_fputs
  6562 ;; This function is called by:
  6563 ;;		_dtoa
  6564 ;;		_xtoa
  6565 ;; This function uses a non-reentrant model
  6566 ;;
  6567                           
  6568                           	psect	text7
  6569   001102                     __ptext7:
  6570                           	callstack 0
  6571   001102                     _pad:
  6572                           	callstack 23
  6573   001102                     
  6574                           ;/opt/microchip/xc8/v3.10/pic/sources/c99/common/doprnt.c: 193: static void pad(FILE *fp
      +                          , char *buf, int p);/opt/microchip/xc8/v3.10/pic/sources/c99/common/doprnt.c: 194: {;/op
      +                          t/microchip/xc8/v3.10/pic/sources/c99/common/doprnt.c: 195:     int i;;/opt/microchip/xc
      +                          8/v3.10/pic/sources/c99/common/doprnt.c: 199:     if (flags & (1 << 0)) {
  6575   001102  A04C               	btfss	_flags^0,0,c
  6576   001104  EF86  F008         	goto	u3051
  6577   001108  EF88  F008         	goto	u3050
  6578   00110C                     u3051:
  6579   00110C  EF90  F008         	goto	l4108
  6580   001110                     u3050:
  6581   001110                     
  6582                           ;/opt/microchip/xc8/v3.10/pic/sources/c99/common/doprnt.c: 200:         fputs((const cha
      +                          r *)buf, fp);
  6583   001110  C01D  F015         	movff	pad@buf,fputs@s
  6584   001114  C01B  F016         	movff	pad@fp,fputs@fp
  6585   001118  C01C  F017         	movff	pad@fp+1,fputs@fp+1
  6586   00111C  ECAE  F009         	call	_fputs	;wreg free
  6587   001120                     l4108:
  6588                           
  6589                           ;/opt/microchip/xc8/v3.10/pic/sources/c99/common/doprnt.c: 205:  if (p < 0) {
  6590   001120  BE1F               	btfsc	(pad@p+1)^0,7,c
  6591   001122  EF97  F008         	goto	u3060
  6592   001126  EF95  F008         	goto	u3061
  6593   00112A                     u3061:
  6594   00112A  EF9A  F008         	goto	l1680
  6595   00112E                     u3060:
  6596   00112E                     
  6597                           ;/opt/microchip/xc8/v3.10/pic/sources/c99/common/doprnt.c: 206:   p = 0;
  6598   00112E  6A1F               	clrf	(pad@p+1)^0,c
  6599   001130  0E00               	movlw	0
  6600   001132  6E1E               	movwf	pad@p^0,c
  6601   001134                     l1680:
  6602                           
  6603                           ;/opt/microchip/xc8/v3.10/pic/sources/c99/common/doprnt.c: 208:     i = 0;
  6604   001134  6A22               	clrf	(pad@i+1)^0,c
  6605   001136  0E00               	movlw	0
  6606   001138  6E21               	movwf	pad@i^0,c
  6607                           
  6608                           ;/opt/microchip/xc8/v3.10/pic/sources/c99/common/doprnt.c: 209:     while (i < p) {
  6609   00113A  EFAA  F008         	goto	l4116
  6610   00113E                     l4112:
  6611                           
  6612                           ;/opt/microchip/xc8/v3.10/pic/sources/c99/common/doprnt.c: 210:         fputc(' ', fp);
  6613   00113E  6A0D               	clrf	(fputc@c+1)^0,c
  6614   001140  0E20               	movlw	32
  6615   001142  6E0C               	movwf	fputc@c^0,c
  6616   001144  C01B  F00E         	movff	pad@fp,fputc@fp
  6617   001148  C01C  F00F         	movff	pad@fp+1,fputc@fp+1
  6618   00114C  EC60  F006         	call	_fputc	;wreg free
  6619   001150                     
  6620                           ;/opt/microchip/xc8/v3.10/pic/sources/c99/common/doprnt.c: 211:         ++i;
  6621   001150  4A21               	infsnz	pad@i^0,f,c
  6622   001152  2A22               	incf	(pad@i+1)^0,f,c
  6623   001154                     l4116:
  6624                           
  6625                           ;/opt/microchip/xc8/v3.10/pic/sources/c99/common/doprnt.c: 209:     while (i < p) {
  6626   001154  501E               	movf	pad@p^0,w,c
  6627   001156  5C21               	subwf	pad@i^0,w,c
  6628   001158  5022               	movf	(pad@i+1)^0,w,c
  6629   00115A  0A80               	xorlw	128
  6630   00115C  6E20               	movwf	??_pad^0,c
  6631   00115E  501F               	movf	(pad@p+1)^0,w,c
  6632   001160  0A80               	xorlw	128
  6633   001162  5820               	subwfb	??_pad^0,w,c
  6634   001164  A0D8               	btfss	status,0,c
  6635   001166  EFB7  F008         	goto	u3071
  6636   00116A  EFB9  F008         	goto	u3070
  6637   00116E                     u3071:
  6638   00116E  EF9F  F008         	goto	l4112
  6639   001172                     u3070:
  6640   001172                     
  6641                           ;/opt/microchip/xc8/v3.10/pic/sources/c99/common/doprnt.c: 216:     if (!(flags & (1 << 
      +                          0))) {
  6642   001172  B04C               	btfsc	_flags^0,0,c
  6643   001174  EFBE  F008         	goto	u3081
  6644   001178  EFC0  F008         	goto	u3080
  6645   00117C                     u3081:
  6646   00117C  EFC8  F008         	goto	l1685
  6647   001180                     u3080:
  6648   001180                     
  6649                           ;/opt/microchip/xc8/v3.10/pic/sources/c99/common/doprnt.c: 218:         fputs((const cha
      +                          r *)buf, fp);
  6650   001180  C01D  F015         	movff	pad@buf,fputs@s
  6651   001184  C01B  F016         	movff	pad@fp,fputs@fp
  6652   001188  C01C  F017         	movff	pad@fp+1,fputs@fp+1
  6653   00118C  ECAE  F009         	call	_fputs	;wreg free
  6654   001190                     l1685:
  6655   001190  0012               	return		;funcret
  6656   001192                     __end_of_pad:
  6657                           	callstack 0
  6658                           
  6659 ;; *************** function _fputs *****************
  6660 ;; Defined at:
  6661 ;;		line 8 in file "/opt/microchip/xc8/v3.10/pic/sources/c99/common/nf_fputs.c"
  6662 ;; Parameters:    Size  Location     Type
  6663 ;;  s               1   19[COMRAM] PTR const unsigned char 
  6664 ;;		 -> dbuf(32), 
  6665 ;;  fp              2   20[COMRAM] PTR struct _IO_FILE
  6666 ;;		 -> NULL(0), 
  6667 ;; Auto vars:     Size  Location     Type
  6668 ;;  i               2   23[COMRAM] int 
  6669 ;;  c               1   22[COMRAM] unsigned char 
  6670 ;; Return value:  Size  Location     Type
  6671 ;;                  2   19[COMRAM] int 
  6672 ;; Registers used:
  6673 ;;		wreg, fsr1l, fsr1h, fsr2l, fsr2h, status,2, status,0, cstack
  6674 ;; Tracked objects:
  6675 ;;		On entry : 0/0
  6676 ;;		On exit  : 0/0
  6677 ;;		Unchanged: 0/0
  6678 ;; Data sizes:     COMRAM   BANK0   BANK1   BANK2   BANK3   BANK4   BANK5
  6679 ;;      Params:         3       0       0       0       0       0       0
  6680 ;;      Locals:         3       0       0       0       0       0       0
  6681 ;;      Temps:          0       0       0       0       0       0       0
  6682 ;;      Totals:         6       0       0       0       0       0       0
  6683 ;;Total ram usage:        6 bytes
  6684 ;; Hardware stack levels used: 1
  6685 ;; Hardware stack levels required when called: 4
  6686 ;; This function calls:
  6687 ;;		_fputc
  6688 ;; This function is called by:
  6689 ;;		_pad
  6690 ;; This function uses a non-reentrant model
  6691 ;;
  6692                           
  6693                           	psect	text8
  6694   00135C                     __ptext8:
  6695                           	callstack 0
  6696   00135C                     _fputs:
  6697                           	callstack 21
  6698   00135C  6A1A               	clrf	(fputs@i+1)^0,c
  6699   00135E  0E00               	movlw	0
  6700   001360  6E19               	movwf	fputs@i^0,c
  6701   001362  EFBE  F009         	goto	l4022
  6702   001366                     l4018:
  6703   001366  C018  F00C         	movff	fputs@c,fputc@c
  6704   00136A  6A0D               	clrf	(fputc@c+1)^0,c
  6705   00136C  C016  F00E         	movff	fputs@fp,fputc@fp
  6706   001370  C017  F00F         	movff	fputs@fp+1,fputc@fp+1
  6707   001374  EC60  F006         	call	_fputc	;wreg free
  6708   001378  4A19               	infsnz	fputs@i^0,f,c
  6709   00137A  2A1A               	incf	(fputs@i+1)^0,f,c
  6710   00137C                     l4022:
  6711   00137C  5015               	movf	fputs@s^0,w,c
  6712   00137E  2419               	addwf	fputs@i^0,w,c
  6713   001380  6ED9               	movwf	fsr2l,c
  6714   001382  6ADA               	clrf	fsr2h,c
  6715   001384  50DF               	movf	indf2,w,c
  6716   001386  6E18               	movwf	fputs@c^0,c
  6717   001388  5018               	movf	fputs@c^0,w,c
  6718   00138A  A4D8               	btfss	status,2,c
  6719   00138C  EFCA  F009         	goto	u2921
  6720   001390  EFCC  F009         	goto	u2920
  6721   001394                     u2921:
  6722   001394  EFB3  F009         	goto	l4018
  6723   001398                     u2920:
  6724   001398  0012               	return		;funcret
  6725   00139A                     __end_of_fputs:
  6726                           	callstack 0
  6727                           
  6728 ;; *************** function _abs *****************
  6729 ;; Defined at:
  6730 ;;		line 1 in file "/opt/microchip/xc8/v3.10/pic/sources/c99/common/abs.c"
  6731 ;; Parameters:    Size  Location     Type
  6732 ;;  a               2   14[COMRAM] int 
  6733 ;; Auto vars:     Size  Location     Type
  6734 ;;		None
  6735 ;; Return value:  Size  Location     Type
  6736 ;;                  2   14[COMRAM] int 
  6737 ;; Registers used:
  6738 ;;		wreg, status,2, status,0
  6739 ;; Tracked objects:
  6740 ;;		On entry : 0/0
  6741 ;;		On exit  : 0/0
  6742 ;;		Unchanged: 0/0
  6743 ;; Data sizes:     COMRAM   BANK0   BANK1   BANK2   BANK3   BANK4   BANK5
  6744 ;;      Params:         2       0       0       0       0       0       0
  6745 ;;      Locals:         0       0       0       0       0       0       0
  6746 ;;      Temps:          2       0       0       0       0       0       0
  6747 ;;      Totals:         4       0       0       0       0       0       0
  6748 ;;Total ram usage:        4 bytes
  6749 ;; Hardware stack levels used: 1
  6750 ;; Hardware stack levels required when called: 3
  6751 ;; This function calls:
  6752 ;;		Nothing
  6753 ;; This function is called by:
  6754 ;;		_dtoa
  6755 ;; This function uses a non-reentrant model
  6756 ;;
  6757                           
  6758                           	psect	text9
  6759   001408                     __ptext9:
  6760                           	callstack 0
  6761   001408                     _abs:
  6762                           	callstack 23
  6763   001408  BE11               	btfsc	(abs@a+1)^0,7,c
  6764   00140A  EF09  F00A         	goto	u3091
  6765   00140E  EF0B  F00A         	goto	u3090
  6766   001412                     u3091:
  6767   001412  EF11  F00A         	goto	l1769
  6768   001416                     u3090:
  6769   001416  C010  F010         	movff	abs@a,?_abs
  6770   00141A  C011  F011         	movff	abs@a+1,?_abs+1
  6771   00141E  EF1D  F00A         	goto	l1772
  6772   001422                     l1769:
  6773   001422  C010  F012         	movff	abs@a,??_abs
  6774   001426  C011  F013         	movff	abs@a+1,??_abs+1
  6775   00142A  1E12               	comf	??_abs^0,f,c
  6776   00142C  1E13               	comf	(??_abs+1)^0,f,c
  6777   00142E  4A12               	infsnz	??_abs^0,f,c
  6778   001430  2A13               	incf	(??_abs+1)^0,f,c
  6779   001432  C012  F010         	movff	??_abs,?_abs
  6780   001436  C013  F011         	movff	??_abs+1,?_abs+1
  6781   00143A                     l1772:
  6782   00143A  0012               	return		;funcret
  6783   00143C                     __end_of_abs:
  6784                           	callstack 0
  6785                           
  6786 ;; *************** function ___awmod *****************
  6787 ;; Defined at:
  6788 ;;		line 7 in file "/opt/microchip/xc8/v3.10/pic/sources/c99/common/awmod.c"
  6789 ;; Parameters:    Size  Location     Type
  6790 ;;  dividend        2    8[COMRAM] int 
  6791 ;;  divisor         2   10[COMRAM] int 
  6792 ;; Auto vars:     Size  Location     Type
  6793 ;;  sign            1   13[COMRAM] unsigned char 
  6794 ;;  counter         1   12[COMRAM] unsigned char 
  6795 ;; Return value:  Size  Location     Type
  6796 ;;                  2    8[COMRAM] int 
  6797 ;; Registers used:
  6798 ;;		wreg, status,2, status,0
  6799 ;; Tracked objects:
  6800 ;;		On entry : 0/0
  6801 ;;		On exit  : 0/0
  6802 ;;		Unchanged: 0/0
  6803 ;; Data sizes:     COMRAM   BANK0   BANK1   BANK2   BANK3   BANK4   BANK5
  6804 ;;      Params:         4       0       0       0       0       0       0
  6805 ;;      Locals:         2       0       0       0       0       0       0
  6806 ;;      Temps:          0       0       0       0       0       0       0
  6807 ;;      Totals:         6       0       0       0       0       0       0
  6808 ;;Total ram usage:        6 bytes
  6809 ;; Hardware stack levels used: 1
  6810 ;; Hardware stack levels required when called: 3
  6811 ;; This function calls:
  6812 ;;		Nothing
  6813 ;; This function is called by:
  6814 ;;		_dtoa
  6815 ;; This function uses a non-reentrant model
  6816 ;;
  6817                           
  6818                           	psect	text10
  6819   000F0C                     __ptext10:
  6820                           	callstack 0
  6821   000F0C                     ___awmod:
  6822                           	callstack 23
  6823   000F0C  6A0F               	clrf	___awmod@sign^0,c
  6824   000F0E  BE0B               	btfsc	(___awmod@dividend+1)^0,7,c
  6825   000F10  EF8E  F007         	goto	u2990
  6826   000F14  EF8C  F007         	goto	u2991
  6827   000F18                     u2991:
  6828   000F18  EF94  F007         	goto	l4076
  6829   000F1C                     u2990:
  6830   000F1C  6C0A               	negf	___awmod@dividend^0,c
  6831   000F1E  1E0B               	comf	(___awmod@dividend+1)^0,f,c
  6832   000F20  B0D8               	btfsc	status,0,c
  6833   000F22  2A0B               	incf	(___awmod@dividend+1)^0,f,c
  6834   000F24  0E01               	movlw	1
  6835   000F26  6E0F               	movwf	___awmod@sign^0,c
  6836   000F28                     l4076:
  6837   000F28  BE0D               	btfsc	(___awmod@divisor+1)^0,7,c
  6838   000F2A  EF9B  F007         	goto	u3000
  6839   000F2E  EF99  F007         	goto	u3001
  6840   000F32                     u3001:
  6841   000F32  EF9F  F007         	goto	l4080
  6842   000F36                     u3000:
  6843   000F36  6C0C               	negf	___awmod@divisor^0,c
  6844   000F38  1E0D               	comf	(___awmod@divisor+1)^0,f,c
  6845   000F3A  B0D8               	btfsc	status,0,c
  6846   000F3C  2A0D               	incf	(___awmod@divisor+1)^0,f,c
  6847   000F3E                     l4080:
  6848   000F3E  500C               	movf	___awmod@divisor^0,w,c
  6849   000F40  100D               	iorwf	(___awmod@divisor+1)^0,w,c
  6850   000F42  B4D8               	btfsc	status,2,c
  6851   000F44  EFA6  F007         	goto	u3011
  6852   000F48  EFA8  F007         	goto	u3010
  6853   000F4C                     u3011:
  6854   000F4C  EFCC  F007         	goto	l4096
  6855   000F50                     u3010:
  6856   000F50  0E01               	movlw	1
  6857   000F52  6E0E               	movwf	___awmod@counter^0,c
  6858   000F54  EFB0  F007         	goto	l4086
  6859   000F58                     l4084:
  6860   000F58  90D8               	bcf	status,0,c
  6861   000F5A  360C               	rlcf	___awmod@divisor^0,f,c
  6862   000F5C  360D               	rlcf	(___awmod@divisor+1)^0,f,c
  6863   000F5E  2A0E               	incf	___awmod@counter^0,f,c
  6864   000F60                     l4086:
  6865   000F60  AE0D               	btfss	(___awmod@divisor+1)^0,7,c
  6866   000F62  EFB5  F007         	goto	u3021
  6867   000F66  EFB7  F007         	goto	u3020
  6868   000F6A                     u3021:
  6869   000F6A  EFAC  F007         	goto	l4084
  6870   000F6E                     u3020:
  6871   000F6E                     l4088:
  6872   000F6E  500C               	movf	___awmod@divisor^0,w,c
  6873   000F70  5C0A               	subwf	___awmod@dividend^0,w,c
  6874   000F72  500D               	movf	(___awmod@divisor+1)^0,w,c
  6875   000F74  580B               	subwfb	(___awmod@dividend+1)^0,w,c
  6876   000F76  A0D8               	btfss	status,0,c
  6877   000F78  EFC0  F007         	goto	u3031
  6878   000F7C  EFC2  F007         	goto	u3030
  6879   000F80                     u3031:
  6880   000F80  EFC6  F007         	goto	l4092
  6881   000F84                     u3030:
  6882   000F84  500C               	movf	___awmod@divisor^0,w,c
  6883   000F86  5E0A               	subwf	___awmod@dividend^0,f,c
  6884   000F88  500D               	movf	(___awmod@divisor+1)^0,w,c
  6885   000F8A  5A0B               	subwfb	(___awmod@dividend+1)^0,f,c
  6886   000F8C                     l4092:
  6887   000F8C  90D8               	bcf	status,0,c
  6888   000F8E  320D               	rrcf	(___awmod@divisor+1)^0,f,c
  6889   000F90  320C               	rrcf	___awmod@divisor^0,f,c
  6890   000F92  2E0E               	decfsz	___awmod@counter^0,f,c
  6891   000F94  EFB7  F007         	goto	l4088
  6892   000F98                     l4096:
  6893   000F98  500F               	movf	___awmod@sign^0,w,c
  6894   000F9A  B4D8               	btfsc	status,2,c
  6895   000F9C  EFD2  F007         	goto	u3041
  6896   000FA0  EFD4  F007         	goto	u3040
  6897   000FA4                     u3041:
  6898   000FA4  EFD8  F007         	goto	l4100
  6899   000FA8                     u3040:
  6900   000FA8  6C0A               	negf	___awmod@dividend^0,c
  6901   000FAA  1E0B               	comf	(___awmod@dividend+1)^0,f,c
  6902   000FAC  B0D8               	btfsc	status,0,c
  6903   000FAE  2A0B               	incf	(___awmod@dividend+1)^0,f,c
  6904   000FB0                     l4100:
  6905   000FB0  C00A  F00A         	movff	___awmod@dividend,?___awmod
  6906   000FB4  C00B  F00B         	movff	___awmod@dividend+1,?___awmod+1
  6907   000FB8  0012               	return		;funcret
  6908   000FBA                     __end_of___awmod:
  6909                           	callstack 0
  6910                           
  6911 ;; *************** function ___awdiv *****************
  6912 ;; Defined at:
  6913 ;;		line 7 in file "/opt/microchip/xc8/v3.10/pic/sources/c99/common/awdiv.c"
  6914 ;; Parameters:    Size  Location     Type
  6915 ;;  dividend        2    8[COMRAM] int 
  6916 ;;  divisor         2   10[COMRAM] int 
  6917 ;; Auto vars:     Size  Location     Type
  6918 ;;  quotient        2   14[COMRAM] int 
  6919 ;;  sign            1   13[COMRAM] unsigned char 
  6920 ;;  counter         1   12[COMRAM] unsigned char 
  6921 ;; Return value:  Size  Location     Type
  6922 ;;                  2    8[COMRAM] int 
  6923 ;; Registers used:
  6924 ;;		wreg, status,2, status,0
  6925 ;; Tracked objects:
  6926 ;;		On entry : 0/0
  6927 ;;		On exit  : 0/0
  6928 ;;		Unchanged: 0/0
  6929 ;; Data sizes:     COMRAM   BANK0   BANK1   BANK2   BANK3   BANK4   BANK5
  6930 ;;      Params:         4       0       0       0       0       0       0
  6931 ;;      Locals:         4       0       0       0       0       0       0
  6932 ;;      Temps:          0       0       0       0       0       0       0
  6933 ;;      Totals:         8       0       0       0       0       0       0
  6934 ;;Total ram usage:        8 bytes
  6935 ;; Hardware stack levels used: 1
  6936 ;; Hardware stack levels required when called: 3
  6937 ;; This function calls:
  6938 ;;		Nothing
  6939 ;; This function is called by:
  6940 ;;		_dtoa
  6941 ;; This function uses a non-reentrant model
  6942 ;;
  6943                           
  6944                           	psect	text11
  6945   000E4C                     __ptext11:
  6946                           	callstack 0
  6947   000E4C                     ___awdiv:
  6948                           	callstack 23
  6949   000E4C  6A0F               	clrf	___awdiv@sign^0,c
  6950   000E4E  BE0D               	btfsc	(___awdiv@divisor+1)^0,7,c
  6951   000E50  EF2E  F007         	goto	u2930
  6952   000E54  EF2C  F007         	goto	u2931
  6953   000E58                     u2931:
  6954   000E58  EF34  F007         	goto	l4032
  6955   000E5C                     u2930:
  6956   000E5C  6C0C               	negf	___awdiv@divisor^0,c
  6957   000E5E  1E0D               	comf	(___awdiv@divisor+1)^0,f,c
  6958   000E60  B0D8               	btfsc	status,0,c
  6959   000E62  2A0D               	incf	(___awdiv@divisor+1)^0,f,c
  6960   000E64  0E01               	movlw	1
  6961   000E66  6E0F               	movwf	___awdiv@sign^0,c
  6962   000E68                     l4032:
  6963   000E68  BE0B               	btfsc	(___awdiv@dividend+1)^0,7,c
  6964   000E6A  EF3B  F007         	goto	u2940
  6965   000E6E  EF39  F007         	goto	u2941
  6966   000E72                     u2941:
  6967   000E72  EF41  F007         	goto	l4038
  6968   000E76                     u2940:
  6969   000E76  6C0A               	negf	___awdiv@dividend^0,c
  6970   000E78  1E0B               	comf	(___awdiv@dividend+1)^0,f,c
  6971   000E7A  B0D8               	btfsc	status,0,c
  6972   000E7C  2A0B               	incf	(___awdiv@dividend+1)^0,f,c
  6973   000E7E  0E01               	movlw	1
  6974   000E80  1A0F               	xorwf	___awdiv@sign^0,f,c
  6975   000E82                     l4038:
  6976   000E82  6A11               	clrf	(___awdiv@quotient+1)^0,c
  6977   000E84  0E00               	movlw	0
  6978   000E86  6E10               	movwf	___awdiv@quotient^0,c
  6979   000E88  500C               	movf	___awdiv@divisor^0,w,c
  6980   000E8A  100D               	iorwf	(___awdiv@divisor+1)^0,w,c
  6981   000E8C  B4D8               	btfsc	status,2,c
  6982   000E8E  EF4B  F007         	goto	u2951
  6983   000E92  EF4D  F007         	goto	u2950
  6984   000E96                     u2951:
  6985   000E96  EF75  F007         	goto	l4060
  6986   000E9A                     u2950:
  6987   000E9A  0E01               	movlw	1
  6988   000E9C  6E0E               	movwf	___awdiv@counter^0,c
  6989   000E9E  EF55  F007         	goto	l4046
  6990   000EA2                     l4044:
  6991   000EA2  90D8               	bcf	status,0,c
  6992   000EA4  360C               	rlcf	___awdiv@divisor^0,f,c
  6993   000EA6  360D               	rlcf	(___awdiv@divisor+1)^0,f,c
  6994   000EA8  2A0E               	incf	___awdiv@counter^0,f,c
  6995   000EAA                     l4046:
  6996   000EAA  AE0D               	btfss	(___awdiv@divisor+1)^0,7,c
  6997   000EAC  EF5A  F007         	goto	u2961
  6998   000EB0  EF5C  F007         	goto	u2960
  6999   000EB4                     u2961:
  7000   000EB4  EF51  F007         	goto	l4044
  7001   000EB8                     u2960:
  7002   000EB8                     l4048:
  7003   000EB8  90D8               	bcf	status,0,c
  7004   000EBA  3610               	rlcf	___awdiv@quotient^0,f,c
  7005   000EBC  3611               	rlcf	(___awdiv@quotient+1)^0,f,c
  7006   000EBE  500C               	movf	___awdiv@divisor^0,w,c
  7007   000EC0  5C0A               	subwf	___awdiv@dividend^0,w,c
  7008   000EC2  500D               	movf	(___awdiv@divisor+1)^0,w,c
  7009   000EC4  580B               	subwfb	(___awdiv@dividend+1)^0,w,c
  7010   000EC6  A0D8               	btfss	status,0,c
  7011   000EC8  EF68  F007         	goto	u2971
  7012   000ECC  EF6A  F007         	goto	u2970
  7013   000ED0                     u2971:
  7014   000ED0  EF6F  F007         	goto	l4056
  7015   000ED4                     u2970:
  7016   000ED4  500C               	movf	___awdiv@divisor^0,w,c
  7017   000ED6  5E0A               	subwf	___awdiv@dividend^0,f,c
  7018   000ED8  500D               	movf	(___awdiv@divisor+1)^0,w,c
  7019   000EDA  5A0B               	subwfb	(___awdiv@dividend+1)^0,f,c
  7020   000EDC  8010               	bsf	___awdiv@quotient^0,0,c
  7021   000EDE                     l4056:
  7022   000EDE  90D8               	bcf	status,0,c
  7023   000EE0  320D               	rrcf	(___awdiv@divisor+1)^0,f,c
  7024   000EE2  320C               	rrcf	___awdiv@divisor^0,f,c
  7025   000EE4  2E0E               	decfsz	___awdiv@counter^0,f,c
  7026   000EE6  EF5C  F007         	goto	l4048
  7027   000EEA                     l4060:
  7028   000EEA  500F               	movf	___awdiv@sign^0,w,c
  7029   000EEC  B4D8               	btfsc	status,2,c
  7030   000EEE  EF7B  F007         	goto	u2981
  7031   000EF2  EF7D  F007         	goto	u2980
  7032   000EF6                     u2981:
  7033   000EF6  EF81  F007         	goto	l4064
  7034   000EFA                     u2980:
  7035   000EFA  6C10               	negf	___awdiv@quotient^0,c
  7036   000EFC  1E11               	comf	(___awdiv@quotient+1)^0,f,c
  7037   000EFE  B0D8               	btfsc	status,0,c
  7038   000F00  2A11               	incf	(___awdiv@quotient+1)^0,f,c
  7039   000F02                     l4064:
  7040   000F02  C010  F00A         	movff	___awdiv@quotient,?___awdiv
  7041   000F06  C011  F00B         	movff	___awdiv@quotient+1,?___awdiv+1
  7042   000F0A  0012               	return		;funcret
  7043   000F0C                     __end_of___awdiv:
  7044                           	callstack 0
  7045                           
  7046 ;; *************** function _ctoa *****************
  7047 ;; Defined at:
  7048 ;;		line 476 in file "/opt/microchip/xc8/v3.10/pic/sources/c99/common/doprnt.c"
  7049 ;; Parameters:    Size  Location     Type
  7050 ;;  fp              2   19[COMRAM] PTR struct _IO_FILE
  7051 ;;		 -> NULL(0), 
  7052 ;;  c               1   21[COMRAM] unsigned char 
  7053 ;; Auto vars:     Size  Location     Type
  7054 ;;  w               2   25[COMRAM] int 
  7055 ;;  l               2   23[COMRAM] int 
  7056 ;; Return value:  Size  Location     Type
  7057 ;;                  1    wreg      void 
  7058 ;; Registers used:
  7059 ;;		wreg, fsr1l, fsr1h, fsr2l, fsr2h, status,2, status,0, cstack
  7060 ;; Tracked objects:
  7061 ;;		On entry : 0/0
  7062 ;;		On exit  : 0/0
  7063 ;;		Unchanged: 0/0
  7064 ;; Data sizes:     COMRAM   BANK0   BANK1   BANK2   BANK3   BANK4   BANK5
  7065 ;;      Params:         3       0       0       0       0       0       0
  7066 ;;      Locals:         4       0       0       0       0       0       0
  7067 ;;      Temps:          1       0       0       0       0       0       0
  7068 ;;      Totals:         8       0       0       0       0       0       0
  7069 ;;Total ram usage:        8 bytes
  7070 ;; Hardware stack levels used: 1
  7071 ;; Hardware stack levels required when called: 6
  7072 ;; This function calls:
  7073 ;;		_fputc
  7074 ;; This function is called by:
  7075 ;;		_vfpfcnvrt
  7076 ;; This function uses a non-reentrant model
  7077 ;;
  7078                           
  7079                           	psect	text12
  7080   000D8A                     __ptext12:
  7081                           	callstack 0
  7082   000D8A                     _ctoa:
  7083                           	callstack 21
  7084   000D8A                     
  7085                           ;/opt/microchip/xc8/v3.10/pic/sources/c99/common/doprnt.c: 476: static void ctoa(FILE *f
      +                          p, char c);/opt/microchip/xc8/v3.10/pic/sources/c99/common/doprnt.c: 477: {;/opt/microch
      +                          ip/xc8/v3.10/pic/sources/c99/common/doprnt.c: 478:     int l,w;;/opt/microchip/xc8/v3.10
      +                          /pic/sources/c99/common/doprnt.c: 481:     w = width ? width - 1 : width;
  7086   000D8A  5048               	movf	_width^0,w,c
  7087   000D8C  1049               	iorwf	(_width+1)^0,w,c
  7088   000D8E  A4D8               	btfss	status,2,c
  7089   000D90  EFCC  F006         	goto	u3101
  7090   000D94  EFCE  F006         	goto	u3100
  7091   000D98                     u3101:
  7092   000D98  EFD4  F006         	goto	l4128
  7093   000D9C                     u3100:
  7094   000D9C  C048  F01B         	movff	_width,ctoa@w
  7095   000DA0  C049  F01C         	movff	_width+1,ctoa@w+1
  7096   000DA4  EFDA  F006         	goto	l4130
  7097   000DA8                     l4128:
  7098   000DA8  0EFF               	movlw	255
  7099   000DAA  2448               	addwf	_width^0,w,c
  7100   000DAC  6E1B               	movwf	ctoa@w^0,c
  7101   000DAE  0EFF               	movlw	255
  7102   000DB0  2049               	addwfc	(_width+1)^0,w,c
  7103   000DB2  6E1C               	movwf	(ctoa@w+1)^0,c
  7104   000DB4                     l4130:
  7105                           
  7106                           ;/opt/microchip/xc8/v3.10/pic/sources/c99/common/doprnt.c: 485:     if (flags & (1 << 0)
      +                          ) {
  7107   000DB4  A04C               	btfss	_flags^0,0,c
  7108   000DB6  EFDF  F006         	goto	u3111
  7109   000DBA  EFE1  F006         	goto	u3110
  7110   000DBE                     u3111:
  7111   000DBE  EFEA  F006         	goto	l4134
  7112   000DC2                     u3110:
  7113   000DC2                     
  7114                           ;/opt/microchip/xc8/v3.10/pic/sources/c99/common/doprnt.c: 486:         fputc(c, fp);
  7115   000DC2  C017  F00C         	movff	ctoa@c,fputc@c
  7116   000DC6  6A0D               	clrf	(fputc@c+1)^0,c
  7117   000DC8  C015  F00E         	movff	ctoa@fp,fputc@fp
  7118   000DCC  C016  F00F         	movff	ctoa@fp+1,fputc@fp+1
  7119   000DD0  EC60  F006         	call	_fputc	;wreg free
  7120   000DD4                     l4134:
  7121                           
  7122                           ;/opt/microchip/xc8/v3.10/pic/sources/c99/common/doprnt.c: 491:     w = (w < 0) ? 0 : w;
  7123   000DD4  BE1C               	btfsc	(ctoa@w+1)^0,7,c
  7124   000DD6  EFEF  F006         	goto	u3121
  7125   000DDA  EFF1  F006         	goto	u3120
  7126   000DDE                     u3121:
  7127   000DDE  EFF3  F006         	goto	l4138
  7128   000DE2                     u3120:
  7129   000DE2  EFF6  F006         	goto	l1696
  7130   000DE6                     l4138:
  7131   000DE6  6A1C               	clrf	(ctoa@w+1)^0,c
  7132   000DE8  0E00               	movlw	0
  7133   000DEA  6E1B               	movwf	ctoa@w^0,c
  7134   000DEC                     l1696:
  7135                           
  7136                           ;/opt/microchip/xc8/v3.10/pic/sources/c99/common/doprnt.c: 492:     l = 0;
  7137   000DEC  6A1A               	clrf	(ctoa@l+1)^0,c
  7138   000DEE  0E00               	movlw	0
  7139   000DF0  6E19               	movwf	ctoa@l^0,c
  7140                           
  7141                           ;/opt/microchip/xc8/v3.10/pic/sources/c99/common/doprnt.c: 493:     while (l < w) {
  7142   000DF2  EF06  F007         	goto	l4144
  7143   000DF6                     l4140:
  7144                           
  7145                           ;/opt/microchip/xc8/v3.10/pic/sources/c99/common/doprnt.c: 494:         fputc(' ', fp);
  7146   000DF6  6A0D               	clrf	(fputc@c+1)^0,c
  7147   000DF8  0E20               	movlw	32
  7148   000DFA  6E0C               	movwf	fputc@c^0,c
  7149   000DFC  C015  F00E         	movff	ctoa@fp,fputc@fp
  7150   000E00  C016  F00F         	movff	ctoa@fp+1,fputc@fp+1
  7151   000E04  EC60  F006         	call	_fputc	;wreg free
  7152   000E08                     
  7153                           ;/opt/microchip/xc8/v3.10/pic/sources/c99/common/doprnt.c: 495:         ++l;
  7154   000E08  4A19               	infsnz	ctoa@l^0,f,c
  7155   000E0A  2A1A               	incf	(ctoa@l+1)^0,f,c
  7156   000E0C                     l4144:
  7157                           
  7158                           ;/opt/microchip/xc8/v3.10/pic/sources/c99/common/doprnt.c: 493:     while (l < w) {
  7159   000E0C  501B               	movf	ctoa@w^0,w,c
  7160   000E0E  5C19               	subwf	ctoa@l^0,w,c
  7161   000E10  501A               	movf	(ctoa@l+1)^0,w,c
  7162   000E12  0A80               	xorlw	128
  7163   000E14  6E18               	movwf	??_ctoa^0,c
  7164   000E16  501C               	movf	(ctoa@w+1)^0,w,c
  7165   000E18  0A80               	xorlw	128
  7166   000E1A  5818               	subwfb	??_ctoa^0,w,c
  7167   000E1C  A0D8               	btfss	status,0,c
  7168   000E1E  EF13  F007         	goto	u3131
  7169   000E22  EF15  F007         	goto	u3130
  7170   000E26                     u3131:
  7171   000E26  EFFB  F006         	goto	l4140
  7172   000E2A                     u3130:
  7173   000E2A                     
  7174                           ;/opt/microchip/xc8/v3.10/pic/sources/c99/common/doprnt.c: 499:     if (!(flags & (1 << 
      +                          0))) {
  7175   000E2A  B04C               	btfsc	_flags^0,0,c
  7176   000E2C  EF1A  F007         	goto	u3141
  7177   000E30  EF1C  F007         	goto	u3140
  7178   000E34                     u3141:
  7179   000E34  EF25  F007         	goto	l1701
  7180   000E38                     u3140:
  7181   000E38                     
  7182                           ;/opt/microchip/xc8/v3.10/pic/sources/c99/common/doprnt.c: 501:         fputc(c, fp);
  7183   000E38  C017  F00C         	movff	ctoa@c,fputc@c
  7184   000E3C  6A0D               	clrf	(fputc@c+1)^0,c
  7185   000E3E  C015  F00E         	movff	ctoa@fp,fputc@fp
  7186   000E42  C016  F00F         	movff	ctoa@fp+1,fputc@fp+1
  7187   000E46  EC60  F006         	call	_fputc	;wreg free
  7188   000E4A                     l1701:
  7189   000E4A  0012               	return		;funcret
  7190   000E4C                     __end_of_ctoa:
  7191                           	callstack 0
  7192                           
  7193 ;; *************** function _fputc *****************
  7194 ;; Defined at:
  7195 ;;		line 8 in file "/opt/microchip/xc8/v3.10/pic/sources/c99/common/nf_fputc.c"
  7196 ;; Parameters:    Size  Location     Type
  7197 ;;  c               2   10[COMRAM] int 
  7198 ;;  fp              2   12[COMRAM] PTR struct _IO_FILE
  7199 ;;		 -> NULL(0), 
  7200 ;; Auto vars:     Size  Location     Type
  7201 ;;		None
  7202 ;; Return value:  Size  Location     Type
  7203 ;;                  2   10[COMRAM] int 
  7204 ;; Registers used:
  7205 ;;		wreg, fsr1l, fsr1h, fsr2l, fsr2h, status,2, status,0, cstack
  7206 ;; Tracked objects:
  7207 ;;		On entry : 0/0
  7208 ;;		On exit  : 0/0
  7209 ;;		Unchanged: 0/0
  7210 ;; Data sizes:     COMRAM   BANK0   BANK1   BANK2   BANK3   BANK4   BANK5
  7211 ;;      Params:         4       0       0       0       0       0       0
  7212 ;;      Locals:         0       0       0       0       0       0       0
  7213 ;;      Temps:          5       0       0       0       0       0       0
  7214 ;;      Totals:         9       0       0       0       0       0       0
  7215 ;;Total ram usage:        9 bytes
  7216 ;; Hardware stack levels used: 1
  7217 ;; Hardware stack levels required when called: 3
  7218 ;; This function calls:
  7219 ;;		_putch
  7220 ;; This function is called by:
  7221 ;;		_pad
  7222 ;;		_ctoa
  7223 ;;		_vfpfcnvrt
  7224 ;;		_fputs
  7225 ;; This function uses a non-reentrant model
  7226 ;;
  7227                           
  7228                           	psect	text13
  7229   000CC0                     __ptext13:
  7230                           	callstack 0
  7231   000CC0                     _fputc:
  7232                           	callstack 21
  7233   000CC0  500E               	movf	fputc@fp^0,w,c
  7234   000CC2  100F               	iorwf	(fputc@fp+1)^0,w,c
  7235   000CC4  B4D8               	btfsc	status,2,c
  7236   000CC6  EF67  F006         	goto	u2881
  7237   000CCA  EF69  F006         	goto	u2880
  7238   000CCE                     u2881:
  7239   000CCE  EF72  F006         	goto	l4006
  7240   000CD2                     u2880:
  7241   000CD2  500E               	movf	fputc@fp^0,w,c
  7242   000CD4  100F               	iorwf	(fputc@fp+1)^0,w,c
  7243   000CD6  A4D8               	btfss	status,2,c
  7244   000CD8  EF70  F006         	goto	u2891
  7245   000CDC  EF72  F006         	goto	u2890
  7246   000CE0                     u2891:
  7247   000CE0  EF77  F006         	goto	l4008
  7248   000CE4                     u2890:
  7249   000CE4                     l4006:
  7250   000CE4  500C               	movf	fputc@c^0,w,c
  7251   000CE6  ECB9  F00A         	call	_putch
  7252   000CEA  EFC4  F006         	goto	l1784
  7253   000CEE                     l4008:
  7254   000CEE  EE20 F009          	lfsr	2,9
  7255   000CF2  500E               	movf	fputc@fp^0,w,c
  7256   000CF4  26D9               	addwf	fsr2l,f,c
  7257   000CF6  500F               	movf	(fputc@fp+1)^0,w,c
  7258   000CF8  22DA               	addwfc	fsr2h,f,c
  7259   000CFA  50DE               	movf	postinc2,w,c
  7260   000CFC  10DE               	iorwf	postinc2,w,c
  7261   000CFE  B4D8               	btfsc	status,2,c
  7262   000D00  EF84  F006         	goto	u2901
  7263   000D04  EF86  F006         	goto	u2900
  7264   000D08                     u2901:
  7265   000D08  EFA1  F006         	goto	l4012
  7266   000D0C                     u2900:
  7267   000D0C  EE20 F009          	lfsr	2,9
  7268   000D10  500E               	movf	fputc@fp^0,w,c
  7269   000D12  26D9               	addwf	fsr2l,f,c
  7270   000D14  500F               	movf	(fputc@fp+1)^0,w,c
  7271   000D16  22DA               	addwfc	fsr2h,f,c
  7272   000D18  EE10 F002          	lfsr	1,2
  7273   000D1C  500E               	movf	fputc@fp^0,w,c
  7274   000D1E  26E1               	addwf	fsr1l,f,c
  7275   000D20  500F               	movf	(fputc@fp+1)^0,w,c
  7276   000D22  22E2               	addwfc	fsr1h,f,c
  7277   000D24  50DE               	movf	postinc2,w,c
  7278   000D26  5CE6               	subwf	postinc1,w,c
  7279   000D28  50E6               	movf	postinc1,w,c
  7280   000D2A  0A80               	xorlw	128
  7281   000D2C  6E14               	movwf	(??_fputc+4)^0,c
  7282   000D2E  50DE               	movf	postinc2,w,c
  7283   000D30  0A80               	xorlw	128
  7284   000D32  5814               	subwfb	(??_fputc+4)^0,w,c
  7285   000D34  B0D8               	btfsc	status,0,c
  7286   000D36  EF9F  F006         	goto	u2911
  7287   000D3A  EFA1  F006         	goto	u2910
  7288   000D3E                     u2911:
  7289   000D3E  EFC4  F006         	goto	l1784
  7290   000D42                     u2910:
  7291   000D42                     l4012:
  7292   000D42  EE20 F002          	lfsr	2,2
  7293   000D46  500E               	movf	fputc@fp^0,w,c
  7294   000D48  26D9               	addwf	fsr2l,f,c
  7295   000D4A  500F               	movf	(fputc@fp+1)^0,w,c
  7296   000D4C  22DA               	addwfc	fsr2h,f,c
  7297   000D4E  CFDE F010          	movff	postinc2,??_fputc
  7298   000D52  CFDD F011          	movff	postdec2,??_fputc+1
  7299   000D56  C00E  FFD9         	movff	fputc@fp,fsr2l
  7300   000D5A  C00F  FFDA         	movff	fputc@fp+1,fsr2h
  7301   000D5E  CFDE F012          	movff	postinc2,??_fputc+2
  7302   000D62  CFDD F013          	movff	postdec2,??_fputc+3
  7303   000D66  5010               	movf	??_fputc^0,w,c
  7304   000D68  2412               	addwf	(??_fputc+2)^0,w,c
  7305   000D6A  6ED9               	movwf	fsr2l,c
  7306   000D6C  5011               	movf	(??_fputc+1)^0,w,c
  7307   000D6E  2013               	addwfc	(??_fputc+3)^0,w,c
  7308   000D70  6EDA               	movwf	fsr2h,c
  7309   000D72  C00C  FFDF         	movff	fputc@c,indf2
  7310   000D76  EE20 F002          	lfsr	2,2
  7311   000D7A  500E               	movf	fputc@fp^0,w,c
  7312   000D7C  26D9               	addwf	fsr2l,f,c
  7313   000D7E  500F               	movf	(fputc@fp+1)^0,w,c
  7314   000D80  22DA               	addwfc	fsr2h,f,c
  7315   000D82  2ADE               	incf	postinc2,f,c
  7316   000D84  0E00               	movlw	0
  7317   000D86  22DD               	addwfc	postdec2,f,c
  7318   000D88                     l1784:
  7319   000D88  0012               	return		;funcret
  7320   000D8A                     __end_of_fputc:
  7321                           	callstack 0
  7322                           
  7323 ;; *************** function _putch *****************
  7324 ;; Defined at:
  7325 ;;		line 254 in file "mcc_generated_files/uart/src/eusart1.c"
  7326 ;; Parameters:    Size  Location     Type
  7327 ;;  txData          1    wreg     unsigned char 
  7328 ;; Auto vars:     Size  Location     Type
  7329 ;;  txData          1    9[COMRAM] unsigned char 
  7330 ;; Return value:  Size  Location     Type
  7331 ;;                  1    wreg      void 
  7332 ;; Registers used:
  7333 ;;		wreg, status,2, cstack
  7334 ;; Tracked objects:
  7335 ;;		On entry : 0/0
  7336 ;;		On exit  : 0/0
  7337 ;;		Unchanged: 0/0
  7338 ;; Data sizes:     COMRAM   BANK0   BANK1   BANK2   BANK3   BANK4   BANK5
  7339 ;;      Params:         0       0       0       0       0       0       0
  7340 ;;      Locals:         1       0       0       0       0       0       0
  7341 ;;      Temps:          0       0       0       0       0       0       0
  7342 ;;      Totals:         1       0       0       0       0       0       0
  7343 ;;Total ram usage:        1 bytes
  7344 ;; Hardware stack levels used: 1
  7345 ;; Hardware stack levels required when called: 4
  7346 ;; This function calls:
  7347 ;;		_EUSART1_IsTxReady
  7348 ;;		_EUSART1_Write
  7349 ;; This function is called by:
  7350 ;;		_fputc
  7351 ;; This function uses a non-reentrant model
  7352 ;;
  7353                           
  7354                           	psect	text14
  7355   001572                     __ptext14:
  7356                           	callstack 0
  7357   001572                     _putch:
  7358                           	callstack 19
  7359                           
  7360                           ;incstack = 0
  7361                           ;putch@txData stored from wreg
  7362   001572  6E0B               	movwf	putch@txData^0,c
  7363   001574                     l3996:
  7364                           
  7365                           ;mcc_generated_files/uart/src/eusart1.c: 256:     while(!(EUSART1_IsTxReady()))
  7366   001574  EC95  F00A         	call	_EUSART1_IsTxReady	;wreg free
  7367   001578  0900               	iorlw	0
  7368   00157A  B4D8               	btfsc	status,2,c
  7369   00157C  EFC2  F00A         	goto	u2871
  7370   001580  EFC4  F00A         	goto	u2870
  7371   001584                     u2871:
  7372   001584  EFBA  F00A         	goto	l3996
  7373   001588                     u2870:
  7374   001588                     
  7375                           ;mcc_generated_files/uart/src/eusart1.c: 260:     return EUSART1_Write(txData);;	Return 
      +                          value of _putch is never used
  7376   001588  C00B  F00A         	movff	putch@txData,EUSART1_Write@txData
  7377   00158C  EC8D  F00B         	call	_EUSART1_Write	;wreg free
  7378   001590  0012               	return		;funcret
  7379   001592                     __end_of_putch:
  7380                           	callstack 0
  7381                           
  7382 ;; *************** function _EUSART1_Write *****************
  7383 ;; Defined at:
  7384 ;;		line 240 in file "mcc_generated_files/uart/src/eusart1.c"
  7385 ;; Parameters:    Size  Location     Type
  7386 ;;  txData          1    8[COMRAM] unsigned char 
  7387 ;; Auto vars:     Size  Location     Type
  7388 ;;		None
  7389 ;; Return value:  Size  Location     Type
  7390 ;;                  1    wreg      void 
  7391 ;; Registers used:
  7392 ;;		None
  7393 ;; Tracked objects:
  7394 ;;		On entry : 0/0
  7395 ;;		On exit  : 0/0
  7396 ;;		Unchanged: 0/0
  7397 ;; Data sizes:     COMRAM   BANK0   BANK1   BANK2   BANK3   BANK4   BANK5
  7398 ;;      Params:         1       0       0       0       0       0       0
  7399 ;;      Locals:         0       0       0       0       0       0       0
  7400 ;;      Temps:          0       0       0       0       0       0       0
  7401 ;;      Totals:         1       0       0       0       0       0       0
  7402 ;;Total ram usage:        1 bytes
  7403 ;; Hardware stack levels used: 1
  7404 ;; Hardware stack levels required when called: 3
  7405 ;; This function calls:
  7406 ;;		Nothing
  7407 ;; This function is called by:
  7408 ;;		_putch
  7409 ;; This function uses a non-reentrant model
  7410 ;;
  7411                           
  7412                           	psect	text15
  7413   00171A                     __ptext15:
  7414                           	callstack 0
  7415   00171A                     _EUSART1_Write:
  7416                           	callstack 19
  7417   00171A                     
  7418                           ;mcc_generated_files/uart/src/eusart1.c: 240: void EUSART1_Write(uint8_t txData);mcc_gen
      +                          erated_files/uart/src/eusart1.c: 241: {;mcc_generated_files/uart/src/eusart1.c: 242:    
      +                           TXREG1 = txData;
  7419   00171A  C00A  FFAD         	movff	EUSART1_Write@txData,4013	;volatile
  7420   00171E  0012               	return		;funcret
  7421   001720                     __end_of_EUSART1_Write:
  7422                           	callstack 0
  7423                           
  7424 ;; *************** function _EUSART1_IsTxReady *****************
  7425 ;; Defined at:
  7426 ;;		line 203 in file "mcc_generated_files/uart/src/eusart1.c"
  7427 ;; Parameters:    Size  Location     Type
  7428 ;;		None
  7429 ;; Auto vars:     Size  Location     Type
  7430 ;;		None
  7431 ;; Return value:  Size  Location     Type
  7432 ;;                  1    wreg      _Bool 
  7433 ;; Registers used:
  7434 ;;		wreg, status,2
  7435 ;; Tracked objects:
  7436 ;;		On entry : 0/0
  7437 ;;		On exit  : 0/0
  7438 ;;		Unchanged: 0/0
  7439 ;; Data sizes:     COMRAM   BANK0   BANK1   BANK2   BANK3   BANK4   BANK5
  7440 ;;      Params:         0       0       0       0       0       0       0
  7441 ;;      Locals:         1       0       0       0       0       0       0
  7442 ;;      Temps:          0       0       0       0       0       0       0
  7443 ;;      Totals:         1       0       0       0       0       0       0
  7444 ;;Total ram usage:        1 bytes
  7445 ;; Hardware stack levels used: 1
  7446 ;; Hardware stack levels required when called: 3
  7447 ;; This function calls:
  7448 ;;		Nothing
  7449 ;; This function is called by:
  7450 ;;		_putch
  7451 ;; This function uses a non-reentrant model
  7452 ;;
  7453                           
  7454                           	psect	text16
  7455   00152A                     __ptext16:
  7456                           	callstack 0
  7457   00152A                     _EUSART1_IsTxReady:
  7458                           	callstack 19
  7459   00152A                     
  7460                           ;mcc_generated_files/uart/src/eusart1.c: 205:     return (_Bool)(PIR1bits.TX1IF && TXSTA
      +                          1bits.TXEN);
  7461   00152A  6A0A               	clrf	_EUSART1_IsTxReady$2002^0,c
  7462   00152C  A89E               	btfss	158,4,c	;volatile
  7463   00152E  EF9B  F00A         	goto	u2851
  7464   001532  EF9D  F00A         	goto	u2850
  7465   001536                     u2851:
  7466   001536  EFA6  F00A         	goto	l655
  7467   00153A                     u2850:
  7468   00153A  AAAC               	btfss	172,5,c	;volatile
  7469   00153C  EFA2  F00A         	goto	u2861
  7470   001540  EFA4  F00A         	goto	u2860
  7471   001544                     u2861:
  7472   001544  EFA6  F00A         	goto	l655
  7473   001548                     u2860:
  7474   001548  0E01               	movlw	1
  7475   00154A  6E0A               	movwf	_EUSART1_IsTxReady$2002^0,c
  7476   00154C                     l655:
  7477   00154C  500A               	movf	_EUSART1_IsTxReady$2002^0,w,c
  7478   00154E  0012               	return		;funcret
  7479   001550                     __end_of_EUSART1_IsTxReady:
  7480                           	callstack 0
  7481                           
  7482 ;; *************** function _TMR1_OverflowStatusGet *****************
  7483 ;; Defined at:
  7484 ;;		line 173 in file "mcc_generated_files/timer/src/tmr1.c"
  7485 ;; Parameters:    Size  Location     Type
  7486 ;;		None
  7487 ;; Auto vars:     Size  Location     Type
  7488 ;;		None
  7489 ;; Return value:  Size  Location     Type
  7490 ;;                  1    wreg      _Bool 
  7491 ;; Registers used:
  7492 ;;		wreg
  7493 ;; Tracked objects:
  7494 ;;		On entry : 0/0
  7495 ;;		On exit  : 0/0
  7496 ;;		Unchanged: 0/0
  7497 ;; Data sizes:     COMRAM   BANK0   BANK1   BANK2   BANK3   BANK4   BANK5
  7498 ;;      Params:         0       0       0       0       0       0       0
  7499 ;;      Locals:         0       0       0       0       0       0       0
  7500 ;;      Temps:          0       0       0       0       0       0       0
  7501 ;;      Totals:         0       0       0       0       0       0       0
  7502 ;;Total ram usage:        0 bytes
  7503 ;; Hardware stack levels used: 1
  7504 ;; Hardware stack levels required when called: 3
  7505 ;; This function calls:
  7506 ;;		Nothing
  7507 ;; This function is called by:
  7508 ;;		_main
  7509 ;;		_transmitChar
  7510 ;; This function uses a non-reentrant model
  7511 ;;
  7512                           
  7513                           	psect	text17
  7514   001682                     __ptext17:
  7515                           	callstack 0
  7516   001682                     _TMR1_OverflowStatusGet:
  7517                           	callstack 27
  7518   001682                     
  7519                           ;mcc_generated_files/timer/src/tmr1.c: 175:     return(PIR1bits.TMR1IF);
  7520   001682  B09E               	btfsc	158,0,c	;volatile
  7521   001684  EF46  F00B         	goto	u3491
  7522   001688  EF49  F00B         	goto	u3490
  7523   00168C                     u3491:
  7524   00168C  0E01               	movlw	1
  7525   00168E  EF4A  F00B         	goto	u3496
  7526   001692                     u3490:
  7527   001692  0E00               	movlw	0
  7528   001694                     u3496:
  7529   001694  0012               	return		;funcret
  7530   001696                     __end_of_TMR1_OverflowStatusGet:
  7531                           	callstack 0
  7532                           
  7533 ;; *************** function _TMR1_CounterSet *****************
  7534 ;; Defined at:
  7535 ;;		line 122 in file "mcc_generated_files/timer/src/tmr1.c"
  7536 ;; Parameters:    Size  Location     Type
  7537 ;;  timerVal        2    8[COMRAM] unsigned short 
  7538 ;; Auto vars:     Size  Location     Type
  7539 ;;  onState         1   10[COMRAM] _Bool 
  7540 ;; Return value:  Size  Location     Type
  7541 ;;                  1    wreg      void 
  7542 ;; Registers used:
  7543 ;;		wreg, status,2
  7544 ;; Tracked objects:
  7545 ;;		On entry : 0/0
  7546 ;;		On exit  : 0/0
  7547 ;;		Unchanged: 0/0
  7548 ;; Data sizes:     COMRAM   BANK0   BANK1   BANK2   BANK3   BANK4   BANK5
  7549 ;;      Params:         2       0       0       0       0       0       0
  7550 ;;      Locals:         1       0       0       0       0       0       0
  7551 ;;      Temps:          0       0       0       0       0       0       0
  7552 ;;      Totals:         3       0       0       0       0       0       0
  7553 ;;Total ram usage:        3 bytes
  7554 ;; Hardware stack levels used: 1
  7555 ;; Hardware stack levels required when called: 3
  7556 ;; This function calls:
  7557 ;;		Nothing
  7558 ;; This function is called by:
  7559 ;;		_main
  7560 ;;		_TMR1_Reload
  7561 ;;		_TMR1_Tasks
  7562 ;;		_transmitChar
  7563 ;; This function uses a non-reentrant model
  7564 ;;
  7565                           
  7566                           	psect	text18
  7567   001318                     __ptext18:
  7568                           	callstack 0
  7569   001318                     _TMR1_CounterSet:
  7570                           	callstack 27
  7571   001318                     
  7572                           ;mcc_generated_files/timer/src/tmr1.c: 122: void TMR1_CounterSet(uint16_t timerVal);mcc_
      +                          generated_files/timer/src/tmr1.c: 123: {;mcc_generated_files/timer/src/tmr1.c: 124:     
      +                          if (1U == T1CONbits.T1SYNC)
  7573   001318  A4CD               	btfss	205,2,c	;volatile
  7574   00131A  EF91  F009         	goto	u3461
  7575   00131E  EF93  F009         	goto	u3460
  7576   001322                     u3461:
  7577   001322  EFA9  F009         	goto	l4486
  7578   001326                     u3460:
  7579   001326                     
  7580                           ;mcc_generated_files/timer/src/tmr1.c: 125:     {;mcc_generated_files/timer/src/tmr1.c: 
      +                          126:      _Bool onState = T1CONbits.TMR1ON;
  7581   001326  B0CD               	btfsc	205,0,c	;volatile
  7582   001328  EF98  F009         	goto	u3471
  7583   00132C  EF9B  F009         	goto	u3470
  7584   001330                     u3471:
  7585   001330  0E01               	movlw	1
  7586   001332  EF9C  F009         	goto	u3476
  7587   001336                     u3470:
  7588   001336  0E00               	movlw	0
  7589   001338                     u3476:
  7590   001338  6E0C               	movwf	TMR1_CounterSet@onState^0,c
  7591   00133A                     
  7592                           ;mcc_generated_files/timer/src/tmr1.c: 128:         T1CONbits.TMR1ON = 0U;
  7593   00133A  90CD               	bcf	205,0,c	;volatile
  7594                           
  7595                           ;mcc_generated_files/timer/src/tmr1.c: 130:         TMR1H = (uint8_t)(timerVal >> 8U);
  7596   00133C  500B               	movf	(TMR1_CounterSet@timerVal+1)^0,w,c
  7597   00133E  6ECF               	movwf	207,c	;volatile
  7598   001340                     
  7599                           ;mcc_generated_files/timer/src/tmr1.c: 131:         TMR1L = (uint8_t)timerVal;
  7600   001340  C00A  FFCE         	movff	TMR1_CounterSet@timerVal,4046	;volatile
  7601   001344                     
  7602                           ;mcc_generated_files/timer/src/tmr1.c: 133:         T1CONbits.TMR1ON = onState;
  7603   001344  B00C               	btfsc	TMR1_CounterSet@onState^0,0,c
  7604   001346  D002               	bra	u3485
  7605   001348  90CD               	bcf	205,0,c	;volatile
  7606   00134A  D001               	bra	u3486
  7607   00134C                     u3485:
  7608   00134C  80CD               	bsf	205,0,c	;volatile
  7609   00134E                     u3486:
  7610                           
  7611                           ;mcc_generated_files/timer/src/tmr1.c: 134:     }
  7612   00134E  EFAD  F009         	goto	l220
  7613   001352                     l4486:
  7614                           
  7615                           ;mcc_generated_files/timer/src/tmr1.c: 136:     {;mcc_generated_files/timer/src/tmr1.c: 
      +                          137:         TMR1H = (uint8_t)(timerVal >> 8U);
  7616   001352  500B               	movf	(TMR1_CounterSet@timerVal+1)^0,w,c
  7617   001354  6ECF               	movwf	207,c	;volatile
  7618   001356                     
  7619                           ;mcc_generated_files/timer/src/tmr1.c: 138:         TMR1L = (uint8_t)timerVal;
  7620   001356  C00A  FFCE         	movff	TMR1_CounterSet@timerVal,4046	;volatile
  7621   00135A                     l220:
  7622   00135A  0012               	return		;funcret
  7623   00135C                     __end_of_TMR1_CounterSet:
  7624                           	callstack 0
  7625                           
  7626 ;; *************** function _SYSTEM_Initialize *****************
  7627 ;; Defined at:
  7628 ;;		line 39 in file "mcc_generated_files/system/src/system.c"
  7629 ;; Parameters:    Size  Location     Type
  7630 ;;		None
  7631 ;; Auto vars:     Size  Location     Type
  7632 ;;		None
  7633 ;; Return value:  Size  Location     Type
  7634 ;;                  1    wreg      void 
  7635 ;; Registers used:
  7636 ;;		wreg, status,2, status,0, cstack
  7637 ;; Tracked objects:
  7638 ;;		On entry : 0/0
  7639 ;;		On exit  : 0/0
  7640 ;;		Unchanged: 0/0
  7641 ;; Data sizes:     COMRAM   BANK0   BANK1   BANK2   BANK3   BANK4   BANK5
  7642 ;;      Params:         0       0       0       0       0       0       0
  7643 ;;      Locals:         0       0       0       0       0       0       0
  7644 ;;      Temps:          0       0       0       0       0       0       0
  7645 ;;      Totals:         0       0       0       0       0       0       0
  7646 ;;Total ram usage:        0 bytes
  7647 ;; Hardware stack levels used: 1
  7648 ;; Hardware stack levels required when called: 5
  7649 ;; This function calls:
  7650 ;;		_CLOCK_Initialize
  7651 ;;		_ECCP2_Initialize
  7652 ;;		_EUSART1_Initialize
  7653 ;;		_EUSART2_Initialize
  7654 ;;		_INTERRUPT_Initialize
  7655 ;;		_PIN_MANAGER_Initialize
  7656 ;;		_TMR1_Initialize
  7657 ;;		_TMR2_Initialize
  7658 ;; This function is called by:
  7659 ;;		_main
  7660 ;; This function uses a non-reentrant model
  7661 ;;
  7662                           
  7663                           	psect	text19
  7664   001550                     __ptext19:
  7665                           	callstack 0
  7666   001550                     _SYSTEM_Initialize:
  7667                           	callstack 25
  7668   001550                     
  7669                           ;mcc_generated_files/system/src/system.c: 41:     CLOCK_Initialize();
  7670   001550  EC65  F00B         	call	_CLOCK_Initialize	;wreg free
  7671                           
  7672                           ;mcc_generated_files/system/src/system.c: 42:     PIN_MANAGER_Initialize();
  7673   001554  EC50  F00A         	call	_PIN_MANAGER_Initialize	;wreg free
  7674   001558                     
  7675                           ;mcc_generated_files/system/src/system.c: 43:     TMR1_Initialize();
  7676   001558  EC38  F00A         	call	_TMR1_Initialize	;wreg free
  7677   00155C                     
  7678                           ;mcc_generated_files/system/src/system.c: 44:     TMR2_Initialize();
  7679   00155C  EC1E  F00B         	call	_TMR2_Initialize	;wreg free
  7680                           
  7681                           ;mcc_generated_files/system/src/system.c: 45:     ECCP2_Initialize();
  7682   001560  EC2A  F00B         	call	_ECCP2_Initialize	;wreg free
  7683   001564                     
  7684                           ;mcc_generated_files/system/src/system.c: 46:     EUSART1_Initialize();
  7685   001564  ECE9  F009         	call	_EUSART1_Initialize	;wreg free
  7686   001568                     
  7687                           ;mcc_generated_files/system/src/system.c: 47:     EUSART2_Initialize();
  7688   001568  EC3C  F009         	call	_EUSART2_Initialize	;wreg free
  7689   00156C                     
  7690                           ;mcc_generated_files/system/src/system.c: 48:     INTERRUPT_Initialize();
  7691   00156C  EC1E  F00A         	call	_INTERRUPT_Initialize	;wreg free
  7692   001570  0012               	return		;funcret
  7693   001572                     __end_of_SYSTEM_Initialize:
  7694                           	callstack 0
  7695                           
  7696 ;; *************** function _TMR2_Initialize *****************
  7697 ;; Defined at:
  7698 ;;		line 45 in file "mcc_generated_files/timer/src/tmr2.c"
  7699 ;; Parameters:    Size  Location     Type
  7700 ;;		None
  7701 ;; Auto vars:     Size  Location     Type
  7702 ;;		None
  7703 ;; Return value:  Size  Location     Type
  7704 ;;                  1    wreg      void 
  7705 ;; Registers used:
  7706 ;;		wreg, status,2, status,0
  7707 ;; Tracked objects:
  7708 ;;		On entry : 0/0
  7709 ;;		On exit  : 0/0
  7710 ;;		Unchanged: 0/0
  7711 ;; Data sizes:     COMRAM   BANK0   BANK1   BANK2   BANK3   BANK4   BANK5
  7712 ;;      Params:         0       0       0       0       0       0       0
  7713 ;;      Locals:         0       0       0       0       0       0       0
  7714 ;;      Temps:          0       0       0       0       0       0       0
  7715 ;;      Totals:         0       0       0       0       0       0       0
  7716 ;;Total ram usage:        0 bytes
  7717 ;; Hardware stack levels used: 1
  7718 ;; Hardware stack levels required when called: 3
  7719 ;; This function calls:
  7720 ;;		Nothing
  7721 ;; This function is called by:
  7722 ;;		_SYSTEM_Initialize
  7723 ;; This function uses a non-reentrant model
  7724 ;;
  7725                           
  7726                           	psect	text20
  7727   00163C                     __ptext20:
  7728                           	callstack 0
  7729   00163C                     _TMR2_Initialize:
  7730                           	callstack 26
  7731   00163C                     
  7732                           ;mcc_generated_files/timer/src/tmr2.c: 48:     PR2 = 0x67;
  7733   00163C  0E67               	movlw	103
  7734   00163E  6EBB               	movwf	187,c	;volatile
  7735   001640                     
  7736                           ;mcc_generated_files/timer/src/tmr2.c: 49:     TMR2 = 0x0;
  7737   001640  6ABC               	clrf	188,c	;volatile
  7738   001642                     
  7739                           ;mcc_generated_files/timer/src/tmr2.c: 50:     TMR2_PeriodMatchCallback = TMR2_DefaultPe
      +                          riodMatchCallback;
  7740   001642  0E00               	movlw	0
  7741   001644  0100               	movlb	0	; () banked
  7742   001646  6FD5               	movwf	_TMR2_PeriodMatchCallback& (0+255),b
  7743   001648  0E00               	movlw	0
  7744   00164A  6FD6               	movwf	(_TMR2_PeriodMatchCallback+1)& (0+255),b
  7745   00164C                     
  7746                           ; BSR set to: 0
  7747                           ;mcc_generated_files/timer/src/tmr2.c: 52:     PIR1bits.TMR2IF = 0;
  7748   00164C  929E               	bcf	158,1,c	;volatile
  7749   00164E                     
  7750                           ; BSR set to: 0
  7751                           ;mcc_generated_files/timer/src/tmr2.c: 53:     T2CON = (1 << 0x0)
  7752   00164E  0E05               	movlw	5
  7753   001650  6EBA               	movwf	186,c	;volatile
  7754   001652                     
  7755                           ; BSR set to: 0
  7756   001652  0012               	return		;funcret
  7757   001654                     __end_of_TMR2_Initialize:
  7758                           	callstack 0
  7759                           
  7760 ;; *************** function _TMR1_Initialize *****************
  7761 ;; Defined at:
  7762 ;;		line 53 in file "mcc_generated_files/timer/src/tmr1.c"
  7763 ;; Parameters:    Size  Location     Type
  7764 ;;		None
  7765 ;; Auto vars:     Size  Location     Type
  7766 ;;		None
  7767 ;; Return value:  Size  Location     Type
  7768 ;;                  1    wreg      void 
  7769 ;; Registers used:
  7770 ;;		wreg, status,2, status,0
  7771 ;; Tracked objects:
  7772 ;;		On entry : 0/0
  7773 ;;		On exit  : 0/0
  7774 ;;		Unchanged: 0/0
  7775 ;; Data sizes:     COMRAM   BANK0   BANK1   BANK2   BANK3   BANK4   BANK5
  7776 ;;      Params:         0       0       0       0       0       0       0
  7777 ;;      Locals:         0       0       0       0       0       0       0
  7778 ;;      Temps:          2       0       0       0       0       0       0
  7779 ;;      Totals:         2       0       0       0       0       0       0
  7780 ;;Total ram usage:        2 bytes
  7781 ;; Hardware stack levels used: 1
  7782 ;; Hardware stack levels required when called: 3
  7783 ;; This function calls:
  7784 ;;		Nothing
  7785 ;; This function is called by:
  7786 ;;		_SYSTEM_Initialize
  7787 ;; This function uses a non-reentrant model
  7788 ;;
  7789                           
  7790                           	psect	text21
  7791   001470                     __ptext21:
  7792                           	callstack 0
  7793   001470                     _TMR1_Initialize:
  7794                           	callstack 26
  7795   001470                     
  7796                           ;mcc_generated_files/timer/src/tmr1.c: 55:     T1CONbits.TMR1ON = 0U;
  7797   001470  90CD               	bcf	205,0,c	;volatile
  7798                           
  7799                           ;mcc_generated_files/timer/src/tmr1.c: 57:     TMR1H = 0x0;
  7800   001472  6ACF               	clrf	207,c	;volatile
  7801                           
  7802                           ;mcc_generated_files/timer/src/tmr1.c: 58:     TMR1L = 0x0;
  7803   001474  6ACE               	clrf	206,c	;volatile
  7804   001476                     
  7805                           ;mcc_generated_files/timer/src/tmr1.c: 60:     timer1ReloadVal=((uint16_t)TMR1H << 8U) |
      +                           TMR1L;
  7806   001476  50CF               	movf	207,w,c	;volatile
  7807   001478  6E0A               	movwf	??_TMR1_Initialize^0,c
  7808   00147A  50CE               	movf	206,w,c	;volatile
  7809   00147C  6E4A               	movwf	_timer1ReloadVal^0,c	;volatile
  7810   00147E  C00A  F04B         	movff	??_TMR1_Initialize,_timer1ReloadVal+1	;volatile
  7811   001482                     
  7812                           ;mcc_generated_files/timer/src/tmr1.c: 62:     T1GCON = (0 << 0x0)
  7813   001482  6ACC               	clrf	204,c	;volatile
  7814   001484                     
  7815                           ;mcc_generated_files/timer/src/tmr1.c: 68:     TMR1_OverflowCallback =TMR1_DefaultOverfl
      +                          owCallback;
  7816   001484  0E00               	movlw	0
  7817   001486  0100               	movlb	0	; () banked
  7818   001488  6FD9               	movwf	_TMR1_OverflowCallback& (0+255),b
  7819   00148A  0E00               	movlw	0
  7820   00148C  6FDA               	movwf	(_TMR1_OverflowCallback+1)& (0+255),b
  7821   00148E                     
  7822                           ; BSR set to: 0
  7823                           ;mcc_generated_files/timer/src/tmr1.c: 69:     TMR1_GateCallback = TMR1_DefaultGateCallb
      +                          ack;
  7824   00148E  0E00               	movlw	0
  7825   001490  6FD7               	movwf	_TMR1_GateCallback& (0+255),b
  7826   001492  0E00               	movlw	0
  7827   001494  6FD8               	movwf	(_TMR1_GateCallback+1)& (0+255),b
  7828   001496                     
  7829                           ; BSR set to: 0
  7830                           ;mcc_generated_files/timer/src/tmr1.c: 72:  PIR1bits.TMR1IF = 0U;
  7831   001496  909E               	bcf	158,0,c	;volatile
  7832   001498                     
  7833                           ; BSR set to: 0
  7834                           ;mcc_generated_files/timer/src/tmr1.c: 73:  PIR3bits.TMR1GIF = 0U;
  7835   001498  90A4               	bcf	164,0,c	;volatile
  7836                           
  7837                           ;mcc_generated_files/timer/src/tmr1.c: 75:     T1CON = (1 << 0x0)
  7838   00149A  0E05               	movlw	5
  7839   00149C  6ECD               	movwf	205,c	;volatile
  7840   00149E                     
  7841                           ; BSR set to: 0
  7842   00149E  0012               	return		;funcret
  7843   0014A0                     __end_of_TMR1_Initialize:
  7844                           	callstack 0
  7845                           
  7846 ;; *************** function _PIN_MANAGER_Initialize *****************
  7847 ;; Defined at:
  7848 ;;		line 38 in file "mcc_generated_files/system/src/pins.c"
  7849 ;; Parameters:    Size  Location     Type
  7850 ;;		None
  7851 ;; Auto vars:     Size  Location     Type
  7852 ;;		None
  7853 ;; Return value:  Size  Location     Type
  7854 ;;                  1    wreg      void 
  7855 ;; Registers used:
  7856 ;;		wreg, status,2
  7857 ;; Tracked objects:
  7858 ;;		On entry : 0/0
  7859 ;;		On exit  : 0/0
  7860 ;;		Unchanged: 0/0
  7861 ;; Data sizes:     COMRAM   BANK0   BANK1   BANK2   BANK3   BANK4   BANK5
  7862 ;;      Params:         0       0       0       0       0       0       0
  7863 ;;      Locals:         0       0       0       0       0       0       0
  7864 ;;      Temps:          0       0       0       0       0       0       0
  7865 ;;      Totals:         0       0       0       0       0       0       0
  7866 ;;Total ram usage:        0 bytes
  7867 ;; Hardware stack levels used: 1
  7868 ;; Hardware stack levels required when called: 3
  7869 ;; This function calls:
  7870 ;;		Nothing
  7871 ;; This function is called by:
  7872 ;;		_SYSTEM_Initialize
  7873 ;; This function uses a non-reentrant model
  7874 ;;
  7875                           
  7876                           	psect	text22
  7877   0014A0                     __ptext22:
  7878                           	callstack 0
  7879   0014A0                     _PIN_MANAGER_Initialize:
  7880                           	callstack 26
  7881   0014A0                     
  7882                           ;mcc_generated_files/system/src/pins.c: 43:     LATA = 0x0;
  7883   0014A0  6A89               	clrf	137,c	;volatile
  7884   0014A2                     
  7885                           ;mcc_generated_files/system/src/pins.c: 44:     LATB = 0x40;
  7886   0014A2  0E40               	movlw	64
  7887   0014A4  6E8A               	movwf	138,c	;volatile
  7888                           
  7889                           ;mcc_generated_files/system/src/pins.c: 45:     LATC = 0x40;
  7890   0014A6  0E40               	movlw	64
  7891   0014A8  6E8B               	movwf	139,c	;volatile
  7892   0014AA                     
  7893                           ;mcc_generated_files/system/src/pins.c: 53:     TRISA = 0xFF;
  7894   0014AA  6892               	setf	146,c	;volatile
  7895                           
  7896                           ;mcc_generated_files/system/src/pins.c: 54:     TRISB = 0xB7;
  7897   0014AC  0EB7               	movlw	183
  7898   0014AE  6E93               	movwf	147,c	;volatile
  7899                           
  7900                           ;mcc_generated_files/system/src/pins.c: 55:     TRISC = 0xBD;
  7901   0014B0  0EBD               	movlw	189
  7902   0014B2  6E94               	movwf	148,c	;volatile
  7903                           
  7904                           ;mcc_generated_files/system/src/pins.c: 56:     TRISE = 0x80;
  7905   0014B4  0E80               	movlw	128
  7906   0014B6  6E96               	movwf	150,c	;volatile
  7907                           
  7908                           ;mcc_generated_files/system/src/pins.c: 61:     ANSELA = 0x2F;
  7909   0014B8  0E2F               	movlw	47
  7910   0014BA  010F               	movlb	15	; () banked
  7911   0014BC  6F38               	movwf	56,b	;volatile
  7912                           
  7913                           ;mcc_generated_files/system/src/pins.c: 62:     ANSELB = 0x3F;
  7914   0014BE  0E3F               	movlw	63
  7915   0014C0  6F39               	movwf	57,b	;volatile
  7916                           
  7917                           ;mcc_generated_files/system/src/pins.c: 63:     ANSELC = 0x3C;
  7918   0014C2  0E3C               	movlw	60
  7919   0014C4  6F3A               	movwf	58,b	;volatile
  7920   0014C6                     
  7921                           ; BSR set to: 15
  7922                           ;mcc_generated_files/system/src/pins.c: 68:     WPUB = 0xFF;
  7923   0014C6  6861               	setf	97,c	;volatile
  7924                           
  7925                           ;mcc_generated_files/system/src/pins.c: 89:     IOCB = 0xF0;
  7926   0014C8  0EF0               	movlw	240
  7927   0014CA  6E62               	movwf	98,c	;volatile
  7928   0014CC                     
  7929                           ; BSR set to: 15
  7930                           ;mcc_generated_files/system/src/pins.c: 93:     INTCONbits.RBIE = 1;
  7931   0014CC  86F2               	bsf	242,3,c	;volatile
  7932   0014CE                     
  7933                           ; BSR set to: 15
  7934   0014CE  0012               	return		;funcret
  7935   0014D0                     __end_of_PIN_MANAGER_Initialize:
  7936                           	callstack 0
  7937                           
  7938 ;; *************** function _INTERRUPT_Initialize *****************
  7939 ;; Defined at:
  7940 ;;		line 42 in file "mcc_generated_files/system/src/interrupt.c"
  7941 ;; Parameters:    Size  Location     Type
  7942 ;;		None
  7943 ;; Auto vars:     Size  Location     Type
  7944 ;;		None
  7945 ;; Return value:  Size  Location     Type
  7946 ;;                  1    wreg      void 
  7947 ;; Registers used:
  7948 ;;		wreg, status,2, status,0, cstack
  7949 ;; Tracked objects:
  7950 ;;		On entry : 0/0
  7951 ;;		On exit  : 0/0
  7952 ;;		Unchanged: 0/0
  7953 ;; Data sizes:     COMRAM   BANK0   BANK1   BANK2   BANK3   BANK4   BANK5
  7954 ;;      Params:         0       0       0       0       0       0       0
  7955 ;;      Locals:         0       0       0       0       0       0       0
  7956 ;;      Temps:          0       0       0       0       0       0       0
  7957 ;;      Totals:         0       0       0       0       0       0       0
  7958 ;;Total ram usage:        0 bytes
  7959 ;; Hardware stack levels used: 1
  7960 ;; Hardware stack levels required when called: 4
  7961 ;; This function calls:
  7962 ;;		_INT0_SetInterruptHandler
  7963 ;;		_INT1_SetInterruptHandler
  7964 ;;		_INT2_SetInterruptHandler
  7965 ;; This function is called by:
  7966 ;;		_SYSTEM_Initialize
  7967 ;; This function uses a non-reentrant model
  7968 ;;
  7969                           
  7970                           	psect	text23
  7971   00143C                     __ptext23:
  7972                           	callstack 0
  7973   00143C                     _INTERRUPT_Initialize:
  7974                           	callstack 25
  7975   00143C                     
  7976                           ;mcc_generated_files/system/src/interrupt.c: 45:     RCONbits.IPEN = 0;
  7977   00143C  9ED0               	bcf	208,7,c	;volatile
  7978                           
  7979                           ;mcc_generated_files/system/src/interrupt.c: 49:     (INTCONbits.INT0IF = 0);
  7980   00143E  92F2               	bcf	242,1,c	;volatile
  7981                           
  7982                           ;mcc_generated_files/system/src/interrupt.c: 50:     (INTCON2bits.INTEDG0 = 1);
  7983   001440  8CF1               	bsf	241,6,c	;volatile
  7984   001442                     
  7985                           ;mcc_generated_files/system/src/interrupt.c: 52:     INT0_SetInterruptHandler(INT0_Defau
      +                          ltInterruptHandler);
  7986   001442  0E00               	movlw	0
  7987   001444  6E0A               	movwf	INT0_SetInterruptHandler@InterruptHandler^0,c
  7988   001446  0E00               	movlw	0
  7989   001448  6E0B               	movwf	(INT0_SetInterruptHandler@InterruptHandler+1)^0,c
  7990   00144A  EC88  F00B         	call	_INT0_SetInterruptHandler	;wreg free
  7991   00144E                     
  7992                           ;mcc_generated_files/system/src/interrupt.c: 57:     (INTCON3bits.INT1IF = 0);
  7993   00144E  90F0               	bcf	240,0,c	;volatile
  7994   001450                     
  7995                           ;mcc_generated_files/system/src/interrupt.c: 58:     (INTCON2bits.INTEDG1 = 1);
  7996   001450  8AF1               	bsf	241,5,c	;volatile
  7997                           
  7998                           ;mcc_generated_files/system/src/interrupt.c: 60:     INT1_SetInterruptHandler(INT1_Defau
      +                          ltInterruptHandler);
  7999   001452  0E00               	movlw	0
  8000   001454  6E0A               	movwf	INT1_SetInterruptHandler@InterruptHandler^0,c
  8001   001456  0E00               	movlw	0
  8002   001458  6E0B               	movwf	(INT1_SetInterruptHandler@InterruptHandler+1)^0,c
  8003   00145A  EC83  F00B         	call	_INT1_SetInterruptHandler	;wreg free
  8004   00145E                     
  8005                           ;mcc_generated_files/system/src/interrupt.c: 65:     (INTCON3bits.INT2IF = 0);
  8006   00145E  92F0               	bcf	240,1,c	;volatile
  8007   001460                     
  8008                           ;mcc_generated_files/system/src/interrupt.c: 66:     (INTCON2bits.INTEDG2 = 1);
  8009   001460  88F1               	bsf	241,4,c	;volatile
  8010                           
  8011                           ;mcc_generated_files/system/src/interrupt.c: 68:     INT2_SetInterruptHandler(INT2_Defau
      +                          ltInterruptHandler);
  8012   001462  0E00               	movlw	0
  8013   001464  6E0A               	movwf	INT2_SetInterruptHandler@InterruptHandler^0,c
  8014   001466  0E00               	movlw	0
  8015   001468  6E0B               	movwf	(INT2_SetInterruptHandler@InterruptHandler+1)^0,c
  8016   00146A  EC7E  F00B         	call	_INT2_SetInterruptHandler	;wreg free
  8017   00146E  0012               	return		;funcret
  8018   001470                     __end_of_INTERRUPT_Initialize:
  8019                           	callstack 0
  8020                           
  8021 ;; *************** function _INT2_SetInterruptHandler *****************
  8022 ;; Defined at:
  8023 ;;		line 166 in file "mcc_generated_files/system/src/interrupt.c"
  8024 ;; Parameters:    Size  Location     Type
  8025 ;;  InterruptHan    2    8[COMRAM] PTR FTN()void 
  8026 ;;		 -> INT2_DefaultInterruptHandler(1), 
  8027 ;; Auto vars:     Size  Location     Type
  8028 ;;		None
  8029 ;; Return value:  Size  Location     Type
  8030 ;;                  1    wreg      void 
  8031 ;; Registers used:
  8032 ;;		wreg, status,2, status,0
  8033 ;; Tracked objects:
  8034 ;;		On entry : 0/0
  8035 ;;		On exit  : 0/0
  8036 ;;		Unchanged: 0/0
  8037 ;; Data sizes:     COMRAM   BANK0   BANK1   BANK2   BANK3   BANK4   BANK5
  8038 ;;      Params:         2       0       0       0       0       0       0
  8039 ;;      Locals:         0       0       0       0       0       0       0
  8040 ;;      Temps:          0       0       0       0       0       0       0
  8041 ;;      Totals:         2       0       0       0       0       0       0
  8042 ;;Total ram usage:        2 bytes
  8043 ;; Hardware stack levels used: 1
  8044 ;; Hardware stack levels required when called: 3
  8045 ;; This function calls:
  8046 ;;		Nothing
  8047 ;; This function is called by:
  8048 ;;		_INTERRUPT_Initialize
  8049 ;; This function uses a non-reentrant model
  8050 ;;
  8051                           
  8052                           	psect	text24
  8053   0016FC                     __ptext24:
  8054                           	callstack 0
  8055   0016FC                     _INT2_SetInterruptHandler:
  8056                           	callstack 25
  8057   0016FC                     
  8058                           ;mcc_generated_files/system/src/interrupt.c: 167:     INT2_InterruptHandler = InterruptH
      +                          andler;
  8059   0016FC  C00A  F094         	movff	INT2_SetInterruptHandler@InterruptHandler,_INT2_InterruptHandler
  8060   001700  C00B  F095         	movff	INT2_SetInterruptHandler@InterruptHandler+1,_INT2_InterruptHandler+1
  8061   001704  0012               	return		;funcret
  8062   001706                     __end_of_INT2_SetInterruptHandler:
  8063                           	callstack 0
  8064                           
  8065 ;; *************** function _INT1_SetInterruptHandler *****************
  8066 ;; Defined at:
  8067 ;;		line 140 in file "mcc_generated_files/system/src/interrupt.c"
  8068 ;; Parameters:    Size  Location     Type
  8069 ;;  InterruptHan    2    8[COMRAM] PTR FTN()void 
  8070 ;;		 -> INT1_DefaultInterruptHandler(1), 
  8071 ;; Auto vars:     Size  Location     Type
  8072 ;;		None
  8073 ;; Return value:  Size  Location     Type
  8074 ;;                  1    wreg      void 
  8075 ;; Registers used:
  8076 ;;		wreg, status,2, status,0
  8077 ;; Tracked objects:
  8078 ;;		On entry : 0/0
  8079 ;;		On exit  : 0/0
  8080 ;;		Unchanged: 0/0
  8081 ;; Data sizes:     COMRAM   BANK0   BANK1   BANK2   BANK3   BANK4   BANK5
  8082 ;;      Params:         2       0       0       0       0       0       0
  8083 ;;      Locals:         0       0       0       0       0       0       0
  8084 ;;      Temps:          0       0       0       0       0       0       0
  8085 ;;      Totals:         2       0       0       0       0       0       0
  8086 ;;Total ram usage:        2 bytes
  8087 ;; Hardware stack levels used: 1
  8088 ;; Hardware stack levels required when called: 3
  8089 ;; This function calls:
  8090 ;;		Nothing
  8091 ;; This function is called by:
  8092 ;;		_INTERRUPT_Initialize
  8093 ;; This function uses a non-reentrant model
  8094 ;;
  8095                           
  8096                           	psect	text25
  8097   001706                     __ptext25:
  8098                           	callstack 0
  8099   001706                     _INT1_SetInterruptHandler:
  8100                           	callstack 25
  8101   001706                     
  8102                           ;mcc_generated_files/system/src/interrupt.c: 141:     INT1_InterruptHandler = InterruptH
      +                          andler;
  8103   001706  C00A  F096         	movff	INT1_SetInterruptHandler@InterruptHandler,_INT1_InterruptHandler
  8104   00170A  C00B  F097         	movff	INT1_SetInterruptHandler@InterruptHandler+1,_INT1_InterruptHandler+1
  8105   00170E  0012               	return		;funcret
  8106   001710                     __end_of_INT1_SetInterruptHandler:
  8107                           	callstack 0
  8108                           
  8109 ;; *************** function _INT0_SetInterruptHandler *****************
  8110 ;; Defined at:
  8111 ;;		line 114 in file "mcc_generated_files/system/src/interrupt.c"
  8112 ;; Parameters:    Size  Location     Type
  8113 ;;  InterruptHan    2    8[COMRAM] PTR FTN()void 
  8114 ;;		 -> INT0_DefaultInterruptHandler(1), 
  8115 ;; Auto vars:     Size  Location     Type
  8116 ;;		None
  8117 ;; Return value:  Size  Location     Type
  8118 ;;                  1    wreg      void 
  8119 ;; Registers used:
  8120 ;;		wreg, status,2, status,0
  8121 ;; Tracked objects:
  8122 ;;		On entry : 0/0
  8123 ;;		On exit  : 0/0
  8124 ;;		Unchanged: 0/0
  8125 ;; Data sizes:     COMRAM   BANK0   BANK1   BANK2   BANK3   BANK4   BANK5
  8126 ;;      Params:         2       0       0       0       0       0       0
  8127 ;;      Locals:         0       0       0       0       0       0       0
  8128 ;;      Temps:          0       0       0       0       0       0       0
  8129 ;;      Totals:         2       0       0       0       0       0       0
  8130 ;;Total ram usage:        2 bytes
  8131 ;; Hardware stack levels used: 1
  8132 ;; Hardware stack levels required when called: 3
  8133 ;; This function calls:
  8134 ;;		Nothing
  8135 ;; This function is called by:
  8136 ;;		_INTERRUPT_Initialize
  8137 ;; This function uses a non-reentrant model
  8138 ;;
  8139                           
  8140                           	psect	text26
  8141   001710                     __ptext26:
  8142                           	callstack 0
  8143   001710                     _INT0_SetInterruptHandler:
  8144                           	callstack 25
  8145   001710                     
  8146                           ;mcc_generated_files/system/src/interrupt.c: 115:     INT0_InterruptHandler = InterruptH
      +                          andler;
  8147   001710  C00A  F098         	movff	INT0_SetInterruptHandler@InterruptHandler,_INT0_InterruptHandler
  8148   001714  C00B  F099         	movff	INT0_SetInterruptHandler@InterruptHandler+1,_INT0_InterruptHandler+1
  8149   001718  0012               	return		;funcret
  8150   00171A                     __end_of_INT0_SetInterruptHandler:
  8151                           	callstack 0
  8152                           
  8153 ;; *************** function _EUSART2_Initialize *****************
  8154 ;; Defined at:
  8155 ;;		line 131 in file "mcc_generated_files/uart/src/eusart2.c"
  8156 ;; Parameters:    Size  Location     Type
  8157 ;;		None
  8158 ;; Auto vars:     Size  Location     Type
  8159 ;;		None
  8160 ;; Return value:  Size  Location     Type
  8161 ;;                  1    wreg      void 
  8162 ;; Registers used:
  8163 ;;		wreg, status,2, status,0, cstack
  8164 ;; Tracked objects:
  8165 ;;		On entry : 0/0
  8166 ;;		On exit  : 0/0
  8167 ;;		Unchanged: 0/0
  8168 ;; Data sizes:     COMRAM   BANK0   BANK1   BANK2   BANK3   BANK4   BANK5
  8169 ;;      Params:         0       0       0       0       0       0       0
  8170 ;;      Locals:         0       0       0       0       0       0       0
  8171 ;;      Temps:          0       0       0       0       0       0       0
  8172 ;;      Totals:         0       0       0       0       0       0       0
  8173 ;;Total ram usage:        0 bytes
  8174 ;; Hardware stack levels used: 1
  8175 ;; Hardware stack levels required when called: 4
  8176 ;; This function calls:
  8177 ;;		_EUSART2_FramingErrorCallbackRegister
  8178 ;;		_EUSART2_OverrunErrorCallbackRegister
  8179 ;; This function is called by:
  8180 ;;		_SYSTEM_Initialize
  8181 ;; This function uses a non-reentrant model
  8182 ;;
  8183                           
  8184                           	psect	text27
  8185   001278                     __ptext27:
  8186                           	callstack 0
  8187   001278                     _EUSART2_Initialize:
  8188                           	callstack 25
  8189   001278                     
  8190                           ;mcc_generated_files/uart/src/eusart2.c: 133:     PIE3bits.RC2IE = 0;
  8191   001278  9AA3               	bcf	163,5,c	;volatile
  8192   00127A                     
  8193                           ;mcc_generated_files/uart/src/eusart2.c: 134:      EUSART2_RxInterruptHandler = EUSART2_
      +                          ReceiveISR;
  8194   00127A  0EC8               	movlw	low _EUSART2_ReceiveISR
  8195   00127C  0100               	movlb	0	; () banked
  8196   00127E  6F9A               	movwf	_EUSART2_RxInterruptHandler& (0+255),b
  8197   001280  0E0A               	movlw	high _EUSART2_ReceiveISR
  8198   001282  6F9B               	movwf	(_EUSART2_RxInterruptHandler+1)& (0+255),b
  8199   001284                     
  8200                           ; BSR set to: 0
  8201                           ;mcc_generated_files/uart/src/eusart2.c: 136:     PIE3bits.TX2IE = 0;
  8202   001284  98A3               	bcf	163,4,c	;volatile
  8203                           
  8204                           ;mcc_generated_files/uart/src/eusart2.c: 137:     EUSART2_TxInterruptHandler = EUSART2_T
      +                          ransmitISR;
  8205   001286  0ED0               	movlw	low _EUSART2_TransmitISR
  8206   001288  6F9C               	movwf	_EUSART2_TxInterruptHandler& (0+255),b
  8207   00128A  0E14               	movlw	high _EUSART2_TransmitISR
  8208   00128C  6F9D               	movwf	(_EUSART2_TxInterruptHandler+1)& (0+255),b
  8209   00128E                     
  8210                           ; BSR set to: 0
  8211                           ;mcc_generated_files/uart/src/eusart2.c: 142:     BAUDCON2 = 0x48;
  8212   00128E  0E48               	movlw	72
  8213   001290  6E70               	movwf	112,c	;volatile
  8214   001292                     
  8215                           ; BSR set to: 0
  8216                           ;mcc_generated_files/uart/src/eusart2.c: 144:     RCSTA2 = 0x90;
  8217   001292  0E90               	movlw	144
  8218   001294  6E71               	movwf	113,c	;volatile
  8219   001296                     
  8220                           ; BSR set to: 0
  8221                           ;mcc_generated_files/uart/src/eusart2.c: 146:     TXSTA2 = 0x26;
  8222   001296  0E26               	movlw	38
  8223   001298  6E72               	movwf	114,c	;volatile
  8224   00129A                     
  8225                           ; BSR set to: 0
  8226                           ;mcc_generated_files/uart/src/eusart2.c: 148:     SPBRG2 = 0x14;
  8227   00129A  0E14               	movlw	20
  8228   00129C  6E75               	movwf	117,c	;volatile
  8229   00129E                     
  8230                           ; BSR set to: 0
  8231                           ;mcc_generated_files/uart/src/eusart2.c: 150:     SPBRGH2 = 0x34;
  8232   00129E  0E34               	movlw	52
  8233   0012A0  6E76               	movwf	118,c	;volatile
  8234   0012A2                     
  8235                           ; BSR set to: 0
  8236                           ;mcc_generated_files/uart/src/eusart2.c: 152:     EUSART2_FramingErrorCallbackRegister(E
      +                          USART2_DefaultFramingErrorCallback);
  8237   0012A2  0EF0               	movlw	low _EUSART2_DefaultFramingErrorCallback
  8238   0012A4  6E0A               	movwf	EUSART2_FramingErrorCallbackRegister@callbackHandler^0,c
  8239   0012A6  0E16               	movlw	high _EUSART2_DefaultFramingErrorCallback
  8240   0012A8  6E0B               	movwf	(EUSART2_FramingErrorCallbackRegister@callbackHandler+1)^0,c
  8241   0012AA  ECE6  F00A         	call	_EUSART2_FramingErrorCallbackRegister	;wreg free
  8242   0012AE                     
  8243                           ;mcc_generated_files/uart/src/eusart2.c: 153:     EUSART2_OverrunErrorCallbackRegister(E
      +                          USART2_DefaultOverrunErrorCallback);
  8244   0012AE  0EBA               	movlw	low _EUSART2_DefaultOverrunErrorCallback
  8245   0012B0  6E0A               	movwf	EUSART2_OverrunErrorCallbackRegister@callbackHandler^0,c
  8246   0012B2  0E16               	movlw	high _EUSART2_DefaultOverrunErrorCallback
  8247   0012B4  6E0B               	movwf	(EUSART2_OverrunErrorCallbackRegister@callbackHandler+1)^0,c
  8248   0012B6  ECD8  F00A         	call	_EUSART2_OverrunErrorCallbackRegister	;wreg free
  8249   0012BA                     
  8250                           ;mcc_generated_files/uart/src/eusart2.c: 154:     eusart2RxLastError.status = 0;
  8251   0012BA  0100               	movlb	0	; () banked
  8252   0012BC  6B93               	clrf	(_eusart2RxLastError+1)& (0+255),b	;volatile
  8253   0012BE  0E00               	movlw	0
  8254   0012C0  6F92               	movwf	_eusart2RxLastError& (0+255),b	;volatile
  8255   0012C2                     
  8256                           ; BSR set to: 0
  8257                           ;mcc_generated_files/uart/src/eusart2.c: 156:     eusart2TxHead = 0;
  8258   0012C2  6A54               	clrf	_eusart2TxHead^0,c	;volatile
  8259   0012C4                     
  8260                           ; BSR set to: 0
  8261                           ;mcc_generated_files/uart/src/eusart2.c: 157:     eusart2TxTail = 0;
  8262   0012C4  6A53               	clrf	_eusart2TxTail^0,c	;volatile
  8263   0012C6                     
  8264                           ; BSR set to: 0
  8265                           ;mcc_generated_files/uart/src/eusart2.c: 158:     eusart2TxBufferRemaining = sizeof(eusa
      +                          rt2TxBuffer);
  8266   0012C6  0E08               	movlw	8
  8267   0012C8  6E52               	movwf	_eusart2TxBufferRemaining^0,c	;volatile
  8268   0012CA                     
  8269                           ; BSR set to: 0
  8270                           ;mcc_generated_files/uart/src/eusart2.c: 160:     eusart2RxHead = 0;
  8271   0012CA  6A51               	clrf	_eusart2RxHead^0,c	;volatile
  8272   0012CC                     
  8273                           ; BSR set to: 0
  8274                           ;mcc_generated_files/uart/src/eusart2.c: 161:     eusart2RxTail = 0;
  8275   0012CC  6A50               	clrf	_eusart2RxTail^0,c	;volatile
  8276   0012CE                     
  8277                           ; BSR set to: 0
  8278                           ;mcc_generated_files/uart/src/eusart2.c: 162:     eusart2RxCount = 0;
  8279   0012CE  6A4F               	clrf	_eusart2RxCount^0,c	;volatile
  8280   0012D0                     
  8281                           ; BSR set to: 0
  8282                           ;mcc_generated_files/uart/src/eusart2.c: 164:     PIE3bits.RC2IE = 1;
  8283   0012D0  8AA3               	bsf	163,5,c	;volatile
  8284   0012D2                     
  8285                           ; BSR set to: 0
  8286   0012D2  0012               	return		;funcret
  8287   0012D4                     __end_of_EUSART2_Initialize:
  8288                           	callstack 0
  8289                           
  8290 ;; *************** function _EUSART2_OverrunErrorCallbackRegister *****************
  8291 ;; Defined at:
  8292 ;;		line 420 in file "mcc_generated_files/uart/src/eusart2.c"
  8293 ;; Parameters:    Size  Location     Type
  8294 ;;  callbackHand    2    8[COMRAM] PTR FTN()void 
  8295 ;;		 -> EUSART1_DefaultOverrunErrorCallback(1), EUSART2_DefaultOverrunErrorCallback(1), 
  8296 ;; Auto vars:     Size  Location     Type
  8297 ;;		None
  8298 ;; Return value:  Size  Location     Type
  8299 ;;                  1    wreg      void 
  8300 ;; Registers used:
  8301 ;;		wreg, status,2, status,0
  8302 ;; Tracked objects:
  8303 ;;		On entry : 0/0
  8304 ;;		On exit  : 0/0
  8305 ;;		Unchanged: 0/0
  8306 ;; Data sizes:     COMRAM   BANK0   BANK1   BANK2   BANK3   BANK4   BANK5
  8307 ;;      Params:         2       0       0       0       0       0       0
  8308 ;;      Locals:         0       0       0       0       0       0       0
  8309 ;;      Temps:          0       0       0       0       0       0       0
  8310 ;;      Totals:         2       0       0       0       0       0       0
  8311 ;;Total ram usage:        2 bytes
  8312 ;; Hardware stack levels used: 1
  8313 ;; Hardware stack levels required when called: 3
  8314 ;; This function calls:
  8315 ;;		Nothing
  8316 ;; This function is called by:
  8317 ;;		_EUSART2_Initialize
  8318 ;; This function uses a non-reentrant model
  8319 ;;
  8320                           
  8321                           	psect	text28
  8322   0015B0                     __ptext28:
  8323                           	callstack 0
  8324   0015B0                     _EUSART2_OverrunErrorCallbackRegister:
  8325                           	callstack 25
  8326   0015B0                     
  8327                           ;mcc_generated_files/uart/src/eusart2.c: 420: void EUSART2_OverrunErrorCallbackRegister(
      +                          void (* callbackHandler)(void));mcc_generated_files/uart/src/eusart2.c: 421: {;mcc_gener
      +                          ated_files/uart/src/eusart2.c: 422:     if(((void*)0) != callbackHandler)
  8328   0015B0  500A               	movf	EUSART2_OverrunErrorCallbackRegister@callbackHandler^0,w,c
  8329   0015B2  100B               	iorwf	(EUSART2_OverrunErrorCallbackRegister@callbackHandler+1)^0,w,c
  8330   0015B4  B4D8               	btfsc	status,2,c
  8331   0015B6  EFDF  F00A         	goto	u3351
  8332   0015BA  EFE1  F00A         	goto	u3350
  8333   0015BE                     u3351:
  8334   0015BE  EFE5  F00A         	goto	l534
  8335   0015C2                     u3350:
  8336   0015C2                     
  8337                           ;mcc_generated_files/uart/src/eusart2.c: 423:     {;mcc_generated_files/uart/src/eusart2
      +                          .c: 424:         EUSART2_OverrunErrorHandler = callbackHandler;
  8338   0015C2  C00A  F08A         	movff	EUSART2_OverrunErrorCallbackRegister@callbackHandler,_EUSART2_OverrunErrorHandler
  8339   0015C6  C00B  F08B         	movff	EUSART2_OverrunErrorCallbackRegister@callbackHandler+1,_EUSART2_OverrunErrorHandl
      +                          er+1
  8340   0015CA                     l534:
  8341   0015CA  0012               	return		;funcret
  8342   0015CC                     __end_of_EUSART2_OverrunErrorCallbackRegister:
  8343                           	callstack 0
  8344                           
  8345 ;; *************** function _EUSART2_FramingErrorCallbackRegister *****************
  8346 ;; Defined at:
  8347 ;;		line 412 in file "mcc_generated_files/uart/src/eusart2.c"
  8348 ;; Parameters:    Size  Location     Type
  8349 ;;  callbackHand    2    8[COMRAM] PTR FTN()void 
  8350 ;;		 -> EUSART1_DefaultFramingErrorCallback(1), EUSART2_DefaultFramingErrorCallback(1), 
  8351 ;; Auto vars:     Size  Location     Type
  8352 ;;		None
  8353 ;; Return value:  Size  Location     Type
  8354 ;;                  1    wreg      void 
  8355 ;; Registers used:
  8356 ;;		wreg, status,2, status,0
  8357 ;; Tracked objects:
  8358 ;;		On entry : 0/0
  8359 ;;		On exit  : 0/0
  8360 ;;		Unchanged: 0/0
  8361 ;; Data sizes:     COMRAM   BANK0   BANK1   BANK2   BANK3   BANK4   BANK5
  8362 ;;      Params:         2       0       0       0       0       0       0
  8363 ;;      Locals:         0       0       0       0       0       0       0
  8364 ;;      Temps:          0       0       0       0       0       0       0
  8365 ;;      Totals:         2       0       0       0       0       0       0
  8366 ;;Total ram usage:        2 bytes
  8367 ;; Hardware stack levels used: 1
  8368 ;; Hardware stack levels required when called: 3
  8369 ;; This function calls:
  8370 ;;		Nothing
  8371 ;; This function is called by:
  8372 ;;		_EUSART2_Initialize
  8373 ;; This function uses a non-reentrant model
  8374 ;;
  8375                           
  8376                           	psect	text29
  8377   0015CC                     __ptext29:
  8378                           	callstack 0
  8379   0015CC                     _EUSART2_FramingErrorCallbackRegister:
  8380                           	callstack 25
  8381   0015CC                     
  8382                           ;mcc_generated_files/uart/src/eusart2.c: 412: void EUSART2_FramingErrorCallbackRegister(
      +                          void (* callbackHandler)(void));mcc_generated_files/uart/src/eusart2.c: 413: {;mcc_gener
      +                          ated_files/uart/src/eusart2.c: 414:     if(((void*)0) != callbackHandler)
  8383   0015CC  500A               	movf	EUSART2_FramingErrorCallbackRegister@callbackHandler^0,w,c
  8384   0015CE  100B               	iorwf	(EUSART2_FramingErrorCallbackRegister@callbackHandler+1)^0,w,c
  8385   0015D0  B4D8               	btfsc	status,2,c
  8386   0015D2  EFED  F00A         	goto	u3341
  8387   0015D6  EFEF  F00A         	goto	u3340
  8388   0015DA                     u3341:
  8389   0015DA  EFF3  F00A         	goto	l530
  8390   0015DE                     u3340:
  8391   0015DE                     
  8392                           ;mcc_generated_files/uart/src/eusart2.c: 415:     {;mcc_generated_files/uart/src/eusart2
      +                          .c: 416:         EUSART2_FramingErrorHandler = callbackHandler;
  8393   0015DE  C00A  F08C         	movff	EUSART2_FramingErrorCallbackRegister@callbackHandler,_EUSART2_FramingErrorHandler
  8394   0015E2  C00B  F08D         	movff	EUSART2_FramingErrorCallbackRegister@callbackHandler+1,_EUSART2_FramingErrorHandl
      +                          er+1
  8395   0015E6                     l530:
  8396   0015E6  0012               	return		;funcret
  8397   0015E8                     __end_of_EUSART2_FramingErrorCallbackRegister:
  8398                           	callstack 0
  8399                           
  8400 ;; *************** function _EUSART1_Initialize *****************
  8401 ;; Defined at:
  8402 ;;		line 99 in file "mcc_generated_files/uart/src/eusart1.c"
  8403 ;; Parameters:    Size  Location     Type
  8404 ;;		None
  8405 ;; Auto vars:     Size  Location     Type
  8406 ;;		None
  8407 ;; Return value:  Size  Location     Type
  8408 ;;                  1    wreg      void 
  8409 ;; Registers used:
  8410 ;;		wreg, status,2, status,0, cstack
  8411 ;; Tracked objects:
  8412 ;;		On entry : 0/0
  8413 ;;		On exit  : 0/0
  8414 ;;		Unchanged: 0/0
  8415 ;; Data sizes:     COMRAM   BANK0   BANK1   BANK2   BANK3   BANK4   BANK5
  8416 ;;      Params:         0       0       0       0       0       0       0
  8417 ;;      Locals:         0       0       0       0       0       0       0
  8418 ;;      Temps:          0       0       0       0       0       0       0
  8419 ;;      Totals:         0       0       0       0       0       0       0
  8420 ;;Total ram usage:        0 bytes
  8421 ;; Hardware stack levels used: 1
  8422 ;; Hardware stack levels required when called: 4
  8423 ;; This function calls:
  8424 ;;		_EUSART1_FramingErrorCallbackRegister
  8425 ;;		_EUSART1_OverrunErrorCallbackRegister
  8426 ;; This function is called by:
  8427 ;;		_SYSTEM_Initialize
  8428 ;; This function uses a non-reentrant model
  8429 ;;
  8430                           
  8431                           	psect	text30
  8432   0013D2                     __ptext30:
  8433                           	callstack 0
  8434   0013D2                     _EUSART1_Initialize:
  8435                           	callstack 25
  8436   0013D2                     
  8437                           ;mcc_generated_files/uart/src/eusart1.c: 104:     BAUDCON1 = 0x48;
  8438   0013D2  0E48               	movlw	72
  8439   0013D4  6EB8               	movwf	184,c	;volatile
  8440                           
  8441                           ;mcc_generated_files/uart/src/eusart1.c: 106:     RCSTA1 = 0x90;
  8442   0013D6  0E90               	movlw	144
  8443   0013D8  6EAB               	movwf	171,c	;volatile
  8444                           
  8445                           ;mcc_generated_files/uart/src/eusart1.c: 108:     TXSTA1 = 0x26;
  8446   0013DA  0E26               	movlw	38
  8447   0013DC  6EAC               	movwf	172,c	;volatile
  8448                           
  8449                           ;mcc_generated_files/uart/src/eusart1.c: 110:     SPBRG1 = 0x82;
  8450   0013DE  0E82               	movlw	130
  8451   0013E0  6EAF               	movwf	175,c	;volatile
  8452                           
  8453                           ;mcc_generated_files/uart/src/eusart1.c: 112:     SPBRGH1 = 0x6;
  8454   0013E2  0E06               	movlw	6
  8455   0013E4  6EB0               	movwf	176,c	;volatile
  8456   0013E6                     
  8457                           ;mcc_generated_files/uart/src/eusart1.c: 114:     EUSART1_FramingErrorCallbackRegister(E
      +                          USART1_DefaultFramingErrorCallback);
  8458   0013E6  0EE4               	movlw	low _EUSART1_DefaultFramingErrorCallback
  8459   0013E8  6E0A               	movwf	EUSART1_FramingErrorCallbackRegister@callbackHandler^0,c
  8460   0013EA  0E16               	movlw	high _EUSART1_DefaultFramingErrorCallback
  8461   0013EC  6E0B               	movwf	(EUSART1_FramingErrorCallbackRegister@callbackHandler+1)^0,c
  8462   0013EE  EC02  F00B         	call	_EUSART1_FramingErrorCallbackRegister	;wreg free
  8463   0013F2                     
  8464                           ;mcc_generated_files/uart/src/eusart1.c: 115:     EUSART1_OverrunErrorCallbackRegister(E
      +                          USART1_DefaultOverrunErrorCallback);
  8465   0013F2  0EAA               	movlw	low _EUSART1_DefaultOverrunErrorCallback
  8466   0013F4  6E0A               	movwf	EUSART1_OverrunErrorCallbackRegister@callbackHandler^0,c
  8467   0013F6  0E16               	movlw	high _EUSART1_DefaultOverrunErrorCallback
  8468   0013F8  6E0B               	movwf	(EUSART1_OverrunErrorCallbackRegister@callbackHandler+1)^0,c
  8469   0013FA  ECF4  F00A         	call	_EUSART1_OverrunErrorCallbackRegister	;wreg free
  8470                           
  8471                           ;mcc_generated_files/uart/src/eusart1.c: 116:     eusart1RxLastError.status = 0;
  8472   0013FE  0100               	movlb	0	; () banked
  8473   001400  6B89               	clrf	(_eusart1RxLastError+1)& (0+255),b	;volatile
  8474   001402  0E00               	movlw	0
  8475   001404  6F88               	movwf	_eusart1RxLastError& (0+255),b	;volatile
  8476   001406                     
  8477                           ; BSR set to: 0
  8478   001406  0012               	return		;funcret
  8479   001408                     __end_of_EUSART1_Initialize:
  8480                           	callstack 0
  8481                           
  8482 ;; *************** function _EUSART1_OverrunErrorCallbackRegister *****************
  8483 ;; Defined at:
  8484 ;;		line 283 in file "mcc_generated_files/uart/src/eusart1.c"
  8485 ;; Parameters:    Size  Location     Type
  8486 ;;  callbackHand    2    8[COMRAM] PTR FTN()void 
  8487 ;;		 -> EUSART1_DefaultOverrunErrorCallback(1), EUSART2_DefaultOverrunErrorCallback(1), 
  8488 ;; Auto vars:     Size  Location     Type
  8489 ;;		None
  8490 ;; Return value:  Size  Location     Type
  8491 ;;                  1    wreg      void 
  8492 ;; Registers used:
  8493 ;;		wreg, status,2, status,0
  8494 ;; Tracked objects:
  8495 ;;		On entry : 0/0
  8496 ;;		On exit  : 0/0
  8497 ;;		Unchanged: 0/0
  8498 ;; Data sizes:     COMRAM   BANK0   BANK1   BANK2   BANK3   BANK4   BANK5
  8499 ;;      Params:         2       0       0       0       0       0       0
  8500 ;;      Locals:         0       0       0       0       0       0       0
  8501 ;;      Temps:          0       0       0       0       0       0       0
  8502 ;;      Totals:         2       0       0       0       0       0       0
  8503 ;;Total ram usage:        2 bytes
  8504 ;; Hardware stack levels used: 1
  8505 ;; Hardware stack levels required when called: 3
  8506 ;; This function calls:
  8507 ;;		Nothing
  8508 ;; This function is called by:
  8509 ;;		_EUSART1_Initialize
  8510 ;; This function uses a non-reentrant model
  8511 ;;
  8512                           
  8513                           	psect	text31
  8514   0015E8                     __ptext31:
  8515                           	callstack 0
  8516   0015E8                     _EUSART1_OverrunErrorCallbackRegister:
  8517                           	callstack 25
  8518   0015E8                     
  8519                           ;mcc_generated_files/uart/src/eusart1.c: 283: void EUSART1_OverrunErrorCallbackRegister(
      +                          void (* callbackHandler)(void));mcc_generated_files/uart/src/eusart1.c: 284: {;mcc_gener
      +                          ated_files/uart/src/eusart1.c: 285:     if(((void*)0) != callbackHandler)
  8520   0015E8  500A               	movf	EUSART1_OverrunErrorCallbackRegister@callbackHandler^0,w,c
  8521   0015EA  100B               	iorwf	(EUSART1_OverrunErrorCallbackRegister@callbackHandler+1)^0,w,c
  8522   0015EC  B4D8               	btfsc	status,2,c
  8523   0015EE  EFFB  F00A         	goto	u3371
  8524   0015F2  EFFD  F00A         	goto	u3370
  8525   0015F6                     u3371:
  8526   0015F6  EF01  F00B         	goto	l698
  8527   0015FA                     u3370:
  8528   0015FA                     
  8529                           ;mcc_generated_files/uart/src/eusart1.c: 286:     {;mcc_generated_files/uart/src/eusart1
      +                          .c: 287:         EUSART1_OverrunErrorHandler = callbackHandler;
  8530   0015FA  C00A  F084         	movff	EUSART1_OverrunErrorCallbackRegister@callbackHandler,_EUSART1_OverrunErrorHandler
  8531   0015FE  C00B  F085         	movff	EUSART1_OverrunErrorCallbackRegister@callbackHandler+1,_EUSART1_OverrunErrorHandl
      +                          er+1
  8532   001602                     l698:
  8533   001602  0012               	return		;funcret
  8534   001604                     __end_of_EUSART1_OverrunErrorCallbackRegister:
  8535                           	callstack 0
  8536                           
  8537 ;; *************** function _EUSART1_FramingErrorCallbackRegister *****************
  8538 ;; Defined at:
  8539 ;;		line 275 in file "mcc_generated_files/uart/src/eusart1.c"
  8540 ;; Parameters:    Size  Location     Type
  8541 ;;  callbackHand    2    8[COMRAM] PTR FTN()void 
  8542 ;;		 -> EUSART1_DefaultFramingErrorCallback(1), EUSART2_DefaultFramingErrorCallback(1), 
  8543 ;; Auto vars:     Size  Location     Type
  8544 ;;		None
  8545 ;; Return value:  Size  Location     Type
  8546 ;;                  1    wreg      void 
  8547 ;; Registers used:
  8548 ;;		wreg, status,2, status,0
  8549 ;; Tracked objects:
  8550 ;;		On entry : 0/0
  8551 ;;		On exit  : 0/0
  8552 ;;		Unchanged: 0/0
  8553 ;; Data sizes:     COMRAM   BANK0   BANK1   BANK2   BANK3   BANK4   BANK5
  8554 ;;      Params:         2       0       0       0       0       0       0
  8555 ;;      Locals:         0       0       0       0       0       0       0
  8556 ;;      Temps:          0       0       0       0       0       0       0
  8557 ;;      Totals:         2       0       0       0       0       0       0
  8558 ;;Total ram usage:        2 bytes
  8559 ;; Hardware stack levels used: 1
  8560 ;; Hardware stack levels required when called: 3
  8561 ;; This function calls:
  8562 ;;		Nothing
  8563 ;; This function is called by:
  8564 ;;		_EUSART1_Initialize
  8565 ;; This function uses a non-reentrant model
  8566 ;;
  8567                           
  8568                           	psect	text32
  8569   001604                     __ptext32:
  8570                           	callstack 0
  8571   001604                     _EUSART1_FramingErrorCallbackRegister:
  8572                           	callstack 25
  8573   001604                     
  8574                           ;mcc_generated_files/uart/src/eusart1.c: 275: void EUSART1_FramingErrorCallbackRegister(
      +                          void (* callbackHandler)(void));mcc_generated_files/uart/src/eusart1.c: 276: {;mcc_gener
      +                          ated_files/uart/src/eusart1.c: 277:     if(((void*)0) != callbackHandler)
  8575   001604  500A               	movf	EUSART1_FramingErrorCallbackRegister@callbackHandler^0,w,c
  8576   001606  100B               	iorwf	(EUSART1_FramingErrorCallbackRegister@callbackHandler+1)^0,w,c
  8577   001608  B4D8               	btfsc	status,2,c
  8578   00160A  EF09  F00B         	goto	u3361
  8579   00160E  EF0B  F00B         	goto	u3360
  8580   001612                     u3361:
  8581   001612  EF0F  F00B         	goto	l694
  8582   001616                     u3360:
  8583   001616                     
  8584                           ;mcc_generated_files/uart/src/eusart1.c: 278:     {;mcc_generated_files/uart/src/eusart1
      +                          .c: 279:         EUSART1_FramingErrorHandler = callbackHandler;
  8585   001616  C00A  F086         	movff	EUSART1_FramingErrorCallbackRegister@callbackHandler,_EUSART1_FramingErrorHandler
  8586   00161A  C00B  F087         	movff	EUSART1_FramingErrorCallbackRegister@callbackHandler+1,_EUSART1_FramingErrorHandl
      +                          er+1
  8587   00161E                     l694:
  8588   00161E  0012               	return		;funcret
  8589   001620                     __end_of_EUSART1_FramingErrorCallbackRegister:
  8590                           	callstack 0
  8591                           
  8592 ;; *************** function _ECCP2_Initialize *****************
  8593 ;; Defined at:
  8594 ;;		line 38 in file "mcc_generated_files/pwm/src/eccp2.c"
  8595 ;; Parameters:    Size  Location     Type
  8596 ;;		None
  8597 ;; Auto vars:     Size  Location     Type
  8598 ;;		None
  8599 ;; Return value:  Size  Location     Type
  8600 ;;                  1    wreg      void 
  8601 ;; Registers used:
  8602 ;;		wreg, status,2
  8603 ;; Tracked objects:
  8604 ;;		On entry : 0/0
  8605 ;;		On exit  : 0/0
  8606 ;;		Unchanged: 0/0
  8607 ;; Data sizes:     COMRAM   BANK0   BANK1   BANK2   BANK3   BANK4   BANK5
  8608 ;;      Params:         0       0       0       0       0       0       0
  8609 ;;      Locals:         0       0       0       0       0       0       0
  8610 ;;      Temps:          0       0       0       0       0       0       0
  8611 ;;      Totals:         0       0       0       0       0       0       0
  8612 ;;Total ram usage:        0 bytes
  8613 ;; Hardware stack levels used: 1
  8614 ;; Hardware stack levels required when called: 3
  8615 ;; This function calls:
  8616 ;;		Nothing
  8617 ;; This function is called by:
  8618 ;;		_SYSTEM_Initialize
  8619 ;; This function uses a non-reentrant model
  8620 ;;
  8621                           
  8622                           	psect	text33
  8623   001654                     __ptext33:
  8624                           	callstack 0
  8625   001654                     _ECCP2_Initialize:
  8626                           	callstack 26
  8627   001654                     
  8628                           ;mcc_generated_files/pwm/src/eccp2.c: 43:     CCP2CON = 0xC;
  8629   001654  0E0C               	movlw	12
  8630   001656  6E66               	movwf	102,c	;volatile
  8631   001658                     
  8632                           ;mcc_generated_files/pwm/src/eccp2.c: 46:     ECCP2AS = 0x0;
  8633   001658  6A64               	clrf	100,c	;volatile
  8634   00165A                     
  8635                           ;mcc_generated_files/pwm/src/eccp2.c: 49:     PWM2CON = 0x0;
  8636   00165A  6A65               	clrf	101,c	;volatile
  8637                           
  8638                           ;mcc_generated_files/pwm/src/eccp2.c: 52:     PSTR2CON = 0x1;
  8639   00165C  0E01               	movlw	1
  8640   00165E  6E63               	movwf	99,c	;volatile
  8641   001660                     
  8642                           ;mcc_generated_files/pwm/src/eccp2.c: 55:     CCPR2H = 0x0;
  8643   001660  6A68               	clrf	104,c	;volatile
  8644   001662                     
  8645                           ;mcc_generated_files/pwm/src/eccp2.c: 58:     CCPR2L = 0x0;
  8646   001662  6A67               	clrf	103,c	;volatile
  8647                           
  8648                           ;mcc_generated_files/pwm/src/eccp2.c: 61:     CCPTMRS0bits.C2TSEL = 0x0;
  8649   001664  0EE7               	movlw	-25
  8650   001666  010F               	movlb	15	; () banked
  8651   001668  1749               	andwf	73,f,b	;volatile
  8652   00166A                     
  8653                           ; BSR set to: 15
  8654   00166A  0012               	return		;funcret
  8655   00166C                     __end_of_ECCP2_Initialize:
  8656                           	callstack 0
  8657                           
  8658 ;; *************** function _CLOCK_Initialize *****************
  8659 ;; Defined at:
  8660 ;;		line 39 in file "mcc_generated_files/system/src/clock.c"
  8661 ;; Parameters:    Size  Location     Type
  8662 ;;		None
  8663 ;; Auto vars:     Size  Location     Type
  8664 ;;		None
  8665 ;; Return value:  Size  Location     Type
  8666 ;;                  1    wreg      void 
  8667 ;; Registers used:
  8668 ;;		wreg, status,2
  8669 ;; Tracked objects:
  8670 ;;		On entry : 0/0
  8671 ;;		On exit  : 0/0
  8672 ;;		Unchanged: 0/0
  8673 ;; Data sizes:     COMRAM   BANK0   BANK1   BANK2   BANK3   BANK4   BANK5
  8674 ;;      Params:         0       0       0       0       0       0       0
  8675 ;;      Locals:         0       0       0       0       0       0       0
  8676 ;;      Temps:          0       0       0       0       0       0       0
  8677 ;;      Totals:         0       0       0       0       0       0       0
  8678 ;;Total ram usage:        0 bytes
  8679 ;; Hardware stack levels used: 1
  8680 ;; Hardware stack levels required when called: 3
  8681 ;; This function calls:
  8682 ;;		Nothing
  8683 ;; This function is called by:
  8684 ;;		_SYSTEM_Initialize
  8685 ;; This function uses a non-reentrant model
  8686 ;;
  8687                           
  8688                           	psect	text34
  8689   0016CA                     __ptext34:
  8690                           	callstack 0
  8691   0016CA                     _CLOCK_Initialize:
  8692                           	callstack 26
  8693   0016CA                     
  8694                           ;mcc_generated_files/system/src/clock.c: 41:     OSCCON = (0 << 0x0)
  8695   0016CA  0E70               	movlw	112
  8696   0016CC  6ED3               	movwf	211,c	;volatile
  8697                           
  8698                           ;mcc_generated_files/system/src/clock.c: 44:     OSCCON2 = (1 << 0x2)
  8699   0016CE  0E04               	movlw	4
  8700   0016D0  6ED2               	movwf	210,c	;volatile
  8701                           
  8702                           ;mcc_generated_files/system/src/clock.c: 47:     OSCTUNE = (0 << 0x0)
  8703   0016D2  0E40               	movlw	64
  8704   0016D4  6E9B               	movwf	155,c	;volatile
  8705   0016D6  0012               	return		;funcret
  8706   0016D8                     __end_of_CLOCK_Initialize:
  8707                           	callstack 0
  8708                           
  8709 ;; *************** function _EUSART2_RxCompleteCallbackRegister *****************
  8710 ;; Defined at:
  8711 ;;		line 428 in file "mcc_generated_files/uart/src/eusart2.c"
  8712 ;; Parameters:    Size  Location     Type
  8713 ;;  callbackHand    2    8[COMRAM] PTR FTN()void 
  8714 ;;		 -> myEUSART2ISR(1), 
  8715 ;; Auto vars:     Size  Location     Type
  8716 ;;		None
  8717 ;; Return value:  Size  Location     Type
  8718 ;;                  1    wreg      void 
  8719 ;; Registers used:
  8720 ;;		wreg, status,2, status,0
  8721 ;; Tracked objects:
  8722 ;;		On entry : 0/0
  8723 ;;		On exit  : 0/0
  8724 ;;		Unchanged: 0/0
  8725 ;; Data sizes:     COMRAM   BANK0   BANK1   BANK2   BANK3   BANK4   BANK5
  8726 ;;      Params:         2       0       0       0       0       0       0
  8727 ;;      Locals:         0       0       0       0       0       0       0
  8728 ;;      Temps:          0       0       0       0       0       0       0
  8729 ;;      Totals:         2       0       0       0       0       0       0
  8730 ;;Total ram usage:        2 bytes
  8731 ;; Hardware stack levels used: 1
  8732 ;; Hardware stack levels required when called: 3
  8733 ;; This function calls:
  8734 ;;		Nothing
  8735 ;; This function is called by:
  8736 ;;		_main
  8737 ;; This function uses a non-reentrant model
  8738 ;;
  8739                           
  8740                           	psect	text35
  8741   001620                     __ptext35:
  8742                           	callstack 0
  8743   001620                     _EUSART2_RxCompleteCallbackRegister:
  8744                           	callstack 27
  8745   001620                     
  8746                           ;mcc_generated_files/uart/src/eusart2.c: 428: void EUSART2_RxCompleteCallbackRegister(vo
      +                          id (* callbackHandler)(void));mcc_generated_files/uart/src/eusart2.c: 429: {;mcc_generat
      +                          ed_files/uart/src/eusart2.c: 430:     if(((void*)0) != callbackHandler)
  8747   001620  500A               	movf	EUSART2_RxCompleteCallbackRegister@callbackHandler^0,w,c
  8748   001622  100B               	iorwf	(EUSART2_RxCompleteCallbackRegister@callbackHandler+1)^0,w,c
  8749   001624  B4D8               	btfsc	status,2,c
  8750   001626  EF17  F00B         	goto	u3621
  8751   00162A  EF19  F00B         	goto	u3620
  8752   00162E                     u3621:
  8753   00162E  EF1D  F00B         	goto	l538
  8754   001632                     u3620:
  8755   001632                     
  8756                           ;mcc_generated_files/uart/src/eusart2.c: 431:     {;mcc_generated_files/uart/src/eusart2
      +                          .c: 432:        EUSART2_RxCompleteInterruptHandler = callbackHandler;
  8757   001632  C00A  F08E         	movff	EUSART2_RxCompleteCallbackRegister@callbackHandler,_EUSART2_RxCompleteInterruptHa
      +                          ndler
  8758   001636  C00B  F08F         	movff	EUSART2_RxCompleteCallbackRegister@callbackHandler+1,_EUSART2_RxCompleteInterrupt
      +                          Handler+1
  8759   00163A                     l538:
  8760   00163A  0012               	return		;funcret
  8761   00163C                     __end_of_EUSART2_RxCompleteCallbackRegister:
  8762                           	callstack 0
  8763                           
  8764 ;; *************** function _EUSART2_Read *****************
  8765 ;; Defined at:
  8766 ;;		line 288 in file "mcc_generated_files/uart/src/eusart2.c"
  8767 ;; Parameters:    Size  Location     Type
  8768 ;;		None
  8769 ;; Auto vars:     Size  Location     Type
  8770 ;;  tempRxTail      1    8[COMRAM] unsigned char 
  8771 ;;  readValue       1    0        unsigned char 
  8772 ;; Return value:  Size  Location     Type
  8773 ;;                  1    wreg      unsigned char 
  8774 ;; Registers used:
  8775 ;;		wreg, fsr2l, fsr2h, status,2, status,0
  8776 ;; Tracked objects:
  8777 ;;		On entry : 0/0
  8778 ;;		On exit  : 0/0
  8779 ;;		Unchanged: 0/0
  8780 ;; Data sizes:     COMRAM   BANK0   BANK1   BANK2   BANK3   BANK4   BANK5
  8781 ;;      Params:         0       0       0       0       0       0       0
  8782 ;;      Locals:         1       0       0       0       0       0       0
  8783 ;;      Temps:          0       0       0       0       0       0       0
  8784 ;;      Totals:         1       0       0       0       0       0       0
  8785 ;;Total ram usage:        1 bytes
  8786 ;; Hardware stack levels used: 1
  8787 ;; Hardware stack levels required when called: 3
  8788 ;; This function calls:
  8789 ;;		Nothing
  8790 ;; This function is called by:
  8791 ;;		_main
  8792 ;; This function uses a non-reentrant model
  8793 ;;
  8794                           
  8795                           	psect	text36
  8796   001500                     __ptext36:
  8797                           	callstack 0
  8798   001500                     _EUSART2_Read:
  8799                           	callstack 27
  8800   001500  5050               	movf	_eusart2RxTail^0,w,c
  8801   001502  0F70               	addlw	low _eusart2RxBuffer
  8802   001504  6ED9               	movwf	fsr2l,c
  8803   001506  6ADA               	clrf	fsr2h,c
  8804   001508                     
  8805                           ;mcc_generated_files/uart/src/eusart2.c: 295:     tempRxTail = (eusart2RxTail + 1U) & ((
      +                          8U) - 1U);
  8806   001508  2850               	incf	_eusart2RxTail^0,w,c	;volatile
  8807   00150A  0B07               	andlw	7
  8808   00150C  6E0A               	movwf	EUSART2_Read@tempRxTail^0,c
  8809   00150E                     
  8810                           ;mcc_generated_files/uart/src/eusart2.c: 297:     eusart2RxTail = tempRxTail;
  8811   00150E  C00A  F050         	movff	EUSART2_Read@tempRxTail,_eusart2RxTail	;volatile
  8812   001512                     
  8813                           ;mcc_generated_files/uart/src/eusart2.c: 299:     PIE3bits.RC2IE = 0;
  8814   001512  9AA3               	bcf	163,5,c	;volatile
  8815   001514                     
  8816                           ;mcc_generated_files/uart/src/eusart2.c: 300:     if(0U != eusart2RxCount)
  8817   001514  504F               	movf	_eusart2RxCount^0,w,c	;volatile
  8818   001516  B4D8               	btfsc	status,2,c
  8819   001518  EF90  F00A         	goto	u3521
  8820   00151C  EF92  F00A         	goto	u3520
  8821   001520                     u3521:
  8822   001520  EF93  F00A         	goto	l4512
  8823   001524                     u3520:
  8824   001524                     
  8825                           ;mcc_generated_files/uart/src/eusart2.c: 301:     {;mcc_generated_files/uart/src/eusart2
      +                          .c: 302:         eusart2RxCount--;
  8826   001524  064F               	decf	_eusart2RxCount^0,f,c	;volatile
  8827   001526                     l4512:
  8828                           
  8829                           ;mcc_generated_files/uart/src/eusart2.c: 304:     PIE3bits.RC2IE = 1;
  8830   001526  8AA3               	bsf	163,5,c	;volatile
  8831   001528  0012               	return		;funcret
  8832   00152A                     __end_of_EUSART2_Read:
  8833                           	callstack 0
  8834                           
  8835 ;; *************** function _EUSART2_IsRxReady *****************
  8836 ;; Defined at:
  8837 ;;		line 267 in file "mcc_generated_files/uart/src/eusart2.c"
  8838 ;; Parameters:    Size  Location     Type
  8839 ;;		None
  8840 ;; Auto vars:     Size  Location     Type
  8841 ;;		None
  8842 ;; Return value:  Size  Location     Type
  8843 ;;                  1    wreg      _Bool 
  8844 ;; Registers used:
  8845 ;;		wreg, status,2
  8846 ;; Tracked objects:
  8847 ;;		On entry : 0/0
  8848 ;;		On exit  : 0/0
  8849 ;;		Unchanged: 0/0
  8850 ;; Data sizes:     COMRAM   BANK0   BANK1   BANK2   BANK3   BANK4   BANK5
  8851 ;;      Params:         0       0       0       0       0       0       0
  8852 ;;      Locals:         0       0       0       0       0       0       0
  8853 ;;      Temps:          0       0       0       0       0       0       0
  8854 ;;      Totals:         0       0       0       0       0       0       0
  8855 ;;Total ram usage:        0 bytes
  8856 ;; Hardware stack levels used: 1
  8857 ;; Hardware stack levels required when called: 3
  8858 ;; This function calls:
  8859 ;;		Nothing
  8860 ;; This function is called by:
  8861 ;;		_main
  8862 ;; This function uses a non-reentrant model
  8863 ;;
  8864                           
  8865                           	psect	text37
  8866   00166C                     __ptext37:
  8867                           	callstack 0
  8868   00166C                     _EUSART2_IsRxReady:
  8869                           	callstack 27
  8870   00166C                     
  8871                           ;mcc_generated_files/uart/src/eusart2.c: 269:     return (eusart2RxCount ? 1 : 0);
  8872   00166C  504F               	movf	_eusart2RxCount^0,w,c	;volatile
  8873   00166E  A4D8               	btfss	status,2,c
  8874   001670  EF3C  F00B         	goto	u3501
  8875   001674  EF3F  F00B         	goto	u3500
  8876   001678                     u3501:
  8877   001678  0E01               	movlw	1
  8878   00167A  EF40  F00B         	goto	u3510
  8879   00167E                     u3500:
  8880   00167E  0E00               	movlw	0
  8881   001680                     u3510:
  8882   001680  0012               	return		;funcret
  8883   001682                     __end_of_EUSART2_IsRxReady:
  8884                           	callstack 0
  8885                           
  8886 ;; *************** function _EUSART1_Read *****************
  8887 ;; Defined at:
  8888 ;;		line 218 in file "mcc_generated_files/uart/src/eusart1.c"
  8889 ;; Parameters:    Size  Location     Type
  8890 ;;		None
  8891 ;; Auto vars:     Size  Location     Type
  8892 ;;		None
  8893 ;; Return value:  Size  Location     Type
  8894 ;;                  1    wreg      unsigned char 
  8895 ;; Registers used:
  8896 ;;		wreg, status,2, status,0, pcl, pclath, pclatu, tosl, cstack
  8897 ;; Tracked objects:
  8898 ;;		On entry : 0/0
  8899 ;;		On exit  : 0/0
  8900 ;;		Unchanged: 0/0
  8901 ;; Data sizes:     COMRAM   BANK0   BANK1   BANK2   BANK3   BANK4   BANK5
  8902 ;;      Params:         0       0       0       0       0       0       0
  8903 ;;      Locals:         0       0       0       0       0       0       0
  8904 ;;      Temps:          0       0       0       0       0       0       0
  8905 ;;      Totals:         0       0       0       0       0       0       0
  8906 ;;Total ram usage:        0 bytes
  8907 ;; Hardware stack levels used: 1
  8908 ;; Hardware stack levels required when called: 4
  8909 ;; This function calls:
  8910 ;;		NULL
  8911 ;;		_EUSART1_DefaultFramingErrorCallback
  8912 ;;		_EUSART1_DefaultOverrunErrorCallback
  8913 ;;		_EUSART2_DefaultFramingErrorCallback
  8914 ;;		_EUSART2_DefaultOverrunErrorCallback
  8915 ;; This function is called by:
  8916 ;;		_main
  8917 ;;		_getch
  8918 ;;		_writeToMessageBuffer
  8919 ;; This function uses a non-reentrant model
  8920 ;;
  8921                           
  8922                           	psect	text38
  8923   001192                     __ptext38:
  8924                           	callstack 0
  8925   001192                     _EUSART1_Read:
  8926                           	callstack 26
  8927   001192                     
  8928                           ;mcc_generated_files/uart/src/eusart1.c: 220:     eusart1RxLastError.status = 0;
  8929   001192  0100               	movlb	0	; () banked
  8930   001194  6B89               	clrf	(_eusart1RxLastError+1)& (0+255),b	;volatile
  8931   001196  0E00               	movlw	0
  8932   001198  6F88               	movwf	_eusart1RxLastError& (0+255),b	;volatile
  8933   00119A                     
  8934                           ; BSR set to: 0
  8935                           ;mcc_generated_files/uart/src/eusart1.c: 221:     if(1 == RCSTA1bits.OERR)
  8936   00119A  A2AB               	btfss	171,1,c	;volatile
  8937   00119C  EFD2  F008         	goto	u3641
  8938   0011A0  EFD4  F008         	goto	u3640
  8939   0011A4                     u3641:
  8940   0011A4  EFEA  F008         	goto	l4570
  8941   0011A8                     u3640:
  8942   0011A8                     
  8943                           ; BSR set to: 0
  8944                           ;mcc_generated_files/uart/src/eusart1.c: 222:     {;mcc_generated_files/uart/src/eusart1
      +                          .c: 223:         eusart1RxLastError.oerr = 1;
  8945   0011A8  8588               	bsf	_eusart1RxLastError& (0+255),2,b	;volatile
  8946   0011AA                     
  8947                           ; BSR set to: 0
  8948                           ;mcc_generated_files/uart/src/eusart1.c: 224:         if(((void*)0) != EUSART1_OverrunEr
      +                          rorHandler)
  8949   0011AA  5184               	movf	_EUSART1_OverrunErrorHandler& (0+255),w,b
  8950   0011AC  1185               	iorwf	(_EUSART1_OverrunErrorHandler+1)& (0+255),w,b
  8951   0011AE  B4D8               	btfsc	status,2,c
  8952   0011B0  EFDC  F008         	goto	u3651
  8953   0011B4  EFDE  F008         	goto	u3650
  8954   0011B8                     u3651:
  8955   0011B8  EFEA  F008         	goto	l4570
  8956   0011BC                     u3650:
  8957   0011BC                     
  8958                           ; BSR set to: 0
  8959                           ;mcc_generated_files/uart/src/eusart1.c: 225:         {;mcc_generated_files/uart/src/eus
      +                          art1.c: 226:             EUSART1_OverrunErrorHandler();
  8960   0011BC  D802               	call	u3668
  8961   0011BE  EFEA  F008         	goto	u3669
  8962   0011C2                     u3668:
  8963   0011C2  0005               	push	
  8964   0011C4  6EFA               	movwf	pclath,c
  8965   0011C6  5184               	movf	_EUSART1_OverrunErrorHandler& (0+255),w,b
  8966   0011C8  6EFD               	movwf	tosl,c
  8967   0011CA  5185               	movf	(_EUSART1_OverrunErrorHandler+1)& (0+255),w,b
  8968   0011CC  6EFE               	movwf	tosh,c
  8969   0011CE  6AFF               	clrf	tosu,c
  8970   0011D0  50FA               	movf	pclath,w,c
  8971   0011D2  0012               	return		;indir
  8972   0011D4                     u3669:
  8973   0011D4                     l4570:
  8974                           
  8975                           ;mcc_generated_files/uart/src/eusart1.c: 229:     if(1 == RCSTA1bits.FERR)
  8976   0011D4  A4AB               	btfss	171,2,c	;volatile
  8977   0011D6  EFEF  F008         	goto	u3671
  8978   0011DA  EFF1  F008         	goto	u3670
  8979   0011DE                     u3671:
  8980   0011DE  EF08  F009         	goto	l4578
  8981   0011E2                     u3670:
  8982   0011E2                     
  8983                           ;mcc_generated_files/uart/src/eusart1.c: 230:     {;mcc_generated_files/uart/src/eusart1
      +                          .c: 231:         eusart1RxLastError.ferr = 1;
  8984   0011E2  0100               	movlb	0	; () banked
  8985   0011E4  8388               	bsf	_eusart1RxLastError& (0+255),1,b	;volatile
  8986   0011E6                     
  8987                           ; BSR set to: 0
  8988                           ;mcc_generated_files/uart/src/eusart1.c: 232:         if(((void*)0) != EUSART1_FramingEr
      +                          rorHandler)
  8989   0011E6  5186               	movf	_EUSART1_FramingErrorHandler& (0+255),w,b
  8990   0011E8  1187               	iorwf	(_EUSART1_FramingErrorHandler+1)& (0+255),w,b
  8991   0011EA  B4D8               	btfsc	status,2,c
  8992   0011EC  EFFA  F008         	goto	u3681
  8993   0011F0  EFFC  F008         	goto	u3680
  8994   0011F4                     u3681:
  8995   0011F4  EF08  F009         	goto	l4578
  8996   0011F8                     u3680:
  8997   0011F8                     
  8998                           ; BSR set to: 0
  8999                           ;mcc_generated_files/uart/src/eusart1.c: 233:         {;mcc_generated_files/uart/src/eus
      +                          art1.c: 234:             EUSART1_FramingErrorHandler();
  9000   0011F8  D802               	call	u3698
  9001   0011FA  EF08  F009         	goto	u3699
  9002   0011FE                     u3698:
  9003   0011FE  0005               	push	
  9004   001200  6EFA               	movwf	pclath,c
  9005   001202  5186               	movf	_EUSART1_FramingErrorHandler& (0+255),w,b
  9006   001204  6EFD               	movwf	tosl,c
  9007   001206  5187               	movf	(_EUSART1_FramingErrorHandler+1)& (0+255),w,b
  9008   001208  6EFE               	movwf	tosh,c
  9009   00120A  6AFF               	clrf	tosu,c
  9010   00120C  50FA               	movf	pclath,w,c
  9011   00120E  0012               	return		;indir
  9012   001210                     u3699:
  9013   001210                     l4578:
  9014                           
  9015                           ;mcc_generated_files/uart/src/eusart1.c: 237:     return RCREG1;
  9016   001210  50AE               	movf	174,w,c	;volatile
  9017   001212  0012               	return		;funcret
  9018   001214                     __end_of_EUSART1_Read:
  9019                           	callstack 0
  9020                           
  9021 ;; *************** function _EUSART1_DefaultOverrunErrorCallback *****************
  9022 ;; Defined at:
  9023 ;;		line 268 in file "mcc_generated_files/uart/src/eusart1.c"
  9024 ;; Parameters:    Size  Location     Type
  9025 ;;		None
  9026 ;; Auto vars:     Size  Location     Type
  9027 ;;		None
  9028 ;; Return value:  Size  Location     Type
  9029 ;;                  1    wreg      void 
  9030 ;; Registers used:
  9031 ;;		None
  9032 ;; Tracked objects:
  9033 ;;		On entry : 0/0
  9034 ;;		On exit  : 0/0
  9035 ;;		Unchanged: 0/0
  9036 ;; Data sizes:     COMRAM   BANK0   BANK1   BANK2   BANK3   BANK4   BANK5
  9037 ;;      Params:         0       0       0       0       0       0       0
  9038 ;;      Locals:         0       0       0       0       0       0       0
  9039 ;;      Temps:          0       0       0       0       0       0       0
  9040 ;;      Totals:         0       0       0       0       0       0       0
  9041 ;;Total ram usage:        0 bytes
  9042 ;; Hardware stack levels used: 1
  9043 ;; Hardware stack levels required when called: 3
  9044 ;; This function calls:
  9045 ;;		Nothing
  9046 ;; This function is called by:
  9047 ;;		_EUSART1_Initialize
  9048 ;;		_EUSART2_ReceiveISR
  9049 ;;		_EUSART1_Read
  9050 ;; This function uses a non-reentrant model
  9051 ;;
  9052                           
  9053                           	psect	text39
  9054   0016AA                     __ptext39:
  9055                           	callstack 0
  9056   0016AA                     _EUSART1_DefaultOverrunErrorCallback:
  9057                           	callstack 0
  9058                           
  9059                           ;Skip over the trampoline to the duplicate function for level 2
  9060   0016AA  A201               	btfss	int$flags,1,c
  9061   0016AC  EF5A  F00B         	goto	_EUSART1_DefaultOverrunErrorCallback$intlevel0
  9062   0016B0  EF90  F00B         	goto	i2_EUSART1_DefaultOverrunErrorCallback
  9063   0016B4                     _EUSART1_DefaultOverrunErrorCallback$intlevel0:
  9064                           	callstack 26
  9065   0016B4                     
  9066                           ;mcc_generated_files/uart/src/eusart1.c: 271:     RCSTA1bits.CREN = 0;
  9067   0016B4  98AB               	bcf	171,4,c	;volatile
  9068                           
  9069                           ;mcc_generated_files/uart/src/eusart1.c: 272:     RCSTA1bits.CREN = 1;
  9070   0016B6  88AB               	bsf	171,4,c	;volatile
  9071   0016B8  0012               	return		;funcret
  9072   0016BA                     __end_of_EUSART1_DefaultOverrunErrorCallback:
  9073                           	callstack 0
  9074                           
  9075 ;; *************** function _EUSART2_DefaultOverrunErrorCallback *****************
  9076 ;; Defined at:
  9077 ;;		line 405 in file "mcc_generated_files/uart/src/eusart2.c"
  9078 ;; Parameters:    Size  Location     Type
  9079 ;;		None
  9080 ;; Auto vars:     Size  Location     Type
  9081 ;;		None
  9082 ;; Return value:  Size  Location     Type
  9083 ;;                  1    wreg      void 
  9084 ;; Registers used:
  9085 ;;		None
  9086 ;; Tracked objects:
  9087 ;;		On entry : 0/0
  9088 ;;		On exit  : 0/0
  9089 ;;		Unchanged: 0/0
  9090 ;; Data sizes:     COMRAM   BANK0   BANK1   BANK2   BANK3   BANK4   BANK5
  9091 ;;      Params:         0       0       0       0       0       0       0
  9092 ;;      Locals:         0       0       0       0       0       0       0
  9093 ;;      Temps:          0       0       0       0       0       0       0
  9094 ;;      Totals:         0       0       0       0       0       0       0
  9095 ;;Total ram usage:        0 bytes
  9096 ;; Hardware stack levels used: 1
  9097 ;; Hardware stack levels required when called: 3
  9098 ;; This function calls:
  9099 ;;		Nothing
  9100 ;; This function is called by:
  9101 ;;		_EUSART2_Initialize
  9102 ;;		_EUSART2_ReceiveISR
  9103 ;;		_EUSART1_Read
  9104 ;; This function uses a non-reentrant model
  9105 ;;
  9106                           
  9107                           	psect	text40
  9108   0016BA                     __ptext40:
  9109                           	callstack 0
  9110   0016BA                     _EUSART2_DefaultOverrunErrorCallback:
  9111                           	callstack 0
  9112                           
  9113                           ;Skip over the trampoline to the duplicate function for level 2
  9114   0016BA  A201               	btfss	int$flags,1,c
  9115   0016BC  EF62  F00B         	goto	_EUSART2_DefaultOverrunErrorCallback$intlevel0
  9116   0016C0  EF93  F00B         	goto	i2_EUSART2_DefaultOverrunErrorCallback
  9117   0016C4                     _EUSART2_DefaultOverrunErrorCallback$intlevel0:
  9118                           	callstack 26
  9119   0016C4                     
  9120                           ;mcc_generated_files/uart/src/eusart2.c: 408:     RCSTA2bits.CREN = 0;
  9121   0016C4  9871               	bcf	113,4,c	;volatile
  9122                           
  9123                           ;mcc_generated_files/uart/src/eusart2.c: 409:     RCSTA2bits.CREN = 1;
  9124   0016C6  8871               	bsf	113,4,c	;volatile
  9125   0016C8  0012               	return		;funcret
  9126   0016CA                     __end_of_EUSART2_DefaultOverrunErrorCallback:
  9127                           	callstack 0
  9128                           
  9129 ;; *************** function _EUSART1_DefaultFramingErrorCallback *****************
  9130 ;; Defined at:
  9131 ;;		line 263 in file "mcc_generated_files/uart/src/eusart1.c"
  9132 ;; Parameters:    Size  Location     Type
  9133 ;;		None
  9134 ;; Auto vars:     Size  Location     Type
  9135 ;;		None
  9136 ;; Return value:  Size  Location     Type
  9137 ;;                  1    wreg      void 
  9138 ;; Registers used:
  9139 ;;		None
  9140 ;; Tracked objects:
  9141 ;;		On entry : 0/0
  9142 ;;		On exit  : 0/0
  9143 ;;		Unchanged: 0/0
  9144 ;; Data sizes:     COMRAM   BANK0   BANK1   BANK2   BANK3   BANK4   BANK5
  9145 ;;      Params:         0       0       0       0       0       0       0
  9146 ;;      Locals:         0       0       0       0       0       0       0
  9147 ;;      Temps:          0       0       0       0       0       0       0
  9148 ;;      Totals:         0       0       0       0       0       0       0
  9149 ;;Total ram usage:        0 bytes
  9150 ;; Hardware stack levels used: 1
  9151 ;; Hardware stack levels required when called: 3
  9152 ;; This function calls:
  9153 ;;		Nothing
  9154 ;; This function is called by:
  9155 ;;		_EUSART1_Initialize
  9156 ;;		_EUSART2_ReceiveISR
  9157 ;;		_EUSART1_Read
  9158 ;; This function uses a non-reentrant model
  9159 ;;
  9160                           
  9161                           	psect	text41
  9162   0016E4                     __ptext41:
  9163                           	callstack 0
  9164   0016E4                     _EUSART1_DefaultFramingErrorCallback:
  9165                           	callstack 0
  9166                           
  9167                           ;Skip over the trampoline to the duplicate function for level 2
  9168   0016E4  A201               	btfss	int$flags,1,c
  9169   0016E6  EF77  F00B         	goto	_EUSART1_DefaultFramingErrorCallback$intlevel0
  9170   0016EA  EF96  F00B         	goto	i2_EUSART1_DefaultFramingErrorCallback
  9171   0016EE                     _EUSART1_DefaultFramingErrorCallback$intlevel0:
  9172                           	callstack 26
  9173   0016EE  0012               	return		;funcret
  9174   0016F0                     __end_of_EUSART1_DefaultFramingErrorCallback:
  9175                           	callstack 0
  9176                           
  9177 ;; *************** function _EUSART2_DefaultFramingErrorCallback *****************
  9178 ;; Defined at:
  9179 ;;		line 400 in file "mcc_generated_files/uart/src/eusart2.c"
  9180 ;; Parameters:    Size  Location     Type
  9181 ;;		None
  9182 ;; Auto vars:     Size  Location     Type
  9183 ;;		None
  9184 ;; Return value:  Size  Location     Type
  9185 ;;                  1    wreg      void 
  9186 ;; Registers used:
  9187 ;;		None
  9188 ;; Tracked objects:
  9189 ;;		On entry : 0/0
  9190 ;;		On exit  : 0/0
  9191 ;;		Unchanged: 0/0
  9192 ;; Data sizes:     COMRAM   BANK0   BANK1   BANK2   BANK3   BANK4   BANK5
  9193 ;;      Params:         0       0       0       0       0       0       0
  9194 ;;      Locals:         0       0       0       0       0       0       0
  9195 ;;      Temps:          0       0       0       0       0       0       0
  9196 ;;      Totals:         0       0       0       0       0       0       0
  9197 ;;Total ram usage:        0 bytes
  9198 ;; Hardware stack levels used: 1
  9199 ;; Hardware stack levels required when called: 3
  9200 ;; This function calls:
  9201 ;;		Nothing
  9202 ;; This function is called by:
  9203 ;;		_EUSART2_Initialize
  9204 ;;		_EUSART2_ReceiveISR
  9205 ;;		_EUSART1_Read
  9206 ;; This function uses a non-reentrant model
  9207 ;;
  9208                           
  9209                           	psect	text42
  9210   0016F0                     __ptext42:
  9211                           	callstack 0
  9212   0016F0                     _EUSART2_DefaultFramingErrorCallback:
  9213                           	callstack 0
  9214                           
  9215                           ;Skip over the trampoline to the duplicate function for level 2
  9216   0016F0  A201               	btfss	int$flags,1,c
  9217   0016F2  EF7D  F00B         	goto	_EUSART2_DefaultFramingErrorCallback$intlevel0
  9218   0016F6  EF97  F00B         	goto	i2_EUSART2_DefaultFramingErrorCallback
  9219   0016FA                     _EUSART2_DefaultFramingErrorCallback$intlevel0:
  9220                           	callstack 26
  9221   0016FA  0012               	return		;funcret
  9222   0016FC                     __end_of_EUSART2_DefaultFramingErrorCallback:
  9223                           	callstack 0
  9224                           
  9225 ;; *************** function _EUSART1_IsRxReady *****************
  9226 ;; Defined at:
  9227 ;;		line 198 in file "mcc_generated_files/uart/src/eusart1.c"
  9228 ;; Parameters:    Size  Location     Type
  9229 ;;		None
  9230 ;; Auto vars:     Size  Location     Type
  9231 ;;		None
  9232 ;; Return value:  Size  Location     Type
  9233 ;;                  1    wreg      _Bool 
  9234 ;; Registers used:
  9235 ;;		wreg
  9236 ;; Tracked objects:
  9237 ;;		On entry : 0/0
  9238 ;;		On exit  : 0/0
  9239 ;;		Unchanged: 0/0
  9240 ;; Data sizes:     COMRAM   BANK0   BANK1   BANK2   BANK3   BANK4   BANK5
  9241 ;;      Params:         0       0       0       0       0       0       0
  9242 ;;      Locals:         0       0       0       0       0       0       0
  9243 ;;      Temps:          0       0       0       0       0       0       0
  9244 ;;      Totals:         0       0       0       0       0       0       0
  9245 ;;Total ram usage:        0 bytes
  9246 ;; Hardware stack levels used: 1
  9247 ;; Hardware stack levels required when called: 3
  9248 ;; This function calls:
  9249 ;;		Nothing
  9250 ;; This function is called by:
  9251 ;;		_main
  9252 ;;		_getch
  9253 ;;		_writeToMessageBuffer
  9254 ;; This function uses a non-reentrant model
  9255 ;;
  9256                           
  9257                           	psect	text43
  9258   001696                     __ptext43:
  9259                           	callstack 0
  9260   001696                     _EUSART1_IsRxReady:
  9261                           	callstack 27
  9262   001696                     
  9263                           ;mcc_generated_files/uart/src/eusart1.c: 200:     return (_Bool)(PIR1bits.RC1IF);
  9264   001696  BA9E               	btfsc	158,5,c	;volatile
  9265   001698  EF50  F00B         	goto	u3631
  9266   00169C  EF53  F00B         	goto	u3630
  9267   0016A0                     u3631:
  9268   0016A0  0E01               	movlw	1
  9269   0016A2  EF54  F00B         	goto	u3636
  9270   0016A6                     u3630:
  9271   0016A6  0E00               	movlw	0
  9272   0016A8                     u3636:
  9273   0016A8  0012               	return		;funcret
  9274   0016AA                     __end_of_EUSART1_IsRxReady:
  9275                           	callstack 0
  9276                           
  9277 ;; *************** function _ECCP2_LoadDutyValue *****************
  9278 ;; Defined at:
  9279 ;;		line 64 in file "mcc_generated_files/pwm/src/eccp2.c"
  9280 ;; Parameters:    Size  Location     Type
  9281 ;;  dutyValue       2    8[COMRAM] unsigned short 
  9282 ;; Auto vars:     Size  Location     Type
  9283 ;;		None
  9284 ;; Return value:  Size  Location     Type
  9285 ;;                  1    wreg      void 
  9286 ;; Registers used:
  9287 ;;		wreg, status,2, status,0
  9288 ;; Tracked objects:
  9289 ;;		On entry : 0/0
  9290 ;;		On exit  : 0/0
  9291 ;;		Unchanged: 0/0
  9292 ;; Data sizes:     COMRAM   BANK0   BANK1   BANK2   BANK3   BANK4   BANK5
  9293 ;;      Params:         2       0       0       0       0       0       0
  9294 ;;      Locals:         0       0       0       0       0       0       0
  9295 ;;      Temps:          2       0       0       0       0       0       0
  9296 ;;      Totals:         4       0       0       0       0       0       0
  9297 ;;Total ram usage:        4 bytes
  9298 ;; Hardware stack levels used: 1
  9299 ;; Hardware stack levels required when called: 3
  9300 ;; This function calls:
  9301 ;;		Nothing
  9302 ;; This function is called by:
  9303 ;;		_main
  9304 ;;		_transmitChar
  9305 ;; This function uses a non-reentrant model
  9306 ;;
  9307                           
  9308                           	psect	text44
  9309   00139A                     __ptext44:
  9310                           	callstack 0
  9311   00139A                     _ECCP2_LoadDutyValue:
  9312                           	callstack 27
  9313   00139A                     
  9314                           ;mcc_generated_files/pwm/src/eccp2.c: 64: void ECCP2_LoadDutyValue(uint16_t dutyValue);m
      +                          cc_generated_files/pwm/src/eccp2.c: 65: {;mcc_generated_files/pwm/src/eccp2.c: 66:  duty
      +                          Value &= 0x03FF;
  9315   00139A  0EFF               	movlw	255
  9316   00139C  160A               	andwf	ECCP2_LoadDutyValue@dutyValue^0,f,c
  9317   00139E  0E03               	movlw	3
  9318   0013A0  160B               	andwf	(ECCP2_LoadDutyValue@dutyValue+1)^0,f,c
  9319                           
  9320                           ;mcc_generated_files/pwm/src/eccp2.c: 69:     CCPR2L = ((dutyValue & 0x03FC) >> 2);
  9321   0013A2  C00A  F00C         	movff	ECCP2_LoadDutyValue@dutyValue,??_ECCP2_LoadDutyValue
  9322   0013A6  C00B  F00D         	movff	ECCP2_LoadDutyValue@dutyValue+1,??_ECCP2_LoadDutyValue+1
  9323   0013AA  90D8               	bcf	status,0,c
  9324   0013AC  320D               	rrcf	(??_ECCP2_LoadDutyValue+1)^0,f,c
  9325   0013AE  320C               	rrcf	??_ECCP2_LoadDutyValue^0,f,c
  9326   0013B0  90D8               	bcf	status,0,c
  9327   0013B2  320D               	rrcf	(??_ECCP2_LoadDutyValue+1)^0,f,c
  9328   0013B4  320C               	rrcf	??_ECCP2_LoadDutyValue^0,f,c
  9329   0013B6  500C               	movf	??_ECCP2_LoadDutyValue^0,w,c
  9330   0013B8  6E67               	movwf	103,c	;volatile
  9331                           
  9332                           ;mcc_generated_files/pwm/src/eccp2.c: 72:     CCP2CON = (uint8_t)((CCP2CON & 0xCF) | ((d
      +                          utyValue & 0x0003) << 4));
  9333   0013BA  C00A  F00C         	movff	ECCP2_LoadDutyValue@dutyValue,??_ECCP2_LoadDutyValue
  9334   0013BE  0E03               	movlw	3
  9335   0013C0  160C               	andwf	??_ECCP2_LoadDutyValue^0,f,c
  9336   0013C2  3A0C               	swapf	??_ECCP2_LoadDutyValue^0,f,c
  9337   0013C4  0EF0               	movlw	240
  9338   0013C6  160C               	andwf	??_ECCP2_LoadDutyValue^0,f,c
  9339   0013C8  5066               	movf	102,w,c	;volatile
  9340   0013CA  0BCF               	andlw	207
  9341   0013CC  100C               	iorwf	??_ECCP2_LoadDutyValue^0,w,c
  9342   0013CE  6E66               	movwf	102,c	;volatile
  9343   0013D0  0012               	return		;funcret
  9344   0013D2                     __end_of_ECCP2_LoadDutyValue:
  9345                           	callstack 0
  9346                           
  9347 ;; *************** function _INTERRUPT_InterruptManager *****************
  9348 ;; Defined at:
  9349 ;;		line 80 in file "mcc_generated_files/system/src/interrupt.c"
  9350 ;; Parameters:    Size  Location     Type
  9351 ;;		None
  9352 ;; Auto vars:     Size  Location     Type
  9353 ;;		None
  9354 ;; Return value:  Size  Location     Type
  9355 ;;                  1    wreg      void 
  9356 ;; Registers used:
  9357 ;;		wreg, fsr2l, fsr2h, status,2, status,0, pcl, pclath, pclatu, tosl, prodl, prodh, cstack
  9358 ;; Tracked objects:
  9359 ;;		On entry : 0/0
  9360 ;;		On exit  : 0/0
  9361 ;;		Unchanged: 0/0
  9362 ;; Data sizes:     COMRAM   BANK0   BANK1   BANK2   BANK3   BANK4   BANK5
  9363 ;;      Params:         0       0       0       0       0       0       0
  9364 ;;      Locals:         0       0       0       0       0       0       0
  9365 ;;      Temps:          6       0       0       0       0       0       0
  9366 ;;      Totals:         6       0       0       0       0       0       0
  9367 ;;Total ram usage:        6 bytes
  9368 ;; Hardware stack levels used: 1
  9369 ;; Hardware stack levels required when called: 2
  9370 ;; This function calls:
  9371 ;;		NULL
  9372 ;;		_EUSART2_ReceiveISR
  9373 ;;		_EUSART2_TransmitISR
  9374 ;; This function is called by:
  9375 ;;		Interrupt level 2
  9376 ;; This function uses a non-reentrant model
  9377 ;;
  9378                           
  9379                           	psect	intcode
  9380   000008                     __pintcode:
  9381                           	callstack 0
  9382   000008                     _INTERRUPT_InterruptManager:
  9383                           	callstack 19
  9384                           
  9385                           ;incstack = 0
  9386   000008  8201               	bsf	int$flags,1,c	;set compiler interrupt flag (level 2)
  9387   00000A  CFFA F004          	movff	pclath,??_INTERRUPT_InterruptManager
  9388   00000E  CFFB F005          	movff	pclatu,??_INTERRUPT_InterruptManager+1
  9389   000012  CFD9 F006          	movff	fsr2l,??_INTERRUPT_InterruptManager+2
  9390   000016  CFDA F007          	movff	fsr2h,??_INTERRUPT_InterruptManager+3
  9391   00001A  CFF3 F008          	movff	prodl,??_INTERRUPT_InterruptManager+4
  9392   00001E  CFF4 F009          	movff	prodh,??_INTERRUPT_InterruptManager+5
  9393   000022                     
  9394                           ;mcc_generated_files/system/src/interrupt.c: 83:     if(INTCONbits.PEIE == 1)
  9395   000022  ACF2               	btfss	242,6,c	;volatile
  9396   000024  EF16  F000         	goto	i2u370_41
  9397   000028  EF18  F000         	goto	i2u370_40
  9398   00002C                     i2u370_41:
  9399   00002C  EF4E  F000         	goto	i2l71
  9400   000030                     i2u370_40:
  9401   000030                     
  9402                           ;mcc_generated_files/system/src/interrupt.c: 84:     {;mcc_generated_files/system/src/in
      +                          terrupt.c: 85:         if(PIE3bits.TX2IE == 1 && PIR3bits.TX2IF == 1)
  9403   000030  A8A3               	btfss	163,4,c	;volatile
  9404   000032  EF1D  F000         	goto	i2u371_41
  9405   000036  EF1F  F000         	goto	i2u371_40
  9406   00003A                     i2u371_41:
  9407   00003A  EF33  F000         	goto	i2l4596
  9408   00003E                     i2u371_40:
  9409   00003E  A8A4               	btfss	164,4,c	;volatile
  9410   000040  EF24  F000         	goto	i2u372_41
  9411   000044  EF26  F000         	goto	i2u372_40
  9412   000048                     i2u372_41:
  9413   000048  EF33  F000         	goto	i2l4596
  9414   00004C                     i2u372_40:
  9415   00004C                     
  9416                           ;mcc_generated_files/system/src/interrupt.c: 86:         {;mcc_generated_files/system/sr
      +                          c/interrupt.c: 87:             EUSART2_TxInterruptHandler();
  9417   00004C  D802               	call	i2u373_48
  9418   00004E  EF33  F000         	goto	i2u373_49
  9419   000052                     i2u373_48:
  9420   000052  0005               	push	
  9421   000054  0100               	movlb	0	; () banked
  9422   000056  6EFA               	movwf	pclath,c
  9423   000058  519C               	movf	_EUSART2_TxInterruptHandler& (0+255),w,b
  9424   00005A  6EFD               	movwf	tosl,c
  9425   00005C  519D               	movf	(_EUSART2_TxInterruptHandler+1)& (0+255),w,b
  9426   00005E  6EFE               	movwf	tosh,c
  9427   000060  6AFF               	clrf	tosu,c
  9428   000062  50FA               	movf	pclath,w,c
  9429   000064  0012               	return		;indir
  9430   000066                     i2u373_49:
  9431   000066                     i2l4596:
  9432                           
  9433                           ;mcc_generated_files/system/src/interrupt.c: 89:         if(PIE3bits.RC2IE == 1 && PIR3b
      +                          its.RC2IF == 1)
  9434   000066  AAA3               	btfss	163,5,c	;volatile
  9435   000068  EF38  F000         	goto	i2u374_41
  9436   00006C  EF3A  F000         	goto	i2u374_40
  9437   000070                     i2u374_41:
  9438   000070  EF4E  F000         	goto	i2l71
  9439   000074                     i2u374_40:
  9440   000074  AAA4               	btfss	164,5,c	;volatile
  9441   000076  EF3F  F000         	goto	i2u375_41
  9442   00007A  EF41  F000         	goto	i2u375_40
  9443   00007E                     i2u375_41:
  9444   00007E  EF4E  F000         	goto	i2l71
  9445   000082                     i2u375_40:
  9446   000082                     
  9447                           ;mcc_generated_files/system/src/interrupt.c: 90:         {;mcc_generated_files/system/sr
      +                          c/interrupt.c: 91:             EUSART2_RxInterruptHandler();
  9448   000082  D802               	call	i2u376_48
  9449   000084  EF4E  F000         	goto	i2u376_49
  9450   000088                     i2u376_48:
  9451   000088  0005               	push	
  9452   00008A  0100               	movlb	0	; () banked
  9453   00008C  6EFA               	movwf	pclath,c
  9454   00008E  519A               	movf	_EUSART2_RxInterruptHandler& (0+255),w,b
  9455   000090  6EFD               	movwf	tosl,c
  9456   000092  519B               	movf	(_EUSART2_RxInterruptHandler+1)& (0+255),w,b
  9457   000094  6EFE               	movwf	tosh,c
  9458   000096  6AFF               	clrf	tosu,c
  9459   000098  50FA               	movf	pclath,w,c
  9460   00009A  0012               	return		;indir
  9461   00009C                     i2u376_49:
  9462   00009C                     i2l71:
  9463   00009C  C009  FFF4         	movff	??_INTERRUPT_InterruptManager+5,prodh
  9464   0000A0  C008  FFF3         	movff	??_INTERRUPT_InterruptManager+4,prodl
  9465   0000A4  C007  FFDA         	movff	??_INTERRUPT_InterruptManager+3,fsr2h
  9466   0000A8  C006  FFD9         	movff	??_INTERRUPT_InterruptManager+2,fsr2l
  9467   0000AC  C005  FFFB         	movff	??_INTERRUPT_InterruptManager+1,pclatu
  9468   0000B0  C004  FFFA         	movff	??_INTERRUPT_InterruptManager,pclath
  9469   0000B4  9201               	bcf	int$flags,1,c	;clear compiler interrupt flag (level 2)
  9470   0000B6  0011               	retfie		f
  9471   0000B8                     __end_of_INTERRUPT_InterruptManager:
  9472                           	callstack 0
  9473                           
  9474 ;; *************** function _EUSART2_TransmitISR *****************
  9475 ;; Defined at:
  9476 ;;		line 377 in file "mcc_generated_files/uart/src/eusart2.c"
  9477 ;; Parameters:    Size  Location     Type
  9478 ;;		None
  9479 ;; Auto vars:     Size  Location     Type
  9480 ;;  tempTxTail      1    0[COMRAM] unsigned char 
  9481 ;; Return value:  Size  Location     Type
  9482 ;;                  1    wreg      void 
  9483 ;; Registers used:
  9484 ;;		wreg, fsr2l, fsr2h, status,2, status,0
  9485 ;; Tracked objects:
  9486 ;;		On entry : 0/0
  9487 ;;		On exit  : 0/0
  9488 ;;		Unchanged: 0/0
  9489 ;; Data sizes:     COMRAM   BANK0   BANK1   BANK2   BANK3   BANK4   BANK5
  9490 ;;      Params:         0       0       0       0       0       0       0
  9491 ;;      Locals:         1       0       0       0       0       0       0
  9492 ;;      Temps:          0       0       0       0       0       0       0
  9493 ;;      Totals:         1       0       0       0       0       0       0
  9494 ;;Total ram usage:        1 bytes
  9495 ;; Hardware stack levels used: 1
  9496 ;; This function calls:
  9497 ;;		Nothing
  9498 ;; This function is called by:
  9499 ;;		_EUSART2_Initialize
  9500 ;;		_INTERRUPT_InterruptManager
  9501 ;; This function uses a non-reentrant model
  9502 ;;
  9503                           
  9504                           	psect	text46
  9505   0014D0                     __ptext46:
  9506                           	callstack 0
  9507   0014D0                     _EUSART2_TransmitISR:
  9508                           	callstack 20
  9509   0014D0                     
  9510                           ;mcc_generated_files/uart/src/eusart2.c: 379:     uint8_t tempTxTail;;mcc_generated_file
      +                          s/uart/src/eusart2.c: 381:     if(sizeof(eusart2TxBuffer) > eusart2TxBufferRemaining)
  9511   0014D0  0E08               	movlw	8
  9512   0014D2  6052               	cpfslt	_eusart2TxBufferRemaining^0,c	;volatile
  9513   0014D4  EF6E  F00A         	goto	i2u225_41
  9514   0014D8  EF70  F00A         	goto	i2u225_40
  9515   0014DC                     i2u225_41:
  9516   0014DC  EF7E  F00A         	goto	i2l517
  9517   0014E0                     i2u225_40:
  9518   0014E0                     
  9519                           ;mcc_generated_files/uart/src/eusart2.c: 382:     {;mcc_generated_files/uart/src/eusart2
      +                          .c: 383:        TXREG2 = eusart2TxBuffer[eusart2TxTail];
  9520   0014E0  5053               	movf	_eusart2TxTail^0,w,c
  9521   0014E2  0F78               	addlw	low _eusart2TxBuffer
  9522   0014E4  6ED9               	movwf	fsr2l,c
  9523   0014E6  6ADA               	clrf	fsr2h,c
  9524   0014E8  50DF               	movf	indf2,w,c
  9525   0014EA  6E73               	movwf	115,c	;volatile
  9526   0014EC                     
  9527                           ;mcc_generated_files/uart/src/eusart2.c: 384:        tempTxTail = (eusart2TxTail + 1U) &
      +                           ((8U) - 1U);
  9528   0014EC  2853               	incf	_eusart2TxTail^0,w,c	;volatile
  9529   0014EE  0B07               	andlw	7
  9530   0014F0  6E02               	movwf	EUSART2_TransmitISR@tempTxTail^0,c
  9531   0014F2                     
  9532                           ;mcc_generated_files/uart/src/eusart2.c: 386:        eusart2TxTail = tempTxTail;
  9533   0014F2  C002  F053         	movff	EUSART2_TransmitISR@tempTxTail,_eusart2TxTail	;volatile
  9534   0014F6                     
  9535                           ;mcc_generated_files/uart/src/eusart2.c: 387:        eusart2TxBufferRemaining++;
  9536   0014F6  2A52               	incf	_eusart2TxBufferRemaining^0,f,c	;volatile
  9537                           
  9538                           ;mcc_generated_files/uart/src/eusart2.c: 388:     }
  9539   0014F8  EF7F  F00A         	goto	i2l520
  9540   0014FC                     i2l517:
  9541                           
  9542                           ;mcc_generated_files/uart/src/eusart2.c: 390:     {;mcc_generated_files/uart/src/eusart2
      +                          .c: 391:         PIE3bits.TX2IE = 0;
  9543   0014FC  98A3               	bcf	163,4,c	;volatile
  9544   0014FE                     i2l520:
  9545   0014FE  0012               	return		;funcret
  9546   001500                     __end_of_EUSART2_TransmitISR:
  9547                           	callstack 0
  9548                           
  9549 ;; *************** function _EUSART2_ReceiveISR *****************
  9550 ;; Defined at:
  9551 ;;		line 308 in file "mcc_generated_files/uart/src/eusart2.c"
  9552 ;; Parameters:    Size  Location     Type
  9553 ;;		None
  9554 ;; Auto vars:     Size  Location     Type
  9555 ;;  tempRxHead      1    1[COMRAM] unsigned char 
  9556 ;;  regValue        1    0[COMRAM] unsigned char 
  9557 ;; Return value:  Size  Location     Type
  9558 ;;                  1    wreg      void 
  9559 ;; Registers used:
  9560 ;;		wreg, fsr2l, fsr2h, status,2, status,0, pcl, pclath, pclatu, tosl, prodl, prodh, cstack
  9561 ;; Tracked objects:
  9562 ;;		On entry : 0/0
  9563 ;;		On exit  : 0/0
  9564 ;;		Unchanged: 0/0
  9565 ;; Data sizes:     COMRAM   BANK0   BANK1   BANK2   BANK3   BANK4   BANK5
  9566 ;;      Params:         0       0       0       0       0       0       0
  9567 ;;      Locals:         2       0       0       0       0       0       0
  9568 ;;      Temps:          0       0       0       0       0       0       0
  9569 ;;      Totals:         2       0       0       0       0       0       0
  9570 ;;Total ram usage:        2 bytes
  9571 ;; Hardware stack levels used: 1
  9572 ;; Hardware stack levels required when called: 1
  9573 ;; This function calls:
  9574 ;;		NULL
  9575 ;;		_myEUSART2ISR
  9576 ;;		i2_EUSART1_DefaultFramingErrorCallback
  9577 ;;		i2_EUSART1_DefaultOverrunErrorCallback
  9578 ;;		i2_EUSART2_DefaultFramingErrorCallback
  9579 ;;		i2_EUSART2_DefaultOverrunErrorCallback
  9580 ;; This function is called by:
  9581 ;;		_EUSART2_Initialize
  9582 ;;		_INTERRUPT_InterruptManager
  9583 ;; This function uses a non-reentrant model
  9584 ;;
  9585                           
  9586                           	psect	text47
  9587   000AC8                     __ptext47:
  9588                           	callstack 0
  9589   000AC8                     _EUSART2_ReceiveISR:
  9590                           	callstack 19
  9591   000AC8                     
  9592                           ;mcc_generated_files/uart/src/eusart2.c: 310:     uint8_t regValue;;mcc_generated_files/
      +                          uart/src/eusart2.c: 311:     uint8_t tempRxHead;;mcc_generated_files/uart/src/eusart2.c:
      +                           314:     eusart2RxStatusBuffer[eusart2RxHead].status = 0;
  9593   000AC8  5051               	movf	_eusart2RxHead^0,w,c
  9594   000ACA  0D02               	mullw	2
  9595   000ACC  50F3               	movf	243,w,c
  9596   000ACE  0F60               	addlw	low _eusart2RxStatusBuffer
  9597   000AD0  6ED9               	movwf	fsr2l,c
  9598   000AD2  6ADA               	clrf	fsr2h,c
  9599   000AD4  6ADE               	clrf	postinc2,c
  9600   000AD6  6ADD               	clrf	postdec2,c
  9601   000AD8                     
  9602                           ;mcc_generated_files/uart/src/eusart2.c: 316:     if(1 == RCSTA2bits.OERR)
  9603   000AD8  A271               	btfss	113,1,c	;volatile
  9604   000ADA  EF71  F005         	goto	i2u353_41
  9605   000ADE  EF73  F005         	goto	i2u353_40
  9606   000AE2                     i2u353_41:
  9607   000AE2  EF90  F005         	goto	i2l4526
  9608   000AE6                     i2u353_40:
  9609   000AE6                     
  9610                           ;mcc_generated_files/uart/src/eusart2.c: 317:     {;mcc_generated_files/uart/src/eusart2
      +                          .c: 318:         eusart2RxStatusBuffer[eusart2RxHead].oerr = 1;
  9611   000AE6  5051               	movf	_eusart2RxHead^0,w,c
  9612   000AE8  0D02               	mullw	2
  9613   000AEA  50F3               	movf	243,w,c
  9614   000AEC  0F60               	addlw	low _eusart2RxStatusBuffer
  9615   000AEE  6ED9               	movwf	fsr2l,c
  9616   000AF0  6ADA               	clrf	fsr2h,c
  9617   000AF2  84DF               	bsf	indf2,2,c
  9618   000AF4                     
  9619                           ;mcc_generated_files/uart/src/eusart2.c: 319:         if(((void*)0) != EUSART2_OverrunEr
      +                          rorHandler)
  9620   000AF4  0100               	movlb	0	; () banked
  9621   000AF6  518A               	movf	_EUSART2_OverrunErrorHandler& (0+255),w,b
  9622   000AF8  118B               	iorwf	(_EUSART2_OverrunErrorHandler+1)& (0+255),w,b
  9623   000AFA  B4D8               	btfsc	status,2,c
  9624   000AFC  EF82  F005         	goto	i2u354_41
  9625   000B00  EF84  F005         	goto	i2u354_40
  9626   000B04                     i2u354_41:
  9627   000B04  EF90  F005         	goto	i2l4526
  9628   000B08                     i2u354_40:
  9629   000B08                     
  9630                           ; BSR set to: 0
  9631                           ;mcc_generated_files/uart/src/eusart2.c: 320:         {;mcc_generated_files/uart/src/eus
      +                          art2.c: 321:             EUSART2_OverrunErrorHandler();
  9632   000B08  D802               	call	i2u355_48
  9633   000B0A  EF90  F005         	goto	i2u355_49
  9634   000B0E                     i2u355_48:
  9635   000B0E  0005               	push	
  9636   000B10  6EFA               	movwf	pclath,c
  9637   000B12  518A               	movf	_EUSART2_OverrunErrorHandler& (0+255),w,b
  9638   000B14  6EFD               	movwf	tosl,c
  9639   000B16  518B               	movf	(_EUSART2_OverrunErrorHandler+1)& (0+255),w,b
  9640   000B18  6EFE               	movwf	tosh,c
  9641   000B1A  6AFF               	clrf	tosu,c
  9642   000B1C  50FA               	movf	pclath,w,c
  9643   000B1E  0012               	return		;indir
  9644   000B20                     i2u355_49:
  9645   000B20                     i2l4526:
  9646                           
  9647                           ;mcc_generated_files/uart/src/eusart2.c: 324:     if(1 == RCSTA2bits.FERR)
  9648   000B20  A471               	btfss	113,2,c	;volatile
  9649   000B22  EF95  F005         	goto	i2u356_41
  9650   000B26  EF97  F005         	goto	i2u356_40
  9651   000B2A                     i2u356_41:
  9652   000B2A  EFB4  F005         	goto	i2l4534
  9653   000B2E                     i2u356_40:
  9654   000B2E                     
  9655                           ;mcc_generated_files/uart/src/eusart2.c: 325:     {;mcc_generated_files/uart/src/eusart2
      +                          .c: 326:         eusart2RxStatusBuffer[eusart2RxHead].ferr = 1;
  9656   000B2E  5051               	movf	_eusart2RxHead^0,w,c
  9657   000B30  0D02               	mullw	2
  9658   000B32  50F3               	movf	243,w,c
  9659   000B34  0F60               	addlw	low _eusart2RxStatusBuffer
  9660   000B36  6ED9               	movwf	fsr2l,c
  9661   000B38  6ADA               	clrf	fsr2h,c
  9662   000B3A  82DF               	bsf	indf2,1,c
  9663   000B3C                     
  9664                           ;mcc_generated_files/uart/src/eusart2.c: 327:         if(((void*)0) != EUSART2_FramingEr
      +                          rorHandler)
  9665   000B3C  0100               	movlb	0	; () banked
  9666   000B3E  518C               	movf	_EUSART2_FramingErrorHandler& (0+255),w,b
  9667   000B40  118D               	iorwf	(_EUSART2_FramingErrorHandler+1)& (0+255),w,b
  9668   000B42  B4D8               	btfsc	status,2,c
  9669   000B44  EFA6  F005         	goto	i2u357_41
  9670   000B48  EFA8  F005         	goto	i2u357_40
  9671   000B4C                     i2u357_41:
  9672   000B4C  EFB4  F005         	goto	i2l4534
  9673   000B50                     i2u357_40:
  9674   000B50                     
  9675                           ; BSR set to: 0
  9676                           ;mcc_generated_files/uart/src/eusart2.c: 328:         {;mcc_generated_files/uart/src/eus
      +                          art2.c: 329:             EUSART2_FramingErrorHandler();
  9677   000B50  D802               	call	i2u358_48
  9678   000B52  EFB4  F005         	goto	i2u358_49
  9679   000B56                     i2u358_48:
  9680   000B56  0005               	push	
  9681   000B58  6EFA               	movwf	pclath,c
  9682   000B5A  518C               	movf	_EUSART2_FramingErrorHandler& (0+255),w,b
  9683   000B5C  6EFD               	movwf	tosl,c
  9684   000B5E  518D               	movf	(_EUSART2_FramingErrorHandler+1)& (0+255),w,b
  9685   000B60  6EFE               	movwf	tosh,c
  9686   000B62  6AFF               	clrf	tosu,c
  9687   000B64  50FA               	movf	pclath,w,c
  9688   000B66  0012               	return		;indir
  9689   000B68                     i2u358_49:
  9690   000B68                     i2l4534:
  9691                           
  9692                           ;mcc_generated_files/uart/src/eusart2.c: 333:     regValue = RCREG2;
  9693   000B68  CF74 F002          	movff	3956,EUSART2_ReceiveISR@regValue	;volatile
  9694   000B6C                     
  9695                           ;mcc_generated_files/uart/src/eusart2.c: 335:     tempRxHead = (eusart2RxHead + 1U) & ((
      +                          8U) - 1U);
  9696   000B6C  2851               	incf	_eusart2RxHead^0,w,c	;volatile
  9697   000B6E  0B07               	andlw	7
  9698   000B70  6E03               	movwf	EUSART2_ReceiveISR@tempRxHead^0,c
  9699   000B72                     
  9700                           ;mcc_generated_files/uart/src/eusart2.c: 336:     if (tempRxHead == eusart2RxTail)
  9701   000B72  5050               	movf	_eusart2RxTail^0,w,c	;volatile
  9702   000B74  1803               	xorwf	EUSART2_ReceiveISR@tempRxHead^0,w,c
  9703   000B76  A4D8               	btfss	status,2,c
  9704   000B78  EFC0  F005         	goto	i2u359_41
  9705   000B7C  EFC2  F005         	goto	i2u359_40
  9706   000B80                     i2u359_41:
  9707   000B80  EFC4  F005         	goto	i2l4542
  9708   000B84                     i2u359_40:
  9709   000B84  EFCD  F005         	goto	i2l4548
  9710   000B88                     i2l4542:
  9711                           
  9712                           ;mcc_generated_files/uart/src/eusart2.c: 341:     {;mcc_generated_files/uart/src/eusart2
      +                          .c: 342:         eusart2RxBuffer[eusart2RxHead] = regValue;
  9713   000B88  5051               	movf	_eusart2RxHead^0,w,c
  9714   000B8A  0F70               	addlw	low _eusart2RxBuffer
  9715   000B8C  6ED9               	movwf	fsr2l,c
  9716   000B8E  6ADA               	clrf	fsr2h,c
  9717   000B90  C002  FFDF         	movff	EUSART2_ReceiveISR@regValue,indf2
  9718   000B94                     
  9719                           ;mcc_generated_files/uart/src/eusart2.c: 343:   eusart2RxHead = tempRxHead;
  9720   000B94  C003  F051         	movff	EUSART2_ReceiveISR@tempRxHead,_eusart2RxHead	;volatile
  9721   000B98                     
  9722                           ;mcc_generated_files/uart/src/eusart2.c: 344:   eusart2RxCount++;
  9723   000B98  2A4F               	incf	_eusart2RxCount^0,f,c	;volatile
  9724   000B9A                     i2l4548:
  9725                           
  9726                           ;mcc_generated_files/uart/src/eusart2.c: 347:     if(((void*)0) != EUSART2_RxCompleteInt
      +                          erruptHandler)
  9727   000B9A  0100               	movlb	0	; () banked
  9728   000B9C  518E               	movf	_EUSART2_RxCompleteInterruptHandler& (0+255),w,b
  9729   000B9E  118F               	iorwf	(_EUSART2_RxCompleteInterruptHandler+1)& (0+255),w,b
  9730   000BA0  B4D8               	btfsc	status,2,c
  9731   000BA2  EFD5  F005         	goto	i2u360_41
  9732   000BA6  EFD7  F005         	goto	i2u360_40
  9733   000BAA                     i2u360_41:
  9734   000BAA  EFE3  F005         	goto	i2l507
  9735   000BAE                     i2u360_40:
  9736   000BAE                     
  9737                           ; BSR set to: 0
  9738                           ;mcc_generated_files/uart/src/eusart2.c: 348:     {;mcc_generated_files/uart/src/eusart2
      +                          .c: 349:         (*EUSART2_RxCompleteInterruptHandler)();
  9739   000BAE  D802               	call	i2u361_48
  9740   000BB0  EFE3  F005         	goto	i2u361_49
  9741   000BB4                     i2u361_48:
  9742   000BB4  0005               	push	
  9743   000BB6  6EFA               	movwf	pclath,c
  9744   000BB8  518E               	movf	_EUSART2_RxCompleteInterruptHandler& (0+255),w,b
  9745   000BBA  6EFD               	movwf	tosl,c
  9746   000BBC  518F               	movf	(_EUSART2_RxCompleteInterruptHandler+1)& (0+255),w,b
  9747   000BBE  6EFE               	movwf	tosh,c
  9748   000BC0  6AFF               	clrf	tosu,c
  9749   000BC2  50FA               	movf	pclath,w,c
  9750   000BC4  0012               	return		;indir
  9751   000BC6                     i2u361_49:
  9752   000BC6                     i2l507:
  9753   000BC6  0012               	return		;funcret
  9754   000BC8                     __end_of_EUSART2_ReceiveISR:
  9755                           	callstack 0
  9756                           
  9757 ;; *************** function i2_EUSART1_DefaultOverrunErrorCallback *****************
  9758 ;; Defined at:
  9759 ;;		line 268 in file "mcc_generated_files/uart/src/eusart1.c"
  9760 ;; Parameters:    Size  Location     Type
  9761 ;;		None
  9762 ;; Auto vars:     Size  Location     Type
  9763 ;;		None
  9764 ;; Return value:  Size  Location     Type
  9765 ;;                  1    wreg      void 
  9766 ;; Registers used:
  9767 ;;		None
  9768 ;; Tracked objects:
  9769 ;;		On entry : 0/0
  9770 ;;		On exit  : 0/0
  9771 ;;		Unchanged: 0/0
  9772 ;; Data sizes:     COMRAM   BANK0   BANK1   BANK2   BANK3   BANK4   BANK5
  9773 ;;      Params:         0       0       0       0       0       0       0
  9774 ;;      Locals:         0       0       0       0       0       0       0
  9775 ;;      Temps:          0       0       0       0       0       0       0
  9776 ;;      Totals:         0       0       0       0       0       0       0
  9777 ;;Total ram usage:        0 bytes
  9778 ;; Hardware stack levels used: 1
  9779 ;; This function calls:
  9780 ;;		Nothing
  9781 ;; This function is called by:
  9782 ;;		_EUSART2_ReceiveISR
  9783 ;;		_EUSART1_Read
  9784 ;; This function uses a non-reentrant model
  9785 ;;
  9786                           
  9787                           	psect	text48
  9788   001720                     __ptext48:
  9789                           	callstack 0
  9790   001720                     i2_EUSART1_DefaultOverrunErrorCallback:
  9791                           	callstack 19
  9792   001720                     
  9793                           ;mcc_generated_files/uart/src/eusart1.c: 271:     RCSTA1bits.CREN = 0;
  9794   001720  98AB               	bcf	171,4,c	;volatile
  9795                           
  9796                           ;mcc_generated_files/uart/src/eusart1.c: 272:     RCSTA1bits.CREN = 1;
  9797   001722  88AB               	bsf	171,4,c	;volatile
  9798   001724  0012               	return		;funcret
  9799   001726                     __end_ofi2_EUSART1_DefaultOverrunErrorCallback:
  9800                           	callstack 0
  9801                           
  9802 ;; *************** function i2_EUSART2_DefaultOverrunErrorCallback *****************
  9803 ;; Defined at:
  9804 ;;		line 405 in file "mcc_generated_files/uart/src/eusart2.c"
  9805 ;; Parameters:    Size  Location     Type
  9806 ;;		None
  9807 ;; Auto vars:     Size  Location     Type
  9808 ;;		None
  9809 ;; Return value:  Size  Location     Type
  9810 ;;                  1    wreg      void 
  9811 ;; Registers used:
  9812 ;;		None
  9813 ;; Tracked objects:
  9814 ;;		On entry : 0/0
  9815 ;;		On exit  : 0/0
  9816 ;;		Unchanged: 0/0
  9817 ;; Data sizes:     COMRAM   BANK0   BANK1   BANK2   BANK3   BANK4   BANK5
  9818 ;;      Params:         0       0       0       0       0       0       0
  9819 ;;      Locals:         0       0       0       0       0       0       0
  9820 ;;      Temps:          0       0       0       0       0       0       0
  9821 ;;      Totals:         0       0       0       0       0       0       0
  9822 ;;Total ram usage:        0 bytes
  9823 ;; Hardware stack levels used: 1
  9824 ;; This function calls:
  9825 ;;		Nothing
  9826 ;; This function is called by:
  9827 ;;		_EUSART2_ReceiveISR
  9828 ;;		_EUSART1_Read
  9829 ;; This function uses a non-reentrant model
  9830 ;;
  9831                           
  9832                           	psect	text49
  9833   001726                     __ptext49:
  9834                           	callstack 0
  9835   001726                     i2_EUSART2_DefaultOverrunErrorCallback:
  9836                           	callstack 19
  9837   001726                     
  9838                           ;mcc_generated_files/uart/src/eusart2.c: 408:     RCSTA2bits.CREN = 0;
  9839   001726  9871               	bcf	113,4,c	;volatile
  9840                           
  9841                           ;mcc_generated_files/uart/src/eusart2.c: 409:     RCSTA2bits.CREN = 1;
  9842   001728  8871               	bsf	113,4,c	;volatile
  9843   00172A  0012               	return		;funcret
  9844   00172C                     __end_ofi2_EUSART2_DefaultOverrunErrorCallback:
  9845                           	callstack 0
  9846                           
  9847 ;; *************** function i2_EUSART1_DefaultFramingErrorCallback *****************
  9848 ;; Defined at:
  9849 ;;		line 263 in file "mcc_generated_files/uart/src/eusart1.c"
  9850 ;; Parameters:    Size  Location     Type
  9851 ;;		None
  9852 ;; Auto vars:     Size  Location     Type
  9853 ;;		None
  9854 ;; Return value:  Size  Location     Type
  9855 ;;                  1    wreg      void 
  9856 ;; Registers used:
  9857 ;;		None
  9858 ;; Tracked objects:
  9859 ;;		On entry : 0/0
  9860 ;;		On exit  : 0/0
  9861 ;;		Unchanged: 0/0
  9862 ;; Data sizes:     COMRAM   BANK0   BANK1   BANK2   BANK3   BANK4   BANK5
  9863 ;;      Params:         0       0       0       0       0       0       0
  9864 ;;      Locals:         0       0       0       0       0       0       0
  9865 ;;      Temps:          0       0       0       0       0       0       0
  9866 ;;      Totals:         0       0       0       0       0       0       0
  9867 ;;Total ram usage:        0 bytes
  9868 ;; Hardware stack levels used: 1
  9869 ;; This function calls:
  9870 ;;		Nothing
  9871 ;; This function is called by:
  9872 ;;		_EUSART2_ReceiveISR
  9873 ;;		_EUSART1_Read
  9874 ;; This function uses a non-reentrant model
  9875 ;;
  9876                           
  9877                           	psect	text50
  9878   00172C                     __ptext50:
  9879                           	callstack 0
  9880   00172C                     i2_EUSART1_DefaultFramingErrorCallback:
  9881                           	callstack 19
  9882   00172C  0012               	return		;funcret
  9883   00172E                     __end_ofi2_EUSART1_DefaultFramingErrorCallback:
  9884                           	callstack 0
  9885                           
  9886 ;; *************** function i2_EUSART2_DefaultFramingErrorCallback *****************
  9887 ;; Defined at:
  9888 ;;		line 400 in file "mcc_generated_files/uart/src/eusart2.c"
  9889 ;; Parameters:    Size  Location     Type
  9890 ;;		None
  9891 ;; Auto vars:     Size  Location     Type
  9892 ;;		None
  9893 ;; Return value:  Size  Location     Type
  9894 ;;                  1    wreg      void 
  9895 ;; Registers used:
  9896 ;;		None
  9897 ;; Tracked objects:
  9898 ;;		On entry : 0/0
  9899 ;;		On exit  : 0/0
  9900 ;;		Unchanged: 0/0
  9901 ;; Data sizes:     COMRAM   BANK0   BANK1   BANK2   BANK3   BANK4   BANK5
  9902 ;;      Params:         0       0       0       0       0       0       0
  9903 ;;      Locals:         0       0       0       0       0       0       0
  9904 ;;      Temps:          0       0       0       0       0       0       0
  9905 ;;      Totals:         0       0       0       0       0       0       0
  9906 ;;Total ram usage:        0 bytes
  9907 ;; Hardware stack levels used: 1
  9908 ;; This function calls:
  9909 ;;		Nothing
  9910 ;; This function is called by:
  9911 ;;		_EUSART2_ReceiveISR
  9912 ;;		_EUSART1_Read
  9913 ;; This function uses a non-reentrant model
  9914 ;;
  9915                           
  9916                           	psect	text51
  9917   00172E                     __ptext51:
  9918                           	callstack 0
  9919   00172E                     i2_EUSART2_DefaultFramingErrorCallback:
  9920                           	callstack 19
  9921   00172E  0012               	return		;funcret
  9922   001730                     __end_ofi2_EUSART2_DefaultFramingErrorCallback:
  9923                           	callstack 0
  9924                           
  9925 ;; *************** function _myEUSART2ISR *****************
  9926 ;; Defined at:
  9927 ;;		line 338 in file "main.c"
  9928 ;; Parameters:    Size  Location     Type
  9929 ;;		None
  9930 ;; Auto vars:     Size  Location     Type
  9931 ;;		None
  9932 ;; Return value:  Size  Location     Type
  9933 ;;                  1    wreg      void 
  9934 ;; Registers used:
  9935 ;;		wreg, fsr2l, fsr2h, status,2, status,0
  9936 ;; Tracked objects:
  9937 ;;		On entry : 0/0
  9938 ;;		On exit  : 0/0
  9939 ;;		Unchanged: 0/0
  9940 ;; Data sizes:     COMRAM   BANK0   BANK1   BANK2   BANK3   BANK4   BANK5
  9941 ;;      Params:         0       0       0       0       0       0       0
  9942 ;;      Locals:         0       0       0       0       0       0       0
  9943 ;;      Temps:          0       0       0       0       0       0       0
  9944 ;;      Totals:         0       0       0       0       0       0       0
  9945 ;;Total ram usage:        0 bytes
  9946 ;; Hardware stack levels used: 1
  9947 ;; This function calls:
  9948 ;;		Nothing
  9949 ;; This function is called by:
  9950 ;;		_main
  9951 ;;		_EUSART2_ReceiveISR
  9952 ;; This function uses a non-reentrant model
  9953 ;;
  9954                           
  9955                           	psect	text52
  9956   001064                     __ptext52:
  9957                           	callstack 0
  9958   001064                     _myEUSART2ISR:
  9959                           	callstack 19
  9960   001064  504D               	movf	myEUSART2ISR@rxState^0,w,c
  9961   001066  A4D8               	btfss	status,2,c
  9962   001068  EF38  F008         	goto	i2u204_41
  9963   00106C  EF3A  F008         	goto	i2u204_40
  9964   001070                     i2u204_41:
  9965   001070  EF45  F008         	goto	i2l3430
  9966   001074                     i2u204_40:
  9967   001074  CF74 F132          	movff	3956,_IRrecieveBuffer	;volatile
  9968   001078  0E01               	movlw	1
  9969   00107A  6E4D               	movwf	myEUSART2ISR@rxState^0,c
  9970   00107C  0100               	movlb	0	; () banked
  9971   00107E  4B82               	infsnz	myEUSART2ISR@rxBufIDX& (0+255),f,b
  9972   001080  2B83               	incf	(myEUSART2ISR@rxBufIDX+1)& (0+255),f,b
  9973   001082                     
  9974                           ; BSR set to: 0
  9975   001082  0E01               	movlw	1
  9976   001084  6E4E               	movwf	_receiveBusy^0,c
  9977   001086  EF80  F008         	goto	i2l869
  9978   00108A                     i2l3430:
  9979   00108A  044D               	decf	myEUSART2ISR@rxState^0,w,c
  9980   00108C  A4D8               	btfss	status,2,c
  9981   00108E  EF4B  F008         	goto	i2u205_41
  9982   001092  EF4D  F008         	goto	i2u205_40
  9983   001096                     i2u205_41:
  9984   001096  EF6A  F008         	goto	i2l3438
  9985   00109A                     i2u205_40:
  9986   00109A  0E32               	movlw	low _IRrecieveBuffer
  9987   00109C  0100               	movlb	0	; () banked
  9988   00109E  2582               	addwf	myEUSART2ISR@rxBufIDX& (0+255),w,b
  9989   0010A0  6ED9               	movwf	fsr2l,c
  9990   0010A2  0E01               	movlw	high _IRrecieveBuffer
  9991   0010A4  2183               	addwfc	(myEUSART2ISR@rxBufIDX+1)& (0+255),w,b
  9992   0010A6  6EDA               	movwf	fsr2h,c
  9993   0010A8  CF74 FFDF          	movff	3956,indf2	;volatile
  9994   0010AC  0E32               	movlw	low _IRrecieveBuffer
  9995   0010AE  2582               	addwf	myEUSART2ISR@rxBufIDX& (0+255),w,b
  9996   0010B0  6ED9               	movwf	fsr2l,c
  9997   0010B2  0E01               	movlw	high _IRrecieveBuffer
  9998   0010B4  2183               	addwfc	(myEUSART2ISR@rxBufIDX+1)& (0+255),w,b
  9999   0010B6  6EDA               	movwf	fsr2h,c
 10000   0010B8  50DF               	movf	indf2,w,c
 10001   0010BA  A4D8               	btfss	status,2,c
 10002   0010BC  EF62  F008         	goto	i2u206_41
 10003   0010C0  EF64  F008         	goto	i2u206_40
 10004   0010C4                     i2u206_41:
 10005   0010C4  EF66  F008         	goto	i2l3436
 10006   0010C8                     i2u206_40:
 10007   0010C8                     
 10008                           ; BSR set to: 0
 10009   0010C8  0E02               	movlw	2
 10010   0010CA  6E4D               	movwf	myEUSART2ISR@rxState^0,c
 10011   0010CC                     i2l3436:
 10012                           
 10013                           ; BSR set to: 0
 10014   0010CC  4B82               	infsnz	myEUSART2ISR@rxBufIDX& (0+255),f,b
 10015   0010CE  2B83               	incf	(myEUSART2ISR@rxBufIDX+1)& (0+255),f,b
 10016   0010D0  EF80  F008         	goto	i2l869
 10017   0010D4                     i2l3438:
 10018   0010D4  0E02               	movlw	2
 10019   0010D6  184D               	xorwf	myEUSART2ISR@rxState^0,w,c
 10020   0010D8  A4D8               	btfss	status,2,c
 10021   0010DA  EF71  F008         	goto	i2u207_41
 10022   0010DE  EF73  F008         	goto	i2u207_40
 10023   0010E2                     i2u207_41:
 10024   0010E2  EF80  F008         	goto	i2l869
 10025   0010E6                     i2u207_40:
 10026   0010E6  0E32               	movlw	low _IRrecieveBuffer
 10027   0010E8  0100               	movlb	0	; () banked
 10028   0010EA  2582               	addwf	myEUSART2ISR@rxBufIDX& (0+255),w,b
 10029   0010EC  6ED9               	movwf	fsr2l,c
 10030   0010EE  0E01               	movlw	high _IRrecieveBuffer
 10031   0010F0  2183               	addwfc	(myEUSART2ISR@rxBufIDX+1)& (0+255),w,b
 10032   0010F2  6EDA               	movwf	fsr2h,c
 10033   0010F4  CF74 FFDF          	movff	3956,indf2	;volatile
 10034   0010F8                     
 10035                           ; BSR set to: 0
 10036   0010F8  6A4D               	clrf	myEUSART2ISR@rxState^0,c
 10037   0010FA                     
 10038                           ; BSR set to: 0
 10039   0010FA  6A4E               	clrf	_receiveBusy^0,c
 10040   0010FC                     
 10041                           ; BSR set to: 0
 10042   0010FC  0E01               	movlw	1
 10043   0010FE  6F9E               	movwf	_receiveNewMessage& (0+255),b
 10044   001100                     i2l869:
 10045   001100  0012               	return		;funcret
 10046   001102                     __end_of_myEUSART2ISR:
 10047                           	callstack 0
 10048                           
 10049                           	psect	rparam
 10050   000001                     ___rparam_used  equ	1
 10051   000000                     ___param_bank   equ	0
 10052   000000                     __Lparam        equ	__Lrparam
 10053   000000                     __Hparam        equ	__Hrparam
 10054   000001                     btemp           set	1	;btemp
 10055   000001                     int$flags       set	1
 10056   000001                     btemp0          set	1
 10057   000002                     btemp1          set	2
 10058                           
 10059                           	psect	config
 10060                           
 10061                           ; Padding undefined space
 10062   300000                     	org	3145728
 10063   300000  FF                 	db	255
 10064                           
 10065                           ;Config register CONFIG1H @ 0x300001
 10066                           ;	Oscillator Selection bits
 10067                           ;	FOSC = INTIO67, Internal oscillator block
 10068                           ;	4X PLL Enable
 10069                           ;	PLLCFG = OFF, Oscillator used directly
 10070                           ;	Primary clock enable bit
 10071                           ;	PRICLKEN = ON, Primary clock enabled
 10072                           ;	Fail-Safe Clock Monitor Enable bit
 10073                           ;	FCMEN = OFF, Fail-Safe Clock Monitor disabled
 10074                           ;	Internal/External Oscillator Switchover bit
 10075                           ;	IESO = OFF, Oscillator Switchover mode disabled
 10076   300001                     	org	3145729
 10077   300001  28                 	db	40
 10078                           
 10079                           ;Config register CONFIG2L @ 0x300002
 10080                           ;	Power-up Timer Enable bit
 10081                           ;	PWRTEN = OFF, Power up timer disabled
 10082                           ;	Brown-out Reset Enable bits
 10083                           ;	BOREN = SBORDIS, Brown-out Reset enabled in hardware only (SBOREN is disabled)
 10084                           ;	Brown Out Reset Voltage bits
 10085                           ;	BORV = 190, VBOR set to 1.90 V nominal
 10086   300002                     	org	3145730
 10087   300002  1F                 	db	31
 10088                           
 10089                           ;Config register CONFIG2H @ 0x300003
 10090                           ;	Watchdog Timer Enable bits
 10091                           ;	WDTEN = OFF, Watch dog timer is always disabled. SWDTEN has no effect.
 10092                           ;	Watchdog Timer Postscale Select bits
 10093                           ;	WDTPS = 32768, 1:32768
 10094   300003                     	org	3145731
 10095   300003  3C                 	db	60
 10096                           
 10097                           ; Padding undefined space
 10098   300004                     	org	3145732
 10099   300004  FF                 	db	255
 10100                           
 10101                           ;Config register CONFIG3H @ 0x300005
 10102                           ;	CCP2 MUX bit
 10103                           ;	CCP2MX = PORTC1, CCP2 input/output is multiplexed with RC1
 10104                           ;	PORTB A/D Enable bit
 10105                           ;	PBADEN = ON, PORTB<5:0> pins are configured as analog input channels on Reset
 10106                           ;	P3A/CCP3 Mux bit
 10107                           ;	CCP3MX = PORTB5, P3A/CCP3 input/output is multiplexed with RB5
 10108                           ;	HFINTOSC Fast Start-up
 10109                           ;	HFOFST = ON, HFINTOSC output and ready status are not delayed by the oscillator stable
      +                           status
 10110                           ;	Timer3 Clock input mux bit
 10111                           ;	T3CMX = PORTC0, T3CKI is on RC0
 10112                           ;	ECCP2 B output mux bit
 10113                           ;	P2BMX = PORTB5, P2B is on RB5
 10114                           ;	MCLR Pin Enable bit
 10115                           ;	MCLRE = EXTMCLR, MCLR pin enabled, RE3 input pin disabled
 10116   300005                     	org	3145733
 10117   300005  BF                 	db	191
 10118                           
 10119                           ;Config register CONFIG4L @ 0x300006
 10120                           ;	Stack Full/Underflow Reset Enable bit
 10121                           ;	STVREN = ON, Stack full/underflow will cause Reset
 10122                           ;	Single-Supply ICSP Enable bit
 10123                           ;	LVP = ON, Single-Supply ICSP enabled if MCLRE is also 1
 10124                           ;	Extended Instruction Set Enable bit
 10125                           ;	XINST = OFF, Instruction set extension and Indexed Addressing mode disabled (Legacy mo
      +                          de)
 10126                           ;	Background Debug
 10127                           ;	DEBUG = 0x1, unprogrammed default
 10128   300006                     	org	3145734
 10129   300006  85                 	db	133
 10130                           
 10131                           ; Padding undefined space
 10132   300007                     	org	3145735
 10133   300007  FF                 	db	255
 10134                           
 10135                           ;Config register CONFIG5L @ 0x300008
 10136                           ;	Code Protection Block 0
 10137                           ;	CP0 = OFF, Block 0 (000800-001FFFh) not code-protected
 10138                           ;	Code Protection Block 1
 10139                           ;	CP1 = OFF, Block 1 (002000-003FFFh) not code-protected
 10140                           ;	Code Protection Block 2
 10141                           ;	CP2 = OFF, Block 2 (004000-005FFFh) not code-protected
 10142                           ;	Code Protection Block 3
 10143                           ;	CP3 = OFF, Block 3 (006000-007FFFh) not code-protected
 10144   300008                     	org	3145736
 10145   300008  0F                 	db	15
 10146                           
 10147                           ;Config register CONFIG5H @ 0x300009
 10148                           ;	Boot Block Code Protection bit
 10149                           ;	CPB = OFF, Boot block (000000-0007FFh) not code-protected
 10150                           ;	Data EEPROM Code Protection bit
 10151                           ;	CPD = OFF, Data EEPROM not code-protected
 10152   300009                     	org	3145737
 10153   300009  C0                 	db	192
 10154                           
 10155                           ;Config register CONFIG6L @ 0x30000A
 10156                           ;	Write Protection Block 0
 10157                           ;	WRT0 = OFF, Block 0 (000800-001FFFh) not write-protected
 10158                           ;	Write Protection Block 1
 10159                           ;	WRT1 = OFF, Block 1 (002000-003FFFh) not write-protected
 10160                           ;	Write Protection Block 2
 10161                           ;	WRT2 = OFF, Block 2 (004000-005FFFh) not write-protected
 10162                           ;	Write Protection Block 3
 10163                           ;	WRT3 = OFF, Block 3 (006000-007FFFh) not write-protected
 10164   30000A                     	org	3145738
 10165   30000A  0F                 	db	15
 10166                           
 10167                           ;Config register CONFIG6H @ 0x30000B
 10168                           ;	Configuration Register Write Protection bit
 10169                           ;	WRTC = OFF, Configuration registers (300000-3000FFh) not write-protected
 10170                           ;	Boot Block Write Protection bit
 10171                           ;	WRTB = OFF, Boot Block (000000-0007FFh) not write-protected
 10172                           ;	Data EEPROM Write Protection bit
 10173                           ;	WRTD = OFF, Data EEPROM not write-protected
 10174   30000B                     	org	3145739
 10175   30000B  E0                 	db	224
 10176                           
 10177                           ;Config register CONFIG7L @ 0x30000C
 10178                           ;	Table Read Protection Block 0
 10179                           ;	EBTR0 = OFF, Block 0 (000800-001FFFh) not protected from table reads executed in other
      +                           blocks
 10180                           ;	Table Read Protection Block 1
 10181                           ;	EBTR1 = OFF, Block 1 (002000-003FFFh) not protected from table reads executed in other
      +                           blocks
 10182                           ;	Table Read Protection Block 2
 10183                           ;	EBTR2 = OFF, Block 2 (004000-005FFFh) not protected from table reads executed in other
      +                           blocks
 10184                           ;	Table Read Protection Block 3
 10185                           ;	EBTR3 = OFF, Block 3 (006000-007FFFh) not protected from table reads executed in other
      +                           blocks
 10186   30000C                     	org	3145740
 10187   30000C  0F                 	db	15
 10188                           
 10189                           ;Config register CONFIG7H @ 0x30000D
 10190                           ;	Boot Block Table Read Protection bit
 10191                           ;	EBTRB = OFF, Boot Block (000000-0007FFh) not protected from table reads executed in ot
      +                          her blocks
 10192   30000D                     	org	3145741
 10193   30000D  40                 	db	64
 10194                           tosu	equ	0xFFF
 10195                           tosh	equ	0xFFE
 10196                           tosl	equ	0xFFD
 10197                           stkptr	equ	0xFFC
 10198                           pclatu	equ	0xFFB
 10199                           pclath	equ	0xFFA
 10200                           pcl	equ	0xFF9
 10201                           tblptru	equ	0xFF8
 10202                           tblptrh	equ	0xFF7
 10203                           tblptrl	equ	0xFF6
 10204                           tablat	equ	0xFF5
 10205                           prodh	equ	0xFF4
 10206                           prodl	equ	0xFF3
 10207                           indf0	equ	0xFEF
 10208                           postinc0	equ	0xFEE
 10209                           postdec0	equ	0xFED
 10210                           preinc0	equ	0xFEC
 10211                           plusw0	equ	0xFEB
 10212                           fsr0h	equ	0xFEA
 10213                           fsr0l	equ	0xFE9
 10214                           wreg	equ	0xFE8
 10215                           indf1	equ	0xFE7
 10216                           postinc1	equ	0xFE6
 10217                           postdec1	equ	0xFE5
 10218                           preinc1	equ	0xFE4
 10219                           plusw1	equ	0xFE3
 10220                           fsr1h	equ	0xFE2
 10221                           fsr1l	equ	0xFE1
 10222                           bsr	equ	0xFE0
 10223                           indf2	equ	0xFDF
 10224                           postinc2	equ	0xFDE
 10225                           postdec2	equ	0xFDD
 10226                           preinc2	equ	0xFDC
 10227                           plusw2	equ	0xFDB
 10228                           fsr2h	equ	0xFDA
 10229                           fsr2l	equ	0xFD9
 10230                           status	equ	0xFD8

Data Sizes:
    Strings     936
    Constant    96
    Data        13
    BSS         208
    Persistent  6
    Stack       0

Auto Spaces:
    Space          Size  Autos    Used
    COMRAM           94     70      84
    BANK0           160     10     123
    BANK1           256      0     100
    BANK2           256      0       0
    BANK3           256      0       0
    BANK4           256      0       0
    BANK5           256      0       0

Pointer List with Targets:

    ctoa@fp	PTR struct _IO_FILE size(2) Largest target is 0
		 -> NULL(NULL[0]), 

    dtoa@fp	PTR struct _IO_FILE size(2) Largest target is 0
		 -> NULL(NULL[0]), 

    EUSART1_FramingErrorCallbackRegister@callbackHandler	PTR FTN()void  size(2) Largest target is 1
		 -> EUSART1_DefaultFramingErrorCallback(), EUSART2_DefaultFramingErrorCallback(), 

    EUSART1_FramingErrorHandler	PTR FTN()void  size(2) Largest target is 1
		 -> EUSART1_DefaultFramingErrorCallback(), EUSART2_DefaultFramingErrorCallback(), i2_EUSART1_DefaultFramingErrorCallback(), i2_EUSART2_DefaultFramingErrorCallback(), 
		 -> NULL(), 

    EUSART1_OverrunErrorCallbackRegister@callbackHandler	PTR FTN()void  size(2) Largest target is 1
		 -> EUSART1_DefaultOverrunErrorCallback(), EUSART2_DefaultOverrunErrorCallback(), 

    EUSART1_OverrunErrorHandler	PTR FTN()void  size(2) Largest target is 1
		 -> EUSART1_DefaultOverrunErrorCallback(), EUSART2_DefaultOverrunErrorCallback(), i2_EUSART1_DefaultOverrunErrorCallback(), i2_EUSART2_DefaultOverrunErrorCallback(), 
		 -> NULL(), 

    EUSART2_FramingErrorCallbackRegister@callbackHandler	PTR FTN()void  size(2) Largest target is 1
		 -> EUSART1_DefaultFramingErrorCallback(), EUSART2_DefaultFramingErrorCallback(), 

    EUSART2_FramingErrorHandler	PTR FTN()void  size(2) Largest target is 1
		 -> EUSART1_DefaultFramingErrorCallback(), EUSART2_DefaultFramingErrorCallback(), i2_EUSART1_DefaultFramingErrorCallback(), i2_EUSART2_DefaultFramingErrorCallback(), 
		 -> NULL(), 

    EUSART2_OverrunErrorCallbackRegister@callbackHandler	PTR FTN()void  size(2) Largest target is 1
		 -> EUSART1_DefaultOverrunErrorCallback(), EUSART2_DefaultOverrunErrorCallback(), 

    EUSART2_OverrunErrorHandler	PTR FTN()void  size(2) Largest target is 1
		 -> EUSART1_DefaultOverrunErrorCallback(), EUSART2_DefaultOverrunErrorCallback(), i2_EUSART1_DefaultOverrunErrorCallback(), i2_EUSART2_DefaultOverrunErrorCallback(), 
		 -> NULL(), 

    EUSART2_RxCompleteCallbackRegister@callbackHandler	PTR FTN()void  size(2) Largest target is 1
		 -> myEUSART2ISR(), 

    EUSART2_RxCompleteInterruptHandler	PTR FTN()void  size(2) Largest target is 1
		 -> myEUSART2ISR(), NULL(), 

    EUSART2_RxInterruptHandler	PTR FTN()void  size(2) Largest target is 1
		 -> EUSART2_ReceiveISR(), NULL(), 

    EUSART2_TxCompleteInterruptHandler	PTR FTN()void  size(2) Largest target is 1
		 -> NULL(), 

    EUSART2_TxInterruptHandler	PTR FTN()void  size(2) Largest target is 1
		 -> EUSART2_TransmitISR(), NULL(), 

    fputc@fp	PTR struct _IO_FILE size(2) Largest target is 0
		 -> NULL(NULL[0]), 

    fputc@fp$.$buffer	PTR unsigned char  size(2) Largest target is 0

    fputc@fp$.$source	PTR const unsigned char  size(2) Largest target is 0

    fputs@fp	PTR struct _IO_FILE size(2) Largest target is 0
		 -> NULL(NULL[0]), 

    fputs@s	PTR const unsigned char  size(1) Largest target is 32
		 -> dbuf(BANK0[32]), 

    INT0_InterruptHandler	PTR FTN()void  size(2) Largest target is 1
		 -> INT0_DefaultInterruptHandler(), NULL(), 

    INT0_SetInterruptHandler@InterruptHandler	PTR FTN()void  size(2) Largest target is 1
		 -> INT0_DefaultInterruptHandler(), 

    INT1_InterruptHandler	PTR FTN()void  size(2) Largest target is 1
		 -> INT1_DefaultInterruptHandler(), NULL(), 

    INT1_SetInterruptHandler@InterruptHandler	PTR FTN()void  size(2) Largest target is 1
		 -> INT1_DefaultInterruptHandler(), 

    INT2_InterruptHandler	PTR FTN()void  size(2) Largest target is 1
		 -> INT2_DefaultInterruptHandler(), NULL(), 

    INT2_SetInterruptHandler@InterruptHandler	PTR FTN()void  size(2) Largest target is 1
		 -> INT2_DefaultInterruptHandler(), 

    pad@buf	PTR unsigned char  size(1) Largest target is 32
		 -> dbuf(BANK0[32]), 

    pad@fp	PTR struct _IO_FILE size(2) Largest target is 0
		 -> NULL(NULL[0]), 

    printf@ap	PTR void [1] size(1) Largest target is 2
		 -> ?_printf(BANK0[2]), 

    printf@fmt	PTR const unsigned char  size(2) Largest target is 91
		 -> STR_1(CODE[10]), STR_10(CODE[12]), STR_11(CODE[12]), STR_12(CODE[12]), 
		 -> STR_13(CODE[13]), STR_14(CODE[12]), STR_15(CODE[52]), STR_16(CODE[15]), 
		 -> STR_17(CODE[7]), STR_18(CODE[21]), STR_19(CODE[24]), STR_2(CODE[34]), 
		 -> STR_20(CODE[46]), STR_21(CODE[91]), STR_22(CODE[34]), STR_23(CODE[37]), 
		 -> STR_24(CODE[19]), STR_25(CODE[52]), STR_26(CODE[8]), STR_27(CODE[2]), 
		 -> STR_28(CODE[2]), STR_29(CODE[43]), STR_3(CODE[22]), STR_30(CODE[14]), 
		 -> STR_31(CODE[15]), STR_32(CODE[15]), STR_33(CODE[15]), STR_34(CODE[15]), 
		 -> STR_35(CODE[16]), STR_36(CODE[31]), STR_37(CODE[13]), STR_38(CODE[21]), 
		 -> STR_39(CODE[31]), STR_4(CODE[70]), STR_40(CODE[32]), STR_41(CODE[21]), 
		 -> STR_42(CODE[17]), STR_43(CODE[21]), STR_44(CODE[3]), STR_45(CODE[15]), 
		 -> STR_46(CODE[10]), STR_47(CODE[3]), STR_48(CODE[13]), STR_5(CODE[42]), 
		 -> STR_6(CODE[5]), STR_7(CODE[52]), STR_8(CODE[11]), STR_9(CODE[12]), 

    read_prec_or_width@ap	PTR PTR void [1] size(1) Largest target is 1
		 -> printf@ap(COMRAM[1]), 

    read_prec_or_width@fmt	PTR PTR const unsigned char  size(1) Largest target is 2
		 -> vfprintf@cfmt(COMRAM[2]), 

    S2843$buffer	PTR unsigned char  size(2) Largest target is 0

    S2843$source	PTR const unsigned char  size(2) Largest target is 0

    S973$17$0	PTR FTN()void  size(2) Largest target is 0

    S973$18$0	PTR FTN()void  size(2) Largest target is 1
		 -> myEUSART2ISR(), 

    S973$20$0	PTR FTN()void  size(2) Largest target is 1
		 -> EUSART1_DefaultFramingErrorCallback(), EUSART2_DefaultFramingErrorCallback(), 

    S973$21$0	PTR FTN()void  size(2) Largest target is 1
		 -> EUSART1_DefaultOverrunErrorCallback(), EUSART2_DefaultOverrunErrorCallback(), 

    S973$AutoBaudEventEnableGet	PTR FTN()_Bool  size(2) Largest target is 1
		 -> NULL(), 

    S973$AutoBaudQuery	PTR FTN()_Bool  size(2) Largest target is 1
		 -> EUSART1_AutoBaudQuery(), EUSART2_AutoBaudQuery(), 

    S973$AutoBaudSet	PTR FTN(_Bool ,)void  size(2) Largest target is 1
		 -> EUSART1_AutoBaudSet(), EUSART2_AutoBaudSet(), 

    S973$BaudRateGet	PTR FTN()unsigned long  size(2) Largest target is 1
		 -> NULL(), 

    S973$BaudRateSet	PTR FTN(unsigned long ,)void  size(2) Largest target is 1
		 -> NULL(), 

    S973$BRGCountGet	PTR FTN()unsigned long  size(2) Largest target is 1
		 -> NULL(), 

    S973$BRGCountSet	PTR FTN(unsigned long ,)void  size(2) Largest target is 1
		 -> NULL(), 

    S973$Deinitialize	PTR FTN()void  size(2) Largest target is 1
		 -> EUSART1_Deinitialize(), EUSART2_Deinitialize(), 

    S973$ErrorGet	PTR FTN()unsigned int  size(2) Largest target is 2
		 -> EUSART1_ErrorGet(), EUSART2_ErrorGet(), 

    S973$EventCallbackRegister	PTR FTN(PTR FTN()void ,)void  size(2) Largest target is 1
		 -> NULL(), 

    S973$FramingErrorCallbackRegister	PTR FTN(PTR FTN()void ,)void  size(2) Largest target is 1
		 -> EUSART1_FramingErrorCallbackRegister(), EUSART2_FramingErrorCallbackRegister(), 

    S973$Initialize	PTR FTN()void  size(2) Largest target is 1
		 -> EUSART1_Initialize(), EUSART2_Initialize(), 

    S973$IsRxReady	PTR FTN()_Bool  size(2) Largest target is 1
		 -> EUSART1_IsRxReady(), EUSART2_IsRxReady(), 

    S973$IsTxDone	PTR FTN()_Bool  size(2) Largest target is 1
		 -> EUSART1_IsTxDone(), EUSART2_IsTxDone(), 

    S973$IsTxReady	PTR FTN()_Bool  size(2) Largest target is 1
		 -> EUSART1_IsTxReady(), EUSART2_IsTxReady(), 

    S973$OverrunErrorCallbackRegister	PTR FTN(PTR FTN()void ,)void  size(2) Largest target is 1
		 -> EUSART1_OverrunErrorCallbackRegister(), EUSART2_OverrunErrorCallbackRegister(), 

    S973$ParityErrorCallbackRegister	PTR FTN(PTR FTN()void ,)void  size(2) Largest target is 1
		 -> NULL(), 

    S973$Read	PTR FTN()unsigned char  size(2) Largest target is 1
		 -> EUSART1_Read(), EUSART2_Read(), 

    S973$RxCompleteCallbackRegister	PTR FTN(PTR FTN()void ,)void  size(2) Largest target is 1
		 -> EUSART2_RxCompleteCallbackRegister(), NULL(), 

    S973$TransmitDisable	PTR FTN()void  size(2) Largest target is 1
		 -> EUSART1_TransmitDisable(), EUSART2_TransmitDisable(), 

    S973$TransmitEnable	PTR FTN()void  size(2) Largest target is 1
		 -> EUSART1_TransmitEnable(), EUSART2_TransmitEnable(), 

    S973$TxCollisionCallbackRegister	PTR FTN(PTR FTN()void ,)void  size(2) Largest target is 1
		 -> NULL(), 

    S973$TxCompleteCallbackRegister	PTR FTN(PTR FTN()void ,)void  size(2) Largest target is 1
		 -> EUSART2_TxCompleteCallbackRegister(), NULL(), 

    S973$Write	PTR FTN(unsigned char ,)void  size(2) Largest target is 1
		 -> EUSART1_Write(), EUSART2_Write(), 

    TMR1_GateCallback	PTR FTN()void  size(2) Largest target is 1
		 -> TMR1_DefaultGateCallback(), NULL(), 

    TMR1_OverflowCallback	PTR FTN()void  size(2) Largest target is 1
		 -> TMR1_DefaultOverflowCallback(), NULL(), 

    TMR2_PeriodMatchCallback	PTR FTN()void  size(2) Largest target is 1
		 -> TMR2_DefaultPeriodMatchCallback(), NULL(), 

    UART1$AutoBaudEventEnableGet	PTR FTN()_Bool  size(2) Largest target is 1
		 -> NULL(), 

    UART1$AutoBaudQuery	PTR FTN()_Bool  size(2) Largest target is 1
		 -> EUSART1_AutoBaudQuery(), EUSART2_AutoBaudQuery(), 

    UART1$AutoBaudSet	PTR FTN(_Bool ,)void  size(2) Largest target is 1
		 -> EUSART1_AutoBaudSet(), EUSART2_AutoBaudSet(), 

    UART1$BaudRateGet	PTR FTN()unsigned long  size(2) Largest target is 1
		 -> NULL(), 

    UART1$BaudRateSet	PTR FTN(unsigned long ,)void  size(2) Largest target is 1
		 -> NULL(), 

    UART1$BRGCountGet	PTR FTN()unsigned long  size(2) Largest target is 1
		 -> NULL(), 

    UART1$BRGCountSet	PTR FTN(unsigned long ,)void  size(2) Largest target is 1
		 -> NULL(), 

    UART1$Deinitialize	PTR FTN()void  size(2) Largest target is 1
		 -> EUSART1_Deinitialize(), EUSART2_Deinitialize(), 

    UART1$ErrorGet	PTR FTN()unsigned int  size(2) Largest target is 2
		 -> EUSART1_ErrorGet(), EUSART2_ErrorGet(), 

    UART1$EventCallbackRegister	PTR FTN(PTR FTN()void ,)void  size(2) Largest target is 1
		 -> NULL(), 

    UART1$FramingErrorCallbackRegister	PTR FTN(PTR FTN()void ,)void  size(2) Largest target is 1
		 -> EUSART1_FramingErrorCallbackRegister(), EUSART2_FramingErrorCallbackRegister(), 

    UART1$Initialize	PTR FTN()void  size(2) Largest target is 1
		 -> EUSART1_Initialize(), EUSART2_Initialize(), 

    UART1$IsRxReady	PTR FTN()_Bool  size(2) Largest target is 1
		 -> EUSART1_IsRxReady(), EUSART2_IsRxReady(), 

    UART1$IsTxDone	PTR FTN()_Bool  size(2) Largest target is 1
		 -> EUSART1_IsTxDone(), EUSART2_IsTxDone(), 

    UART1$IsTxReady	PTR FTN()_Bool  size(2) Largest target is 1
		 -> EUSART1_IsTxReady(), EUSART2_IsTxReady(), 

    UART1$OverrunErrorCallbackRegister	PTR FTN(PTR FTN()void ,)void  size(2) Largest target is 1
		 -> EUSART1_OverrunErrorCallbackRegister(), EUSART2_OverrunErrorCallbackRegister(), 

    UART1$ParityErrorCallbackRegister	PTR FTN(PTR FTN()void ,)void  size(2) Largest target is 1
		 -> NULL(), 

    UART1$Read	PTR FTN()unsigned char  size(2) Largest target is 1
		 -> EUSART1_Read(), EUSART2_Read(), 

    UART1$RxCompleteCallbackRegister	PTR FTN(PTR FTN()void ,)void  size(2) Largest target is 1
		 -> EUSART2_RxCompleteCallbackRegister(), NULL(), 

    UART1$TransmitDisable	PTR FTN()void  size(2) Largest target is 1
		 -> EUSART1_TransmitDisable(), EUSART2_TransmitDisable(), 

    UART1$TransmitEnable	PTR FTN()void  size(2) Largest target is 1
		 -> EUSART1_TransmitEnable(), EUSART2_TransmitEnable(), 

    UART1$TxCollisionCallbackRegister	PTR FTN(PTR FTN()void ,)void  size(2) Largest target is 1
		 -> NULL(), 

    UART1$TxCompleteCallbackRegister	PTR FTN(PTR FTN()void ,)void  size(2) Largest target is 1
		 -> EUSART2_TxCompleteCallbackRegister(), NULL(), 

    UART1$Write	PTR FTN(unsigned char ,)void  size(2) Largest target is 1
		 -> EUSART1_Write(), EUSART2_Write(), 

    UART2$AutoBaudEventEnableGet	PTR FTN()_Bool  size(2) Largest target is 1
		 -> NULL(), 

    UART2$AutoBaudQuery	PTR FTN()_Bool  size(2) Largest target is 1
		 -> EUSART1_AutoBaudQuery(), EUSART2_AutoBaudQuery(), 

    UART2$AutoBaudSet	PTR FTN(_Bool ,)void  size(2) Largest target is 1
		 -> EUSART1_AutoBaudSet(), EUSART2_AutoBaudSet(), 

    UART2$BaudRateGet	PTR FTN()unsigned long  size(2) Largest target is 1
		 -> NULL(), 

    UART2$BaudRateSet	PTR FTN(unsigned long ,)void  size(2) Largest target is 1
		 -> NULL(), 

    UART2$BRGCountGet	PTR FTN()unsigned long  size(2) Largest target is 1
		 -> NULL(), 

    UART2$BRGCountSet	PTR FTN(unsigned long ,)void  size(2) Largest target is 1
		 -> NULL(), 

    UART2$Deinitialize	PTR FTN()void  size(2) Largest target is 1
		 -> EUSART1_Deinitialize(), EUSART2_Deinitialize(), 

    UART2$ErrorGet	PTR FTN()unsigned int  size(2) Largest target is 2
		 -> EUSART1_ErrorGet(), EUSART2_ErrorGet(), 

    UART2$EventCallbackRegister	PTR FTN(PTR FTN()void ,)void  size(2) Largest target is 1
		 -> NULL(), 

    UART2$FramingErrorCallbackRegister	PTR FTN(PTR FTN()void ,)void  size(2) Largest target is 1
		 -> EUSART1_FramingErrorCallbackRegister(), EUSART2_FramingErrorCallbackRegister(), 

    UART2$Initialize	PTR FTN()void  size(2) Largest target is 1
		 -> EUSART1_Initialize(), EUSART2_Initialize(), 

    UART2$IsRxReady	PTR FTN()_Bool  size(2) Largest target is 1
		 -> EUSART1_IsRxReady(), EUSART2_IsRxReady(), 

    UART2$IsTxDone	PTR FTN()_Bool  size(2) Largest target is 1
		 -> EUSART1_IsTxDone(), EUSART2_IsTxDone(), 

    UART2$IsTxReady	PTR FTN()_Bool  size(2) Largest target is 1
		 -> EUSART1_IsTxReady(), EUSART2_IsTxReady(), 

    UART2$OverrunErrorCallbackRegister	PTR FTN(PTR FTN()void ,)void  size(2) Largest target is 1
		 -> EUSART1_OverrunErrorCallbackRegister(), EUSART2_OverrunErrorCallbackRegister(), 

    UART2$ParityErrorCallbackRegister	PTR FTN(PTR FTN()void ,)void  size(2) Largest target is 1
		 -> NULL(), 

    UART2$Read	PTR FTN()unsigned char  size(2) Largest target is 1
		 -> EUSART1_Read(), EUSART2_Read(), 

    UART2$RxCompleteCallbackRegister	PTR FTN(PTR FTN()void ,)void  size(2) Largest target is 1
		 -> EUSART2_RxCompleteCallbackRegister(), NULL(), 

    UART2$TransmitDisable	PTR FTN()void  size(2) Largest target is 1
		 -> EUSART1_TransmitDisable(), EUSART2_TransmitDisable(), 

    UART2$TransmitEnable	PTR FTN()void  size(2) Largest target is 1
		 -> EUSART1_TransmitEnable(), EUSART2_TransmitEnable(), 

    UART2$TxCollisionCallbackRegister	PTR FTN(PTR FTN()void ,)void  size(2) Largest target is 1
		 -> NULL(), 

    UART2$TxCompleteCallbackRegister	PTR FTN(PTR FTN()void ,)void  size(2) Largest target is 1
		 -> EUSART2_TxCompleteCallbackRegister(), NULL(), 

    UART2$Write	PTR FTN(unsigned char ,)void  size(2) Largest target is 1
		 -> EUSART1_Write(), EUSART2_Write(), 

    vfpfcnvrt@ap	PTR PTR void  size(1) Largest target is 1
		 -> printf@ap(COMRAM[1]), 

    vfpfcnvrt@cp	PTR unsigned char  size(2) Largest target is 91
		 -> STR_1(CODE[10]), STR_10(CODE[12]), STR_11(CODE[12]), STR_12(CODE[12]), 
		 -> STR_13(CODE[13]), STR_14(CODE[12]), STR_15(CODE[52]), STR_16(CODE[15]), 
		 -> STR_17(CODE[7]), STR_18(CODE[21]), STR_19(CODE[24]), STR_2(CODE[34]), 
		 -> STR_20(CODE[46]), STR_21(CODE[91]), STR_22(CODE[34]), STR_23(CODE[37]), 
		 -> STR_24(CODE[19]), STR_25(CODE[52]), STR_26(CODE[8]), STR_27(CODE[2]), 
		 -> STR_28(CODE[2]), STR_29(CODE[43]), STR_3(CODE[22]), STR_30(CODE[14]), 
		 -> STR_31(CODE[15]), STR_32(CODE[15]), STR_33(CODE[15]), STR_34(CODE[15]), 
		 -> STR_35(CODE[16]), STR_36(CODE[31]), STR_37(CODE[13]), STR_38(CODE[21]), 
		 -> STR_39(CODE[31]), STR_4(CODE[70]), STR_40(CODE[32]), STR_41(CODE[21]), 
		 -> STR_42(CODE[17]), STR_43(CODE[21]), STR_44(CODE[3]), STR_45(CODE[15]), 
		 -> STR_46(CODE[10]), STR_47(CODE[3]), STR_48(CODE[13]), STR_5(CODE[42]), 
		 -> STR_6(CODE[5]), STR_7(CODE[52]), STR_8(CODE[11]), STR_9(CODE[12]), 

    vfpfcnvrt@fmt	PTR PTR unsigned char  size(1) Largest target is 2
		 -> vfprintf@cfmt(COMRAM[2]), 

    vfpfcnvrt@fp	PTR struct _IO_FILE size(2) Largest target is 0
		 -> NULL(NULL[0]), 

    vfprintf@ap	PTR PTR void  size(1) Largest target is 1
		 -> printf@ap(COMRAM[1]), 

    vfprintf@cfmt	PTR unsigned char  size(2) Largest target is 91
		 -> STR_1(CODE[10]), STR_10(CODE[12]), STR_11(CODE[12]), STR_12(CODE[12]), 
		 -> STR_13(CODE[13]), STR_14(CODE[12]), STR_15(CODE[52]), STR_16(CODE[15]), 
		 -> STR_17(CODE[7]), STR_18(CODE[21]), STR_19(CODE[24]), STR_2(CODE[34]), 
		 -> STR_20(CODE[46]), STR_21(CODE[91]), STR_22(CODE[34]), STR_23(CODE[37]), 
		 -> STR_24(CODE[19]), STR_25(CODE[52]), STR_26(CODE[8]), STR_27(CODE[2]), 
		 -> STR_28(CODE[2]), STR_29(CODE[43]), STR_3(CODE[22]), STR_30(CODE[14]), 
		 -> STR_31(CODE[15]), STR_32(CODE[15]), STR_33(CODE[15]), STR_34(CODE[15]), 
		 -> STR_35(CODE[16]), STR_36(CODE[31]), STR_37(CODE[13]), STR_38(CODE[21]), 
		 -> STR_39(CODE[31]), STR_4(CODE[70]), STR_40(CODE[32]), STR_41(CODE[21]), 
		 -> STR_42(CODE[17]), STR_43(CODE[21]), STR_44(CODE[3]), STR_45(CODE[15]), 
		 -> STR_46(CODE[10]), STR_47(CODE[3]), STR_48(CODE[13]), STR_5(CODE[42]), 
		 -> STR_6(CODE[5]), STR_7(CODE[52]), STR_8(CODE[11]), STR_9(CODE[12]), 

    vfprintf@fmt	PTR const unsigned char  size(2) Largest target is 91
		 -> STR_1(CODE[10]), STR_10(CODE[12]), STR_11(CODE[12]), STR_12(CODE[12]), 
		 -> STR_13(CODE[13]), STR_14(CODE[12]), STR_15(CODE[52]), STR_16(CODE[15]), 
		 -> STR_17(CODE[7]), STR_18(CODE[21]), STR_19(CODE[24]), STR_2(CODE[34]), 
		 -> STR_20(CODE[46]), STR_21(CODE[91]), STR_22(CODE[34]), STR_23(CODE[37]), 
		 -> STR_24(CODE[19]), STR_25(CODE[52]), STR_26(CODE[8]), STR_27(CODE[2]), 
		 -> STR_28(CODE[2]), STR_29(CODE[43]), STR_3(CODE[22]), STR_30(CODE[14]), 
		 -> STR_31(CODE[15]), STR_32(CODE[15]), STR_33(CODE[15]), STR_34(CODE[15]), 
		 -> STR_35(CODE[16]), STR_36(CODE[31]), STR_37(CODE[13]), STR_38(CODE[21]), 
		 -> STR_39(CODE[31]), STR_4(CODE[70]), STR_40(CODE[32]), STR_41(CODE[21]), 
		 -> STR_42(CODE[17]), STR_43(CODE[21]), STR_44(CODE[3]), STR_45(CODE[15]), 
		 -> STR_46(CODE[10]), STR_47(CODE[3]), STR_48(CODE[13]), STR_5(CODE[42]), 
		 -> STR_6(CODE[5]), STR_7(CODE[52]), STR_8(CODE[11]), STR_9(CODE[12]), 

    vfprintf@fp	PTR struct _IO_FILE size(2) Largest target is 0
		 -> NULL(NULL[0]), 

    xtoa@fp	PTR struct _IO_FILE size(2) Largest target is 0
		 -> NULL(NULL[0]), 


Critical Paths under _main in COMRAM

    _main->_printf
    _printf->_vfprintf
    _vfprintf->_vfpfcnvrt
    _vfpfcnvrt->_xtoa
    _xtoa->_pad
    _dtoa->_pad
    _pad->_fputs
    _fputs->_fputc
    _abs->___awmod
    _ctoa->_fputc
    _fputc->_putch
    _putch->_EUSART1_IsTxReady
    _putch->_EUSART1_Write
    _SYSTEM_Initialize->_TMR1_Initialize
    _INTERRUPT_Initialize->_INT0_SetInterruptHandler
    _INTERRUPT_Initialize->_INT1_SetInterruptHandler
    _INTERRUPT_Initialize->_INT2_SetInterruptHandler
    _EUSART2_Initialize->_EUSART2_FramingErrorCallbackRegister
    _EUSART2_Initialize->_EUSART2_OverrunErrorCallbackRegister
    _EUSART1_Initialize->_EUSART1_FramingErrorCallbackRegister
    _EUSART1_Initialize->_EUSART1_OverrunErrorCallbackRegister

Critical Paths under _INTERRUPT_InterruptManager in COMRAM

    _INTERRUPT_InterruptManager->_EUSART2_ReceiveISR

Critical Paths under _main in BANK0

    _main->_printf

Critical Paths under _INTERRUPT_InterruptManager in BANK0

    None.

Critical Paths under _main in BANK1

    None.

Critical Paths under _INTERRUPT_InterruptManager in BANK1

    None.

Critical Paths under _main in BANK2

    None.

Critical Paths under _INTERRUPT_InterruptManager in BANK2

    None.

Critical Paths under _main in BANK3

    None.

Critical Paths under _INTERRUPT_InterruptManager in BANK3

    None.

Critical Paths under _main in BANK4

    None.

Critical Paths under _INTERRUPT_InterruptManager in BANK4

    None.

Critical Paths under _main in BANK5

    None.

Critical Paths under _INTERRUPT_InterruptManager in BANK5

    None.

Call Graph Tables:

 ---------------------------------------------------------------------------------
 (Depth) Function   	        Calls       Base Space   Used Autos Params    Refs
 ---------------------------------------------------------------------------------
 (0) _main                                                 6     6      0    8909
                                             68 COMRAM     2     2      0
                                              6 BANK0      4     4      0
                _ECCP2_LoadDutyValue
                  _EUSART1_IsRxReady
                       _EUSART1_Read
                  _EUSART2_IsRxReady
                       _EUSART2_Read
 _EUSART2_RxCompleteCallbackRegister
                  _SYSTEM_Initialize
                    _TMR1_CounterSet
             _TMR1_OverflowStatusGet
                             _printf
 ---------------------------------------------------------------------------------
 (1) _printf                                               9     3      6    7716
                                             67 COMRAM     1     1      0
                                              0 BANK0      6     0      6
                           _vfprintf
 ---------------------------------------------------------------------------------
 (2) _vfprintf                                             7     2      5    7473
                                             60 COMRAM     7     2      5
                          _vfpfcnvrt
 ---------------------------------------------------------------------------------
 (3) _vfpfcnvrt                                           14    10      4    7231
                                             46 COMRAM    14    10      4
                               _ctoa
                               _dtoa
                              _fputc
                 _read_prec_or_width
                               _xtoa
 ---------------------------------------------------------------------------------
 (4) _xtoa                                                13     9      4    1808
                                             33 COMRAM    13     9      4
                                _pad
 ---------------------------------------------------------------------------------
 (4) _read_prec_or_width                                   7     5      2     266
                                              8 COMRAM     7     5      2
 ---------------------------------------------------------------------------------
 (4) _dtoa                                                12     8      4    2958
                                             33 COMRAM    12     8      4
                            ___awdiv
                            ___awmod
                                _abs
                                _pad
 ---------------------------------------------------------------------------------
 (5) _pad                                                  8     3      5    1369
                                             25 COMRAM     8     3      5
                              _fputc
                              _fputs
 ---------------------------------------------------------------------------------
 (6) _fputs                                                6     3      3     623
                                             19 COMRAM     6     3      3
                              _fputc
 ---------------------------------------------------------------------------------
 (5) _abs                                                  4     2      2      96
                                             14 COMRAM     4     2      2
                            ___awmod (ARG)
 ---------------------------------------------------------------------------------
 (5) ___awmod                                              6     2      4     439
                                              8 COMRAM     6     2      4
 ---------------------------------------------------------------------------------
 (5) ___awdiv                                              8     4      4     451
                                              8 COMRAM     8     4      4
 ---------------------------------------------------------------------------------
 (4) _ctoa                                                 8     5      3     740
                                             19 COMRAM     8     5      3
                              _fputc
 ---------------------------------------------------------------------------------
 (7) _fputc                                                9     5      4     471
                                             10 COMRAM     9     5      4
                              _putch
 ---------------------------------------------------------------------------------
 (8) _putch                                                1     1      0     118
                                              9 COMRAM     1     1      0
                  _EUSART1_IsTxReady
                      _EUSART1_Write
 ---------------------------------------------------------------------------------
 (9) _EUSART1_Write                                        1     0      1      34
                                              8 COMRAM     1     0      1
 ---------------------------------------------------------------------------------
 (9) _EUSART1_IsTxReady                                    1     1      0      37
                                              8 COMRAM     1     1      0
 ---------------------------------------------------------------------------------
 (1) _TMR1_OverflowStatusGet                               0     0      0       0
 ---------------------------------------------------------------------------------
 (1) _TMR1_CounterSet                                      3     1      2     188
                                              8 COMRAM     3     1      2
 ---------------------------------------------------------------------------------
 (1) _SYSTEM_Initialize                                    0     0      0     362
                   _CLOCK_Initialize
                   _ECCP2_Initialize
                 _EUSART1_Initialize
                 _EUSART2_Initialize
               _INTERRUPT_Initialize
             _PIN_MANAGER_Initialize
                    _TMR1_Initialize
                    _TMR2_Initialize
 ---------------------------------------------------------------------------------
 (2) _TMR2_Initialize                                      0     0      0       0
 ---------------------------------------------------------------------------------
 (2) _TMR1_Initialize                                      2     2      0       0
                                              8 COMRAM     2     2      0
 ---------------------------------------------------------------------------------
 (2) _PIN_MANAGER_Initialize                               0     0      0       0
 ---------------------------------------------------------------------------------
 (2) _INTERRUPT_Initialize                                 0     0      0     102
           _INT0_SetInterruptHandler
           _INT1_SetInterruptHandler
           _INT2_SetInterruptHandler
 ---------------------------------------------------------------------------------
 (3) _INT2_SetInterruptHandler                             2     0      2      34
                                              8 COMRAM     2     0      2
 ---------------------------------------------------------------------------------
 (3) _INT1_SetInterruptHandler                             2     0      2      34
                                              8 COMRAM     2     0      2
 ---------------------------------------------------------------------------------
 (3) _INT0_SetInterruptHandler                             2     0      2      34
                                              8 COMRAM     2     0      2
 ---------------------------------------------------------------------------------
 (2) _EUSART2_Initialize                                   0     0      0     130
_EUSART2_FramingErrorCallbackRegiste
_EUSART2_OverrunErrorCallbackRegiste
 ---------------------------------------------------------------------------------
 (3) _EUSART2_OverrunErrorCallbackRegister                 2     0      2      65
                                              8 COMRAM     2     0      2
 ---------------------------------------------------------------------------------
 (3) _EUSART2_FramingErrorCallbackRegister                 2     0      2      65
                                              8 COMRAM     2     0      2
 ---------------------------------------------------------------------------------
 (2) _EUSART1_Initialize                                   0     0      0     130
_EUSART1_FramingErrorCallbackRegiste
_EUSART1_OverrunErrorCallbackRegiste
 ---------------------------------------------------------------------------------
 (3) _EUSART1_OverrunErrorCallbackRegister                 2     0      2      65
                                              8 COMRAM     2     0      2
 ---------------------------------------------------------------------------------
 (3) _EUSART1_FramingErrorCallbackRegister                 2     0      2      65
                                              8 COMRAM     2     0      2
 ---------------------------------------------------------------------------------
 (2) _ECCP2_Initialize                                     0     0      0       0
 ---------------------------------------------------------------------------------
 (2) _CLOCK_Initialize                                     0     0      0       0
 ---------------------------------------------------------------------------------
 (1) _EUSART2_RxCompleteCallbackRegister                   2     0      2      65
                                              8 COMRAM     2     0      2
 ---------------------------------------------------------------------------------
 (1) _EUSART2_Read                                         2     2      0      47
                                              8 COMRAM     1     1      0
 ---------------------------------------------------------------------------------
 (1) _EUSART2_IsRxReady                                    0     0      0       0
 ---------------------------------------------------------------------------------
 (1) _EUSART1_Read                                         0     0      0       0
                                NULL *
_EUSART1_DefaultFramingErrorCallback *
_EUSART1_DefaultOverrunErrorCallback *
_EUSART2_DefaultFramingErrorCallback *
_EUSART2_DefaultOverrunErrorCallback *
 ---------------------------------------------------------------------------------
 (2) _EUSART2_DefaultOverrunErrorCallback                  0     0      0       0
 ---------------------------------------------------------------------------------
 (2) _EUSART2_DefaultFramingErrorCallback                  0     0      0       0
 ---------------------------------------------------------------------------------
 (2) _EUSART1_DefaultOverrunErrorCallback                  0     0      0       0
 ---------------------------------------------------------------------------------
 (2) _EUSART1_DefaultFramingErrorCallback                  0     0      0       0
 ---------------------------------------------------------------------------------
 (12) NULL(Fake)                                           0     0      0       0
 ---------------------------------------------------------------------------------
 (1) _EUSART1_IsRxReady                                    0     0      0       0
 ---------------------------------------------------------------------------------
 (1) _ECCP2_LoadDutyValue                                  4     2      2     101
                                              8 COMRAM     4     2      2
 ---------------------------------------------------------------------------------
 Estimated maximum stack depth 12
 ---------------------------------------------------------------------------------
 (Depth) Function   	        Calls       Base Space   Used Autos Params    Refs
 ---------------------------------------------------------------------------------
 (10) _INTERRUPT_InterruptManager                          6     6      0     122
                                              2 COMRAM     6     6      0
                                NULL *
                 _EUSART2_ReceiveISR *
                _EUSART2_TransmitISR *
 ---------------------------------------------------------------------------------
 (11) _EUSART2_TransmitISR                                 1     1      0      23
                                              0 COMRAM     1     1      0
 ---------------------------------------------------------------------------------
 (11) _EUSART2_ReceiveISR                                  2     2      0      99
                                              0 COMRAM     2     2      0
                                NULL *
                       _myEUSART2ISR *
i2_EUSART1_DefaultFramingErrorCallba *
i2_EUSART1_DefaultOverrunErrorCallba *
i2_EUSART2_DefaultFramingErrorCallba *
i2_EUSART2_DefaultOverrunErrorCallba *
 ---------------------------------------------------------------------------------
 (12) i2_EUSART2_DefaultOverrunErrorCallback               0     0      0       0
 ---------------------------------------------------------------------------------
 (12) i2_EUSART2_DefaultFramingErrorCallback               0     0      0       0
 ---------------------------------------------------------------------------------
 (12) i2_EUSART1_DefaultOverrunErrorCallback               0     0      0       0
 ---------------------------------------------------------------------------------
 (12) i2_EUSART1_DefaultFramingErrorCallback               0     0      0       0
 ---------------------------------------------------------------------------------
 (12) _myEUSART2ISR                                        0     0      0       0
 ---------------------------------------------------------------------------------
 (12) NULL(Fake)                                           0     0      0       0
 ---------------------------------------------------------------------------------
 Estimated maximum stack depth 12
 ---------------------------------------------------------------------------------

 Call Graph Graphs:

 _main (ROOT)
   _ECCP2_LoadDutyValue
   _EUSART1_IsRxReady
   _EUSART1_Read
     NULL(Fake) *
     _EUSART1_DefaultFramingErrorCallback *
     _EUSART1_DefaultOverrunErrorCallback *
     _EUSART2_DefaultFramingErrorCallback *
     _EUSART2_DefaultOverrunErrorCallback *
   _EUSART2_IsRxReady
   _EUSART2_Read
   _EUSART2_RxCompleteCallbackRegister
   _SYSTEM_Initialize
     _CLOCK_Initialize
     _ECCP2_Initialize
     _EUSART1_Initialize
       _EUSART1_FramingErrorCallbackRegister
       _EUSART1_OverrunErrorCallbackRegister
     _EUSART2_Initialize
       _EUSART2_FramingErrorCallbackRegister
       _EUSART2_OverrunErrorCallbackRegister
     _INTERRUPT_Initialize
       _INT0_SetInterruptHandler
       _INT1_SetInterruptHandler
       _INT2_SetInterruptHandler
     _PIN_MANAGER_Initialize
     _TMR1_Initialize
     _TMR2_Initialize
   _TMR1_CounterSet
   _TMR1_OverflowStatusGet
   _printf
     _vfprintf
       _vfpfcnvrt
         _ctoa
           _fputc
             _putch
               _EUSART1_IsTxReady
               _EUSART1_Write
         _dtoa
           ___awdiv
           ___awmod
           _abs
             ___awmod (ARG)
           _pad
             _fputc
             _fputs
               _fputc
         _fputc
         _read_prec_or_width
         _xtoa
           _pad

 _INTERRUPT_InterruptManager (ROOT)
   NULL(Fake) *
   _EUSART2_ReceiveISR *
     NULL(Fake) *
     _myEUSART2ISR *
     i2_EUSART1_DefaultFramingErrorCallback *
     i2_EUSART1_DefaultOverrunErrorCallback *
     i2_EUSART2_DefaultFramingErrorCallback *
     i2_EUSART2_DefaultOverrunErrorCallback *
   _EUSART2_TransmitISR *

Address spaces:
Name               Size   Autos  Total    Usage
BIGRAM            1535      0       0      0.0%
BITBANK5           256      0       0      0.0%
BANK5              256      0       0      0.0%
BITBANK4           256      0       0      0.0%
BANK4              256      0       0      0.0%
BITBANK3           256      0       0      0.0%
BANK3              256      0       0      0.0%
BITBANK2           256      0       0      0.0%
BANK2              256      0       0      0.0%
BITBANK1           256      0       0      0.0%
BANK1              256      0     100     39.1%
BITBANK0           160      0       0      0.0%
BANK0              160     10     123     76.9%
BITBIGSFRh         152      0       0      0.0%
BITCOMRAM           94      0       0      0.0%
COMRAM              94     70      84     89.4%
BITBIGSFRllh        24      0       0      0.0%
BITBIGSFRlll        14      0       0      0.0%
BITBIGSFRlh          1      0       0      0.0%
STACK                0      0       0      0.0%
DATA                 0      0     307      0.0%


Microchip Technology PIC18 Macro Assembler V3.10 build 20250813170317 
Symbol Table                                                                                   Sun Oct 12 20:59:58 2025

                           __end_of_ECCP2_Initialize 166C                                                   l20 13D0  
                                                 l17 166A                                                   l63 146E  
                                                 l81 1718                                                   l94 170E  
                                       ___awdiv@sign 000F                                                  l107 1704  
                                                l203 149E                                                  l220 135A  
                                                l119 16D6                                                  l241 1694  
                                                l170 1570                                                  l148 14CE  
                                                l530 15E6                                                  l523 16FA  
                                                l428 12D2                                                  l526 16C8  
                                                l534 15CA                                                  l607 1406  
                                                l288 1652                                                  l538 163A  
                                                l651 16A8                                                  l484 1680  
                                                l814 0662                                                  l655 154C  
                                                l656 154E                                                  l672 171E  
                                                l497 1528                                                  l817 0696  
                                                l690 16B8                                                  l684 1590  
                                                l669 1212                                                  l773 0340  
                                                l694 161E                                                  l687 16EE  
                                                l775 0362                                                  l776 0368  
                                                l698 1602                                                  _PR2 0FBB  
                         ??_INT0_SetInterruptHandler 000C                                      _timer1ReloadVal 004A  
                                                _abs 1408                                                  _pad 1102  
       __end_of_EUSART2_FramingErrorCallbackRegister 15E8               ??_EUSART2_FramingErrorCallbackRegister 000C  
              ?_EUSART2_FramingErrorCallbackRegister 000A                 _EUSART2_FramingErrorCallbackRegister 15CC  
                                       ___awmod@sign 000F                                  _ECCP2_LoadDutyValue 139A  
                                    _TMR2_Initialize 163C                                                  tosl 0FFD  
                                                wreg 0FE8                                           _TXSTA1bits 0FAC  
                                         _TXSTA2bits 0F72                                       ??_myEUSART2ISR 0002  
                                               ?_abs 0010                                                 l1213 0F0A  
                                               l1226 0FB8                                                 l4010 0D0C  
                                               l4002 0CC0                                                 l4012 0D42  
                                               l4004 0CD2                                                 l4100 0FB0  
                                               l4020 1378                                                 l1701 0E4A  
                                               l4006 0CE4                                                 l4030 0E64  
                                               l4022 137C                                                 l4110 112E  
                                               l4008 0CEE                                                 l4040 0E88  
                                               l4032 0E68                                                 l4024 0E4C  
                                               l4120 1408                                                 l4016 135C  
                                               l4112 113E                                                 l4104 1102  
                                               l1704 09C4                                                 l4200 0BCC  
                                               l4130 0DB4                                                 l4050 0EBE  
                                               l4042 0E9A                                                 l4034 0E76  
                                               l4026 0E4E                                                 l4122 1416  
                                               l4018 1366                                                 l4114 1150  
                                               l4106 1110                                                 l4210 0BFE  
                                               l4202 0BDA                                                 l4140 0DF6  
                                               l4132 0DC2                                                 l4124 0D8A  
                                               l4052 0ED4                                                 l4044 0EA2  
                                               l4060 0EEA                                                 l4036 0E7E  
                                               l4028 0E5C                                                 l4116 1154  
                                               l4108 1120                                                 l4220 0C1E  
                                               l4212 0C06                                                 l4204 0BE2  
                                               l4300 07CA                                                 l1660 15AE  
                                               l1717 0AC6                                                 l1733 105A  
                                               l4142 0E08                                                 l4134 0DD4  
                                               l4126 0D9C                                                 l4062 0EFA  
                                               l4054 0EDC                                                 l4046 0EAA  
                                               l4038 0E82                                                 l4070 0F0E  
                                               l4118 1180                                                 l4150 096E  
                                               l4230 0C96                                                 l4214 0C0A  
                                               l4206 0BE8                                                 l4222 0C3E  
                                               l1750 0968                                                 l4302 07EC  
                                               l4310 0820                                                 l4400 1642  
                                               l4144 0E0C                                                 l4128 0DA8  
                                               l4064 0F02                                                 l4056 0EDE  
                                               l4048 0EB8                                                 l4080 0F3E  
                                               l4072 0F1C                                                 l1680 1134  
                                               l4160 09B0                                                 l4152 0982  
                                               l4240 0FE2                                                 l4224 0C5A  
                                               l4232 0CA4                                                 l4216 0C16  
                                               l4208 0BEE                                                 l4320 0898  
                                               l4312 082E                                                 l4304 07F8  
                                               l1737 1062                                                 l1729 0CBE  
                                               l4410 13F2                                                 l4250 1710  
                                               l4402 164C                                                 l4146 0E38  
                                               l4138 0DE6                                                 l4058 0EE4  
                                               l4090 0F84                                                 l4082 0F50  
                                               l4074 0F24                                                 l4170 09D8  
                                               l4162 09BA                                                 l4154 098A  
                                               l4242 0FEE                                                 l4226 0C6C  
                                               l4218 0C18                                                 l4330 0902  
                                               l4314 084A                                                 l4306 080C  
                                               l1683 1172                                                 l4500 1500  
                                               l4260 15B0                                                 l4420 1292  
                                               l4412 1278                                                 l4252 1706  
                                               l4404 164E                                                 l4092 0F8C  
                                               l4084 0F58                                                 l4076 0F28  
                                               l4068 0F0C                                                 l1772 143A  
                                               l4180 0A40                                                 l4172 0A04  
                                               l4164 09C0                                                 l4156 099A  
                                               l4148 096A                                                 l4244 100A  
                                               l4236 0FBA                                                 l4228 0C7C  
                                               l4324 08B0                                                 l4316 0866  
                                               l1685 1190                                                 l1765 1316  
                                               l4510 1524                                                 l4502 1508  
                                               l4350 1658                                                 l4270 15FA  
                                               l4406 13D2                                                 l4262 15C2  
                                               l4430 12AE                                                 l4422 1296  
                                               l4414 127A                                                 l4254 16FC  
                                               l4094 0F92                                                 l4086 0F60  
                                               l4078 0F36                                                 l4190 0A9A  
                                               l4182 0A52                                                 l4174 0A06  
                                               l4166 09CA                                                 l4158 09A0  
                                               l4246 1028                                                 l4238 0FC0  
                                               l4326 08CC                                                 l4318 087E  
                                               l4342 0942                                                 l4512 1526  
                                               l4504 150E                                                 l4352 165A  
                                               l4264 1604                                                 l4408 13E6  
                                               l4256 15CC                                                 l4440 12CA  
                                               l4432 12BA                                                 l4424 129A  
                                               l4416 1284                                                 l4360 1442  
                                               l1784 0D88                                                 l1696 0DEC  
                                               l4088 0F6E                                                 l4096 0F98  
                                               l1792 1398                                                 l4192 0AA0  
                                               l4184 0A62                                                 l4176 0A0C  
                                               l4168 09D2                                                 l4248 1034  
                                               l4336 091A                                                 l4328 08E4  
                                               l4280 0750                                                 l4272 0712  
                                               l1769 1422                                                 l4450 16B4  
                                               l4506 1512                                                 l4370 16CA  
                                               l4354 1660                                                 l4266 1616  
                                               l4258 15DE                                                 l4442 12CC  
                                               l4434 12C2                                                 l4426 129E  
                                               l4418 128E                                                 l4362 144E  
                                               l4098 0FA8                                                 l4194 0AAC  
                                               l4186 0A7C                                                 l4178 0A26  
                                               l4338 0932                                                 l4290 0770  
                                               l4282 0756                                                 l4274 0734  
                                               l1699 0E2A                                                 l4508 1514  
                                               l4356 1662                                                 l4348 1654  
                                               l4268 15E8                                                 l4444 12CE  
                                               l4436 12C4                                                 l4428 12A2  
                                               l4364 1450                                                 l4380 14CC  
                                               l4372 14A0                                                 l4188 0A8A  
                                               l4284 0758                                                 l4292 078E  
                                               l4276 0740                                                 l4452 12D4  
                                               l4700 0278                                                 l4462 139A  
                                               l4446 12D0                                                 l4438 12C6  
                                               l4366 145E                                                 l4358 143C  
                                               l4374 14A2                                                 l4390 148E  
                                               l4382 1470                                                 l4470 1564  
                                               l4198 0BC8                                                 l4294 079E  
                                               l4286 0768                                                 l4278 074A  
                                               l4454 12E0                                                 l4710 034E  
                                               l4702 0330                                                 l4630 00BC  
                                               ?_pad 001B                                                 l4448 16C4  
                                               l4560 1192                                                 l4552 1620  
                                               l4368 1460                                                 l4376 14AA  
                                               l4392 1496                                                 l4384 1476  
                                               l4472 1568                                                 l4464 1550  
                                               l4480 133A                                                 l4296 07B2  
                                               l4456 12F4                                                 l4800 065A  
                                               l4720 0376                                                 l4712 0352  
                                               l4640 00D4                                                 l4632 00C2  
                                               l4570 11D4                                                 l4562 119A  
                                               l4554 1632                                                 l4378 14C6  
                                               l4394 1498                                                 l4386 1482  
                                               l4474 156C                                                 l4466 1558  
                                               l4482 1340                                                 l4490 1682  
                                               l4298 07C0                                                 l4458 1310  
                                               l4802 0670                                                 l4730 0416  
                                               l4722 037A                                                 l4650 00F0  
                                               l4642 00E0                                                 l4634 00C6  
                                               l4556 1696                                                 l4572 11E2  
                                               l4564 11A8                                                 l4388 1484  
                                               l4396 163C                                                 l4468 155C  
                                               l4484 1344                                                 l4476 1318  
                                               l4804 0686                                                 l4740 0452  
                                               l4732 0422                                                 l4724 038E  
                                               l4708 0342                                                 l4812 06C0  
                                               l4660 0128                                                 l4652 00FA  
                                               l4644 00E2                                                 l4636 00C8  
                                               l4574 11E6                                                 l4566 11AA  
                                               l4494 166C                                                 l4398 1640  
                                               l4478 1326                                                 l4486 1352  
                                               l4582 1592                                                 l4806 069A  
                                               l4742 045E                                                 l4734 042E  
                                               l4750 04A0                                                 l4726 03EE  
                                               l4718 036A                                                 l4670 016A  
                                               l4662 013C                                                 l4654 00FC  
                                               l4646 00E4                                                 l4638 00D2  
                                               l4576 11F8                                                 l4568 11BC  
                                               l4488 1356                                                 l4584 1596  
                                               l4808 06AA                                                 l4760 0506  
                                               l4752 04BE                                                 l4736 043A  
                                               l4728 0402                                                 l4680 01B4  
                                               l4672 0178                                                 l4664 0140  
                                               l4656 0110                                                 l4648 00E6  
                                               l4578 1210                                                 l4498 1500  
                                               l4770 0556                                                 l4762 0510  
                                               l4754 04C8                                                 l4738 0446  
                                               l4690 020C                                                 l4682 01C4  
                                               l4674 0186                                                 l4666 014E  
                                               l4658 0124                                                 l4780 05A0  
                                               l4772 056A                                                 l4764 0522  
                                               l4756 04F0                                                 l4748 046A  
                                               l4692 021E                                                 l4684 01D6  
                                               l4676 0194                                                 l4668 015C  
                                               l4790 05F8                                                 l4782 05A8  
                                               l4774 0574                                                 l4766 052C  
                                               l4758 04F2                                                 l4694 0230  
                                               l4686 01E8                                                 l4678 01A8  
                                               l3984 152A                                                 l3992 171A  
                                               l4792 0602                                                 l4784 05D0  
                                               l4776 0588                                                 l4768 0554  
                                               l4688 01FA                                                 l3986 153A  
                                               l3994 1574                                                 l4794 062A  
                                               l4786 05D2                                                 l4778 0596  
                                               l4698 0242                                                 l3988 1548  
                                               l3996 1574                                                 l4796 062C  
                                               l4788 05E6                                                 l3998 1588  
                                               l4798 0640                                                 STR_1 7FD4  
                                               STR_2 7DF6                                                 STR_3 7E8E  
                                               STR_4 7CB2                                                 STR_5 7D85  
                                               STR_6 7FF7                                                 STR_7 7CF8  
                                               STR_8 7FC9                                                 STR_9 7F99  
                                               u3000 0F36                                                 u3001 0F32  
                                               u3010 0F50                                                 u3011 0F4C  
                                               u3100 0D9C                                                 u3020 0F6E  
                                               _IOCB 0F62                                                 u3101 0D98  
                                               u3021 0F6A                                                 _LATA 0F89  
                                               u3110 0DC2                                                 u3030 0F84  
                                               _LATB 0F8A                                                 u3111 0DBE  
                                               u3031 0F80                                                 _LATC 0F8B  
                                               u3120 0DE2                                                 u3040 0FA8  
                                               u3200 0A52                                                 u3121 0DDE  
                                               u3041 0FA4                                                 u3201 0A4E  
                                               u3130 0E2A                                                 u3050 1110  
                                               u3210 0A62                                                 u3131 0E26  
                                               u3051 110C                                                 u3211 0A5E  
                                               u3140 0E38                                                 u3060 112E  
                                               u3220 0A7C                                                 u3300 0C96  
                                               u3141 0E34                                                 u3061 112A  
                                               u3221 0A78                                                 u3301 0C92  
                                               u3070 1172                                                 u3230 0A8A  
                                               u3150 097E                                                 u3310 0CA4  
                                               u3071 116E                                                 u3231 0A86  
                                               u3151 0978                                                 u3311 0CA0  
                                               u3080 1180                                                 u3240 0A9A  
                                               u3160 0980                                                 u3320 0FE2  
                                               u3400 07C0                                                 u3081 117C  
                                               u3241 0A96                                                 u3321 0FDE  
                                               u3401 07BC                                                 u3090 1416  
                                               u3170 099A                                                 u3330 105A  
                                               u3250 0BFE                                                 u3410 07EC  
                                               u3091 1412                                                 u3171 0996  
                                               u3331 1056                                                 u3251 0BFA  
                                               u3411 07E8                                                 u3500 167E  
                                               u3340 15DE                                                 u3180 09B0  
                                               u3420 084A                                                 u3501 1678  
                                               u3341 15DA                                                 u3181 09AC  
                                               u3421 0846                                                 u3510 1680  
                                               u3350 15C2                                                 u3190 0A40  
                                               u3270 0C5A                                                 u3430 0866  
                                               u3351 15BE                                                 u3191 0A3C  
                                               u3271 0C56                                                 u3431 0862  
                                               u3520 1524                                                 u3360 1616  
                                               u3280 0C6C                                                 u3440 08CC  
                                               u3521 1520                                                 u3361 1612  
                                               u3281 0C68                                                 u3265 0C2A  
                                               u3441 08C8                                                 u3370 15FA  
                                               u3290 0C7C                                                 u3450 1310  
                                               u3371 15F6                                                 u3291 0C78  
                                               u3451 130C                                                 u3620 1632  
                                               u3460 1326                                                 u2900 0D0C  
                                               u3380 0734                                                 u3621 162E  
                                               u3461 1322                                                 u2901 0D08  
                                               u3381 0730                                                 u3630 16A6  
                                               u3470 1336                                                 u2910 0D42  
                                               u3390 079E                                                 u3631 16A0  
                                               u3471 1330                                                 u2911 0D3E  
                                               u3391 079A                                                 u3640 11A8  
                                               u2920 1398                                                 u3641 11A4  
                                               u2921 1394                                                 u3650 11BC  
                                               u3490 1692                                                 u2850 153A  
                                               u2930 0E5C                                                 u3651 11B8  
                                               u3491 168C                                                 u2851 1536  
                                               u2931 0E58                                                 u3636 16A8  
                                               u3476 1338                                                 u2860 1548  
                                               u2940 0E76                                                 u3900 0402  
                                               u3485 134C                                                 u2861 1544  
                                               u2941 0E72                                                 u3901 03FE  
                                               u3670 11E2                                                 u3486 134E  
                                               u2870 1588                                                 u2950 0E9A  
                                               u3910 0416                                                 u3671 11DE  
                                               u2871 1584                                                 u2951 0E96  
                                               u3911 0412                                                 u3680 11F8  
                                               u3496 1694                                                 u2880 0CD2  
                                               u2960 0EB8                                                 u3920 0506  
                                               u3840 0110                                                 u3681 11F4  
                                               u2881 0CCE                                                 u2961 0EB4  
                                               u3921 0502                                                 u3841 010C  
                                               u2890 0CE4                                                 u2970 0ED4  
                                               u3930 056A                                                 u3850 0124  
                                               u2891 0CE0                                                 u2971 0ED0  
                                               u3931 0566                                                 u3851 0120  
                                               u3668 11C2                                                 u2980 0EFA  
                                               u3940 0588                                                 u3860 013C  
                                               u3669 11D4                                                 u2981 0EF6  
                                               u3941 0584                                                 u3861 0138  
                                               u2990 0F1C                                                 u3950 05E6  
                                               u3870 01A8                                                 u2991 0F18  
                                               u3951 05E2                                                 u3871 01A4  
                                               u3960 05F8                                                 u3880 0362  
                                               u3961 05F4                                                 u3881 035E  
                                               u3698 11FE                                                 u3970 0640  
                                               u3890 038A                                                 u3699 1210  
                                               u3971 063C                                                 u3891 0386  
                                               u3980 0670                                                 u3981 066C  
                                               i2l71 009C                                                 _TMR2 0FBC  
                                               _WPUB 0F61                                        _EUSART1_Write 171A  
                                      _EUSART2_Write 0000                                                 abs@a 0010  
                                               _dbuf 009F                                                 _ctoa 0D8A  
                                               _main 00BC                                                 _dtoa 096A  
                                      ?_EUSART1_Read 0002                                                 _prec 0080  
                                      ?_EUSART2_Read 0002                                                 pad@i 0021  
                                               pad@p 001E                                                 fsr1h 0FE2  
                                               fsr2h 0FDA                                                 indf2 0FDF  
                                               fsr1l 0FE1                                                 fsr2l 0FD9  
                                               btemp 0001                                                 _xtoa 0BC8  
                          ?_INT2_SetInterruptHandler 000A                                                 prodh 0FF4  
                                               prodl 0FF3                                                 start 00B8  
                               ?_ECCP2_LoadDutyValue 000A                                         ___param_bank 0000  
                                              ??_abs 0012                                                ??_pad 0020  
                             _TMR1_OverflowStatusGet 1682                                         _BAUDCON1bits 0FB8  
                                       _BAUDCON2bits 0F70                                                ?_ctoa 0015  
                                              ?_main 0002                                                ?_dtoa 0023  
                                    __end_of___awdiv 0F0C                                                STR_10 7FA5  
                                              STR_11 7FBD                                                STR_12 7FB1  
                                              STR_20 7D2C                                                STR_13 7F7F  
                                              STR_21 7C57                                                STR_14 7F99  
                                              STR_30 7F71                                                STR_22 7DD4  
                                              STR_15 7CF8                                                STR_31 7F17  
                                              STR_23 7DAF                                                STR_16 7F53  
                                              STR_32 7F26                                                STR_24 7EE3  
                                              STR_40 7E18                                                STR_25 7CF8  
                                              STR_17 7FF0                                                STR_33 7F44  
                                              STR_41 7EA4                                                STR_26 7FE8  
                                              STR_34 7F35                                                STR_42 7EF6  
                                              STR_18 7EB9                                                STR_27 7D2A  
                                              STR_35 7F07                                                STR_19 7E76  
                                              STR_28 7D2A                                                STR_44 7FFC  
                                              STR_36 7E57                                      __end_of___awmod 0FBA  
                                              STR_37 7F8C                                                STR_45 7F62  
                                              STR_29 7D5A                                                STR_46 7FDE  
                                              STR_38 7ECE                                                STR_39 7E38  
                                    ___awdiv@divisor 000C                                                ?_xtoa 0023  
                                              _T1CON 0FCD                                                _T2CON 0FBA  
                            __end_of_TMR1_CounterSet 135C                                                i2l520 14FE  
                                              i2l523 172E                                                i2l507 0BC6  
                                              i2l517 14FC                                                i2l526 172A  
                                              i2l690 1724                                                i2l687 172C  
                                    ___awdiv@counter 000E                                                i2l869 1100  
                                              _UART1 7BF7                                                _UART2 7C27  
                                       vfpfcnvrt@fmt 0032                                                _TMR1H 0FCF  
                                              _TMR1L 0FCE                                                _TRISA 0F92  
                                              _TRISB 0F93                                                _TRISC 0F94  
                                              _TRISE 0F96         __end_of_EUSART1_FramingErrorCallbackRegister 1620  
             ??_EUSART1_FramingErrorCallbackRegister 000C                ?_EUSART1_FramingErrorCallbackRegister 000A  
               _EUSART1_FramingErrorCallbackRegister 1604                                                _flags 004C  
                                read_prec_or_width@c 000E                                  read_prec_or_width@n 000F  
                                              _fputc 0CC0                                                _fputs 135C  
                                              btemp0 0001                                                pad@fp 001B  
                                              btemp1 0002                                                _width 0048  
                                              ctoa@c 0017                                                _putch 1572  
                                              ctoa@l 0019                                                ctoa@w 001B  
                                              main@i 00D4                                                dtoa@d 0025  
                                              dtoa@i 002D                                                dtoa@p 0029  
                                              dtoa@s 002C                                                dtoa@w 002A  
                           _INT1_SetInterruptHandler 1706                                       ?_EUSART1_Write 000A  
                            __end_of_TMR1_Initialize 14A0                                     _baudRateSelected 0055  
                                              pclath 0FFA                                                pclatu 0FFB  
                                              tablat 0FF5                                  _EUSART2_TransmitISR 14D0  
                                     ??_EUSART1_Read 000A                                       ??_EUSART2_Read 000A  
                              _EUSART1_AutoBaudQuery 0000                                                status 0FD8  
                                              xtoa@c 002D                                                xtoa@d 0025  
                                              xtoa@i 002E                                                xtoa@p 002A  
                                              xtoa@w 002B                                ??_ECCP2_LoadDutyValue 000C  
                                    __initialization 1214                                         __end_of_ctoa 0E4C  
                         __end_of_EUSART1_Initialize 1408                                         __end_of_main 0712  
                                       __end_of_dtoa 0AC8                                         __end_of_xtoa 0CC0  
      _EUSART2_DefaultOverrunErrorCallback$intlevel0 16C4        _EUSART1_DefaultOverrunErrorCallback$intlevel0 16B4  
                            __end_of_TMR2_Initialize 1654                          ?_INTERRUPT_InterruptManager 0002  
                               ?_EUSART2_TransmitISR 0002                                               ??_ctoa 0018  
                                             ??_main 0046                                               ??_dtoa 0027  
                                             ??_xtoa 0027                                        __activetblptr 0002  
       __end_of_EUSART2_OverrunErrorCallbackRegister 15CC               ??_EUSART2_OverrunErrorCallbackRegister 000C  
              ?_EUSART2_OverrunErrorCallbackRegister 000A                 _EUSART2_OverrunErrorCallbackRegister 15B0  
                         __end_of_read_prec_or_width 1064  EUSART1_OverrunErrorCallbackRegister@callbackHandler 000A  
EUSART1_FramingErrorCallbackRegister@callbackHandler 000A    EUSART2_RxCompleteCallbackRegister@callbackHandler 000A  
EUSART2_OverrunErrorCallbackRegister@callbackHandler 000A  EUSART2_FramingErrorCallbackRegister@callbackHandler 000A  
                         __end_of_EUSART2_Initialize 12D4                             _eusart2TxBufferRemaining 0052  
                                             ?_fputc 000C                                               ?_fputs 0015  
                                             _CCPR2H 0F68                                               _CCPR2L 0F67  
                                   ___awdiv@dividend 000A                                               _ANSELA 0F38  
                                             ?_putch 0002                                               _ANSELB 0F39  
                                             _ANSELC 0F3A                                               _T1GCON 0FCC  
                                             i2l3420 1064                                               i2l3422 1074  
                                             i2l3430 108A                                               i2l3440 10E6  
                                             i2l3432 109A                                               i2l3424 1078  
                                             i2l3442 10F8                                               i2l3434 10C8  
                                             i2l3426 107C                                               i2l3444 10FA  
                                             i2l3436 10CC                                               i2l3428 1082  
                                             i2l3460 1726                                               i2l3446 10FC  
                                             i2l3438 10D4                                               i2l3462 1720  
                                             i2l4520 0AE6                                               i2l3560 14F2  
                                             i2l4600 0082                                               i2l4530 0B3C  
                                             i2l4522 0AF4                                               i2l3562 14F6  
                                             i2l3554 14D0                                               i2l4532 0B50  
                                             i2l4524 0B08                                               i2l4516 0AC8  
                                             i2l3556 14E0                                               i2l4550 0BAE  
                                             i2l4542 0B88                                               i2l4534 0B68  
                                             i2l4526 0B20                                               i2l4518 0AD8  
                                             i2l3558 14EC                                               i2l4544 0B94  
                                             i2l4536 0B6C                                               i2l4528 0B2E  
                                             i2l4546 0B98                                               i2l4538 0B72  
                                             i2l4548 0B9A                                               i2l4590 0030  
                                             i2l4592 003E                                               i2l4594 004C  
                                             i2l4596 0066                                               i2l4588 0022  
                                             i2l4598 0074                                               _RCREG1 0FAE  
                                             _RCREG2 0F74                           __end_of_EUSART2_ReceiveISR 0BC8  
                                             _RCSTA1 0FAB                                               _RCSTA2 0F71  
                                             _OSCCON 0FD3                                        vfpfcnvrt@done 0037  
                                             _SPBRG1 0FAF                                               _SPBRG2 0F75  
                                             _TXREG1 0FAD                                               _TXREG2 0F73  
                                             _TXSTA1 0FAC                                               _TXSTA2 0F72  
                                       _CCPTMRS0bits 0F49                                         vfprintf@cfmt 0043  
                               __end_of_myEUSART2ISR 1102                                            ??___awdiv 000E  
                                          ??___awmod 000E                                ??_EUSART2_TransmitISR 0002  
                               read_prec_or_width@ap 000B                                               clear_0 124C  
                                             clear_1 1258                                               clear_2 1264  
                                   ___awdiv@quotient 0010                                      ___awmod@divisor 000C  
                                             isa$std 0001                          _EUSART2_FramingErrorHandler 008C  
                                    ___awmod@counter 000E                                               _printf 1592  
                                             pad@buf 001D                                               ctoa@fp 0015  
                                             dtoa@fp 0023                                    ?_CLOCK_Initialize 0002  
                                             fputc@c 000C                                     ?_TMR1_CounterSet 000A  
                       _INT2_DefaultInterruptHandler 0000                                               fputs@c 0018  
                                             fputs@i 0019                                         __pdataCOMRAM 0055  
                                             fputs@s 0015                                   ??_CLOCK_Initialize 000A  
                                       __mediumconst 7BF6                                               tblptrh 0FF7  
                                             tblptrl 0FF6                                               tblptru 0FF8  
       __end_of_EUSART1_OverrunErrorCallbackRegister 1604               ??_EUSART1_OverrunErrorCallbackRegister 000C  
              ?_EUSART1_OverrunErrorCallbackRegister 000A                 _EUSART1_OverrunErrorCallbackRegister 15E8  
                                   __end_of_vfprintf 1318                                      ??_EUSART1_Write 000B  
           INT2_SetInterruptHandler@InterruptHandler 000A             INT1_SetInterruptHandler@InterruptHandler 000A  
           INT0_SetInterruptHandler@InterruptHandler 000A                   _EUSART2_TxCompleteInterruptHandler 0090  
                                             xtoa@fp 0023                                      _eusart2RxBuffer 0070  
                                   ?_TMR1_Initialize 0002                                    _SYSTEM_Initialize 1550  
                                    _eusart2TxBuffer 0078                                           __accesstop 0060  
                            __end_of__initialization 126A                                   ?_SYSTEM_Initialize 0002  
                                      ___rparam_used 0001                                        __end_of_UART1 7C27  
                                      __end_of_UART2 7C57                                       __pcstackCOMRAM 0002  
                                       __pidataBANK0 16D8                                  ??_SYSTEM_Initialize 000C  
                                  ?_ECCP2_Initialize 0002                                        __end_of_fputc 0D8A  
                                      __end_of_fputs 139A                                        __end_of_putch 1592  
                                   ?_TMR2_Initialize 0002                                   ??_ECCP2_Initialize 000A  
                               __end_of_EUSART1_Read 1214                                 __end_of_EUSART2_Read 152A  
      __end_ofi2_EUSART2_DefaultFramingErrorCallback 1730          __end_of_EUSART2_DefaultFramingErrorCallback 16FC  
              ??_EUSART2_DefaultFramingErrorCallback 000A              ??i2_EUSART2_DefaultFramingErrorCallback 0002  
             ?i2_EUSART2_DefaultFramingErrorCallback 0002                 ?_EUSART2_DefaultFramingErrorCallback 0002  
              i2_EUSART2_DefaultFramingErrorCallback 172E                  _EUSART2_DefaultFramingErrorCallback 16F0  
                   __end_of_INT2_SetInterruptHandler 1706                                              ??_fputc 0010  
                          __end_of_SYSTEM_Initialize 1572                                              ??_fputs 0018  
                                            ??_putch 000B                                        _eusart2RxHead 0051  
                                      _eusart2TxHead 0054                                           __pbssBANK0 0060  
                                         __pbssBANK1 0100                                        _eusart2RxTail 0050  
                                      _eusart2TxTail 0053                                _INT0_InterruptHandler 0098  
                            ?_TMR1_OverflowStatusGet 0002                                  myEUSART2ISR@rxState 004D  
                                            _CCP2CON 0F66                                              _ECCP2AS 0F64  
                                   _EUSART1_IsTxDone 0000                               _EUSART1_IsTxReady$2002 000A  
                                            ?_printf 00CB                                     _EUSART1_ErrorGet 0000  
                              _eusart2RxStatusBuffer 0060                                     _EUSART2_IsTxDone 0000  
                         ??_INT1_SetInterruptHandler 000C                                     _EUSART2_ErrorGet 0000  
                                            _OSCCON2 0FD2                                              _OSCTUNE 0F9B  
                                            _PWM2CON 0F65                                              _SPBRGH1 0FB0  
                                            _SPBRGH2 0F76        _EUSART2_DefaultFramingErrorCallback$intlevel0 16FA  
      _EUSART1_DefaultFramingErrorCallback$intlevel0 16EE                                _EUSART2_AutoBaudQuery 0000  
                          ?_INT0_SetInterruptHandler 000A                                 _EUSART1_Deinitialize 0000  
                             _EUSART1_TransmitEnable 0000                                              __Hparam 0000  
                     __end_of_TMR1_OverflowStatusGet 1696                                              __Lparam 0000  
                                            ___awdiv 0E4C                                              ___awmod 0F0C  
                                          ?_vfprintf 003E                                        _messageBuffer 0100  
                                            __pcinit 1214                                              __ramtop 0600  
                                            __ptext0 00BC                                              __ptext1 1592  
                                            __ptext2 12D4                                              __ptext3 0712  
                                            __ptext4 0BC8                                              __ptext5 0FBA  
                                            __ptext6 096A                                              __ptext7 1102  
                                            __ptext8 135C                                              __ptext9 1408  
                                          _T1CONbits 0FCD                                            _T2CONbits 0FBA  
                              read_prec_or_width@fmt 000A                               TMR1_CounterSet@onState 000C  
      __end_ofi2_EUSART2_DefaultOverrunErrorCallback 172C          __end_of_EUSART2_DefaultOverrunErrorCallback 16CA  
              ??_EUSART2_DefaultOverrunErrorCallback 000A              ??i2_EUSART2_DefaultOverrunErrorCallback 0002  
             ?i2_EUSART2_DefaultOverrunErrorCallback 0002                 ?_EUSART2_DefaultOverrunErrorCallback 0002  
              i2_EUSART2_DefaultOverrunErrorCallback 1726                  _EUSART2_DefaultOverrunErrorCallback 16BA  
                                   ___awmod@dividend 000A                                   _EUSART1_Initialize 13D2  
                           ??_PIN_MANAGER_Initialize 000A                                              main@cmd 00D1  
                                       _myEUSART2ISR 1064                          __end_of_ECCP2_LoadDutyValue 13D2  
                               end_of_initialization 126A                             _INT2_SetInterruptHandler 16FC  
                                ?_EUSART1_Initialize 0002                                              fputc@fp 000E  
                                      __Lmediumconst 7BF6                          _EUSART1_OverrunErrorHandler 0084  
                                            fputs@fp 0016           __end_of_EUSART2_RxCompleteCallbackRegister 163C  
               ??_EUSART2_RxCompleteCallbackRegister 000C                  ?_EUSART2_RxCompleteCallbackRegister 000A  
                 _EUSART2_RxCompleteCallbackRegister 1620                                   _read_prec_or_width 0FBA  
                                 _EUSART2_Initialize 1278                                    __end_of_vfpfcnvrt 096A  
                                            postdec1 0FE5                                              postdec2 0FDD  
                                ?_read_prec_or_width 000A                                              postinc0 0FEE  
                                            postinc1 0FE6                                              postinc2 0FDE  
                                   vfpfcnvrt@convarg 0038                                   _EUSART2_ReceiveISR 0AC8  
                                         ??_vfprintf 0043                                 ??_EUSART1_Initialize 000C  
                                ?_EUSART2_Initialize 0002                                _INT1_InterruptHandler 0096  
                              _TMR1_OverflowCallback 00D9                                  ?_EUSART2_ReceiveISR 0002  
                               ??_read_prec_or_width 000C                                  EUSART1_Write@txData 000A  
                               ??_EUSART2_Initialize 000C                                         _EUSART1_Read 1192  
                               ??_EUSART2_ReceiveISR 0002                                         _EUSART2_Read 1500  
                                         main@letter 00D3                                 _EUSART2_Deinitialize 0000  
                        __end_of_EUSART2_TransmitISR 1500                      _TMR2_DefaultPeriodMatchCallback 0000  
                       __end_of_INTERRUPT_Initialize 1470                         _INT0_DefaultInterruptHandler 0000  
                                        vfpfcnvrt@ap 0033                                          vfpfcnvrt@cp 003C  
                                        vfpfcnvrt@fp 0030                                        __pidataCOMRAM 1730  
                       ECCP2_LoadDutyValue@dutyValue 000A                                       __end_of_printf 15B0  
                                start_initialization 1214                         EUSART2_ReceiveISR@tempRxHead 0003  
                                        __end_of_abs 143C                                          __end_of_pad 1192  
                                        putch@txData 000B                                __end_of_EUSART1_Write 1720  
                         _EUSART2_RxInterruptHandler 009A                                          vfprintf@fmt 0040  
                           _TMR1_DefaultGateCallback 0000                                          __pdataBANK0 00BF  
                                           ??_printf 0045                                       _eusart2RxCount 004F  
                                        __pbssCOMRAM 0048                     __end_of_INT0_SetInterruptHandler 171A  
                                      __pcstackBANK0 00CB                                    _TMR1_GateCallback 00D7  
                              _INT2_InterruptHandler 0094                                            __pnvBANK0 00D5  
                                          _bitPeriod 00BF                                 myEUSART2ISR@rxBufIDX 0082  
                             _PIN_MANAGER_Initialize 14A0                                            _dtoa$2913 0027  
                                          __pintcode 0008                                        __pmediumconst 7BF6  
                                           ?___awdiv 000A                                             ?___awmod 000A  
                       ??_INTERRUPT_InterruptManager 0004                                          __smallconst 7BF6  
                         ??_INT2_SetInterruptHandler 000C                                             _BAUDCON1 0FB8  
                                           _BAUDCON2 0F70                                    _EUSART1_IsRxReady 1696  
                                  _EUSART1_IsTxReady 152A                                   ?_EUSART1_IsRxReady 0002  
                                 ?_EUSART1_IsTxReady 0002                               EUSART2_Read@tempRxTail 000A  
                               _INTERRUPT_Initialize 143C                                    _EUSART2_IsRxReady 166C  
                                  _EUSART2_IsTxReady 0000                                     _CLOCK_Initialize 16CA  
                                ??_EUSART1_IsRxReady 000A                                   ?_EUSART2_IsRxReady 0002  
                                ??_EUSART1_IsTxReady 000A                            ?_INT1_SetInterruptHandler 000A  
                                           _PIE1bits 0F9D                                             _PIE3bits 0FA3  
                                  ??_TMR1_CounterSet 000C                                             i2u204_40 1074  
                                           i2u204_41 1070                                             i2u205_40 109A  
                                           i2u205_41 1096                                             i2u206_40 10C8  
                                           i2u206_41 10C4                                             i2u207_40 10E6  
                                           i2u207_41 10E2                                             i2u225_40 14E0  
                                           i2u225_41 14DC                                             i2u360_40 0BAE  
                                           i2u360_41 0BAA                                             i2u353_40 0AE6  
                                           i2u353_41 0AE2                                             _PIR1bits 0F9E  
                                           i2u361_48 0BB4                                             i2u354_40 0B08  
                                           i2u370_40 0030                                             i2u361_49 0BC6  
                                           i2u354_41 0B04                                             i2u370_41 002C  
                                           i2u371_40 003E                                             i2u371_41 003A  
                                           i2u356_40 0B2E                                             i2u355_48 0B0E  
                                           i2u372_40 004C                                             i2u356_41 0B2A  
                                           i2u355_49 0B20                                             i2u372_41 0048  
                                           i2u357_40 0B50                                             i2u357_41 0B4C  
                         EUSART2_ReceiveISR@regValue 0002                                             _PIR3bits 0FA4  
                                           i2u374_40 0074                                             i2u373_48 0052  
                                           i2u374_41 0070                                             i2u373_49 0066  
                                           i2u359_40 0B84                                             i2u358_48 0B56  
                                           i2u375_40 0082                                             i2u359_41 0B80  
                                           i2u358_49 0B68                                             i2u375_41 007E  
                                           i2u376_48 0088                                             i2u376_49 009C  
                                           _RCONbits 0FD0                                  ??_EUSART2_IsRxReady 000A  
                                           _PSTR2CON 0F63                                            _vfpfcnvrt 0712  
                                  ??_TMR1_Initialize 000A                            __end_of_EUSART1_IsRxReady 16AA  
                          __end_of_EUSART1_IsTxReady 1550                        EUSART2_TransmitISR@tempTxTail 0002  
                                   _ECCP2_Initialize 1654                            __end_of_EUSART2_IsRxReady 1682  
                                         vfpfcnvrt@c 0036                                          _INTCON2bits 0FF1  
                                        _INTCON3bits 0FF0                                            copy_data0 1228  
                              ?_INTERRUPT_Initialize 0002                             _INT0_SetInterruptHandler 1710  
                                _EUSART1_AutoBaudSet 0000                                    ??_TMR2_Initialize 000A  
                        _EUSART2_OverrunErrorHandler 008A                              _EUSART1_TransmitDisable 0000  
                                           __Hrparam 0000                                           vfprintf@ap 0042  
                                           __Lrparam 0000                                           vfprintf@fp 003E  
                                         ?_vfpfcnvrt 0030                   _EUSART2_TxCompleteCallbackRegister 0000  
      __end_ofi2_EUSART1_DefaultFramingErrorCallback 172E          __end_of_EUSART1_DefaultFramingErrorCallback 16F0  
              ??_EUSART1_DefaultFramingErrorCallback 000A              ??i2_EUSART1_DefaultFramingErrorCallback 0002  
             ?i2_EUSART1_DefaultFramingErrorCallback 0002                 ?_EUSART1_DefaultFramingErrorCallback 0002  
              i2_EUSART1_DefaultFramingErrorCallback 172C                  _EUSART1_DefaultFramingErrorCallback 16E4  
                                           __ptext10 0F0C                                             __ptext11 0E4C  
                                           __ptext20 163C                                             __ptext12 0D8A  
                                           __ptext21 1470                                             __ptext13 0CC0  
                                         _T1GCONbits 0FCC                                             __ptext30 13D2  
                                           __ptext22 14A0                                             __ptext14 1572  
                                           __ptext31 15E8                                             __ptext23 143C  
                                           __ptext15 171A                                             __ptext40 16BA  
                                           __ptext32 1604                                             __ptext24 16FC  
                                           __ptext16 152A                                             __ptext41 16E4  
                                           __ptext33 1654                                             __ptext25 1706  
                                           __ptext17 1682                                             __ptext50 172C  
                                           __ptext42 16F0                                             __ptext34 16CA  
                                           __ptext26 1710                                             __ptext18 1318  
                                           __ptext51 172E                                             __ptext43 1696  
                                           __ptext35 1620                                             __ptext27 1278  
                                           __ptext19 1550                                             __ptext52 1064  
                                           __ptext44 139A                                             __ptext36 1500  
                                           __ptext28 15B0                                             __ptext37 166C  
                                           __ptext29 15CC                                             __ptext46 14D0  
                                           __ptext38 1192                                             __ptext47 0AC8  
                                           __ptext39 16AA                                             __ptext48 1720  
                                           __ptext49 1726                                  _EUSART2_AutoBaudSet 0000  
                           ??_TMR1_OverflowStatusGet 000A                                          _receiveBusy 004E  
                       _TMR1_DefaultOverflowCallback 0000                                             isa$xinst 0000  
                            _EUSART2_TransmitDisable 0000                              TMR1_CounterSet@timerVal 000A  
                                           int$flags 0001                   _EUSART2_RxCompleteInterruptHandler 008E  
                                           _vfprintf 12D4                   __end_of_INTERRUPT_InterruptManager 00B8  
                         _INTERRUPT_InterruptManager 0008                                            printf@fmt 00CB  
                                           main@mask 00D2                          _EUSART1_FramingErrorHandler 0086  
                       _INT1_DefaultInterruptHandler 0000                                    _receiveNewMessage 009E  
                                         _INTCONbits 0FF2                               ??_INTERRUPT_Initialize 000C  
                                           intlevel2 0000                                      _IRrecieveBuffer 0132  
                            ?_PIN_MANAGER_Initialize 0002                                           _RCSTA1bits 0FAB  
                                         _RCSTA2bits 0F71                           _EUSART2_TxInterruptHandler 009C  
                             _EUSART2_TransmitEnable 0000                                             printf@ap 0045  
                                        ??_vfpfcnvrt 0034                                   _eusart1RxLastError 0088  
                           __end_of_CLOCK_Initialize 16D8                     __end_of_INT1_SetInterruptHandler 1710  
      __end_ofi2_EUSART1_DefaultOverrunErrorCallback 1726          __end_of_EUSART1_DefaultOverrunErrorCallback 16BA  
              ??_EUSART1_DefaultOverrunErrorCallback 000A              ??i2_EUSART1_DefaultOverrunErrorCallback 0002  
             ?i2_EUSART1_DefaultOverrunErrorCallback 0002                 ?_EUSART1_DefaultOverrunErrorCallback 0002  
              i2_EUSART1_DefaultOverrunErrorCallback 1720                  _EUSART1_DefaultOverrunErrorCallback 16AA  
                                      ?_myEUSART2ISR 0002                                      _TMR1_CounterSet 1318  
                     __end_of_PIN_MANAGER_Initialize 14D0                                   _eusart2RxLastError 0092  
                                    _TMR1_Initialize 1470                             _TMR2_PeriodMatchCallback 00D5  
