

Microchip MPLAB XC8 Assembler V3.10 build 20250813170317 
                                                                                               Wed Nov  5 20:56:30 2025

Microchip MPLAB XC8 C Compiler v3.10 (Free license) build 20250813170317 Og1 
     1                           	processor	18F25K22
     2                           	fnconf	rparam,??,?,0
     3                           	pagewidth 120
     4                           	opt	flic
     5                           	psect	idataBANK0,global,class=CODE,space=0,delta=1,noexec
     6                           	psect	mediumconst,global,reloc=2,class=MEDIUMCONST,space=0,delta=1,noexec
     7                           	psect	nvBANK0,global,class=BANK0,space=1,delta=1,lowdata,noexec
     8                           	psect	cinit,global,reloc=2,class=CODE,space=0,delta=1
     9                           	psect	bssCOMRAM,global,class=COMRAM,space=1,delta=1,lowdata,noexec
    10                           	psect	bssBANK0,global,class=BANK0,space=1,delta=1,lowdata,noexec
    11                           	psect	dataBANK0,global,class=BANK0,space=1,delta=1,lowdata,noexec
    12                           	psect	bssBIGRAM,global,class=BIGRAM,space=1,delta=1,noexec
    13                           	psect	cstackBANK0,global,class=BANK0,space=1,delta=1,lowdata,noexec
    14                           	psect	cstackCOMRAM,global,class=COMRAM,space=1,delta=1,lowdata,noexec
    15                           	psect	text0,global,reloc=2,class=CODE,space=0,delta=1
    16                           	psect	text1,global,reloc=2,class=CODE,space=0,delta=1
    17                           	psect	text2,global,reloc=2,class=CODE,space=0,delta=1
    18                           	psect	text3,global,reloc=2,class=CODE,space=0,delta=1
    19                           	psect	text4,global,reloc=2,class=CODE,space=0,delta=1
    20                           	psect	text5,global,reloc=2,class=CODE,space=0,delta=1
    21                           	psect	text6,global,reloc=2,class=CODE,space=0,delta=1,group=3
    22                           	psect	text7,global,reloc=2,class=CODE,space=0,delta=1,group=1
    23                           	psect	text8,global,reloc=2,class=CODE,space=0,delta=1,group=1
    24                           	psect	text9,global,reloc=2,class=CODE,space=0,delta=1,group=1
    25                           	psect	text10,global,reloc=2,class=CODE,space=0,delta=1,group=1
    26                           	psect	text11,global,reloc=2,class=CODE,space=0,delta=1,group=2
    27                           	psect	text12,global,reloc=2,class=CODE,space=0,delta=1,group=2
    28                           	psect	text13,global,reloc=2,class=CODE,space=0,delta=1,group=1
    29                           	psect	text14,global,reloc=2,class=CODE,space=0,delta=1,group=1
    30                           	psect	text15,global,reloc=2,class=CODE,space=0,delta=1,group=1
    31                           	psect	text16,global,reloc=2,class=CODE,space=0,delta=1,group=3
    32                           	psect	text17,global,reloc=2,class=CODE,space=0,delta=1,group=3
    33                           	psect	text18,global,reloc=2,class=CODE,space=0,delta=1,group=2
    34                           	psect	text19,global,reloc=2,class=CODE,space=0,delta=1,group=2
    35                           	psect	text20,global,reloc=2,class=CODE,space=0,delta=1,group=1
    36                           	psect	text21,global,reloc=2,class=CODE,space=0,delta=1,group=3
    37                           	psect	text22,global,reloc=2,class=CODE,space=0,delta=1
    38                           	psect	text23,global,reloc=2,class=CODE,space=0,delta=1
    39                           	psect	text24,global,reloc=2,class=CODE,space=0,delta=1
    40                           	psect	text25,global,reloc=2,class=CODE,space=0,delta=1
    41                           	psect	text26,global,reloc=2,class=CODE,space=0,delta=1
    42                           	psect	text27,global,reloc=2,class=CODE,space=0,delta=1
    43                           	psect	text28,global,reloc=2,class=CODE,space=0,delta=1
    44                           	psect	text29,global,reloc=2,class=CODE,space=0,delta=1
    45                           	psect	text30,global,reloc=2,class=CODE,space=0,delta=1
    46                           	psect	text31,global,reloc=2,class=CODE,space=0,delta=1
    47                           	psect	text32,global,reloc=2,class=CODE,space=0,delta=1
    48                           	psect	text33,global,reloc=2,class=CODE,space=0,delta=1
    49                           	psect	text34,global,reloc=2,class=CODE,space=0,delta=1
    50                           	psect	text35,global,reloc=2,class=CODE,space=0,delta=1
    51                           	psect	text36,global,reloc=2,class=CODE,space=0,delta=1
    52                           	psect	text37,global,reloc=2,class=CODE,space=0,delta=1
    53                           	psect	text38,global,reloc=2,class=CODE,space=0,delta=1
    54                           	psect	text39,global,reloc=2,class=CODE,space=0,delta=1
    55                           	psect	text40,global,reloc=2,class=CODE,space=0,delta=1
    56                           	psect	text41,global,reloc=2,class=CODE,space=0,delta=1
    57                           	psect	text42,global,reloc=2,class=CODE,space=0,delta=1
    58                           	psect	text43,global,reloc=2,class=CODE,space=0,delta=1
    59                           	psect	text44,global,reloc=2,class=CODE,space=0,delta=1
    60                           	psect	text45,global,reloc=2,class=CODE,space=0,delta=1
    61                           	psect	text46,global,reloc=2,class=CODE,space=0,delta=1
    62                           	psect	text47,global,reloc=2,class=CODE,space=0,delta=1
    63                           	psect	text48,global,reloc=2,class=CODE,space=0,delta=1
    64                           	psect	text49,global,reloc=2,class=CODE,space=0,delta=1
    65                           	psect	text50,global,reloc=2,class=CODE,space=0,delta=1
    66                           	psect	intcode,global,reloc=2,class=CODE,space=0,delta=1
    67                           	psect	text52,global,reloc=2,class=CODE,space=0,delta=1
    68                           	psect	text53,global,reloc=2,class=CODE,space=0,delta=1
    69                           	psect	text54,global,reloc=2,class=CODE,space=0,delta=1
    70                           	psect	text55,global,reloc=2,class=CODE,space=0,delta=1
    71                           	psect	text56,global,reloc=2,class=CODE,space=0,delta=1
    72                           	psect	intsave_regs,global,class=BIGRAM,space=1,delta=1,noexec
    73                           	psect	rparam,global,class=COMRAM,space=1,delta=1,noexec
    74                           	psect	config,global,abs,ovrld,class=CONFIG,space=4,delta=1,noexec
    75                           	dabs	1,0x1,1
    76   000000                     
    77                           ; Generated 13/12/2024 GMT
    78                           ; 
    79                           ; Copyright © 2024, Microchip Technology Inc. and its subsidiaries ("Microchip")
    80                           ; All rights reserved.
    81                           ; 
    82                           ; This software is developed by Microchip Technology Inc. and its subsidiaries ("Microch
      +                          ip").
    83                           ; 
    84                           ; Redistribution and use in source and binary forms, with or without modification, are
    85                           ; permitted provided that the following conditions are met:
    86                           ; 
    87                           ;     1. Redistributions of source code must retain the above copyright notice, this lis
      +                          t of
    88                           ;        conditions and the following disclaimer.
    89                           ; 
    90                           ;     2. Redistributions in binary form must reproduce the above copyright notice, this 
      +                          list
    91                           ;        of conditions and the following disclaimer in the documentation and/or other
    92                           ;        materials provided with the distribution. Publication is not required when
    93                           ;        this file is used in an embedded application.
    94                           ; 
    95                           ;     3. Microchip's name may not be used to endorse or promote products derived from th
      +                          is
    96                           ;        software without specific prior written permission.
    97                           ; 
    98                           ; THIS SOFTWARE IS PROVIDED BY MICROCHIP "AS IS" AND ANY EXPRESS OR IMPLIED WARRANTIES,
    99                           ; INCLUDING, BUT NOT LIMITED TO, THE IMPLIED WARRANTIES OF MERCHANTABILITY AND FITNESS F
      +                          OR
   100                           ; PURPOSE ARE DISCLAIMED.  IN NO EVENT SHALL MICROCHIP BE LIABLE FOR ANY DIRECT, INDIREC
      +                          T,
   101                           ; INCIDENTAL, SPECIAL, EXEMPLARY, OR CONSEQUENTIAL DAMAGES (INCLUDING BUT NOT LIMITED TO
   102                           ; PROCUREMENT OF SUBSTITUTE GOODS OR SERVICES; LOSS OF USE, DATA OR PROFITS; OR BUSINESS
   103                           ; INTERRUPTION) HOWSOEVER CAUSED AND ON ANY THEORY OF LIABILITY, WHETHER IN CONTRACT, ST
      +                          RICT
   104                           ; LIABILITY, OR TORT (INCLUDING NEGLIGENCE OR OTHERWISE) ARISING IN ANY WAY OUT OF THE U
      +                          SE OF
   105                           ; THIS SOFTWARE, EVEN IF ADVISED OF THE POSSIBILITY OF SUCH DAMAGE.
   106                           ; 
   107                           ; 
   108                           ; Code-generator required, PIC18F25K22 Definitions
   109                           ; 
   110                           ; SFR Addresses
   111   000FE0                     bsr             equ	4064
   112   000FE9                     fsr0            equ	4073
   113   000FEA                     fsr0h           equ	4074
   114   000FE9                     fsr0l           equ	4073
   115   000FE1                     fsr1            equ	4065
   116   000FE2                     fsr1h           equ	4066
   117   000FE1                     fsr1l           equ	4065
   118   000FD9                     fsr2            equ	4057
   119   000FDA                     fsr2h           equ	4058
   120   000FD9                     fsr2l           equ	4057
   121   000FEF                     indf0           equ	4079
   122   000FE7                     indf1           equ	4071
   123   000FDF                     indf2           equ	4063
   124   000FF2                     intcon          equ	4082
   125   000000                     nvmcon          equ	0
   126   000FF9                     pcl             equ	4089
   127   000FFA                     pclath          equ	4090
   128   000FFB                     pclatu          equ	4091
   129   000FEB                     plusw0          equ	4075
   130   000FE3                     plusw1          equ	4067
   131   000FDB                     plusw2          equ	4059
   132   000FED                     postdec0        equ	4077
   133   000FE5                     postdec1        equ	4069
   134   000FDD                     postdec2        equ	4061
   135   000FEE                     postinc0        equ	4078
   136   000FE6                     postinc1        equ	4070
   137   000FDE                     postinc2        equ	4062
   138   000FEC                     preinc0         equ	4076
   139   000FE4                     preinc1         equ	4068
   140   000FDC                     preinc2         equ	4060
   141   000FF3                     prod            equ	4083
   142   000FF4                     prodh           equ	4084
   143   000FF3                     prodl           equ	4083
   144   000FD8                     status          equ	4056
   145   000FF5                     tablat          equ	4085
   146   000FF6                     tblptr          equ	4086
   147   000FF7                     tblptrh         equ	4087
   148   000FF6                     tblptrl         equ	4086
   149   000FF8                     tblptru         equ	4088
   150   000FFD                     tosl            equ	4093
   151   000FE8                     wreg            equ	4072
   152   000F38                     ANSELA          equ	3896	;# 
   153   000F39                     ANSELB          equ	3897	;# 
   154   000F3A                     ANSELC          equ	3898	;# 
   155   000F3D                     PMD2            equ	3901	;# 
   156   000F3E                     PMD1            equ	3902	;# 
   157   000F3F                     PMD0            equ	3903	;# 
   158   000F40                     VREFCON2        equ	3904	;# 
   159   000F40                     DACCON1         equ	3904	;# 
   160   000F41                     VREFCON1        equ	3905	;# 
   161   000F41                     DACCON0         equ	3905	;# 
   162   000F42                     VREFCON0        equ	3906	;# 
   163   000F42                     FVRCON          equ	3906	;# 
   164   000F43                     CTMUICON        equ	3907	;# 
   165   000F43                     CTMUICONH       equ	3907	;# 
   166   000F44                     CTMUCONL        equ	3908	;# 
   167   000F44                     CTMUCON1        equ	3908	;# 
   168   000F45                     CTMUCONH        equ	3909	;# 
   169   000F45                     CTMUCON0        equ	3909	;# 
   170   000F46                     SRCON1          equ	3910	;# 
   171   000F47                     SRCON0          equ	3911	;# 
   172   000F48                     CCPTMRS1        equ	3912	;# 
   173   000F49                     CCPTMRS0        equ	3913	;# 
   174   000F4A                     T6CON           equ	3914	;# 
   175   000F4B                     PR6             equ	3915	;# 
   176   000F4C                     TMR6            equ	3916	;# 
   177   000F4D                     T5GCON          equ	3917	;# 
   178   000F4E                     T5CON           equ	3918	;# 
   179   000F4F                     TMR5            equ	3919	;# 
   180   000F4F                     TMR5L           equ	3919	;# 
   181   000F50                     TMR5H           equ	3920	;# 
   182   000F51                     T4CON           equ	3921	;# 
   183   000F52                     PR4             equ	3922	;# 
   184   000F53                     TMR4            equ	3923	;# 
   185   000F54                     CCP5CON         equ	3924	;# 
   186   000F55                     CCPR5           equ	3925	;# 
   187   000F55                     CCPR5L          equ	3925	;# 
   188   000F56                     CCPR5H          equ	3926	;# 
   189   000F57                     CCP4CON         equ	3927	;# 
   190   000F58                     CCPR4           equ	3928	;# 
   191   000F58                     CCPR4L          equ	3928	;# 
   192   000F59                     CCPR4H          equ	3929	;# 
   193   000F5A                     PSTR3CON        equ	3930	;# 
   194   000F5B                     ECCP3AS         equ	3931	;# 
   195   000F5B                     CCP3AS          equ	3931	;# 
   196   000F5C                     PWM3CON         equ	3932	;# 
   197   000F5D                     CCP3CON         equ	3933	;# 
   198   000F5E                     CCPR3           equ	3934	;# 
   199   000F5E                     CCPR3L          equ	3934	;# 
   200   000F5F                     CCPR3H          equ	3935	;# 
   201   000F60                     SLRCON          equ	3936	;# 
   202   000F61                     WPUB            equ	3937	;# 
   203   000F62                     IOCB            equ	3938	;# 
   204   000F63                     PSTR2CON        equ	3939	;# 
   205   000F64                     ECCP2AS         equ	3940	;# 
   206   000F64                     CCP2AS          equ	3940	;# 
   207   000F65                     PWM2CON         equ	3941	;# 
   208   000F66                     CCP2CON         equ	3942	;# 
   209   000F67                     CCPR2           equ	3943	;# 
   210   000F67                     CCPR2L          equ	3943	;# 
   211   000F68                     CCPR2H          equ	3944	;# 
   212   000F69                     SSP2CON3        equ	3945	;# 
   213   000F6A                     SSP2MSK         equ	3946	;# 
   214   000F6B                     SSP2CON2        equ	3947	;# 
   215   000F6C                     SSP2CON1        equ	3948	;# 
   216   000F6D                     SSP2STAT        equ	3949	;# 
   217   000F6E                     SSP2ADD         equ	3950	;# 
   218   000F6F                     SSP2BUF         equ	3951	;# 
   219   000F70                     BAUDCON2        equ	3952	;# 
   220   000F70                     BAUD2CON        equ	3952	;# 
   221   000F71                     RCSTA2          equ	3953	;# 
   222   000F71                     RC2STA          equ	3953	;# 
   223   000F72                     TXSTA2          equ	3954	;# 
   224   000F72                     TX2STA          equ	3954	;# 
   225   000F73                     TXREG2          equ	3955	;# 
   226   000F73                     TX2REG          equ	3955	;# 
   227   000F74                     RCREG2          equ	3956	;# 
   228   000F74                     RC2REG          equ	3956	;# 
   229   000F75                     SPBRG2          equ	3957	;# 
   230   000F75                     SP2BRG          equ	3957	;# 
   231   000F76                     SPBRGH2         equ	3958	;# 
   232   000F76                     SP2BRGH         equ	3958	;# 
   233   000F77                     CM2CON1         equ	3959	;# 
   234   000F77                     CM12CON         equ	3959	;# 
   235   000F78                     CM2CON0         equ	3960	;# 
   236   000F78                     CM2CON          equ	3960	;# 
   237   000F79                     CM1CON0         equ	3961	;# 
   238   000F79                     CM1CON          equ	3961	;# 
   239   000F7A                     PIE4            equ	3962	;# 
   240   000F7B                     PIR4            equ	3963	;# 
   241   000F7C                     IPR4            equ	3964	;# 
   242   000F7D                     PIE5            equ	3965	;# 
   243   000F7E                     PIR5            equ	3966	;# 
   244   000F7F                     IPR5            equ	3967	;# 
   245   000F80                     PORTA           equ	3968	;# 
   246   000F81                     PORTB           equ	3969	;# 
   247   000F82                     PORTC           equ	3970	;# 
   248   000F84                     PORTE           equ	3972	;# 
   249   000F89                     LATA            equ	3977	;# 
   250   000F8A                     LATB            equ	3978	;# 
   251   000F8B                     LATC            equ	3979	;# 
   252   000F92                     TRISA           equ	3986	;# 
   253   000F92                     DDRA            equ	3986	;# 
   254   000F93                     TRISB           equ	3987	;# 
   255   000F93                     DDRB            equ	3987	;# 
   256   000F94                     TRISC           equ	3988	;# 
   257   000F94                     DDRC            equ	3988	;# 
   258   000F96                     TRISE           equ	3990	;# 
   259   000F9B                     OSCTUNE         equ	3995	;# 
   260   000F9C                     HLVDCON         equ	3996	;# 
   261   000F9C                     LVDCON          equ	3996	;# 
   262   000F9D                     PIE1            equ	3997	;# 
   263   000F9E                     PIR1            equ	3998	;# 
   264   000F9F                     IPR1            equ	3999	;# 
   265   000FA0                     PIE2            equ	4000	;# 
   266   000FA1                     PIR2            equ	4001	;# 
   267   000FA2                     IPR2            equ	4002	;# 
   268   000FA3                     PIE3            equ	4003	;# 
   269   000FA4                     PIR3            equ	4004	;# 
   270   000FA5                     IPR3            equ	4005	;# 
   271   000FA6                     EECON1          equ	4006	;# 
   272   000FA7                     EECON2          equ	4007	;# 
   273   000FA8                     EEDATA          equ	4008	;# 
   274   000FA9                     EEADR           equ	4009	;# 
   275   000FAB                     RCSTA1          equ	4011	;# 
   276   000FAB                     RCSTA           equ	4011	;# 
   277   000FAB                     RC1STA          equ	4011	;# 
   278   000FAC                     TXSTA1          equ	4012	;# 
   279   000FAC                     TXSTA           equ	4012	;# 
   280   000FAC                     TX1STA          equ	4012	;# 
   281   000FAD                     TXREG1          equ	4013	;# 
   282   000FAD                     TXREG           equ	4013	;# 
   283   000FAD                     TX1REG          equ	4013	;# 
   284   000FAE                     RCREG1          equ	4014	;# 
   285   000FAE                     RCREG           equ	4014	;# 
   286   000FAE                     RC1REG          equ	4014	;# 
   287   000FAF                     SPBRG1          equ	4015	;# 
   288   000FAF                     SPBRG           equ	4015	;# 
   289   000FAF                     SP1BRG          equ	4015	;# 
   290   000FB0                     SPBRGH1         equ	4016	;# 
   291   000FB0                     SPBRGH          equ	4016	;# 
   292   000FB0                     SP1BRGH         equ	4016	;# 
   293   000FB1                     T3CON           equ	4017	;# 
   294   000FB2                     TMR3            equ	4018	;# 
   295   000FB2                     TMR3L           equ	4018	;# 
   296   000FB3                     TMR3H           equ	4019	;# 
   297   000FB4                     T3GCON          equ	4020	;# 
   298   000FB6                     ECCP1AS         equ	4022	;# 
   299   000FB6                     ECCPAS          equ	4022	;# 
   300   000FB7                     PWM1CON         equ	4023	;# 
   301   000FB7                     PWMCON          equ	4023	;# 
   302   000FB8                     BAUDCON1        equ	4024	;# 
   303   000FB8                     BAUDCON         equ	4024	;# 
   304   000FB8                     BAUDCTL         equ	4024	;# 
   305   000FB8                     BAUD1CON        equ	4024	;# 
   306   000FB9                     PSTR1CON        equ	4025	;# 
   307   000FB9                     PSTRCON         equ	4025	;# 
   308   000FBA                     T2CON           equ	4026	;# 
   309   000FBB                     PR2             equ	4027	;# 
   310   000FBC                     TMR2            equ	4028	;# 
   311   000FBD                     CCP1CON         equ	4029	;# 
   312   000FBE                     CCPR1           equ	4030	;# 
   313   000FBE                     CCPR1L          equ	4030	;# 
   314   000FBF                     CCPR1H          equ	4031	;# 
   315   000FC0                     ADCON2          equ	4032	;# 
   316   000FC1                     ADCON1          equ	4033	;# 
   317   000FC2                     ADCON0          equ	4034	;# 
   318   000FC3                     ADRES           equ	4035	;# 
   319   000FC3                     ADRESL          equ	4035	;# 
   320   000FC4                     ADRESH          equ	4036	;# 
   321   000FC5                     SSP1CON2        equ	4037	;# 
   322   000FC5                     SSPCON2         equ	4037	;# 
   323   000FC6                     SSP1CON1        equ	4038	;# 
   324   000FC6                     SSPCON1         equ	4038	;# 
   325   000FC7                     SSP1STAT        equ	4039	;# 
   326   000FC7                     SSPSTAT         equ	4039	;# 
   327   000FC8                     SSP1ADD         equ	4040	;# 
   328   000FC8                     SSPADD          equ	4040	;# 
   329   000FC9                     SSP1BUF         equ	4041	;# 
   330   000FC9                     SSPBUF          equ	4041	;# 
   331   000FCA                     SSP1MSK         equ	4042	;# 
   332   000FCA                     SSPMSK          equ	4042	;# 
   333   000FCB                     SSP1CON3        equ	4043	;# 
   334   000FCB                     SSPCON3         equ	4043	;# 
   335   000FCC                     T1GCON          equ	4044	;# 
   336   000FCD                     T1CON           equ	4045	;# 
   337   000FCE                     TMR1            equ	4046	;# 
   338   000FCE                     TMR1L           equ	4046	;# 
   339   000FCF                     TMR1H           equ	4047	;# 
   340   000FD0                     RCON            equ	4048	;# 
   341   000FD1                     WDTCON          equ	4049	;# 
   342   000FD2                     OSCCON2         equ	4050	;# 
   343   000FD3                     OSCCON          equ	4051	;# 
   344   000FD5                     T0CON           equ	4053	;# 
   345   000FD6                     TMR0            equ	4054	;# 
   346   000FD6                     TMR0L           equ	4054	;# 
   347   000FD7                     TMR0H           equ	4055	;# 
   348   000FD8                     STATUS          equ	4056	;# 
   349   000FD9                     FSR2            equ	4057	;# 
   350   000FD9                     FSR2L           equ	4057	;# 
   351   000FDA                     FSR2H           equ	4058	;# 
   352   000FDB                     PLUSW2          equ	4059	;# 
   353   000FDC                     PREINC2         equ	4060	;# 
   354   000FDD                     POSTDEC2        equ	4061	;# 
   355   000FDE                     POSTINC2        equ	4062	;# 
   356   000FDF                     INDF2           equ	4063	;# 
   357   000FE0                     BSR             equ	4064	;# 
   358   000FE1                     FSR1            equ	4065	;# 
   359   000FE1                     FSR1L           equ	4065	;# 
   360   000FE2                     FSR1H           equ	4066	;# 
   361   000FE3                     PLUSW1          equ	4067	;# 
   362   000FE4                     PREINC1         equ	4068	;# 
   363   000FE5                     POSTDEC1        equ	4069	;# 
   364   000FE6                     POSTINC1        equ	4070	;# 
   365   000FE7                     INDF1           equ	4071	;# 
   366   000FE8                     WREG            equ	4072	;# 
   367   000FE9                     FSR0            equ	4073	;# 
   368   000FE9                     FSR0L           equ	4073	;# 
   369   000FEA                     FSR0H           equ	4074	;# 
   370   000FEB                     PLUSW0          equ	4075	;# 
   371   000FEC                     PREINC0         equ	4076	;# 
   372   000FED                     POSTDEC0        equ	4077	;# 
   373   000FEE                     POSTINC0        equ	4078	;# 
   374   000FEF                     INDF0           equ	4079	;# 
   375   000FF0                     INTCON3         equ	4080	;# 
   376   000FF1                     INTCON2         equ	4081	;# 
   377   000FF2                     INTCON          equ	4082	;# 
   378   000FF3                     PROD            equ	4083	;# 
   379   000FF3                     PRODL           equ	4083	;# 
   380   000FF4                     PRODH           equ	4084	;# 
   381   000FF5                     TABLAT          equ	4085	;# 
   382   000FF6                     TBLPTR          equ	4086	;# 
   383   000FF6                     TBLPTRL         equ	4086	;# 
   384   000FF7                     TBLPTRH         equ	4087	;# 
   385   000FF8                     TBLPTRU         equ	4088	;# 
   386   000FF9                     PCLAT           equ	4089	;# 
   387   000FF9                     PC              equ	4089	;# 
   388   000FF9                     PCL             equ	4089	;# 
   389   000FFA                     PCLATH          equ	4090	;# 
   390   000FFB                     PCLATU          equ	4091	;# 
   391   000FFC                     STKPTR          equ	4092	;# 
   392   000FFD                     TOS             equ	4093	;# 
   393   000FFD                     TOSL            equ	4093	;# 
   394   000FFE                     TOSH            equ	4094	;# 
   395   000FFF                     TOSU            equ	4095	;# 
   396   000F38                     ANSELA          equ	3896	;# 
   397   000F39                     ANSELB          equ	3897	;# 
   398   000F3A                     ANSELC          equ	3898	;# 
   399   000F3D                     PMD2            equ	3901	;# 
   400   000F3E                     PMD1            equ	3902	;# 
   401   000F3F                     PMD0            equ	3903	;# 
   402   000F40                     VREFCON2        equ	3904	;# 
   403   000F40                     DACCON1         equ	3904	;# 
   404   000F41                     VREFCON1        equ	3905	;# 
   405   000F41                     DACCON0         equ	3905	;# 
   406   000F42                     VREFCON0        equ	3906	;# 
   407   000F42                     FVRCON          equ	3906	;# 
   408   000F43                     CTMUICON        equ	3907	;# 
   409   000F43                     CTMUICONH       equ	3907	;# 
   410   000F44                     CTMUCONL        equ	3908	;# 
   411   000F44                     CTMUCON1        equ	3908	;# 
   412   000F45                     CTMUCONH        equ	3909	;# 
   413   000F45                     CTMUCON0        equ	3909	;# 
   414   000F46                     SRCON1          equ	3910	;# 
   415   000F47                     SRCON0          equ	3911	;# 
   416   000F48                     CCPTMRS1        equ	3912	;# 
   417   000F49                     CCPTMRS0        equ	3913	;# 
   418   000F4A                     T6CON           equ	3914	;# 
   419   000F4B                     PR6             equ	3915	;# 
   420   000F4C                     TMR6            equ	3916	;# 
   421   000F4D                     T5GCON          equ	3917	;# 
   422   000F4E                     T5CON           equ	3918	;# 
   423   000F4F                     TMR5            equ	3919	;# 
   424   000F4F                     TMR5L           equ	3919	;# 
   425   000F50                     TMR5H           equ	3920	;# 
   426   000F51                     T4CON           equ	3921	;# 
   427   000F52                     PR4             equ	3922	;# 
   428   000F53                     TMR4            equ	3923	;# 
   429   000F54                     CCP5CON         equ	3924	;# 
   430   000F55                     CCPR5           equ	3925	;# 
   431   000F55                     CCPR5L          equ	3925	;# 
   432   000F56                     CCPR5H          equ	3926	;# 
   433   000F57                     CCP4CON         equ	3927	;# 
   434   000F58                     CCPR4           equ	3928	;# 
   435   000F58                     CCPR4L          equ	3928	;# 
   436   000F59                     CCPR4H          equ	3929	;# 
   437   000F5A                     PSTR3CON        equ	3930	;# 
   438   000F5B                     ECCP3AS         equ	3931	;# 
   439   000F5B                     CCP3AS          equ	3931	;# 
   440   000F5C                     PWM3CON         equ	3932	;# 
   441   000F5D                     CCP3CON         equ	3933	;# 
   442   000F5E                     CCPR3           equ	3934	;# 
   443   000F5E                     CCPR3L          equ	3934	;# 
   444   000F5F                     CCPR3H          equ	3935	;# 
   445   000F60                     SLRCON          equ	3936	;# 
   446   000F61                     WPUB            equ	3937	;# 
   447   000F62                     IOCB            equ	3938	;# 
   448   000F63                     PSTR2CON        equ	3939	;# 
   449   000F64                     ECCP2AS         equ	3940	;# 
   450   000F64                     CCP2AS          equ	3940	;# 
   451   000F65                     PWM2CON         equ	3941	;# 
   452   000F66                     CCP2CON         equ	3942	;# 
   453   000F67                     CCPR2           equ	3943	;# 
   454   000F67                     CCPR2L          equ	3943	;# 
   455   000F68                     CCPR2H          equ	3944	;# 
   456   000F69                     SSP2CON3        equ	3945	;# 
   457   000F6A                     SSP2MSK         equ	3946	;# 
   458   000F6B                     SSP2CON2        equ	3947	;# 
   459   000F6C                     SSP2CON1        equ	3948	;# 
   460   000F6D                     SSP2STAT        equ	3949	;# 
   461   000F6E                     SSP2ADD         equ	3950	;# 
   462   000F6F                     SSP2BUF         equ	3951	;# 
   463   000F70                     BAUDCON2        equ	3952	;# 
   464   000F70                     BAUD2CON        equ	3952	;# 
   465   000F71                     RCSTA2          equ	3953	;# 
   466   000F71                     RC2STA          equ	3953	;# 
   467   000F72                     TXSTA2          equ	3954	;# 
   468   000F72                     TX2STA          equ	3954	;# 
   469   000F73                     TXREG2          equ	3955	;# 
   470   000F73                     TX2REG          equ	3955	;# 
   471   000F74                     RCREG2          equ	3956	;# 
   472   000F74                     RC2REG          equ	3956	;# 
   473   000F75                     SPBRG2          equ	3957	;# 
   474   000F75                     SP2BRG          equ	3957	;# 
   475   000F76                     SPBRGH2         equ	3958	;# 
   476   000F76                     SP2BRGH         equ	3958	;# 
   477   000F77                     CM2CON1         equ	3959	;# 
   478   000F77                     CM12CON         equ	3959	;# 
   479   000F78                     CM2CON0         equ	3960	;# 
   480   000F78                     CM2CON          equ	3960	;# 
   481   000F79                     CM1CON0         equ	3961	;# 
   482   000F79                     CM1CON          equ	3961	;# 
   483   000F7A                     PIE4            equ	3962	;# 
   484   000F7B                     PIR4            equ	3963	;# 
   485   000F7C                     IPR4            equ	3964	;# 
   486   000F7D                     PIE5            equ	3965	;# 
   487   000F7E                     PIR5            equ	3966	;# 
   488   000F7F                     IPR5            equ	3967	;# 
   489   000F80                     PORTA           equ	3968	;# 
   490   000F81                     PORTB           equ	3969	;# 
   491   000F82                     PORTC           equ	3970	;# 
   492   000F84                     PORTE           equ	3972	;# 
   493   000F89                     LATA            equ	3977	;# 
   494   000F8A                     LATB            equ	3978	;# 
   495   000F8B                     LATC            equ	3979	;# 
   496   000F92                     TRISA           equ	3986	;# 
   497   000F92                     DDRA            equ	3986	;# 
   498   000F93                     TRISB           equ	3987	;# 
   499   000F93                     DDRB            equ	3987	;# 
   500   000F94                     TRISC           equ	3988	;# 
   501   000F94                     DDRC            equ	3988	;# 
   502   000F96                     TRISE           equ	3990	;# 
   503   000F9B                     OSCTUNE         equ	3995	;# 
   504   000F9C                     HLVDCON         equ	3996	;# 
   505   000F9C                     LVDCON          equ	3996	;# 
   506   000F9D                     PIE1            equ	3997	;# 
   507   000F9E                     PIR1            equ	3998	;# 
   508   000F9F                     IPR1            equ	3999	;# 
   509   000FA0                     PIE2            equ	4000	;# 
   510   000FA1                     PIR2            equ	4001	;# 
   511   000FA2                     IPR2            equ	4002	;# 
   512   000FA3                     PIE3            equ	4003	;# 
   513   000FA4                     PIR3            equ	4004	;# 
   514   000FA5                     IPR3            equ	4005	;# 
   515   000FA6                     EECON1          equ	4006	;# 
   516   000FA7                     EECON2          equ	4007	;# 
   517   000FA8                     EEDATA          equ	4008	;# 
   518   000FA9                     EEADR           equ	4009	;# 
   519   000FAB                     RCSTA1          equ	4011	;# 
   520   000FAB                     RCSTA           equ	4011	;# 
   521   000FAB                     RC1STA          equ	4011	;# 
   522   000FAC                     TXSTA1          equ	4012	;# 
   523   000FAC                     TXSTA           equ	4012	;# 
   524   000FAC                     TX1STA          equ	4012	;# 
   525   000FAD                     TXREG1          equ	4013	;# 
   526   000FAD                     TXREG           equ	4013	;# 
   527   000FAD                     TX1REG          equ	4013	;# 
   528   000FAE                     RCREG1          equ	4014	;# 
   529   000FAE                     RCREG           equ	4014	;# 
   530   000FAE                     RC1REG          equ	4014	;# 
   531   000FAF                     SPBRG1          equ	4015	;# 
   532   000FAF                     SPBRG           equ	4015	;# 
   533   000FAF                     SP1BRG          equ	4015	;# 
   534   000FB0                     SPBRGH1         equ	4016	;# 
   535   000FB0                     SPBRGH          equ	4016	;# 
   536   000FB0                     SP1BRGH         equ	4016	;# 
   537   000FB1                     T3CON           equ	4017	;# 
   538   000FB2                     TMR3            equ	4018	;# 
   539   000FB2                     TMR3L           equ	4018	;# 
   540   000FB3                     TMR3H           equ	4019	;# 
   541   000FB4                     T3GCON          equ	4020	;# 
   542   000FB6                     ECCP1AS         equ	4022	;# 
   543   000FB6                     ECCPAS          equ	4022	;# 
   544   000FB7                     PWM1CON         equ	4023	;# 
   545   000FB7                     PWMCON          equ	4023	;# 
   546   000FB8                     BAUDCON1        equ	4024	;# 
   547   000FB8                     BAUDCON         equ	4024	;# 
   548   000FB8                     BAUDCTL         equ	4024	;# 
   549   000FB8                     BAUD1CON        equ	4024	;# 
   550   000FB9                     PSTR1CON        equ	4025	;# 
   551   000FB9                     PSTRCON         equ	4025	;# 
   552   000FBA                     T2CON           equ	4026	;# 
   553   000FBB                     PR2             equ	4027	;# 
   554   000FBC                     TMR2            equ	4028	;# 
   555   000FBD                     CCP1CON         equ	4029	;# 
   556   000FBE                     CCPR1           equ	4030	;# 
   557   000FBE                     CCPR1L          equ	4030	;# 
   558   000FBF                     CCPR1H          equ	4031	;# 
   559   000FC0                     ADCON2          equ	4032	;# 
   560   000FC1                     ADCON1          equ	4033	;# 
   561   000FC2                     ADCON0          equ	4034	;# 
   562   000FC3                     ADRES           equ	4035	;# 
   563   000FC3                     ADRESL          equ	4035	;# 
   564   000FC4                     ADRESH          equ	4036	;# 
   565   000FC5                     SSP1CON2        equ	4037	;# 
   566   000FC5                     SSPCON2         equ	4037	;# 
   567   000FC6                     SSP1CON1        equ	4038	;# 
   568   000FC6                     SSPCON1         equ	4038	;# 
   569   000FC7                     SSP1STAT        equ	4039	;# 
   570   000FC7                     SSPSTAT         equ	4039	;# 
   571   000FC8                     SSP1ADD         equ	4040	;# 
   572   000FC8                     SSPADD          equ	4040	;# 
   573   000FC9                     SSP1BUF         equ	4041	;# 
   574   000FC9                     SSPBUF          equ	4041	;# 
   575   000FCA                     SSP1MSK         equ	4042	;# 
   576   000FCA                     SSPMSK          equ	4042	;# 
   577   000FCB                     SSP1CON3        equ	4043	;# 
   578   000FCB                     SSPCON3         equ	4043	;# 
   579   000FCC                     T1GCON          equ	4044	;# 
   580   000FCD                     T1CON           equ	4045	;# 
   581   000FCE                     TMR1            equ	4046	;# 
   582   000FCE                     TMR1L           equ	4046	;# 
   583   000FCF                     TMR1H           equ	4047	;# 
   584   000FD0                     RCON            equ	4048	;# 
   585   000FD1                     WDTCON          equ	4049	;# 
   586   000FD2                     OSCCON2         equ	4050	;# 
   587   000FD3                     OSCCON          equ	4051	;# 
   588   000FD5                     T0CON           equ	4053	;# 
   589   000FD6                     TMR0            equ	4054	;# 
   590   000FD6                     TMR0L           equ	4054	;# 
   591   000FD7                     TMR0H           equ	4055	;# 
   592   000FD8                     STATUS          equ	4056	;# 
   593   000FD9                     FSR2            equ	4057	;# 
   594   000FD9                     FSR2L           equ	4057	;# 
   595   000FDA                     FSR2H           equ	4058	;# 
   596   000FDB                     PLUSW2          equ	4059	;# 
   597   000FDC                     PREINC2         equ	4060	;# 
   598   000FDD                     POSTDEC2        equ	4061	;# 
   599   000FDE                     POSTINC2        equ	4062	;# 
   600   000FDF                     INDF2           equ	4063	;# 
   601   000FE0                     BSR             equ	4064	;# 
   602   000FE1                     FSR1            equ	4065	;# 
   603   000FE1                     FSR1L           equ	4065	;# 
   604   000FE2                     FSR1H           equ	4066	;# 
   605   000FE3                     PLUSW1          equ	4067	;# 
   606   000FE4                     PREINC1         equ	4068	;# 
   607   000FE5                     POSTDEC1        equ	4069	;# 
   608   000FE6                     POSTINC1        equ	4070	;# 
   609   000FE7                     INDF1           equ	4071	;# 
   610   000FE8                     WREG            equ	4072	;# 
   611   000FE9                     FSR0            equ	4073	;# 
   612   000FE9                     FSR0L           equ	4073	;# 
   613   000FEA                     FSR0H           equ	4074	;# 
   614   000FEB                     PLUSW0          equ	4075	;# 
   615   000FEC                     PREINC0         equ	4076	;# 
   616   000FED                     POSTDEC0        equ	4077	;# 
   617   000FEE                     POSTINC0        equ	4078	;# 
   618   000FEF                     INDF0           equ	4079	;# 
   619   000FF0                     INTCON3         equ	4080	;# 
   620   000FF1                     INTCON2         equ	4081	;# 
   621   000FF2                     INTCON          equ	4082	;# 
   622   000FF3                     PROD            equ	4083	;# 
   623   000FF3                     PRODL           equ	4083	;# 
   624   000FF4                     PRODH           equ	4084	;# 
   625   000FF5                     TABLAT          equ	4085	;# 
   626   000FF6                     TBLPTR          equ	4086	;# 
   627   000FF6                     TBLPTRL         equ	4086	;# 
   628   000FF7                     TBLPTRH         equ	4087	;# 
   629   000FF8                     TBLPTRU         equ	4088	;# 
   630   000FF9                     PCLAT           equ	4089	;# 
   631   000FF9                     PC              equ	4089	;# 
   632   000FF9                     PCL             equ	4089	;# 
   633   000FFA                     PCLATH          equ	4090	;# 
   634   000FFB                     PCLATU          equ	4091	;# 
   635   000FFC                     STKPTR          equ	4092	;# 
   636   000FFD                     TOS             equ	4093	;# 
   637   000FFD                     TOSL            equ	4093	;# 
   638   000FFE                     TOSH            equ	4094	;# 
   639   000FFF                     TOSU            equ	4095	;# 
   640   000F38                     ANSELA          equ	3896	;# 
   641   000F39                     ANSELB          equ	3897	;# 
   642   000F3A                     ANSELC          equ	3898	;# 
   643   000F3D                     PMD2            equ	3901	;# 
   644   000F3E                     PMD1            equ	3902	;# 
   645   000F3F                     PMD0            equ	3903	;# 
   646   000F40                     VREFCON2        equ	3904	;# 
   647   000F40                     DACCON1         equ	3904	;# 
   648   000F41                     VREFCON1        equ	3905	;# 
   649   000F41                     DACCON0         equ	3905	;# 
   650   000F42                     VREFCON0        equ	3906	;# 
   651   000F42                     FVRCON          equ	3906	;# 
   652   000F43                     CTMUICON        equ	3907	;# 
   653   000F43                     CTMUICONH       equ	3907	;# 
   654   000F44                     CTMUCONL        equ	3908	;# 
   655   000F44                     CTMUCON1        equ	3908	;# 
   656   000F45                     CTMUCONH        equ	3909	;# 
   657   000F45                     CTMUCON0        equ	3909	;# 
   658   000F46                     SRCON1          equ	3910	;# 
   659   000F47                     SRCON0          equ	3911	;# 
   660   000F48                     CCPTMRS1        equ	3912	;# 
   661   000F49                     CCPTMRS0        equ	3913	;# 
   662   000F4A                     T6CON           equ	3914	;# 
   663   000F4B                     PR6             equ	3915	;# 
   664   000F4C                     TMR6            equ	3916	;# 
   665   000F4D                     T5GCON          equ	3917	;# 
   666   000F4E                     T5CON           equ	3918	;# 
   667   000F4F                     TMR5            equ	3919	;# 
   668   000F4F                     TMR5L           equ	3919	;# 
   669   000F50                     TMR5H           equ	3920	;# 
   670   000F51                     T4CON           equ	3921	;# 
   671   000F52                     PR4             equ	3922	;# 
   672   000F53                     TMR4            equ	3923	;# 
   673   000F54                     CCP5CON         equ	3924	;# 
   674   000F55                     CCPR5           equ	3925	;# 
   675   000F55                     CCPR5L          equ	3925	;# 
   676   000F56                     CCPR5H          equ	3926	;# 
   677   000F57                     CCP4CON         equ	3927	;# 
   678   000F58                     CCPR4           equ	3928	;# 
   679   000F58                     CCPR4L          equ	3928	;# 
   680   000F59                     CCPR4H          equ	3929	;# 
   681   000F5A                     PSTR3CON        equ	3930	;# 
   682   000F5B                     ECCP3AS         equ	3931	;# 
   683   000F5B                     CCP3AS          equ	3931	;# 
   684   000F5C                     PWM3CON         equ	3932	;# 
   685   000F5D                     CCP3CON         equ	3933	;# 
   686   000F5E                     CCPR3           equ	3934	;# 
   687   000F5E                     CCPR3L          equ	3934	;# 
   688   000F5F                     CCPR3H          equ	3935	;# 
   689   000F60                     SLRCON          equ	3936	;# 
   690   000F61                     WPUB            equ	3937	;# 
   691   000F62                     IOCB            equ	3938	;# 
   692   000F63                     PSTR2CON        equ	3939	;# 
   693   000F64                     ECCP2AS         equ	3940	;# 
   694   000F64                     CCP2AS          equ	3940	;# 
   695   000F65                     PWM2CON         equ	3941	;# 
   696   000F66                     CCP2CON         equ	3942	;# 
   697   000F67                     CCPR2           equ	3943	;# 
   698   000F67                     CCPR2L          equ	3943	;# 
   699   000F68                     CCPR2H          equ	3944	;# 
   700   000F69                     SSP2CON3        equ	3945	;# 
   701   000F6A                     SSP2MSK         equ	3946	;# 
   702   000F6B                     SSP2CON2        equ	3947	;# 
   703   000F6C                     SSP2CON1        equ	3948	;# 
   704   000F6D                     SSP2STAT        equ	3949	;# 
   705   000F6E                     SSP2ADD         equ	3950	;# 
   706   000F6F                     SSP2BUF         equ	3951	;# 
   707   000F70                     BAUDCON2        equ	3952	;# 
   708   000F70                     BAUD2CON        equ	3952	;# 
   709   000F71                     RCSTA2          equ	3953	;# 
   710   000F71                     RC2STA          equ	3953	;# 
   711   000F72                     TXSTA2          equ	3954	;# 
   712   000F72                     TX2STA          equ	3954	;# 
   713   000F73                     TXREG2          equ	3955	;# 
   714   000F73                     TX2REG          equ	3955	;# 
   715   000F74                     RCREG2          equ	3956	;# 
   716   000F74                     RC2REG          equ	3956	;# 
   717   000F75                     SPBRG2          equ	3957	;# 
   718   000F75                     SP2BRG          equ	3957	;# 
   719   000F76                     SPBRGH2         equ	3958	;# 
   720   000F76                     SP2BRGH         equ	3958	;# 
   721   000F77                     CM2CON1         equ	3959	;# 
   722   000F77                     CM12CON         equ	3959	;# 
   723   000F78                     CM2CON0         equ	3960	;# 
   724   000F78                     CM2CON          equ	3960	;# 
   725   000F79                     CM1CON0         equ	3961	;# 
   726   000F79                     CM1CON          equ	3961	;# 
   727   000F7A                     PIE4            equ	3962	;# 
   728   000F7B                     PIR4            equ	3963	;# 
   729   000F7C                     IPR4            equ	3964	;# 
   730   000F7D                     PIE5            equ	3965	;# 
   731   000F7E                     PIR5            equ	3966	;# 
   732   000F7F                     IPR5            equ	3967	;# 
   733   000F80                     PORTA           equ	3968	;# 
   734   000F81                     PORTB           equ	3969	;# 
   735   000F82                     PORTC           equ	3970	;# 
   736   000F84                     PORTE           equ	3972	;# 
   737   000F89                     LATA            equ	3977	;# 
   738   000F8A                     LATB            equ	3978	;# 
   739   000F8B                     LATC            equ	3979	;# 
   740   000F92                     TRISA           equ	3986	;# 
   741   000F92                     DDRA            equ	3986	;# 
   742   000F93                     TRISB           equ	3987	;# 
   743   000F93                     DDRB            equ	3987	;# 
   744   000F94                     TRISC           equ	3988	;# 
   745   000F94                     DDRC            equ	3988	;# 
   746   000F96                     TRISE           equ	3990	;# 
   747   000F9B                     OSCTUNE         equ	3995	;# 
   748   000F9C                     HLVDCON         equ	3996	;# 
   749   000F9C                     LVDCON          equ	3996	;# 
   750   000F9D                     PIE1            equ	3997	;# 
   751   000F9E                     PIR1            equ	3998	;# 
   752   000F9F                     IPR1            equ	3999	;# 
   753   000FA0                     PIE2            equ	4000	;# 
   754   000FA1                     PIR2            equ	4001	;# 
   755   000FA2                     IPR2            equ	4002	;# 
   756   000FA3                     PIE3            equ	4003	;# 
   757   000FA4                     PIR3            equ	4004	;# 
   758   000FA5                     IPR3            equ	4005	;# 
   759   000FA6                     EECON1          equ	4006	;# 
   760   000FA7                     EECON2          equ	4007	;# 
   761   000FA8                     EEDATA          equ	4008	;# 
   762   000FA9                     EEADR           equ	4009	;# 
   763   000FAB                     RCSTA1          equ	4011	;# 
   764   000FAB                     RCSTA           equ	4011	;# 
   765   000FAB                     RC1STA          equ	4011	;# 
   766   000FAC                     TXSTA1          equ	4012	;# 
   767   000FAC                     TXSTA           equ	4012	;# 
   768   000FAC                     TX1STA          equ	4012	;# 
   769   000FAD                     TXREG1          equ	4013	;# 
   770   000FAD                     TXREG           equ	4013	;# 
   771   000FAD                     TX1REG          equ	4013	;# 
   772   000FAE                     RCREG1          equ	4014	;# 
   773   000FAE                     RCREG           equ	4014	;# 
   774   000FAE                     RC1REG          equ	4014	;# 
   775   000FAF                     SPBRG1          equ	4015	;# 
   776   000FAF                     SPBRG           equ	4015	;# 
   777   000FAF                     SP1BRG          equ	4015	;# 
   778   000FB0                     SPBRGH1         equ	4016	;# 
   779   000FB0                     SPBRGH          equ	4016	;# 
   780   000FB0                     SP1BRGH         equ	4016	;# 
   781   000FB1                     T3CON           equ	4017	;# 
   782   000FB2                     TMR3            equ	4018	;# 
   783   000FB2                     TMR3L           equ	4018	;# 
   784   000FB3                     TMR3H           equ	4019	;# 
   785   000FB4                     T3GCON          equ	4020	;# 
   786   000FB6                     ECCP1AS         equ	4022	;# 
   787   000FB6                     ECCPAS          equ	4022	;# 
   788   000FB7                     PWM1CON         equ	4023	;# 
   789   000FB7                     PWMCON          equ	4023	;# 
   790   000FB8                     BAUDCON1        equ	4024	;# 
   791   000FB8                     BAUDCON         equ	4024	;# 
   792   000FB8                     BAUDCTL         equ	4024	;# 
   793   000FB8                     BAUD1CON        equ	4024	;# 
   794   000FB9                     PSTR1CON        equ	4025	;# 
   795   000FB9                     PSTRCON         equ	4025	;# 
   796   000FBA                     T2CON           equ	4026	;# 
   797   000FBB                     PR2             equ	4027	;# 
   798   000FBC                     TMR2            equ	4028	;# 
   799   000FBD                     CCP1CON         equ	4029	;# 
   800   000FBE                     CCPR1           equ	4030	;# 
   801   000FBE                     CCPR1L          equ	4030	;# 
   802   000FBF                     CCPR1H          equ	4031	;# 
   803   000FC0                     ADCON2          equ	4032	;# 
   804   000FC1                     ADCON1          equ	4033	;# 
   805   000FC2                     ADCON0          equ	4034	;# 
   806   000FC3                     ADRES           equ	4035	;# 
   807   000FC3                     ADRESL          equ	4035	;# 
   808   000FC4                     ADRESH          equ	4036	;# 
   809   000FC5                     SSP1CON2        equ	4037	;# 
   810   000FC5                     SSPCON2         equ	4037	;# 
   811   000FC6                     SSP1CON1        equ	4038	;# 
   812   000FC6                     SSPCON1         equ	4038	;# 
   813   000FC7                     SSP1STAT        equ	4039	;# 
   814   000FC7                     SSPSTAT         equ	4039	;# 
   815   000FC8                     SSP1ADD         equ	4040	;# 
   816   000FC8                     SSPADD          equ	4040	;# 
   817   000FC9                     SSP1BUF         equ	4041	;# 
   818   000FC9                     SSPBUF          equ	4041	;# 
   819   000FCA                     SSP1MSK         equ	4042	;# 
   820   000FCA                     SSPMSK          equ	4042	;# 
   821   000FCB                     SSP1CON3        equ	4043	;# 
   822   000FCB                     SSPCON3         equ	4043	;# 
   823   000FCC                     T1GCON          equ	4044	;# 
   824   000FCD                     T1CON           equ	4045	;# 
   825   000FCE                     TMR1            equ	4046	;# 
   826   000FCE                     TMR1L           equ	4046	;# 
   827   000FCF                     TMR1H           equ	4047	;# 
   828   000FD0                     RCON            equ	4048	;# 
   829   000FD1                     WDTCON          equ	4049	;# 
   830   000FD2                     OSCCON2         equ	4050	;# 
   831   000FD3                     OSCCON          equ	4051	;# 
   832   000FD5                     T0CON           equ	4053	;# 
   833   000FD6                     TMR0            equ	4054	;# 
   834   000FD6                     TMR0L           equ	4054	;# 
   835   000FD7                     TMR0H           equ	4055	;# 
   836   000FD8                     STATUS          equ	4056	;# 
   837   000FD9                     FSR2            equ	4057	;# 
   838   000FD9                     FSR2L           equ	4057	;# 
   839   000FDA                     FSR2H           equ	4058	;# 
   840   000FDB                     PLUSW2          equ	4059	;# 
   841   000FDC                     PREINC2         equ	4060	;# 
   842   000FDD                     POSTDEC2        equ	4061	;# 
   843   000FDE                     POSTINC2        equ	4062	;# 
   844   000FDF                     INDF2           equ	4063	;# 
   845   000FE0                     BSR             equ	4064	;# 
   846   000FE1                     FSR1            equ	4065	;# 
   847   000FE1                     FSR1L           equ	4065	;# 
   848   000FE2                     FSR1H           equ	4066	;# 
   849   000FE3                     PLUSW1          equ	4067	;# 
   850   000FE4                     PREINC1         equ	4068	;# 
   851   000FE5                     POSTDEC1        equ	4069	;# 
   852   000FE6                     POSTINC1        equ	4070	;# 
   853   000FE7                     INDF1           equ	4071	;# 
   854   000FE8                     WREG            equ	4072	;# 
   855   000FE9                     FSR0            equ	4073	;# 
   856   000FE9                     FSR0L           equ	4073	;# 
   857   000FEA                     FSR0H           equ	4074	;# 
   858   000FEB                     PLUSW0          equ	4075	;# 
   859   000FEC                     PREINC0         equ	4076	;# 
   860   000FED                     POSTDEC0        equ	4077	;# 
   861   000FEE                     POSTINC0        equ	4078	;# 
   862   000FEF                     INDF0           equ	4079	;# 
   863   000FF0                     INTCON3         equ	4080	;# 
   864   000FF1                     INTCON2         equ	4081	;# 
   865   000FF2                     INTCON          equ	4082	;# 
   866   000FF3                     PROD            equ	4083	;# 
   867   000FF3                     PRODL           equ	4083	;# 
   868   000FF4                     PRODH           equ	4084	;# 
   869   000FF5                     TABLAT          equ	4085	;# 
   870   000FF6                     TBLPTR          equ	4086	;# 
   871   000FF6                     TBLPTRL         equ	4086	;# 
   872   000FF7                     TBLPTRH         equ	4087	;# 
   873   000FF8                     TBLPTRU         equ	4088	;# 
   874   000FF9                     PCLAT           equ	4089	;# 
   875   000FF9                     PC              equ	4089	;# 
   876   000FF9                     PCL             equ	4089	;# 
   877   000FFA                     PCLATH          equ	4090	;# 
   878   000FFB                     PCLATU          equ	4091	;# 
   879   000FFC                     STKPTR          equ	4092	;# 
   880   000FFD                     TOS             equ	4093	;# 
   881   000FFD                     TOSL            equ	4093	;# 
   882   000FFE                     TOSH            equ	4094	;# 
   883   000FFF                     TOSU            equ	4095	;# 
   884   000F38                     ANSELA          equ	3896	;# 
   885   000F39                     ANSELB          equ	3897	;# 
   886   000F3A                     ANSELC          equ	3898	;# 
   887   000F3D                     PMD2            equ	3901	;# 
   888   000F3E                     PMD1            equ	3902	;# 
   889   000F3F                     PMD0            equ	3903	;# 
   890   000F40                     VREFCON2        equ	3904	;# 
   891   000F40                     DACCON1         equ	3904	;# 
   892   000F41                     VREFCON1        equ	3905	;# 
   893   000F41                     DACCON0         equ	3905	;# 
   894   000F42                     VREFCON0        equ	3906	;# 
   895   000F42                     FVRCON          equ	3906	;# 
   896   000F43                     CTMUICON        equ	3907	;# 
   897   000F43                     CTMUICONH       equ	3907	;# 
   898   000F44                     CTMUCONL        equ	3908	;# 
   899   000F44                     CTMUCON1        equ	3908	;# 
   900   000F45                     CTMUCONH        equ	3909	;# 
   901   000F45                     CTMUCON0        equ	3909	;# 
   902   000F46                     SRCON1          equ	3910	;# 
   903   000F47                     SRCON0          equ	3911	;# 
   904   000F48                     CCPTMRS1        equ	3912	;# 
   905   000F49                     CCPTMRS0        equ	3913	;# 
   906   000F4A                     T6CON           equ	3914	;# 
   907   000F4B                     PR6             equ	3915	;# 
   908   000F4C                     TMR6            equ	3916	;# 
   909   000F4D                     T5GCON          equ	3917	;# 
   910   000F4E                     T5CON           equ	3918	;# 
   911   000F4F                     TMR5            equ	3919	;# 
   912   000F4F                     TMR5L           equ	3919	;# 
   913   000F50                     TMR5H           equ	3920	;# 
   914   000F51                     T4CON           equ	3921	;# 
   915   000F52                     PR4             equ	3922	;# 
   916   000F53                     TMR4            equ	3923	;# 
   917   000F54                     CCP5CON         equ	3924	;# 
   918   000F55                     CCPR5           equ	3925	;# 
   919   000F55                     CCPR5L          equ	3925	;# 
   920   000F56                     CCPR5H          equ	3926	;# 
   921   000F57                     CCP4CON         equ	3927	;# 
   922   000F58                     CCPR4           equ	3928	;# 
   923   000F58                     CCPR4L          equ	3928	;# 
   924   000F59                     CCPR4H          equ	3929	;# 
   925   000F5A                     PSTR3CON        equ	3930	;# 
   926   000F5B                     ECCP3AS         equ	3931	;# 
   927   000F5B                     CCP3AS          equ	3931	;# 
   928   000F5C                     PWM3CON         equ	3932	;# 
   929   000F5D                     CCP3CON         equ	3933	;# 
   930   000F5E                     CCPR3           equ	3934	;# 
   931   000F5E                     CCPR3L          equ	3934	;# 
   932   000F5F                     CCPR3H          equ	3935	;# 
   933   000F60                     SLRCON          equ	3936	;# 
   934   000F61                     WPUB            equ	3937	;# 
   935   000F62                     IOCB            equ	3938	;# 
   936   000F63                     PSTR2CON        equ	3939	;# 
   937   000F64                     ECCP2AS         equ	3940	;# 
   938   000F64                     CCP2AS          equ	3940	;# 
   939   000F65                     PWM2CON         equ	3941	;# 
   940   000F66                     CCP2CON         equ	3942	;# 
   941   000F67                     CCPR2           equ	3943	;# 
   942   000F67                     CCPR2L          equ	3943	;# 
   943   000F68                     CCPR2H          equ	3944	;# 
   944   000F69                     SSP2CON3        equ	3945	;# 
   945   000F6A                     SSP2MSK         equ	3946	;# 
   946   000F6B                     SSP2CON2        equ	3947	;# 
   947   000F6C                     SSP2CON1        equ	3948	;# 
   948   000F6D                     SSP2STAT        equ	3949	;# 
   949   000F6E                     SSP2ADD         equ	3950	;# 
   950   000F6F                     SSP2BUF         equ	3951	;# 
   951   000F70                     BAUDCON2        equ	3952	;# 
   952   000F70                     BAUD2CON        equ	3952	;# 
   953   000F71                     RCSTA2          equ	3953	;# 
   954   000F71                     RC2STA          equ	3953	;# 
   955   000F72                     TXSTA2          equ	3954	;# 
   956   000F72                     TX2STA          equ	3954	;# 
   957   000F73                     TXREG2          equ	3955	;# 
   958   000F73                     TX2REG          equ	3955	;# 
   959   000F74                     RCREG2          equ	3956	;# 
   960   000F74                     RC2REG          equ	3956	;# 
   961   000F75                     SPBRG2          equ	3957	;# 
   962   000F75                     SP2BRG          equ	3957	;# 
   963   000F76                     SPBRGH2         equ	3958	;# 
   964   000F76                     SP2BRGH         equ	3958	;# 
   965   000F77                     CM2CON1         equ	3959	;# 
   966   000F77                     CM12CON         equ	3959	;# 
   967   000F78                     CM2CON0         equ	3960	;# 
   968   000F78                     CM2CON          equ	3960	;# 
   969   000F79                     CM1CON0         equ	3961	;# 
   970   000F79                     CM1CON          equ	3961	;# 
   971   000F7A                     PIE4            equ	3962	;# 
   972   000F7B                     PIR4            equ	3963	;# 
   973   000F7C                     IPR4            equ	3964	;# 
   974   000F7D                     PIE5            equ	3965	;# 
   975   000F7E                     PIR5            equ	3966	;# 
   976   000F7F                     IPR5            equ	3967	;# 
   977   000F80                     PORTA           equ	3968	;# 
   978   000F81                     PORTB           equ	3969	;# 
   979   000F82                     PORTC           equ	3970	;# 
   980   000F84                     PORTE           equ	3972	;# 
   981   000F89                     LATA            equ	3977	;# 
   982   000F8A                     LATB            equ	3978	;# 
   983   000F8B                     LATC            equ	3979	;# 
   984   000F92                     TRISA           equ	3986	;# 
   985   000F92                     DDRA            equ	3986	;# 
   986   000F93                     TRISB           equ	3987	;# 
   987   000F93                     DDRB            equ	3987	;# 
   988   000F94                     TRISC           equ	3988	;# 
   989   000F94                     DDRC            equ	3988	;# 
   990   000F96                     TRISE           equ	3990	;# 
   991   000F9B                     OSCTUNE         equ	3995	;# 
   992   000F9C                     HLVDCON         equ	3996	;# 
   993   000F9C                     LVDCON          equ	3996	;# 
   994   000F9D                     PIE1            equ	3997	;# 
   995   000F9E                     PIR1            equ	3998	;# 
   996   000F9F                     IPR1            equ	3999	;# 
   997   000FA0                     PIE2            equ	4000	;# 
   998   000FA1                     PIR2            equ	4001	;# 
   999   000FA2                     IPR2            equ	4002	;# 
  1000   000FA3                     PIE3            equ	4003	;# 
  1001   000FA4                     PIR3            equ	4004	;# 
  1002   000FA5                     IPR3            equ	4005	;# 
  1003   000FA6                     EECON1          equ	4006	;# 
  1004   000FA7                     EECON2          equ	4007	;# 
  1005   000FA8                     EEDATA          equ	4008	;# 
  1006   000FA9                     EEADR           equ	4009	;# 
  1007   000FAB                     RCSTA1          equ	4011	;# 
  1008   000FAB                     RCSTA           equ	4011	;# 
  1009   000FAB                     RC1STA          equ	4011	;# 
  1010   000FAC                     TXSTA1          equ	4012	;# 
  1011   000FAC                     TXSTA           equ	4012	;# 
  1012   000FAC                     TX1STA          equ	4012	;# 
  1013   000FAD                     TXREG1          equ	4013	;# 
  1014   000FAD                     TXREG           equ	4013	;# 
  1015   000FAD                     TX1REG          equ	4013	;# 
  1016   000FAE                     RCREG1          equ	4014	;# 
  1017   000FAE                     RCREG           equ	4014	;# 
  1018   000FAE                     RC1REG          equ	4014	;# 
  1019   000FAF                     SPBRG1          equ	4015	;# 
  1020   000FAF                     SPBRG           equ	4015	;# 
  1021   000FAF                     SP1BRG          equ	4015	;# 
  1022   000FB0                     SPBRGH1         equ	4016	;# 
  1023   000FB0                     SPBRGH          equ	4016	;# 
  1024   000FB0                     SP1BRGH         equ	4016	;# 
  1025   000FB1                     T3CON           equ	4017	;# 
  1026   000FB2                     TMR3            equ	4018	;# 
  1027   000FB2                     TMR3L           equ	4018	;# 
  1028   000FB3                     TMR3H           equ	4019	;# 
  1029   000FB4                     T3GCON          equ	4020	;# 
  1030   000FB6                     ECCP1AS         equ	4022	;# 
  1031   000FB6                     ECCPAS          equ	4022	;# 
  1032   000FB7                     PWM1CON         equ	4023	;# 
  1033   000FB7                     PWMCON          equ	4023	;# 
  1034   000FB8                     BAUDCON1        equ	4024	;# 
  1035   000FB8                     BAUDCON         equ	4024	;# 
  1036   000FB8                     BAUDCTL         equ	4024	;# 
  1037   000FB8                     BAUD1CON        equ	4024	;# 
  1038   000FB9                     PSTR1CON        equ	4025	;# 
  1039   000FB9                     PSTRCON         equ	4025	;# 
  1040   000FBA                     T2CON           equ	4026	;# 
  1041   000FBB                     PR2             equ	4027	;# 
  1042   000FBC                     TMR2            equ	4028	;# 
  1043   000FBD                     CCP1CON         equ	4029	;# 
  1044   000FBE                     CCPR1           equ	4030	;# 
  1045   000FBE                     CCPR1L          equ	4030	;# 
  1046   000FBF                     CCPR1H          equ	4031	;# 
  1047   000FC0                     ADCON2          equ	4032	;# 
  1048   000FC1                     ADCON1          equ	4033	;# 
  1049   000FC2                     ADCON0          equ	4034	;# 
  1050   000FC3                     ADRES           equ	4035	;# 
  1051   000FC3                     ADRESL          equ	4035	;# 
  1052   000FC4                     ADRESH          equ	4036	;# 
  1053   000FC5                     SSP1CON2        equ	4037	;# 
  1054   000FC5                     SSPCON2         equ	4037	;# 
  1055   000FC6                     SSP1CON1        equ	4038	;# 
  1056   000FC6                     SSPCON1         equ	4038	;# 
  1057   000FC7                     SSP1STAT        equ	4039	;# 
  1058   000FC7                     SSPSTAT         equ	4039	;# 
  1059   000FC8                     SSP1ADD         equ	4040	;# 
  1060   000FC8                     SSPADD          equ	4040	;# 
  1061   000FC9                     SSP1BUF         equ	4041	;# 
  1062   000FC9                     SSPBUF          equ	4041	;# 
  1063   000FCA                     SSP1MSK         equ	4042	;# 
  1064   000FCA                     SSPMSK          equ	4042	;# 
  1065   000FCB                     SSP1CON3        equ	4043	;# 
  1066   000FCB                     SSPCON3         equ	4043	;# 
  1067   000FCC                     T1GCON          equ	4044	;# 
  1068   000FCD                     T1CON           equ	4045	;# 
  1069   000FCE                     TMR1            equ	4046	;# 
  1070   000FCE                     TMR1L           equ	4046	;# 
  1071   000FCF                     TMR1H           equ	4047	;# 
  1072   000FD0                     RCON            equ	4048	;# 
  1073   000FD1                     WDTCON          equ	4049	;# 
  1074   000FD2                     OSCCON2         equ	4050	;# 
  1075   000FD3                     OSCCON          equ	4051	;# 
  1076   000FD5                     T0CON           equ	4053	;# 
  1077   000FD6                     TMR0            equ	4054	;# 
  1078   000FD6                     TMR0L           equ	4054	;# 
  1079   000FD7                     TMR0H           equ	4055	;# 
  1080   000FD8                     STATUS          equ	4056	;# 
  1081   000FD9                     FSR2            equ	4057	;# 
  1082   000FD9                     FSR2L           equ	4057	;# 
  1083   000FDA                     FSR2H           equ	4058	;# 
  1084   000FDB                     PLUSW2          equ	4059	;# 
  1085   000FDC                     PREINC2         equ	4060	;# 
  1086   000FDD                     POSTDEC2        equ	4061	;# 
  1087   000FDE                     POSTINC2        equ	4062	;# 
  1088   000FDF                     INDF2           equ	4063	;# 
  1089   000FE0                     BSR             equ	4064	;# 
  1090   000FE1                     FSR1            equ	4065	;# 
  1091   000FE1                     FSR1L           equ	4065	;# 
  1092   000FE2                     FSR1H           equ	4066	;# 
  1093   000FE3                     PLUSW1          equ	4067	;# 
  1094   000FE4                     PREINC1         equ	4068	;# 
  1095   000FE5                     POSTDEC1        equ	4069	;# 
  1096   000FE6                     POSTINC1        equ	4070	;# 
  1097   000FE7                     INDF1           equ	4071	;# 
  1098   000FE8                     WREG            equ	4072	;# 
  1099   000FE9                     FSR0            equ	4073	;# 
  1100   000FE9                     FSR0L           equ	4073	;# 
  1101   000FEA                     FSR0H           equ	4074	;# 
  1102   000FEB                     PLUSW0          equ	4075	;# 
  1103   000FEC                     PREINC0         equ	4076	;# 
  1104   000FED                     POSTDEC0        equ	4077	;# 
  1105   000FEE                     POSTINC0        equ	4078	;# 
  1106   000FEF                     INDF0           equ	4079	;# 
  1107   000FF0                     INTCON3         equ	4080	;# 
  1108   000FF1                     INTCON2         equ	4081	;# 
  1109   000FF2                     INTCON          equ	4082	;# 
  1110   000FF3                     PROD            equ	4083	;# 
  1111   000FF3                     PRODL           equ	4083	;# 
  1112   000FF4                     PRODH           equ	4084	;# 
  1113   000FF5                     TABLAT          equ	4085	;# 
  1114   000FF6                     TBLPTR          equ	4086	;# 
  1115   000FF6                     TBLPTRL         equ	4086	;# 
  1116   000FF7                     TBLPTRH         equ	4087	;# 
  1117   000FF8                     TBLPTRU         equ	4088	;# 
  1118   000FF9                     PCLAT           equ	4089	;# 
  1119   000FF9                     PC              equ	4089	;# 
  1120   000FF9                     PCL             equ	4089	;# 
  1121   000FFA                     PCLATH          equ	4090	;# 
  1122   000FFB                     PCLATU          equ	4091	;# 
  1123   000FFC                     STKPTR          equ	4092	;# 
  1124   000FFD                     TOS             equ	4093	;# 
  1125   000FFD                     TOSL            equ	4093	;# 
  1126   000FFE                     TOSH            equ	4094	;# 
  1127   000FFF                     TOSU            equ	4095	;# 
  1128   000F38                     ANSELA          equ	3896	;# 
  1129   000F39                     ANSELB          equ	3897	;# 
  1130   000F3A                     ANSELC          equ	3898	;# 
  1131   000F3D                     PMD2            equ	3901	;# 
  1132   000F3E                     PMD1            equ	3902	;# 
  1133   000F3F                     PMD0            equ	3903	;# 
  1134   000F40                     VREFCON2        equ	3904	;# 
  1135   000F40                     DACCON1         equ	3904	;# 
  1136   000F41                     VREFCON1        equ	3905	;# 
  1137   000F41                     DACCON0         equ	3905	;# 
  1138   000F42                     VREFCON0        equ	3906	;# 
  1139   000F42                     FVRCON          equ	3906	;# 
  1140   000F43                     CTMUICON        equ	3907	;# 
  1141   000F43                     CTMUICONH       equ	3907	;# 
  1142   000F44                     CTMUCONL        equ	3908	;# 
  1143   000F44                     CTMUCON1        equ	3908	;# 
  1144   000F45                     CTMUCONH        equ	3909	;# 
  1145   000F45                     CTMUCON0        equ	3909	;# 
  1146   000F46                     SRCON1          equ	3910	;# 
  1147   000F47                     SRCON0          equ	3911	;# 
  1148   000F48                     CCPTMRS1        equ	3912	;# 
  1149   000F49                     CCPTMRS0        equ	3913	;# 
  1150   000F4A                     T6CON           equ	3914	;# 
  1151   000F4B                     PR6             equ	3915	;# 
  1152   000F4C                     TMR6            equ	3916	;# 
  1153   000F4D                     T5GCON          equ	3917	;# 
  1154   000F4E                     T5CON           equ	3918	;# 
  1155   000F4F                     TMR5            equ	3919	;# 
  1156   000F4F                     TMR5L           equ	3919	;# 
  1157   000F50                     TMR5H           equ	3920	;# 
  1158   000F51                     T4CON           equ	3921	;# 
  1159   000F52                     PR4             equ	3922	;# 
  1160   000F53                     TMR4            equ	3923	;# 
  1161   000F54                     CCP5CON         equ	3924	;# 
  1162   000F55                     CCPR5           equ	3925	;# 
  1163   000F55                     CCPR5L          equ	3925	;# 
  1164   000F56                     CCPR5H          equ	3926	;# 
  1165   000F57                     CCP4CON         equ	3927	;# 
  1166   000F58                     CCPR4           equ	3928	;# 
  1167   000F58                     CCPR4L          equ	3928	;# 
  1168   000F59                     CCPR4H          equ	3929	;# 
  1169   000F5A                     PSTR3CON        equ	3930	;# 
  1170   000F5B                     ECCP3AS         equ	3931	;# 
  1171   000F5B                     CCP3AS          equ	3931	;# 
  1172   000F5C                     PWM3CON         equ	3932	;# 
  1173   000F5D                     CCP3CON         equ	3933	;# 
  1174   000F5E                     CCPR3           equ	3934	;# 
  1175   000F5E                     CCPR3L          equ	3934	;# 
  1176   000F5F                     CCPR3H          equ	3935	;# 
  1177   000F60                     SLRCON          equ	3936	;# 
  1178   000F61                     WPUB            equ	3937	;# 
  1179   000F62                     IOCB            equ	3938	;# 
  1180   000F63                     PSTR2CON        equ	3939	;# 
  1181   000F64                     ECCP2AS         equ	3940	;# 
  1182   000F64                     CCP2AS          equ	3940	;# 
  1183   000F65                     PWM2CON         equ	3941	;# 
  1184   000F66                     CCP2CON         equ	3942	;# 
  1185   000F67                     CCPR2           equ	3943	;# 
  1186   000F67                     CCPR2L          equ	3943	;# 
  1187   000F68                     CCPR2H          equ	3944	;# 
  1188   000F69                     SSP2CON3        equ	3945	;# 
  1189   000F6A                     SSP2MSK         equ	3946	;# 
  1190   000F6B                     SSP2CON2        equ	3947	;# 
  1191   000F6C                     SSP2CON1        equ	3948	;# 
  1192   000F6D                     SSP2STAT        equ	3949	;# 
  1193   000F6E                     SSP2ADD         equ	3950	;# 
  1194   000F6F                     SSP2BUF         equ	3951	;# 
  1195   000F70                     BAUDCON2        equ	3952	;# 
  1196   000F70                     BAUD2CON        equ	3952	;# 
  1197   000F71                     RCSTA2          equ	3953	;# 
  1198   000F71                     RC2STA          equ	3953	;# 
  1199   000F72                     TXSTA2          equ	3954	;# 
  1200   000F72                     TX2STA          equ	3954	;# 
  1201   000F73                     TXREG2          equ	3955	;# 
  1202   000F73                     TX2REG          equ	3955	;# 
  1203   000F74                     RCREG2          equ	3956	;# 
  1204   000F74                     RC2REG          equ	3956	;# 
  1205   000F75                     SPBRG2          equ	3957	;# 
  1206   000F75                     SP2BRG          equ	3957	;# 
  1207   000F76                     SPBRGH2         equ	3958	;# 
  1208   000F76                     SP2BRGH         equ	3958	;# 
  1209   000F77                     CM2CON1         equ	3959	;# 
  1210   000F77                     CM12CON         equ	3959	;# 
  1211   000F78                     CM2CON0         equ	3960	;# 
  1212   000F78                     CM2CON          equ	3960	;# 
  1213   000F79                     CM1CON0         equ	3961	;# 
  1214   000F79                     CM1CON          equ	3961	;# 
  1215   000F7A                     PIE4            equ	3962	;# 
  1216   000F7B                     PIR4            equ	3963	;# 
  1217   000F7C                     IPR4            equ	3964	;# 
  1218   000F7D                     PIE5            equ	3965	;# 
  1219   000F7E                     PIR5            equ	3966	;# 
  1220   000F7F                     IPR5            equ	3967	;# 
  1221   000F80                     PORTA           equ	3968	;# 
  1222   000F81                     PORTB           equ	3969	;# 
  1223   000F82                     PORTC           equ	3970	;# 
  1224   000F84                     PORTE           equ	3972	;# 
  1225   000F89                     LATA            equ	3977	;# 
  1226   000F8A                     LATB            equ	3978	;# 
  1227   000F8B                     LATC            equ	3979	;# 
  1228   000F92                     TRISA           equ	3986	;# 
  1229   000F92                     DDRA            equ	3986	;# 
  1230   000F93                     TRISB           equ	3987	;# 
  1231   000F93                     DDRB            equ	3987	;# 
  1232   000F94                     TRISC           equ	3988	;# 
  1233   000F94                     DDRC            equ	3988	;# 
  1234   000F96                     TRISE           equ	3990	;# 
  1235   000F9B                     OSCTUNE         equ	3995	;# 
  1236   000F9C                     HLVDCON         equ	3996	;# 
  1237   000F9C                     LVDCON          equ	3996	;# 
  1238   000F9D                     PIE1            equ	3997	;# 
  1239   000F9E                     PIR1            equ	3998	;# 
  1240   000F9F                     IPR1            equ	3999	;# 
  1241   000FA0                     PIE2            equ	4000	;# 
  1242   000FA1                     PIR2            equ	4001	;# 
  1243   000FA2                     IPR2            equ	4002	;# 
  1244   000FA3                     PIE3            equ	4003	;# 
  1245   000FA4                     PIR3            equ	4004	;# 
  1246   000FA5                     IPR3            equ	4005	;# 
  1247   000FA6                     EECON1          equ	4006	;# 
  1248   000FA7                     EECON2          equ	4007	;# 
  1249   000FA8                     EEDATA          equ	4008	;# 
  1250   000FA9                     EEADR           equ	4009	;# 
  1251   000FAB                     RCSTA1          equ	4011	;# 
  1252   000FAB                     RCSTA           equ	4011	;# 
  1253   000FAB                     RC1STA          equ	4011	;# 
  1254   000FAC                     TXSTA1          equ	4012	;# 
  1255   000FAC                     TXSTA           equ	4012	;# 
  1256   000FAC                     TX1STA          equ	4012	;# 
  1257   000FAD                     TXREG1          equ	4013	;# 
  1258   000FAD                     TXREG           equ	4013	;# 
  1259   000FAD                     TX1REG          equ	4013	;# 
  1260   000FAE                     RCREG1          equ	4014	;# 
  1261   000FAE                     RCREG           equ	4014	;# 
  1262   000FAE                     RC1REG          equ	4014	;# 
  1263   000FAF                     SPBRG1          equ	4015	;# 
  1264   000FAF                     SPBRG           equ	4015	;# 
  1265   000FAF                     SP1BRG          equ	4015	;# 
  1266   000FB0                     SPBRGH1         equ	4016	;# 
  1267   000FB0                     SPBRGH          equ	4016	;# 
  1268   000FB0                     SP1BRGH         equ	4016	;# 
  1269   000FB1                     T3CON           equ	4017	;# 
  1270   000FB2                     TMR3            equ	4018	;# 
  1271   000FB2                     TMR3L           equ	4018	;# 
  1272   000FB3                     TMR3H           equ	4019	;# 
  1273   000FB4                     T3GCON          equ	4020	;# 
  1274   000FB6                     ECCP1AS         equ	4022	;# 
  1275   000FB6                     ECCPAS          equ	4022	;# 
  1276   000FB7                     PWM1CON         equ	4023	;# 
  1277   000FB7                     PWMCON          equ	4023	;# 
  1278   000FB8                     BAUDCON1        equ	4024	;# 
  1279   000FB8                     BAUDCON         equ	4024	;# 
  1280   000FB8                     BAUDCTL         equ	4024	;# 
  1281   000FB8                     BAUD1CON        equ	4024	;# 
  1282   000FB9                     PSTR1CON        equ	4025	;# 
  1283   000FB9                     PSTRCON         equ	4025	;# 
  1284   000FBA                     T2CON           equ	4026	;# 
  1285   000FBB                     PR2             equ	4027	;# 
  1286   000FBC                     TMR2            equ	4028	;# 
  1287   000FBD                     CCP1CON         equ	4029	;# 
  1288   000FBE                     CCPR1           equ	4030	;# 
  1289   000FBE                     CCPR1L          equ	4030	;# 
  1290   000FBF                     CCPR1H          equ	4031	;# 
  1291   000FC0                     ADCON2          equ	4032	;# 
  1292   000FC1                     ADCON1          equ	4033	;# 
  1293   000FC2                     ADCON0          equ	4034	;# 
  1294   000FC3                     ADRES           equ	4035	;# 
  1295   000FC3                     ADRESL          equ	4035	;# 
  1296   000FC4                     ADRESH          equ	4036	;# 
  1297   000FC5                     SSP1CON2        equ	4037	;# 
  1298   000FC5                     SSPCON2         equ	4037	;# 
  1299   000FC6                     SSP1CON1        equ	4038	;# 
  1300   000FC6                     SSPCON1         equ	4038	;# 
  1301   000FC7                     SSP1STAT        equ	4039	;# 
  1302   000FC7                     SSPSTAT         equ	4039	;# 
  1303   000FC8                     SSP1ADD         equ	4040	;# 
  1304   000FC8                     SSPADD          equ	4040	;# 
  1305   000FC9                     SSP1BUF         equ	4041	;# 
  1306   000FC9                     SSPBUF          equ	4041	;# 
  1307   000FCA                     SSP1MSK         equ	4042	;# 
  1308   000FCA                     SSPMSK          equ	4042	;# 
  1309   000FCB                     SSP1CON3        equ	4043	;# 
  1310   000FCB                     SSPCON3         equ	4043	;# 
  1311   000FCC                     T1GCON          equ	4044	;# 
  1312   000FCD                     T1CON           equ	4045	;# 
  1313   000FCE                     TMR1            equ	4046	;# 
  1314   000FCE                     TMR1L           equ	4046	;# 
  1315   000FCF                     TMR1H           equ	4047	;# 
  1316   000FD0                     RCON            equ	4048	;# 
  1317   000FD1                     WDTCON          equ	4049	;# 
  1318   000FD2                     OSCCON2         equ	4050	;# 
  1319   000FD3                     OSCCON          equ	4051	;# 
  1320   000FD5                     T0CON           equ	4053	;# 
  1321   000FD6                     TMR0            equ	4054	;# 
  1322   000FD6                     TMR0L           equ	4054	;# 
  1323   000FD7                     TMR0H           equ	4055	;# 
  1324   000FD8                     STATUS          equ	4056	;# 
  1325   000FD9                     FSR2            equ	4057	;# 
  1326   000FD9                     FSR2L           equ	4057	;# 
  1327   000FDA                     FSR2H           equ	4058	;# 
  1328   000FDB                     PLUSW2          equ	4059	;# 
  1329   000FDC                     PREINC2         equ	4060	;# 
  1330   000FDD                     POSTDEC2        equ	4061	;# 
  1331   000FDE                     POSTINC2        equ	4062	;# 
  1332   000FDF                     INDF2           equ	4063	;# 
  1333   000FE0                     BSR             equ	4064	;# 
  1334   000FE1                     FSR1            equ	4065	;# 
  1335   000FE1                     FSR1L           equ	4065	;# 
  1336   000FE2                     FSR1H           equ	4066	;# 
  1337   000FE3                     PLUSW1          equ	4067	;# 
  1338   000FE4                     PREINC1         equ	4068	;# 
  1339   000FE5                     POSTDEC1        equ	4069	;# 
  1340   000FE6                     POSTINC1        equ	4070	;# 
  1341   000FE7                     INDF1           equ	4071	;# 
  1342   000FE8                     WREG            equ	4072	;# 
  1343   000FE9                     FSR0            equ	4073	;# 
  1344   000FE9                     FSR0L           equ	4073	;# 
  1345   000FEA                     FSR0H           equ	4074	;# 
  1346   000FEB                     PLUSW0          equ	4075	;# 
  1347   000FEC                     PREINC0         equ	4076	;# 
  1348   000FED                     POSTDEC0        equ	4077	;# 
  1349   000FEE                     POSTINC0        equ	4078	;# 
  1350   000FEF                     INDF0           equ	4079	;# 
  1351   000FF0                     INTCON3         equ	4080	;# 
  1352   000FF1                     INTCON2         equ	4081	;# 
  1353   000FF2                     INTCON          equ	4082	;# 
  1354   000FF3                     PROD            equ	4083	;# 
  1355   000FF3                     PRODL           equ	4083	;# 
  1356   000FF4                     PRODH           equ	4084	;# 
  1357   000FF5                     TABLAT          equ	4085	;# 
  1358   000FF6                     TBLPTR          equ	4086	;# 
  1359   000FF6                     TBLPTRL         equ	4086	;# 
  1360   000FF7                     TBLPTRH         equ	4087	;# 
  1361   000FF8                     TBLPTRU         equ	4088	;# 
  1362   000FF9                     PCLAT           equ	4089	;# 
  1363   000FF9                     PC              equ	4089	;# 
  1364   000FF9                     PCL             equ	4089	;# 
  1365   000FFA                     PCLATH          equ	4090	;# 
  1366   000FFB                     PCLATU          equ	4091	;# 
  1367   000FFC                     STKPTR          equ	4092	;# 
  1368   000FFD                     TOS             equ	4093	;# 
  1369   000FFD                     TOSL            equ	4093	;# 
  1370   000FFE                     TOSH            equ	4094	;# 
  1371   000FFF                     TOSU            equ	4095	;# 
  1372   000F38                     ANSELA          equ	3896	;# 
  1373   000F39                     ANSELB          equ	3897	;# 
  1374   000F3A                     ANSELC          equ	3898	;# 
  1375   000F3D                     PMD2            equ	3901	;# 
  1376   000F3E                     PMD1            equ	3902	;# 
  1377   000F3F                     PMD0            equ	3903	;# 
  1378   000F40                     VREFCON2        equ	3904	;# 
  1379   000F40                     DACCON1         equ	3904	;# 
  1380   000F41                     VREFCON1        equ	3905	;# 
  1381   000F41                     DACCON0         equ	3905	;# 
  1382   000F42                     VREFCON0        equ	3906	;# 
  1383   000F42                     FVRCON          equ	3906	;# 
  1384   000F43                     CTMUICON        equ	3907	;# 
  1385   000F43                     CTMUICONH       equ	3907	;# 
  1386   000F44                     CTMUCONL        equ	3908	;# 
  1387   000F44                     CTMUCON1        equ	3908	;# 
  1388   000F45                     CTMUCONH        equ	3909	;# 
  1389   000F45                     CTMUCON0        equ	3909	;# 
  1390   000F46                     SRCON1          equ	3910	;# 
  1391   000F47                     SRCON0          equ	3911	;# 
  1392   000F48                     CCPTMRS1        equ	3912	;# 
  1393   000F49                     CCPTMRS0        equ	3913	;# 
  1394   000F4A                     T6CON           equ	3914	;# 
  1395   000F4B                     PR6             equ	3915	;# 
  1396   000F4C                     TMR6            equ	3916	;# 
  1397   000F4D                     T5GCON          equ	3917	;# 
  1398   000F4E                     T5CON           equ	3918	;# 
  1399   000F4F                     TMR5            equ	3919	;# 
  1400   000F4F                     TMR5L           equ	3919	;# 
  1401   000F50                     TMR5H           equ	3920	;# 
  1402   000F51                     T4CON           equ	3921	;# 
  1403   000F52                     PR4             equ	3922	;# 
  1404   000F53                     TMR4            equ	3923	;# 
  1405   000F54                     CCP5CON         equ	3924	;# 
  1406   000F55                     CCPR5           equ	3925	;# 
  1407   000F55                     CCPR5L          equ	3925	;# 
  1408   000F56                     CCPR5H          equ	3926	;# 
  1409   000F57                     CCP4CON         equ	3927	;# 
  1410   000F58                     CCPR4           equ	3928	;# 
  1411   000F58                     CCPR4L          equ	3928	;# 
  1412   000F59                     CCPR4H          equ	3929	;# 
  1413   000F5A                     PSTR3CON        equ	3930	;# 
  1414   000F5B                     ECCP3AS         equ	3931	;# 
  1415   000F5B                     CCP3AS          equ	3931	;# 
  1416   000F5C                     PWM3CON         equ	3932	;# 
  1417   000F5D                     CCP3CON         equ	3933	;# 
  1418   000F5E                     CCPR3           equ	3934	;# 
  1419   000F5E                     CCPR3L          equ	3934	;# 
  1420   000F5F                     CCPR3H          equ	3935	;# 
  1421   000F60                     SLRCON          equ	3936	;# 
  1422   000F61                     WPUB            equ	3937	;# 
  1423   000F62                     IOCB            equ	3938	;# 
  1424   000F63                     PSTR2CON        equ	3939	;# 
  1425   000F64                     ECCP2AS         equ	3940	;# 
  1426   000F64                     CCP2AS          equ	3940	;# 
  1427   000F65                     PWM2CON         equ	3941	;# 
  1428   000F66                     CCP2CON         equ	3942	;# 
  1429   000F67                     CCPR2           equ	3943	;# 
  1430   000F67                     CCPR2L          equ	3943	;# 
  1431   000F68                     CCPR2H          equ	3944	;# 
  1432   000F69                     SSP2CON3        equ	3945	;# 
  1433   000F6A                     SSP2MSK         equ	3946	;# 
  1434   000F6B                     SSP2CON2        equ	3947	;# 
  1435   000F6C                     SSP2CON1        equ	3948	;# 
  1436   000F6D                     SSP2STAT        equ	3949	;# 
  1437   000F6E                     SSP2ADD         equ	3950	;# 
  1438   000F6F                     SSP2BUF         equ	3951	;# 
  1439   000F70                     BAUDCON2        equ	3952	;# 
  1440   000F70                     BAUD2CON        equ	3952	;# 
  1441   000F71                     RCSTA2          equ	3953	;# 
  1442   000F71                     RC2STA          equ	3953	;# 
  1443   000F72                     TXSTA2          equ	3954	;# 
  1444   000F72                     TX2STA          equ	3954	;# 
  1445   000F73                     TXREG2          equ	3955	;# 
  1446   000F73                     TX2REG          equ	3955	;# 
  1447   000F74                     RCREG2          equ	3956	;# 
  1448   000F74                     RC2REG          equ	3956	;# 
  1449   000F75                     SPBRG2          equ	3957	;# 
  1450   000F75                     SP2BRG          equ	3957	;# 
  1451   000F76                     SPBRGH2         equ	3958	;# 
  1452   000F76                     SP2BRGH         equ	3958	;# 
  1453   000F77                     CM2CON1         equ	3959	;# 
  1454   000F77                     CM12CON         equ	3959	;# 
  1455   000F78                     CM2CON0         equ	3960	;# 
  1456   000F78                     CM2CON          equ	3960	;# 
  1457   000F79                     CM1CON0         equ	3961	;# 
  1458   000F79                     CM1CON          equ	3961	;# 
  1459   000F7A                     PIE4            equ	3962	;# 
  1460   000F7B                     PIR4            equ	3963	;# 
  1461   000F7C                     IPR4            equ	3964	;# 
  1462   000F7D                     PIE5            equ	3965	;# 
  1463   000F7E                     PIR5            equ	3966	;# 
  1464   000F7F                     IPR5            equ	3967	;# 
  1465   000F80                     PORTA           equ	3968	;# 
  1466   000F81                     PORTB           equ	3969	;# 
  1467   000F82                     PORTC           equ	3970	;# 
  1468   000F84                     PORTE           equ	3972	;# 
  1469   000F89                     LATA            equ	3977	;# 
  1470   000F8A                     LATB            equ	3978	;# 
  1471   000F8B                     LATC            equ	3979	;# 
  1472   000F92                     TRISA           equ	3986	;# 
  1473   000F92                     DDRA            equ	3986	;# 
  1474   000F93                     TRISB           equ	3987	;# 
  1475   000F93                     DDRB            equ	3987	;# 
  1476   000F94                     TRISC           equ	3988	;# 
  1477   000F94                     DDRC            equ	3988	;# 
  1478   000F96                     TRISE           equ	3990	;# 
  1479   000F9B                     OSCTUNE         equ	3995	;# 
  1480   000F9C                     HLVDCON         equ	3996	;# 
  1481   000F9C                     LVDCON          equ	3996	;# 
  1482   000F9D                     PIE1            equ	3997	;# 
  1483   000F9E                     PIR1            equ	3998	;# 
  1484   000F9F                     IPR1            equ	3999	;# 
  1485   000FA0                     PIE2            equ	4000	;# 
  1486   000FA1                     PIR2            equ	4001	;# 
  1487   000FA2                     IPR2            equ	4002	;# 
  1488   000FA3                     PIE3            equ	4003	;# 
  1489   000FA4                     PIR3            equ	4004	;# 
  1490   000FA5                     IPR3            equ	4005	;# 
  1491   000FA6                     EECON1          equ	4006	;# 
  1492   000FA7                     EECON2          equ	4007	;# 
  1493   000FA8                     EEDATA          equ	4008	;# 
  1494   000FA9                     EEADR           equ	4009	;# 
  1495   000FAB                     RCSTA1          equ	4011	;# 
  1496   000FAB                     RCSTA           equ	4011	;# 
  1497   000FAB                     RC1STA          equ	4011	;# 
  1498   000FAC                     TXSTA1          equ	4012	;# 
  1499   000FAC                     TXSTA           equ	4012	;# 
  1500   000FAC                     TX1STA          equ	4012	;# 
  1501   000FAD                     TXREG1          equ	4013	;# 
  1502   000FAD                     TXREG           equ	4013	;# 
  1503   000FAD                     TX1REG          equ	4013	;# 
  1504   000FAE                     RCREG1          equ	4014	;# 
  1505   000FAE                     RCREG           equ	4014	;# 
  1506   000FAE                     RC1REG          equ	4014	;# 
  1507   000FAF                     SPBRG1          equ	4015	;# 
  1508   000FAF                     SPBRG           equ	4015	;# 
  1509   000FAF                     SP1BRG          equ	4015	;# 
  1510   000FB0                     SPBRGH1         equ	4016	;# 
  1511   000FB0                     SPBRGH          equ	4016	;# 
  1512   000FB0                     SP1BRGH         equ	4016	;# 
  1513   000FB1                     T3CON           equ	4017	;# 
  1514   000FB2                     TMR3            equ	4018	;# 
  1515   000FB2                     TMR3L           equ	4018	;# 
  1516   000FB3                     TMR3H           equ	4019	;# 
  1517   000FB4                     T3GCON          equ	4020	;# 
  1518   000FB6                     ECCP1AS         equ	4022	;# 
  1519   000FB6                     ECCPAS          equ	4022	;# 
  1520   000FB7                     PWM1CON         equ	4023	;# 
  1521   000FB7                     PWMCON          equ	4023	;# 
  1522   000FB8                     BAUDCON1        equ	4024	;# 
  1523   000FB8                     BAUDCON         equ	4024	;# 
  1524   000FB8                     BAUDCTL         equ	4024	;# 
  1525   000FB8                     BAUD1CON        equ	4024	;# 
  1526   000FB9                     PSTR1CON        equ	4025	;# 
  1527   000FB9                     PSTRCON         equ	4025	;# 
  1528   000FBA                     T2CON           equ	4026	;# 
  1529   000FBB                     PR2             equ	4027	;# 
  1530   000FBC                     TMR2            equ	4028	;# 
  1531   000FBD                     CCP1CON         equ	4029	;# 
  1532   000FBE                     CCPR1           equ	4030	;# 
  1533   000FBE                     CCPR1L          equ	4030	;# 
  1534   000FBF                     CCPR1H          equ	4031	;# 
  1535   000FC0                     ADCON2          equ	4032	;# 
  1536   000FC1                     ADCON1          equ	4033	;# 
  1537   000FC2                     ADCON0          equ	4034	;# 
  1538   000FC3                     ADRES           equ	4035	;# 
  1539   000FC3                     ADRESL          equ	4035	;# 
  1540   000FC4                     ADRESH          equ	4036	;# 
  1541   000FC5                     SSP1CON2        equ	4037	;# 
  1542   000FC5                     SSPCON2         equ	4037	;# 
  1543   000FC6                     SSP1CON1        equ	4038	;# 
  1544   000FC6                     SSPCON1         equ	4038	;# 
  1545   000FC7                     SSP1STAT        equ	4039	;# 
  1546   000FC7                     SSPSTAT         equ	4039	;# 
  1547   000FC8                     SSP1ADD         equ	4040	;# 
  1548   000FC8                     SSPADD          equ	4040	;# 
  1549   000FC9                     SSP1BUF         equ	4041	;# 
  1550   000FC9                     SSPBUF          equ	4041	;# 
  1551   000FCA                     SSP1MSK         equ	4042	;# 
  1552   000FCA                     SSPMSK          equ	4042	;# 
  1553   000FCB                     SSP1CON3        equ	4043	;# 
  1554   000FCB                     SSPCON3         equ	4043	;# 
  1555   000FCC                     T1GCON          equ	4044	;# 
  1556   000FCD                     T1CON           equ	4045	;# 
  1557   000FCE                     TMR1            equ	4046	;# 
  1558   000FCE                     TMR1L           equ	4046	;# 
  1559   000FCF                     TMR1H           equ	4047	;# 
  1560   000FD0                     RCON            equ	4048	;# 
  1561   000FD1                     WDTCON          equ	4049	;# 
  1562   000FD2                     OSCCON2         equ	4050	;# 
  1563   000FD3                     OSCCON          equ	4051	;# 
  1564   000FD5                     T0CON           equ	4053	;# 
  1565   000FD6                     TMR0            equ	4054	;# 
  1566   000FD6                     TMR0L           equ	4054	;# 
  1567   000FD7                     TMR0H           equ	4055	;# 
  1568   000FD8                     STATUS          equ	4056	;# 
  1569   000FD9                     FSR2            equ	4057	;# 
  1570   000FD9                     FSR2L           equ	4057	;# 
  1571   000FDA                     FSR2H           equ	4058	;# 
  1572   000FDB                     PLUSW2          equ	4059	;# 
  1573   000FDC                     PREINC2         equ	4060	;# 
  1574   000FDD                     POSTDEC2        equ	4061	;# 
  1575   000FDE                     POSTINC2        equ	4062	;# 
  1576   000FDF                     INDF2           equ	4063	;# 
  1577   000FE0                     BSR             equ	4064	;# 
  1578   000FE1                     FSR1            equ	4065	;# 
  1579   000FE1                     FSR1L           equ	4065	;# 
  1580   000FE2                     FSR1H           equ	4066	;# 
  1581   000FE3                     PLUSW1          equ	4067	;# 
  1582   000FE4                     PREINC1         equ	4068	;# 
  1583   000FE5                     POSTDEC1        equ	4069	;# 
  1584   000FE6                     POSTINC1        equ	4070	;# 
  1585   000FE7                     INDF1           equ	4071	;# 
  1586   000FE8                     WREG            equ	4072	;# 
  1587   000FE9                     FSR0            equ	4073	;# 
  1588   000FE9                     FSR0L           equ	4073	;# 
  1589   000FEA                     FSR0H           equ	4074	;# 
  1590   000FEB                     PLUSW0          equ	4075	;# 
  1591   000FEC                     PREINC0         equ	4076	;# 
  1592   000FED                     POSTDEC0        equ	4077	;# 
  1593   000FEE                     POSTINC0        equ	4078	;# 
  1594   000FEF                     INDF0           equ	4079	;# 
  1595   000FF0                     INTCON3         equ	4080	;# 
  1596   000FF1                     INTCON2         equ	4081	;# 
  1597   000FF2                     INTCON          equ	4082	;# 
  1598   000FF3                     PROD            equ	4083	;# 
  1599   000FF3                     PRODL           equ	4083	;# 
  1600   000FF4                     PRODH           equ	4084	;# 
  1601   000FF5                     TABLAT          equ	4085	;# 
  1602   000FF6                     TBLPTR          equ	4086	;# 
  1603   000FF6                     TBLPTRL         equ	4086	;# 
  1604   000FF7                     TBLPTRH         equ	4087	;# 
  1605   000FF8                     TBLPTRU         equ	4088	;# 
  1606   000FF9                     PCLAT           equ	4089	;# 
  1607   000FF9                     PC              equ	4089	;# 
  1608   000FF9                     PCL             equ	4089	;# 
  1609   000FFA                     PCLATH          equ	4090	;# 
  1610   000FFB                     PCLATU          equ	4091	;# 
  1611   000FFC                     STKPTR          equ	4092	;# 
  1612   000FFD                     TOS             equ	4093	;# 
  1613   000FFD                     TOSL            equ	4093	;# 
  1614   000FFE                     TOSH            equ	4094	;# 
  1615   000FFF                     TOSU            equ	4095	;# 
  1616   000F38                     ANSELA          equ	3896	;# 
  1617   000F39                     ANSELB          equ	3897	;# 
  1618   000F3A                     ANSELC          equ	3898	;# 
  1619   000F3D                     PMD2            equ	3901	;# 
  1620   000F3E                     PMD1            equ	3902	;# 
  1621   000F3F                     PMD0            equ	3903	;# 
  1622   000F40                     VREFCON2        equ	3904	;# 
  1623   000F40                     DACCON1         equ	3904	;# 
  1624   000F41                     VREFCON1        equ	3905	;# 
  1625   000F41                     DACCON0         equ	3905	;# 
  1626   000F42                     VREFCON0        equ	3906	;# 
  1627   000F42                     FVRCON          equ	3906	;# 
  1628   000F43                     CTMUICON        equ	3907	;# 
  1629   000F43                     CTMUICONH       equ	3907	;# 
  1630   000F44                     CTMUCONL        equ	3908	;# 
  1631   000F44                     CTMUCON1        equ	3908	;# 
  1632   000F45                     CTMUCONH        equ	3909	;# 
  1633   000F45                     CTMUCON0        equ	3909	;# 
  1634   000F46                     SRCON1          equ	3910	;# 
  1635   000F47                     SRCON0          equ	3911	;# 
  1636   000F48                     CCPTMRS1        equ	3912	;# 
  1637   000F49                     CCPTMRS0        equ	3913	;# 
  1638   000F4A                     T6CON           equ	3914	;# 
  1639   000F4B                     PR6             equ	3915	;# 
  1640   000F4C                     TMR6            equ	3916	;# 
  1641   000F4D                     T5GCON          equ	3917	;# 
  1642   000F4E                     T5CON           equ	3918	;# 
  1643   000F4F                     TMR5            equ	3919	;# 
  1644   000F4F                     TMR5L           equ	3919	;# 
  1645   000F50                     TMR5H           equ	3920	;# 
  1646   000F51                     T4CON           equ	3921	;# 
  1647   000F52                     PR4             equ	3922	;# 
  1648   000F53                     TMR4            equ	3923	;# 
  1649   000F54                     CCP5CON         equ	3924	;# 
  1650   000F55                     CCPR5           equ	3925	;# 
  1651   000F55                     CCPR5L          equ	3925	;# 
  1652   000F56                     CCPR5H          equ	3926	;# 
  1653   000F57                     CCP4CON         equ	3927	;# 
  1654   000F58                     CCPR4           equ	3928	;# 
  1655   000F58                     CCPR4L          equ	3928	;# 
  1656   000F59                     CCPR4H          equ	3929	;# 
  1657   000F5A                     PSTR3CON        equ	3930	;# 
  1658   000F5B                     ECCP3AS         equ	3931	;# 
  1659   000F5B                     CCP3AS          equ	3931	;# 
  1660   000F5C                     PWM3CON         equ	3932	;# 
  1661   000F5D                     CCP3CON         equ	3933	;# 
  1662   000F5E                     CCPR3           equ	3934	;# 
  1663   000F5E                     CCPR3L          equ	3934	;# 
  1664   000F5F                     CCPR3H          equ	3935	;# 
  1665   000F60                     SLRCON          equ	3936	;# 
  1666   000F61                     WPUB            equ	3937	;# 
  1667   000F62                     IOCB            equ	3938	;# 
  1668   000F63                     PSTR2CON        equ	3939	;# 
  1669   000F64                     ECCP2AS         equ	3940	;# 
  1670   000F64                     CCP2AS          equ	3940	;# 
  1671   000F65                     PWM2CON         equ	3941	;# 
  1672   000F66                     CCP2CON         equ	3942	;# 
  1673   000F67                     CCPR2           equ	3943	;# 
  1674   000F67                     CCPR2L          equ	3943	;# 
  1675   000F68                     CCPR2H          equ	3944	;# 
  1676   000F69                     SSP2CON3        equ	3945	;# 
  1677   000F6A                     SSP2MSK         equ	3946	;# 
  1678   000F6B                     SSP2CON2        equ	3947	;# 
  1679   000F6C                     SSP2CON1        equ	3948	;# 
  1680   000F6D                     SSP2STAT        equ	3949	;# 
  1681   000F6E                     SSP2ADD         equ	3950	;# 
  1682   000F6F                     SSP2BUF         equ	3951	;# 
  1683   000F70                     BAUDCON2        equ	3952	;# 
  1684   000F70                     BAUD2CON        equ	3952	;# 
  1685   000F71                     RCSTA2          equ	3953	;# 
  1686   000F71                     RC2STA          equ	3953	;# 
  1687   000F72                     TXSTA2          equ	3954	;# 
  1688   000F72                     TX2STA          equ	3954	;# 
  1689   000F73                     TXREG2          equ	3955	;# 
  1690   000F73                     TX2REG          equ	3955	;# 
  1691   000F74                     RCREG2          equ	3956	;# 
  1692   000F74                     RC2REG          equ	3956	;# 
  1693   000F75                     SPBRG2          equ	3957	;# 
  1694   000F75                     SP2BRG          equ	3957	;# 
  1695   000F76                     SPBRGH2         equ	3958	;# 
  1696   000F76                     SP2BRGH         equ	3958	;# 
  1697   000F77                     CM2CON1         equ	3959	;# 
  1698   000F77                     CM12CON         equ	3959	;# 
  1699   000F78                     CM2CON0         equ	3960	;# 
  1700   000F78                     CM2CON          equ	3960	;# 
  1701   000F79                     CM1CON0         equ	3961	;# 
  1702   000F79                     CM1CON          equ	3961	;# 
  1703   000F7A                     PIE4            equ	3962	;# 
  1704   000F7B                     PIR4            equ	3963	;# 
  1705   000F7C                     IPR4            equ	3964	;# 
  1706   000F7D                     PIE5            equ	3965	;# 
  1707   000F7E                     PIR5            equ	3966	;# 
  1708   000F7F                     IPR5            equ	3967	;# 
  1709   000F80                     PORTA           equ	3968	;# 
  1710   000F81                     PORTB           equ	3969	;# 
  1711   000F82                     PORTC           equ	3970	;# 
  1712   000F84                     PORTE           equ	3972	;# 
  1713   000F89                     LATA            equ	3977	;# 
  1714   000F8A                     LATB            equ	3978	;# 
  1715   000F8B                     LATC            equ	3979	;# 
  1716   000F92                     TRISA           equ	3986	;# 
  1717   000F92                     DDRA            equ	3986	;# 
  1718   000F93                     TRISB           equ	3987	;# 
  1719   000F93                     DDRB            equ	3987	;# 
  1720   000F94                     TRISC           equ	3988	;# 
  1721   000F94                     DDRC            equ	3988	;# 
  1722   000F96                     TRISE           equ	3990	;# 
  1723   000F9B                     OSCTUNE         equ	3995	;# 
  1724   000F9C                     HLVDCON         equ	3996	;# 
  1725   000F9C                     LVDCON          equ	3996	;# 
  1726   000F9D                     PIE1            equ	3997	;# 
  1727   000F9E                     PIR1            equ	3998	;# 
  1728   000F9F                     IPR1            equ	3999	;# 
  1729   000FA0                     PIE2            equ	4000	;# 
  1730   000FA1                     PIR2            equ	4001	;# 
  1731   000FA2                     IPR2            equ	4002	;# 
  1732   000FA3                     PIE3            equ	4003	;# 
  1733   000FA4                     PIR3            equ	4004	;# 
  1734   000FA5                     IPR3            equ	4005	;# 
  1735   000FA6                     EECON1          equ	4006	;# 
  1736   000FA7                     EECON2          equ	4007	;# 
  1737   000FA8                     EEDATA          equ	4008	;# 
  1738   000FA9                     EEADR           equ	4009	;# 
  1739   000FAB                     RCSTA1          equ	4011	;# 
  1740   000FAB                     RCSTA           equ	4011	;# 
  1741   000FAB                     RC1STA          equ	4011	;# 
  1742   000FAC                     TXSTA1          equ	4012	;# 
  1743   000FAC                     TXSTA           equ	4012	;# 
  1744   000FAC                     TX1STA          equ	4012	;# 
  1745   000FAD                     TXREG1          equ	4013	;# 
  1746   000FAD                     TXREG           equ	4013	;# 
  1747   000FAD                     TX1REG          equ	4013	;# 
  1748   000FAE                     RCREG1          equ	4014	;# 
  1749   000FAE                     RCREG           equ	4014	;# 
  1750   000FAE                     RC1REG          equ	4014	;# 
  1751   000FAF                     SPBRG1          equ	4015	;# 
  1752   000FAF                     SPBRG           equ	4015	;# 
  1753   000FAF                     SP1BRG          equ	4015	;# 
  1754   000FB0                     SPBRGH1         equ	4016	;# 
  1755   000FB0                     SPBRGH          equ	4016	;# 
  1756   000FB0                     SP1BRGH         equ	4016	;# 
  1757   000FB1                     T3CON           equ	4017	;# 
  1758   000FB2                     TMR3            equ	4018	;# 
  1759   000FB2                     TMR3L           equ	4018	;# 
  1760   000FB3                     TMR3H           equ	4019	;# 
  1761   000FB4                     T3GCON          equ	4020	;# 
  1762   000FB6                     ECCP1AS         equ	4022	;# 
  1763   000FB6                     ECCPAS          equ	4022	;# 
  1764   000FB7                     PWM1CON         equ	4023	;# 
  1765   000FB7                     PWMCON          equ	4023	;# 
  1766   000FB8                     BAUDCON1        equ	4024	;# 
  1767   000FB8                     BAUDCON         equ	4024	;# 
  1768   000FB8                     BAUDCTL         equ	4024	;# 
  1769   000FB8                     BAUD1CON        equ	4024	;# 
  1770   000FB9                     PSTR1CON        equ	4025	;# 
  1771   000FB9                     PSTRCON         equ	4025	;# 
  1772   000FBA                     T2CON           equ	4026	;# 
  1773   000FBB                     PR2             equ	4027	;# 
  1774   000FBC                     TMR2            equ	4028	;# 
  1775   000FBD                     CCP1CON         equ	4029	;# 
  1776   000FBE                     CCPR1           equ	4030	;# 
  1777   000FBE                     CCPR1L          equ	4030	;# 
  1778   000FBF                     CCPR1H          equ	4031	;# 
  1779   000FC0                     ADCON2          equ	4032	;# 
  1780   000FC1                     ADCON1          equ	4033	;# 
  1781   000FC2                     ADCON0          equ	4034	;# 
  1782   000FC3                     ADRES           equ	4035	;# 
  1783   000FC3                     ADRESL          equ	4035	;# 
  1784   000FC4                     ADRESH          equ	4036	;# 
  1785   000FC5                     SSP1CON2        equ	4037	;# 
  1786   000FC5                     SSPCON2         equ	4037	;# 
  1787   000FC6                     SSP1CON1        equ	4038	;# 
  1788   000FC6                     SSPCON1         equ	4038	;# 
  1789   000FC7                     SSP1STAT        equ	4039	;# 
  1790   000FC7                     SSPSTAT         equ	4039	;# 
  1791   000FC8                     SSP1ADD         equ	4040	;# 
  1792   000FC8                     SSPADD          equ	4040	;# 
  1793   000FC9                     SSP1BUF         equ	4041	;# 
  1794   000FC9                     SSPBUF          equ	4041	;# 
  1795   000FCA                     SSP1MSK         equ	4042	;# 
  1796   000FCA                     SSPMSK          equ	4042	;# 
  1797   000FCB                     SSP1CON3        equ	4043	;# 
  1798   000FCB                     SSPCON3         equ	4043	;# 
  1799   000FCC                     T1GCON          equ	4044	;# 
  1800   000FCD                     T1CON           equ	4045	;# 
  1801   000FCE                     TMR1            equ	4046	;# 
  1802   000FCE                     TMR1L           equ	4046	;# 
  1803   000FCF                     TMR1H           equ	4047	;# 
  1804   000FD0                     RCON            equ	4048	;# 
  1805   000FD1                     WDTCON          equ	4049	;# 
  1806   000FD2                     OSCCON2         equ	4050	;# 
  1807   000FD3                     OSCCON          equ	4051	;# 
  1808   000FD5                     T0CON           equ	4053	;# 
  1809   000FD6                     TMR0            equ	4054	;# 
  1810   000FD6                     TMR0L           equ	4054	;# 
  1811   000FD7                     TMR0H           equ	4055	;# 
  1812   000FD8                     STATUS          equ	4056	;# 
  1813   000FD9                     FSR2            equ	4057	;# 
  1814   000FD9                     FSR2L           equ	4057	;# 
  1815   000FDA                     FSR2H           equ	4058	;# 
  1816   000FDB                     PLUSW2          equ	4059	;# 
  1817   000FDC                     PREINC2         equ	4060	;# 
  1818   000FDD                     POSTDEC2        equ	4061	;# 
  1819   000FDE                     POSTINC2        equ	4062	;# 
  1820   000FDF                     INDF2           equ	4063	;# 
  1821   000FE0                     BSR             equ	4064	;# 
  1822   000FE1                     FSR1            equ	4065	;# 
  1823   000FE1                     FSR1L           equ	4065	;# 
  1824   000FE2                     FSR1H           equ	4066	;# 
  1825   000FE3                     PLUSW1          equ	4067	;# 
  1826   000FE4                     PREINC1         equ	4068	;# 
  1827   000FE5                     POSTDEC1        equ	4069	;# 
  1828   000FE6                     POSTINC1        equ	4070	;# 
  1829   000FE7                     INDF1           equ	4071	;# 
  1830   000FE8                     WREG            equ	4072	;# 
  1831   000FE9                     FSR0            equ	4073	;# 
  1832   000FE9                     FSR0L           equ	4073	;# 
  1833   000FEA                     FSR0H           equ	4074	;# 
  1834   000FEB                     PLUSW0          equ	4075	;# 
  1835   000FEC                     PREINC0         equ	4076	;# 
  1836   000FED                     POSTDEC0        equ	4077	;# 
  1837   000FEE                     POSTINC0        equ	4078	;# 
  1838   000FEF                     INDF0           equ	4079	;# 
  1839   000FF0                     INTCON3         equ	4080	;# 
  1840   000FF1                     INTCON2         equ	4081	;# 
  1841   000FF2                     INTCON          equ	4082	;# 
  1842   000FF3                     PROD            equ	4083	;# 
  1843   000FF3                     PRODL           equ	4083	;# 
  1844   000FF4                     PRODH           equ	4084	;# 
  1845   000FF5                     TABLAT          equ	4085	;# 
  1846   000FF6                     TBLPTR          equ	4086	;# 
  1847   000FF6                     TBLPTRL         equ	4086	;# 
  1848   000FF7                     TBLPTRH         equ	4087	;# 
  1849   000FF8                     TBLPTRU         equ	4088	;# 
  1850   000FF9                     PCLAT           equ	4089	;# 
  1851   000FF9                     PC              equ	4089	;# 
  1852   000FF9                     PCL             equ	4089	;# 
  1853   000FFA                     PCLATH          equ	4090	;# 
  1854   000FFB                     PCLATU          equ	4091	;# 
  1855   000FFC                     STKPTR          equ	4092	;# 
  1856   000FFD                     TOS             equ	4093	;# 
  1857   000FFD                     TOSL            equ	4093	;# 
  1858   000FFE                     TOSH            equ	4094	;# 
  1859   000FFF                     TOSU            equ	4095	;# 
  1860   000F38                     ANSELA          equ	3896	;# 
  1861   000F39                     ANSELB          equ	3897	;# 
  1862   000F3A                     ANSELC          equ	3898	;# 
  1863   000F3D                     PMD2            equ	3901	;# 
  1864   000F3E                     PMD1            equ	3902	;# 
  1865   000F3F                     PMD0            equ	3903	;# 
  1866   000F40                     VREFCON2        equ	3904	;# 
  1867   000F40                     DACCON1         equ	3904	;# 
  1868   000F41                     VREFCON1        equ	3905	;# 
  1869   000F41                     DACCON0         equ	3905	;# 
  1870   000F42                     VREFCON0        equ	3906	;# 
  1871   000F42                     FVRCON          equ	3906	;# 
  1872   000F43                     CTMUICON        equ	3907	;# 
  1873   000F43                     CTMUICONH       equ	3907	;# 
  1874   000F44                     CTMUCONL        equ	3908	;# 
  1875   000F44                     CTMUCON1        equ	3908	;# 
  1876   000F45                     CTMUCONH        equ	3909	;# 
  1877   000F45                     CTMUCON0        equ	3909	;# 
  1878   000F46                     SRCON1          equ	3910	;# 
  1879   000F47                     SRCON0          equ	3911	;# 
  1880   000F48                     CCPTMRS1        equ	3912	;# 
  1881   000F49                     CCPTMRS0        equ	3913	;# 
  1882   000F4A                     T6CON           equ	3914	;# 
  1883   000F4B                     PR6             equ	3915	;# 
  1884   000F4C                     TMR6            equ	3916	;# 
  1885   000F4D                     T5GCON          equ	3917	;# 
  1886   000F4E                     T5CON           equ	3918	;# 
  1887   000F4F                     TMR5            equ	3919	;# 
  1888   000F4F                     TMR5L           equ	3919	;# 
  1889   000F50                     TMR5H           equ	3920	;# 
  1890   000F51                     T4CON           equ	3921	;# 
  1891   000F52                     PR4             equ	3922	;# 
  1892   000F53                     TMR4            equ	3923	;# 
  1893   000F54                     CCP5CON         equ	3924	;# 
  1894   000F55                     CCPR5           equ	3925	;# 
  1895   000F55                     CCPR5L          equ	3925	;# 
  1896   000F56                     CCPR5H          equ	3926	;# 
  1897   000F57                     CCP4CON         equ	3927	;# 
  1898   000F58                     CCPR4           equ	3928	;# 
  1899   000F58                     CCPR4L          equ	3928	;# 
  1900   000F59                     CCPR4H          equ	3929	;# 
  1901   000F5A                     PSTR3CON        equ	3930	;# 
  1902   000F5B                     ECCP3AS         equ	3931	;# 
  1903   000F5B                     CCP3AS          equ	3931	;# 
  1904   000F5C                     PWM3CON         equ	3932	;# 
  1905   000F5D                     CCP3CON         equ	3933	;# 
  1906   000F5E                     CCPR3           equ	3934	;# 
  1907   000F5E                     CCPR3L          equ	3934	;# 
  1908   000F5F                     CCPR3H          equ	3935	;# 
  1909   000F60                     SLRCON          equ	3936	;# 
  1910   000F61                     WPUB            equ	3937	;# 
  1911   000F62                     IOCB            equ	3938	;# 
  1912   000F63                     PSTR2CON        equ	3939	;# 
  1913   000F64                     ECCP2AS         equ	3940	;# 
  1914   000F64                     CCP2AS          equ	3940	;# 
  1915   000F65                     PWM2CON         equ	3941	;# 
  1916   000F66                     CCP2CON         equ	3942	;# 
  1917   000F67                     CCPR2           equ	3943	;# 
  1918   000F67                     CCPR2L          equ	3943	;# 
  1919   000F68                     CCPR2H          equ	3944	;# 
  1920   000F69                     SSP2CON3        equ	3945	;# 
  1921   000F6A                     SSP2MSK         equ	3946	;# 
  1922   000F6B                     SSP2CON2        equ	3947	;# 
  1923   000F6C                     SSP2CON1        equ	3948	;# 
  1924   000F6D                     SSP2STAT        equ	3949	;# 
  1925   000F6E                     SSP2ADD         equ	3950	;# 
  1926   000F6F                     SSP2BUF         equ	3951	;# 
  1927   000F70                     BAUDCON2        equ	3952	;# 
  1928   000F70                     BAUD2CON        equ	3952	;# 
  1929   000F71                     RCSTA2          equ	3953	;# 
  1930   000F71                     RC2STA          equ	3953	;# 
  1931   000F72                     TXSTA2          equ	3954	;# 
  1932   000F72                     TX2STA          equ	3954	;# 
  1933   000F73                     TXREG2          equ	3955	;# 
  1934   000F73                     TX2REG          equ	3955	;# 
  1935   000F74                     RCREG2          equ	3956	;# 
  1936   000F74                     RC2REG          equ	3956	;# 
  1937   000F75                     SPBRG2          equ	3957	;# 
  1938   000F75                     SP2BRG          equ	3957	;# 
  1939   000F76                     SPBRGH2         equ	3958	;# 
  1940   000F76                     SP2BRGH         equ	3958	;# 
  1941   000F77                     CM2CON1         equ	3959	;# 
  1942   000F77                     CM12CON         equ	3959	;# 
  1943   000F78                     CM2CON0         equ	3960	;# 
  1944   000F78                     CM2CON          equ	3960	;# 
  1945   000F79                     CM1CON0         equ	3961	;# 
  1946   000F79                     CM1CON          equ	3961	;# 
  1947   000F7A                     PIE4            equ	3962	;# 
  1948   000F7B                     PIR4            equ	3963	;# 
  1949   000F7C                     IPR4            equ	3964	;# 
  1950   000F7D                     PIE5            equ	3965	;# 
  1951   000F7E                     PIR5            equ	3966	;# 
  1952   000F7F                     IPR5            equ	3967	;# 
  1953   000F80                     PORTA           equ	3968	;# 
  1954   000F81                     PORTB           equ	3969	;# 
  1955   000F82                     PORTC           equ	3970	;# 
  1956   000F84                     PORTE           equ	3972	;# 
  1957   000F89                     LATA            equ	3977	;# 
  1958   000F8A                     LATB            equ	3978	;# 
  1959   000F8B                     LATC            equ	3979	;# 
  1960   000F92                     TRISA           equ	3986	;# 
  1961   000F92                     DDRA            equ	3986	;# 
  1962   000F93                     TRISB           equ	3987	;# 
  1963   000F93                     DDRB            equ	3987	;# 
  1964   000F94                     TRISC           equ	3988	;# 
  1965   000F94                     DDRC            equ	3988	;# 
  1966   000F96                     TRISE           equ	3990	;# 
  1967   000F9B                     OSCTUNE         equ	3995	;# 
  1968   000F9C                     HLVDCON         equ	3996	;# 
  1969   000F9C                     LVDCON          equ	3996	;# 
  1970   000F9D                     PIE1            equ	3997	;# 
  1971   000F9E                     PIR1            equ	3998	;# 
  1972   000F9F                     IPR1            equ	3999	;# 
  1973   000FA0                     PIE2            equ	4000	;# 
  1974   000FA1                     PIR2            equ	4001	;# 
  1975   000FA2                     IPR2            equ	4002	;# 
  1976   000FA3                     PIE3            equ	4003	;# 
  1977   000FA4                     PIR3            equ	4004	;# 
  1978   000FA5                     IPR3            equ	4005	;# 
  1979   000FA6                     EECON1          equ	4006	;# 
  1980   000FA7                     EECON2          equ	4007	;# 
  1981   000FA8                     EEDATA          equ	4008	;# 
  1982   000FA9                     EEADR           equ	4009	;# 
  1983   000FAB                     RCSTA1          equ	4011	;# 
  1984   000FAB                     RCSTA           equ	4011	;# 
  1985   000FAB                     RC1STA          equ	4011	;# 
  1986   000FAC                     TXSTA1          equ	4012	;# 
  1987   000FAC                     TXSTA           equ	4012	;# 
  1988   000FAC                     TX1STA          equ	4012	;# 
  1989   000FAD                     TXREG1          equ	4013	;# 
  1990   000FAD                     TXREG           equ	4013	;# 
  1991   000FAD                     TX1REG          equ	4013	;# 
  1992   000FAE                     RCREG1          equ	4014	;# 
  1993   000FAE                     RCREG           equ	4014	;# 
  1994   000FAE                     RC1REG          equ	4014	;# 
  1995   000FAF                     SPBRG1          equ	4015	;# 
  1996   000FAF                     SPBRG           equ	4015	;# 
  1997   000FAF                     SP1BRG          equ	4015	;# 
  1998   000FB0                     SPBRGH1         equ	4016	;# 
  1999   000FB0                     SPBRGH          equ	4016	;# 
  2000   000FB0                     SP1BRGH         equ	4016	;# 
  2001   000FB1                     T3CON           equ	4017	;# 
  2002   000FB2                     TMR3            equ	4018	;# 
  2003   000FB2                     TMR3L           equ	4018	;# 
  2004   000FB3                     TMR3H           equ	4019	;# 
  2005   000FB4                     T3GCON          equ	4020	;# 
  2006   000FB6                     ECCP1AS         equ	4022	;# 
  2007   000FB6                     ECCPAS          equ	4022	;# 
  2008   000FB7                     PWM1CON         equ	4023	;# 
  2009   000FB7                     PWMCON          equ	4023	;# 
  2010   000FB8                     BAUDCON1        equ	4024	;# 
  2011   000FB8                     BAUDCON         equ	4024	;# 
  2012   000FB8                     BAUDCTL         equ	4024	;# 
  2013   000FB8                     BAUD1CON        equ	4024	;# 
  2014   000FB9                     PSTR1CON        equ	4025	;# 
  2015   000FB9                     PSTRCON         equ	4025	;# 
  2016   000FBA                     T2CON           equ	4026	;# 
  2017   000FBB                     PR2             equ	4027	;# 
  2018   000FBC                     TMR2            equ	4028	;# 
  2019   000FBD                     CCP1CON         equ	4029	;# 
  2020   000FBE                     CCPR1           equ	4030	;# 
  2021   000FBE                     CCPR1L          equ	4030	;# 
  2022   000FBF                     CCPR1H          equ	4031	;# 
  2023   000FC0                     ADCON2          equ	4032	;# 
  2024   000FC1                     ADCON1          equ	4033	;# 
  2025   000FC2                     ADCON0          equ	4034	;# 
  2026   000FC3                     ADRES           equ	4035	;# 
  2027   000FC3                     ADRESL          equ	4035	;# 
  2028   000FC4                     ADRESH          equ	4036	;# 
  2029   000FC5                     SSP1CON2        equ	4037	;# 
  2030   000FC5                     SSPCON2         equ	4037	;# 
  2031   000FC6                     SSP1CON1        equ	4038	;# 
  2032   000FC6                     SSPCON1         equ	4038	;# 
  2033   000FC7                     SSP1STAT        equ	4039	;# 
  2034   000FC7                     SSPSTAT         equ	4039	;# 
  2035   000FC8                     SSP1ADD         equ	4040	;# 
  2036   000FC8                     SSPADD          equ	4040	;# 
  2037   000FC9                     SSP1BUF         equ	4041	;# 
  2038   000FC9                     SSPBUF          equ	4041	;# 
  2039   000FCA                     SSP1MSK         equ	4042	;# 
  2040   000FCA                     SSPMSK          equ	4042	;# 
  2041   000FCB                     SSP1CON3        equ	4043	;# 
  2042   000FCB                     SSPCON3         equ	4043	;# 
  2043   000FCC                     T1GCON          equ	4044	;# 
  2044   000FCD                     T1CON           equ	4045	;# 
  2045   000FCE                     TMR1            equ	4046	;# 
  2046   000FCE                     TMR1L           equ	4046	;# 
  2047   000FCF                     TMR1H           equ	4047	;# 
  2048   000FD0                     RCON            equ	4048	;# 
  2049   000FD1                     WDTCON          equ	4049	;# 
  2050   000FD2                     OSCCON2         equ	4050	;# 
  2051   000FD3                     OSCCON          equ	4051	;# 
  2052   000FD5                     T0CON           equ	4053	;# 
  2053   000FD6                     TMR0            equ	4054	;# 
  2054   000FD6                     TMR0L           equ	4054	;# 
  2055   000FD7                     TMR0H           equ	4055	;# 
  2056   000FD8                     STATUS          equ	4056	;# 
  2057   000FD9                     FSR2            equ	4057	;# 
  2058   000FD9                     FSR2L           equ	4057	;# 
  2059   000FDA                     FSR2H           equ	4058	;# 
  2060   000FDB                     PLUSW2          equ	4059	;# 
  2061   000FDC                     PREINC2         equ	4060	;# 
  2062   000FDD                     POSTDEC2        equ	4061	;# 
  2063   000FDE                     POSTINC2        equ	4062	;# 
  2064   000FDF                     INDF2           equ	4063	;# 
  2065   000FE0                     BSR             equ	4064	;# 
  2066   000FE1                     FSR1            equ	4065	;# 
  2067   000FE1                     FSR1L           equ	4065	;# 
  2068   000FE2                     FSR1H           equ	4066	;# 
  2069   000FE3                     PLUSW1          equ	4067	;# 
  2070   000FE4                     PREINC1         equ	4068	;# 
  2071   000FE5                     POSTDEC1        equ	4069	;# 
  2072   000FE6                     POSTINC1        equ	4070	;# 
  2073   000FE7                     INDF1           equ	4071	;# 
  2074   000FE8                     WREG            equ	4072	;# 
  2075   000FE9                     FSR0            equ	4073	;# 
  2076   000FE9                     FSR0L           equ	4073	;# 
  2077   000FEA                     FSR0H           equ	4074	;# 
  2078   000FEB                     PLUSW0          equ	4075	;# 
  2079   000FEC                     PREINC0         equ	4076	;# 
  2080   000FED                     POSTDEC0        equ	4077	;# 
  2081   000FEE                     POSTINC0        equ	4078	;# 
  2082   000FEF                     INDF0           equ	4079	;# 
  2083   000FF0                     INTCON3         equ	4080	;# 
  2084   000FF1                     INTCON2         equ	4081	;# 
  2085   000FF2                     INTCON          equ	4082	;# 
  2086   000FF3                     PROD            equ	4083	;# 
  2087   000FF3                     PRODL           equ	4083	;# 
  2088   000FF4                     PRODH           equ	4084	;# 
  2089   000FF5                     TABLAT          equ	4085	;# 
  2090   000FF6                     TBLPTR          equ	4086	;# 
  2091   000FF6                     TBLPTRL         equ	4086	;# 
  2092   000FF7                     TBLPTRH         equ	4087	;# 
  2093   000FF8                     TBLPTRU         equ	4088	;# 
  2094   000FF9                     PCLAT           equ	4089	;# 
  2095   000FF9                     PC              equ	4089	;# 
  2096   000FF9                     PCL             equ	4089	;# 
  2097   000FFA                     PCLATH          equ	4090	;# 
  2098   000FFB                     PCLATU          equ	4091	;# 
  2099   000FFC                     STKPTR          equ	4092	;# 
  2100   000FFD                     TOS             equ	4093	;# 
  2101   000FFD                     TOSL            equ	4093	;# 
  2102   000FFE                     TOSH            equ	4094	;# 
  2103   000FFF                     TOSU            equ	4095	;# 
  2104   000F38                     ANSELA          equ	3896	;# 
  2105   000F39                     ANSELB          equ	3897	;# 
  2106   000F3A                     ANSELC          equ	3898	;# 
  2107   000F3D                     PMD2            equ	3901	;# 
  2108   000F3E                     PMD1            equ	3902	;# 
  2109   000F3F                     PMD0            equ	3903	;# 
  2110   000F40                     VREFCON2        equ	3904	;# 
  2111   000F40                     DACCON1         equ	3904	;# 
  2112   000F41                     VREFCON1        equ	3905	;# 
  2113   000F41                     DACCON0         equ	3905	;# 
  2114   000F42                     VREFCON0        equ	3906	;# 
  2115   000F42                     FVRCON          equ	3906	;# 
  2116   000F43                     CTMUICON        equ	3907	;# 
  2117   000F43                     CTMUICONH       equ	3907	;# 
  2118   000F44                     CTMUCONL        equ	3908	;# 
  2119   000F44                     CTMUCON1        equ	3908	;# 
  2120   000F45                     CTMUCONH        equ	3909	;# 
  2121   000F45                     CTMUCON0        equ	3909	;# 
  2122   000F46                     SRCON1          equ	3910	;# 
  2123   000F47                     SRCON0          equ	3911	;# 
  2124   000F48                     CCPTMRS1        equ	3912	;# 
  2125   000F49                     CCPTMRS0        equ	3913	;# 
  2126   000F4A                     T6CON           equ	3914	;# 
  2127   000F4B                     PR6             equ	3915	;# 
  2128   000F4C                     TMR6            equ	3916	;# 
  2129   000F4D                     T5GCON          equ	3917	;# 
  2130   000F4E                     T5CON           equ	3918	;# 
  2131   000F4F                     TMR5            equ	3919	;# 
  2132   000F4F                     TMR5L           equ	3919	;# 
  2133   000F50                     TMR5H           equ	3920	;# 
  2134   000F51                     T4CON           equ	3921	;# 
  2135   000F52                     PR4             equ	3922	;# 
  2136   000F53                     TMR4            equ	3923	;# 
  2137   000F54                     CCP5CON         equ	3924	;# 
  2138   000F55                     CCPR5           equ	3925	;# 
  2139   000F55                     CCPR5L          equ	3925	;# 
  2140   000F56                     CCPR5H          equ	3926	;# 
  2141   000F57                     CCP4CON         equ	3927	;# 
  2142   000F58                     CCPR4           equ	3928	;# 
  2143   000F58                     CCPR4L          equ	3928	;# 
  2144   000F59                     CCPR4H          equ	3929	;# 
  2145   000F5A                     PSTR3CON        equ	3930	;# 
  2146   000F5B                     ECCP3AS         equ	3931	;# 
  2147   000F5B                     CCP3AS          equ	3931	;# 
  2148   000F5C                     PWM3CON         equ	3932	;# 
  2149   000F5D                     CCP3CON         equ	3933	;# 
  2150   000F5E                     CCPR3           equ	3934	;# 
  2151   000F5E                     CCPR3L          equ	3934	;# 
  2152   000F5F                     CCPR3H          equ	3935	;# 
  2153   000F60                     SLRCON          equ	3936	;# 
  2154   000F61                     WPUB            equ	3937	;# 
  2155   000F62                     IOCB            equ	3938	;# 
  2156   000F63                     PSTR2CON        equ	3939	;# 
  2157   000F64                     ECCP2AS         equ	3940	;# 
  2158   000F64                     CCP2AS          equ	3940	;# 
  2159   000F65                     PWM2CON         equ	3941	;# 
  2160   000F66                     CCP2CON         equ	3942	;# 
  2161   000F67                     CCPR2           equ	3943	;# 
  2162   000F67                     CCPR2L          equ	3943	;# 
  2163   000F68                     CCPR2H          equ	3944	;# 
  2164   000F69                     SSP2CON3        equ	3945	;# 
  2165   000F6A                     SSP2MSK         equ	3946	;# 
  2166   000F6B                     SSP2CON2        equ	3947	;# 
  2167   000F6C                     SSP2CON1        equ	3948	;# 
  2168   000F6D                     SSP2STAT        equ	3949	;# 
  2169   000F6E                     SSP2ADD         equ	3950	;# 
  2170   000F6F                     SSP2BUF         equ	3951	;# 
  2171   000F70                     BAUDCON2        equ	3952	;# 
  2172   000F70                     BAUD2CON        equ	3952	;# 
  2173   000F71                     RCSTA2          equ	3953	;# 
  2174   000F71                     RC2STA          equ	3953	;# 
  2175   000F72                     TXSTA2          equ	3954	;# 
  2176   000F72                     TX2STA          equ	3954	;# 
  2177   000F73                     TXREG2          equ	3955	;# 
  2178   000F73                     TX2REG          equ	3955	;# 
  2179   000F74                     RCREG2          equ	3956	;# 
  2180   000F74                     RC2REG          equ	3956	;# 
  2181   000F75                     SPBRG2          equ	3957	;# 
  2182   000F75                     SP2BRG          equ	3957	;# 
  2183   000F76                     SPBRGH2         equ	3958	;# 
  2184   000F76                     SP2BRGH         equ	3958	;# 
  2185   000F77                     CM2CON1         equ	3959	;# 
  2186   000F77                     CM12CON         equ	3959	;# 
  2187   000F78                     CM2CON0         equ	3960	;# 
  2188   000F78                     CM2CON          equ	3960	;# 
  2189   000F79                     CM1CON0         equ	3961	;# 
  2190   000F79                     CM1CON          equ	3961	;# 
  2191   000F7A                     PIE4            equ	3962	;# 
  2192   000F7B                     PIR4            equ	3963	;# 
  2193   000F7C                     IPR4            equ	3964	;# 
  2194   000F7D                     PIE5            equ	3965	;# 
  2195   000F7E                     PIR5            equ	3966	;# 
  2196   000F7F                     IPR5            equ	3967	;# 
  2197   000F80                     PORTA           equ	3968	;# 
  2198   000F81                     PORTB           equ	3969	;# 
  2199   000F82                     PORTC           equ	3970	;# 
  2200   000F84                     PORTE           equ	3972	;# 
  2201   000F89                     LATA            equ	3977	;# 
  2202   000F8A                     LATB            equ	3978	;# 
  2203   000F8B                     LATC            equ	3979	;# 
  2204   000F92                     TRISA           equ	3986	;# 
  2205   000F92                     DDRA            equ	3986	;# 
  2206   000F93                     TRISB           equ	3987	;# 
  2207   000F93                     DDRB            equ	3987	;# 
  2208   000F94                     TRISC           equ	3988	;# 
  2209   000F94                     DDRC            equ	3988	;# 
  2210   000F96                     TRISE           equ	3990	;# 
  2211   000F9B                     OSCTUNE         equ	3995	;# 
  2212   000F9C                     HLVDCON         equ	3996	;# 
  2213   000F9C                     LVDCON          equ	3996	;# 
  2214   000F9D                     PIE1            equ	3997	;# 
  2215   000F9E                     PIR1            equ	3998	;# 
  2216   000F9F                     IPR1            equ	3999	;# 
  2217   000FA0                     PIE2            equ	4000	;# 
  2218   000FA1                     PIR2            equ	4001	;# 
  2219   000FA2                     IPR2            equ	4002	;# 
  2220   000FA3                     PIE3            equ	4003	;# 
  2221   000FA4                     PIR3            equ	4004	;# 
  2222   000FA5                     IPR3            equ	4005	;# 
  2223   000FA6                     EECON1          equ	4006	;# 
  2224   000FA7                     EECON2          equ	4007	;# 
  2225   000FA8                     EEDATA          equ	4008	;# 
  2226   000FA9                     EEADR           equ	4009	;# 
  2227   000FAB                     RCSTA1          equ	4011	;# 
  2228   000FAB                     RCSTA           equ	4011	;# 
  2229   000FAB                     RC1STA          equ	4011	;# 
  2230   000FAC                     TXSTA1          equ	4012	;# 
  2231   000FAC                     TXSTA           equ	4012	;# 
  2232   000FAC                     TX1STA          equ	4012	;# 
  2233   000FAD                     TXREG1          equ	4013	;# 
  2234   000FAD                     TXREG           equ	4013	;# 
  2235   000FAD                     TX1REG          equ	4013	;# 
  2236   000FAE                     RCREG1          equ	4014	;# 
  2237   000FAE                     RCREG           equ	4014	;# 
  2238   000FAE                     RC1REG          equ	4014	;# 
  2239   000FAF                     SPBRG1          equ	4015	;# 
  2240   000FAF                     SPBRG           equ	4015	;# 
  2241   000FAF                     SP1BRG          equ	4015	;# 
  2242   000FB0                     SPBRGH1         equ	4016	;# 
  2243   000FB0                     SPBRGH          equ	4016	;# 
  2244   000FB0                     SP1BRGH         equ	4016	;# 
  2245   000FB1                     T3CON           equ	4017	;# 
  2246   000FB2                     TMR3            equ	4018	;# 
  2247   000FB2                     TMR3L           equ	4018	;# 
  2248   000FB3                     TMR3H           equ	4019	;# 
  2249   000FB4                     T3GCON          equ	4020	;# 
  2250   000FB6                     ECCP1AS         equ	4022	;# 
  2251   000FB6                     ECCPAS          equ	4022	;# 
  2252   000FB7                     PWM1CON         equ	4023	;# 
  2253   000FB7                     PWMCON          equ	4023	;# 
  2254   000FB8                     BAUDCON1        equ	4024	;# 
  2255   000FB8                     BAUDCON         equ	4024	;# 
  2256   000FB8                     BAUDCTL         equ	4024	;# 
  2257   000FB8                     BAUD1CON        equ	4024	;# 
  2258   000FB9                     PSTR1CON        equ	4025	;# 
  2259   000FB9                     PSTRCON         equ	4025	;# 
  2260   000FBA                     T2CON           equ	4026	;# 
  2261   000FBB                     PR2             equ	4027	;# 
  2262   000FBC                     TMR2            equ	4028	;# 
  2263   000FBD                     CCP1CON         equ	4029	;# 
  2264   000FBE                     CCPR1           equ	4030	;# 
  2265   000FBE                     CCPR1L          equ	4030	;# 
  2266   000FBF                     CCPR1H          equ	4031	;# 
  2267   000FC0                     ADCON2          equ	4032	;# 
  2268   000FC1                     ADCON1          equ	4033	;# 
  2269   000FC2                     ADCON0          equ	4034	;# 
  2270   000FC3                     ADRES           equ	4035	;# 
  2271   000FC3                     ADRESL          equ	4035	;# 
  2272   000FC4                     ADRESH          equ	4036	;# 
  2273   000FC5                     SSP1CON2        equ	4037	;# 
  2274   000FC5                     SSPCON2         equ	4037	;# 
  2275   000FC6                     SSP1CON1        equ	4038	;# 
  2276   000FC6                     SSPCON1         equ	4038	;# 
  2277   000FC7                     SSP1STAT        equ	4039	;# 
  2278   000FC7                     SSPSTAT         equ	4039	;# 
  2279   000FC8                     SSP1ADD         equ	4040	;# 
  2280   000FC8                     SSPADD          equ	4040	;# 
  2281   000FC9                     SSP1BUF         equ	4041	;# 
  2282   000FC9                     SSPBUF          equ	4041	;# 
  2283   000FCA                     SSP1MSK         equ	4042	;# 
  2284   000FCA                     SSPMSK          equ	4042	;# 
  2285   000FCB                     SSP1CON3        equ	4043	;# 
  2286   000FCB                     SSPCON3         equ	4043	;# 
  2287   000FCC                     T1GCON          equ	4044	;# 
  2288   000FCD                     T1CON           equ	4045	;# 
  2289   000FCE                     TMR1            equ	4046	;# 
  2290   000FCE                     TMR1L           equ	4046	;# 
  2291   000FCF                     TMR1H           equ	4047	;# 
  2292   000FD0                     RCON            equ	4048	;# 
  2293   000FD1                     WDTCON          equ	4049	;# 
  2294   000FD2                     OSCCON2         equ	4050	;# 
  2295   000FD3                     OSCCON          equ	4051	;# 
  2296   000FD5                     T0CON           equ	4053	;# 
  2297   000FD6                     TMR0            equ	4054	;# 
  2298   000FD6                     TMR0L           equ	4054	;# 
  2299   000FD7                     TMR0H           equ	4055	;# 
  2300   000FD8                     STATUS          equ	4056	;# 
  2301   000FD9                     FSR2            equ	4057	;# 
  2302   000FD9                     FSR2L           equ	4057	;# 
  2303   000FDA                     FSR2H           equ	4058	;# 
  2304   000FDB                     PLUSW2          equ	4059	;# 
  2305   000FDC                     PREINC2         equ	4060	;# 
  2306   000FDD                     POSTDEC2        equ	4061	;# 
  2307   000FDE                     POSTINC2        equ	4062	;# 
  2308   000FDF                     INDF2           equ	4063	;# 
  2309   000FE0                     BSR             equ	4064	;# 
  2310   000FE1                     FSR1            equ	4065	;# 
  2311   000FE1                     FSR1L           equ	4065	;# 
  2312   000FE2                     FSR1H           equ	4066	;# 
  2313   000FE3                     PLUSW1          equ	4067	;# 
  2314   000FE4                     PREINC1         equ	4068	;# 
  2315   000FE5                     POSTDEC1        equ	4069	;# 
  2316   000FE6                     POSTINC1        equ	4070	;# 
  2317   000FE7                     INDF1           equ	4071	;# 
  2318   000FE8                     WREG            equ	4072	;# 
  2319   000FE9                     FSR0            equ	4073	;# 
  2320   000FE9                     FSR0L           equ	4073	;# 
  2321   000FEA                     FSR0H           equ	4074	;# 
  2322   000FEB                     PLUSW0          equ	4075	;# 
  2323   000FEC                     PREINC0         equ	4076	;# 
  2324   000FED                     POSTDEC0        equ	4077	;# 
  2325   000FEE                     POSTINC0        equ	4078	;# 
  2326   000FEF                     INDF0           equ	4079	;# 
  2327   000FF0                     INTCON3         equ	4080	;# 
  2328   000FF1                     INTCON2         equ	4081	;# 
  2329   000FF2                     INTCON          equ	4082	;# 
  2330   000FF3                     PROD            equ	4083	;# 
  2331   000FF3                     PRODL           equ	4083	;# 
  2332   000FF4                     PRODH           equ	4084	;# 
  2333   000FF5                     TABLAT          equ	4085	;# 
  2334   000FF6                     TBLPTR          equ	4086	;# 
  2335   000FF6                     TBLPTRL         equ	4086	;# 
  2336   000FF7                     TBLPTRH         equ	4087	;# 
  2337   000FF8                     TBLPTRU         equ	4088	;# 
  2338   000FF9                     PCLAT           equ	4089	;# 
  2339   000FF9                     PC              equ	4089	;# 
  2340   000FF9                     PCL             equ	4089	;# 
  2341   000FFA                     PCLATH          equ	4090	;# 
  2342   000FFB                     PCLATU          equ	4091	;# 
  2343   000FFC                     STKPTR          equ	4092	;# 
  2344   000FFD                     TOS             equ	4093	;# 
  2345   000FFD                     TOSL            equ	4093	;# 
  2346   000FFE                     TOSH            equ	4094	;# 
  2347   000FFF                     TOSU            equ	4095	;# 
  2348   000F38                     ANSELA          equ	3896	;# 
  2349   000F39                     ANSELB          equ	3897	;# 
  2350   000F3A                     ANSELC          equ	3898	;# 
  2351   000F3D                     PMD2            equ	3901	;# 
  2352   000F3E                     PMD1            equ	3902	;# 
  2353   000F3F                     PMD0            equ	3903	;# 
  2354   000F40                     VREFCON2        equ	3904	;# 
  2355   000F40                     DACCON1         equ	3904	;# 
  2356   000F41                     VREFCON1        equ	3905	;# 
  2357   000F41                     DACCON0         equ	3905	;# 
  2358   000F42                     VREFCON0        equ	3906	;# 
  2359   000F42                     FVRCON          equ	3906	;# 
  2360   000F43                     CTMUICON        equ	3907	;# 
  2361   000F43                     CTMUICONH       equ	3907	;# 
  2362   000F44                     CTMUCONL        equ	3908	;# 
  2363   000F44                     CTMUCON1        equ	3908	;# 
  2364   000F45                     CTMUCONH        equ	3909	;# 
  2365   000F45                     CTMUCON0        equ	3909	;# 
  2366   000F46                     SRCON1          equ	3910	;# 
  2367   000F47                     SRCON0          equ	3911	;# 
  2368   000F48                     CCPTMRS1        equ	3912	;# 
  2369   000F49                     CCPTMRS0        equ	3913	;# 
  2370   000F4A                     T6CON           equ	3914	;# 
  2371   000F4B                     PR6             equ	3915	;# 
  2372   000F4C                     TMR6            equ	3916	;# 
  2373   000F4D                     T5GCON          equ	3917	;# 
  2374   000F4E                     T5CON           equ	3918	;# 
  2375   000F4F                     TMR5            equ	3919	;# 
  2376   000F4F                     TMR5L           equ	3919	;# 
  2377   000F50                     TMR5H           equ	3920	;# 
  2378   000F51                     T4CON           equ	3921	;# 
  2379   000F52                     PR4             equ	3922	;# 
  2380   000F53                     TMR4            equ	3923	;# 
  2381   000F54                     CCP5CON         equ	3924	;# 
  2382   000F55                     CCPR5           equ	3925	;# 
  2383   000F55                     CCPR5L          equ	3925	;# 
  2384   000F56                     CCPR5H          equ	3926	;# 
  2385   000F57                     CCP4CON         equ	3927	;# 
  2386   000F58                     CCPR4           equ	3928	;# 
  2387   000F58                     CCPR4L          equ	3928	;# 
  2388   000F59                     CCPR4H          equ	3929	;# 
  2389   000F5A                     PSTR3CON        equ	3930	;# 
  2390   000F5B                     ECCP3AS         equ	3931	;# 
  2391   000F5B                     CCP3AS          equ	3931	;# 
  2392   000F5C                     PWM3CON         equ	3932	;# 
  2393   000F5D                     CCP3CON         equ	3933	;# 
  2394   000F5E                     CCPR3           equ	3934	;# 
  2395   000F5E                     CCPR3L          equ	3934	;# 
  2396   000F5F                     CCPR3H          equ	3935	;# 
  2397   000F60                     SLRCON          equ	3936	;# 
  2398   000F61                     WPUB            equ	3937	;# 
  2399   000F62                     IOCB            equ	3938	;# 
  2400   000F63                     PSTR2CON        equ	3939	;# 
  2401   000F64                     ECCP2AS         equ	3940	;# 
  2402   000F64                     CCP2AS          equ	3940	;# 
  2403   000F65                     PWM2CON         equ	3941	;# 
  2404   000F66                     CCP2CON         equ	3942	;# 
  2405   000F67                     CCPR2           equ	3943	;# 
  2406   000F67                     CCPR2L          equ	3943	;# 
  2407   000F68                     CCPR2H          equ	3944	;# 
  2408   000F69                     SSP2CON3        equ	3945	;# 
  2409   000F6A                     SSP2MSK         equ	3946	;# 
  2410   000F6B                     SSP2CON2        equ	3947	;# 
  2411   000F6C                     SSP2CON1        equ	3948	;# 
  2412   000F6D                     SSP2STAT        equ	3949	;# 
  2413   000F6E                     SSP2ADD         equ	3950	;# 
  2414   000F6F                     SSP2BUF         equ	3951	;# 
  2415   000F70                     BAUDCON2        equ	3952	;# 
  2416   000F70                     BAUD2CON        equ	3952	;# 
  2417   000F71                     RCSTA2          equ	3953	;# 
  2418   000F71                     RC2STA          equ	3953	;# 
  2419   000F72                     TXSTA2          equ	3954	;# 
  2420   000F72                     TX2STA          equ	3954	;# 
  2421   000F73                     TXREG2          equ	3955	;# 
  2422   000F73                     TX2REG          equ	3955	;# 
  2423   000F74                     RCREG2          equ	3956	;# 
  2424   000F74                     RC2REG          equ	3956	;# 
  2425   000F75                     SPBRG2          equ	3957	;# 
  2426   000F75                     SP2BRG          equ	3957	;# 
  2427   000F76                     SPBRGH2         equ	3958	;# 
  2428   000F76                     SP2BRGH         equ	3958	;# 
  2429   000F77                     CM2CON1         equ	3959	;# 
  2430   000F77                     CM12CON         equ	3959	;# 
  2431   000F78                     CM2CON0         equ	3960	;# 
  2432   000F78                     CM2CON          equ	3960	;# 
  2433   000F79                     CM1CON0         equ	3961	;# 
  2434   000F79                     CM1CON          equ	3961	;# 
  2435   000F7A                     PIE4            equ	3962	;# 
  2436   000F7B                     PIR4            equ	3963	;# 
  2437   000F7C                     IPR4            equ	3964	;# 
  2438   000F7D                     PIE5            equ	3965	;# 
  2439   000F7E                     PIR5            equ	3966	;# 
  2440   000F7F                     IPR5            equ	3967	;# 
  2441   000F80                     PORTA           equ	3968	;# 
  2442   000F81                     PORTB           equ	3969	;# 
  2443   000F82                     PORTC           equ	3970	;# 
  2444   000F84                     PORTE           equ	3972	;# 
  2445   000F89                     LATA            equ	3977	;# 
  2446   000F8A                     LATB            equ	3978	;# 
  2447   000F8B                     LATC            equ	3979	;# 
  2448   000F92                     TRISA           equ	3986	;# 
  2449   000F92                     DDRA            equ	3986	;# 
  2450   000F93                     TRISB           equ	3987	;# 
  2451   000F93                     DDRB            equ	3987	;# 
  2452   000F94                     TRISC           equ	3988	;# 
  2453   000F94                     DDRC            equ	3988	;# 
  2454   000F96                     TRISE           equ	3990	;# 
  2455   000F9B                     OSCTUNE         equ	3995	;# 
  2456   000F9C                     HLVDCON         equ	3996	;# 
  2457   000F9C                     LVDCON          equ	3996	;# 
  2458   000F9D                     PIE1            equ	3997	;# 
  2459   000F9E                     PIR1            equ	3998	;# 
  2460   000F9F                     IPR1            equ	3999	;# 
  2461   000FA0                     PIE2            equ	4000	;# 
  2462   000FA1                     PIR2            equ	4001	;# 
  2463   000FA2                     IPR2            equ	4002	;# 
  2464   000FA3                     PIE3            equ	4003	;# 
  2465   000FA4                     PIR3            equ	4004	;# 
  2466   000FA5                     IPR3            equ	4005	;# 
  2467   000FA6                     EECON1          equ	4006	;# 
  2468   000FA7                     EECON2          equ	4007	;# 
  2469   000FA8                     EEDATA          equ	4008	;# 
  2470   000FA9                     EEADR           equ	4009	;# 
  2471   000FAB                     RCSTA1          equ	4011	;# 
  2472   000FAB                     RCSTA           equ	4011	;# 
  2473   000FAB                     RC1STA          equ	4011	;# 
  2474   000FAC                     TXSTA1          equ	4012	;# 
  2475   000FAC                     TXSTA           equ	4012	;# 
  2476   000FAC                     TX1STA          equ	4012	;# 
  2477   000FAD                     TXREG1          equ	4013	;# 
  2478   000FAD                     TXREG           equ	4013	;# 
  2479   000FAD                     TX1REG          equ	4013	;# 
  2480   000FAE                     RCREG1          equ	4014	;# 
  2481   000FAE                     RCREG           equ	4014	;# 
  2482   000FAE                     RC1REG          equ	4014	;# 
  2483   000FAF                     SPBRG1          equ	4015	;# 
  2484   000FAF                     SPBRG           equ	4015	;# 
  2485   000FAF                     SP1BRG          equ	4015	;# 
  2486   000FB0                     SPBRGH1         equ	4016	;# 
  2487   000FB0                     SPBRGH          equ	4016	;# 
  2488   000FB0                     SP1BRGH         equ	4016	;# 
  2489   000FB1                     T3CON           equ	4017	;# 
  2490   000FB2                     TMR3            equ	4018	;# 
  2491   000FB2                     TMR3L           equ	4018	;# 
  2492   000FB3                     TMR3H           equ	4019	;# 
  2493   000FB4                     T3GCON          equ	4020	;# 
  2494   000FB6                     ECCP1AS         equ	4022	;# 
  2495   000FB6                     ECCPAS          equ	4022	;# 
  2496   000FB7                     PWM1CON         equ	4023	;# 
  2497   000FB7                     PWMCON          equ	4023	;# 
  2498   000FB8                     BAUDCON1        equ	4024	;# 
  2499   000FB8                     BAUDCON         equ	4024	;# 
  2500   000FB8                     BAUDCTL         equ	4024	;# 
  2501   000FB8                     BAUD1CON        equ	4024	;# 
  2502   000FB9                     PSTR1CON        equ	4025	;# 
  2503   000FB9                     PSTRCON         equ	4025	;# 
  2504   000FBA                     T2CON           equ	4026	;# 
  2505   000FBB                     PR2             equ	4027	;# 
  2506   000FBC                     TMR2            equ	4028	;# 
  2507   000FBD                     CCP1CON         equ	4029	;# 
  2508   000FBE                     CCPR1           equ	4030	;# 
  2509   000FBE                     CCPR1L          equ	4030	;# 
  2510   000FBF                     CCPR1H          equ	4031	;# 
  2511   000FC0                     ADCON2          equ	4032	;# 
  2512   000FC1                     ADCON1          equ	4033	;# 
  2513   000FC2                     ADCON0          equ	4034	;# 
  2514   000FC3                     ADRES           equ	4035	;# 
  2515   000FC3                     ADRESL          equ	4035	;# 
  2516   000FC4                     ADRESH          equ	4036	;# 
  2517   000FC5                     SSP1CON2        equ	4037	;# 
  2518   000FC5                     SSPCON2         equ	4037	;# 
  2519   000FC6                     SSP1CON1        equ	4038	;# 
  2520   000FC6                     SSPCON1         equ	4038	;# 
  2521   000FC7                     SSP1STAT        equ	4039	;# 
  2522   000FC7                     SSPSTAT         equ	4039	;# 
  2523   000FC8                     SSP1ADD         equ	4040	;# 
  2524   000FC8                     SSPADD          equ	4040	;# 
  2525   000FC9                     SSP1BUF         equ	4041	;# 
  2526   000FC9                     SSPBUF          equ	4041	;# 
  2527   000FCA                     SSP1MSK         equ	4042	;# 
  2528   000FCA                     SSPMSK          equ	4042	;# 
  2529   000FCB                     SSP1CON3        equ	4043	;# 
  2530   000FCB                     SSPCON3         equ	4043	;# 
  2531   000FCC                     T1GCON          equ	4044	;# 
  2532   000FCD                     T1CON           equ	4045	;# 
  2533   000FCE                     TMR1            equ	4046	;# 
  2534   000FCE                     TMR1L           equ	4046	;# 
  2535   000FCF                     TMR1H           equ	4047	;# 
  2536   000FD0                     RCON            equ	4048	;# 
  2537   000FD1                     WDTCON          equ	4049	;# 
  2538   000FD2                     OSCCON2         equ	4050	;# 
  2539   000FD3                     OSCCON          equ	4051	;# 
  2540   000FD5                     T0CON           equ	4053	;# 
  2541   000FD6                     TMR0            equ	4054	;# 
  2542   000FD6                     TMR0L           equ	4054	;# 
  2543   000FD7                     TMR0H           equ	4055	;# 
  2544   000FD8                     STATUS          equ	4056	;# 
  2545   000FD9                     FSR2            equ	4057	;# 
  2546   000FD9                     FSR2L           equ	4057	;# 
  2547   000FDA                     FSR2H           equ	4058	;# 
  2548   000FDB                     PLUSW2          equ	4059	;# 
  2549   000FDC                     PREINC2         equ	4060	;# 
  2550   000FDD                     POSTDEC2        equ	4061	;# 
  2551   000FDE                     POSTINC2        equ	4062	;# 
  2552   000FDF                     INDF2           equ	4063	;# 
  2553   000FE0                     BSR             equ	4064	;# 
  2554   000FE1                     FSR1            equ	4065	;# 
  2555   000FE1                     FSR1L           equ	4065	;# 
  2556   000FE2                     FSR1H           equ	4066	;# 
  2557   000FE3                     PLUSW1          equ	4067	;# 
  2558   000FE4                     PREINC1         equ	4068	;# 
  2559   000FE5                     POSTDEC1        equ	4069	;# 
  2560   000FE6                     POSTINC1        equ	4070	;# 
  2561   000FE7                     INDF1           equ	4071	;# 
  2562   000FE8                     WREG            equ	4072	;# 
  2563   000FE9                     FSR0            equ	4073	;# 
  2564   000FE9                     FSR0L           equ	4073	;# 
  2565   000FEA                     FSR0H           equ	4074	;# 
  2566   000FEB                     PLUSW0          equ	4075	;# 
  2567   000FEC                     PREINC0         equ	4076	;# 
  2568   000FED                     POSTDEC0        equ	4077	;# 
  2569   000FEE                     POSTINC0        equ	4078	;# 
  2570   000FEF                     INDF0           equ	4079	;# 
  2571   000FF0                     INTCON3         equ	4080	;# 
  2572   000FF1                     INTCON2         equ	4081	;# 
  2573   000FF2                     INTCON          equ	4082	;# 
  2574   000FF3                     PROD            equ	4083	;# 
  2575   000FF3                     PRODL           equ	4083	;# 
  2576   000FF4                     PRODH           equ	4084	;# 
  2577   000FF5                     TABLAT          equ	4085	;# 
  2578   000FF6                     TBLPTR          equ	4086	;# 
  2579   000FF6                     TBLPTRL         equ	4086	;# 
  2580   000FF7                     TBLPTRH         equ	4087	;# 
  2581   000FF8                     TBLPTRU         equ	4088	;# 
  2582   000FF9                     PCLAT           equ	4089	;# 
  2583   000FF9                     PC              equ	4089	;# 
  2584   000FF9                     PCL             equ	4089	;# 
  2585   000FFA                     PCLATH          equ	4090	;# 
  2586   000FFB                     PCLATU          equ	4091	;# 
  2587   000FFC                     STKPTR          equ	4092	;# 
  2588   000FFD                     TOS             equ	4093	;# 
  2589   000FFD                     TOSL            equ	4093	;# 
  2590   000FFE                     TOSH            equ	4094	;# 
  2591   000FFF                     TOSU            equ	4095	;# 
  2592   000F38                     ANSELA          equ	3896	;# 
  2593   000F39                     ANSELB          equ	3897	;# 
  2594   000F3A                     ANSELC          equ	3898	;# 
  2595   000F3D                     PMD2            equ	3901	;# 
  2596   000F3E                     PMD1            equ	3902	;# 
  2597   000F3F                     PMD0            equ	3903	;# 
  2598   000F40                     VREFCON2        equ	3904	;# 
  2599   000F40                     DACCON1         equ	3904	;# 
  2600   000F41                     VREFCON1        equ	3905	;# 
  2601   000F41                     DACCON0         equ	3905	;# 
  2602   000F42                     VREFCON0        equ	3906	;# 
  2603   000F42                     FVRCON          equ	3906	;# 
  2604   000F43                     CTMUICON        equ	3907	;# 
  2605   000F43                     CTMUICONH       equ	3907	;# 
  2606   000F44                     CTMUCONL        equ	3908	;# 
  2607   000F44                     CTMUCON1        equ	3908	;# 
  2608   000F45                     CTMUCONH        equ	3909	;# 
  2609   000F45                     CTMUCON0        equ	3909	;# 
  2610   000F46                     SRCON1          equ	3910	;# 
  2611   000F47                     SRCON0          equ	3911	;# 
  2612   000F48                     CCPTMRS1        equ	3912	;# 
  2613   000F49                     CCPTMRS0        equ	3913	;# 
  2614   000F4A                     T6CON           equ	3914	;# 
  2615   000F4B                     PR6             equ	3915	;# 
  2616   000F4C                     TMR6            equ	3916	;# 
  2617   000F4D                     T5GCON          equ	3917	;# 
  2618   000F4E                     T5CON           equ	3918	;# 
  2619   000F4F                     TMR5            equ	3919	;# 
  2620   000F4F                     TMR5L           equ	3919	;# 
  2621   000F50                     TMR5H           equ	3920	;# 
  2622   000F51                     T4CON           equ	3921	;# 
  2623   000F52                     PR4             equ	3922	;# 
  2624   000F53                     TMR4            equ	3923	;# 
  2625   000F54                     CCP5CON         equ	3924	;# 
  2626   000F55                     CCPR5           equ	3925	;# 
  2627   000F55                     CCPR5L          equ	3925	;# 
  2628   000F56                     CCPR5H          equ	3926	;# 
  2629   000F57                     CCP4CON         equ	3927	;# 
  2630   000F58                     CCPR4           equ	3928	;# 
  2631   000F58                     CCPR4L          equ	3928	;# 
  2632   000F59                     CCPR4H          equ	3929	;# 
  2633   000F5A                     PSTR3CON        equ	3930	;# 
  2634   000F5B                     ECCP3AS         equ	3931	;# 
  2635   000F5B                     CCP3AS          equ	3931	;# 
  2636   000F5C                     PWM3CON         equ	3932	;# 
  2637   000F5D                     CCP3CON         equ	3933	;# 
  2638   000F5E                     CCPR3           equ	3934	;# 
  2639   000F5E                     CCPR3L          equ	3934	;# 
  2640   000F5F                     CCPR3H          equ	3935	;# 
  2641   000F60                     SLRCON          equ	3936	;# 
  2642   000F61                     WPUB            equ	3937	;# 
  2643   000F62                     IOCB            equ	3938	;# 
  2644   000F63                     PSTR2CON        equ	3939	;# 
  2645   000F64                     ECCP2AS         equ	3940	;# 
  2646   000F64                     CCP2AS          equ	3940	;# 
  2647   000F65                     PWM2CON         equ	3941	;# 
  2648   000F66                     CCP2CON         equ	3942	;# 
  2649   000F67                     CCPR2           equ	3943	;# 
  2650   000F67                     CCPR2L          equ	3943	;# 
  2651   000F68                     CCPR2H          equ	3944	;# 
  2652   000F69                     SSP2CON3        equ	3945	;# 
  2653   000F6A                     SSP2MSK         equ	3946	;# 
  2654   000F6B                     SSP2CON2        equ	3947	;# 
  2655   000F6C                     SSP2CON1        equ	3948	;# 
  2656   000F6D                     SSP2STAT        equ	3949	;# 
  2657   000F6E                     SSP2ADD         equ	3950	;# 
  2658   000F6F                     SSP2BUF         equ	3951	;# 
  2659   000F70                     BAUDCON2        equ	3952	;# 
  2660   000F70                     BAUD2CON        equ	3952	;# 
  2661   000F71                     RCSTA2          equ	3953	;# 
  2662   000F71                     RC2STA          equ	3953	;# 
  2663   000F72                     TXSTA2          equ	3954	;# 
  2664   000F72                     TX2STA          equ	3954	;# 
  2665   000F73                     TXREG2          equ	3955	;# 
  2666   000F73                     TX2REG          equ	3955	;# 
  2667   000F74                     RCREG2          equ	3956	;# 
  2668   000F74                     RC2REG          equ	3956	;# 
  2669   000F75                     SPBRG2          equ	3957	;# 
  2670   000F75                     SP2BRG          equ	3957	;# 
  2671   000F76                     SPBRGH2         equ	3958	;# 
  2672   000F76                     SP2BRGH         equ	3958	;# 
  2673   000F77                     CM2CON1         equ	3959	;# 
  2674   000F77                     CM12CON         equ	3959	;# 
  2675   000F78                     CM2CON0         equ	3960	;# 
  2676   000F78                     CM2CON          equ	3960	;# 
  2677   000F79                     CM1CON0         equ	3961	;# 
  2678   000F79                     CM1CON          equ	3961	;# 
  2679   000F7A                     PIE4            equ	3962	;# 
  2680   000F7B                     PIR4            equ	3963	;# 
  2681   000F7C                     IPR4            equ	3964	;# 
  2682   000F7D                     PIE5            equ	3965	;# 
  2683   000F7E                     PIR5            equ	3966	;# 
  2684   000F7F                     IPR5            equ	3967	;# 
  2685   000F80                     PORTA           equ	3968	;# 
  2686   000F81                     PORTB           equ	3969	;# 
  2687   000F82                     PORTC           equ	3970	;# 
  2688   000F84                     PORTE           equ	3972	;# 
  2689   000F89                     LATA            equ	3977	;# 
  2690   000F8A                     LATB            equ	3978	;# 
  2691   000F8B                     LATC            equ	3979	;# 
  2692   000F92                     TRISA           equ	3986	;# 
  2693   000F92                     DDRA            equ	3986	;# 
  2694   000F93                     TRISB           equ	3987	;# 
  2695   000F93                     DDRB            equ	3987	;# 
  2696   000F94                     TRISC           equ	3988	;# 
  2697   000F94                     DDRC            equ	3988	;# 
  2698   000F96                     TRISE           equ	3990	;# 
  2699   000F9B                     OSCTUNE         equ	3995	;# 
  2700   000F9C                     HLVDCON         equ	3996	;# 
  2701   000F9C                     LVDCON          equ	3996	;# 
  2702   000F9D                     PIE1            equ	3997	;# 
  2703   000F9E                     PIR1            equ	3998	;# 
  2704   000F9F                     IPR1            equ	3999	;# 
  2705   000FA0                     PIE2            equ	4000	;# 
  2706   000FA1                     PIR2            equ	4001	;# 
  2707   000FA2                     IPR2            equ	4002	;# 
  2708   000FA3                     PIE3            equ	4003	;# 
  2709   000FA4                     PIR3            equ	4004	;# 
  2710   000FA5                     IPR3            equ	4005	;# 
  2711   000FA6                     EECON1          equ	4006	;# 
  2712   000FA7                     EECON2          equ	4007	;# 
  2713   000FA8                     EEDATA          equ	4008	;# 
  2714   000FA9                     EEADR           equ	4009	;# 
  2715   000FAB                     RCSTA1          equ	4011	;# 
  2716   000FAB                     RCSTA           equ	4011	;# 
  2717   000FAB                     RC1STA          equ	4011	;# 
  2718   000FAC                     TXSTA1          equ	4012	;# 
  2719   000FAC                     TXSTA           equ	4012	;# 
  2720   000FAC                     TX1STA          equ	4012	;# 
  2721   000FAD                     TXREG1          equ	4013	;# 
  2722   000FAD                     TXREG           equ	4013	;# 
  2723   000FAD                     TX1REG          equ	4013	;# 
  2724   000FAE                     RCREG1          equ	4014	;# 
  2725   000FAE                     RCREG           equ	4014	;# 
  2726   000FAE                     RC1REG          equ	4014	;# 
  2727   000FAF                     SPBRG1          equ	4015	;# 
  2728   000FAF                     SPBRG           equ	4015	;# 
  2729   000FAF                     SP1BRG          equ	4015	;# 
  2730   000FB0                     SPBRGH1         equ	4016	;# 
  2731   000FB0                     SPBRGH          equ	4016	;# 
  2732   000FB0                     SP1BRGH         equ	4016	;# 
  2733   000FB1                     T3CON           equ	4017	;# 
  2734   000FB2                     TMR3            equ	4018	;# 
  2735   000FB2                     TMR3L           equ	4018	;# 
  2736   000FB3                     TMR3H           equ	4019	;# 
  2737   000FB4                     T3GCON          equ	4020	;# 
  2738   000FB6                     ECCP1AS         equ	4022	;# 
  2739   000FB6                     ECCPAS          equ	4022	;# 
  2740   000FB7                     PWM1CON         equ	4023	;# 
  2741   000FB7                     PWMCON          equ	4023	;# 
  2742   000FB8                     BAUDCON1        equ	4024	;# 
  2743   000FB8                     BAUDCON         equ	4024	;# 
  2744   000FB8                     BAUDCTL         equ	4024	;# 
  2745   000FB8                     BAUD1CON        equ	4024	;# 
  2746   000FB9                     PSTR1CON        equ	4025	;# 
  2747   000FB9                     PSTRCON         equ	4025	;# 
  2748   000FBA                     T2CON           equ	4026	;# 
  2749   000FBB                     PR2             equ	4027	;# 
  2750   000FBC                     TMR2            equ	4028	;# 
  2751   000FBD                     CCP1CON         equ	4029	;# 
  2752   000FBE                     CCPR1           equ	4030	;# 
  2753   000FBE                     CCPR1L          equ	4030	;# 
  2754   000FBF                     CCPR1H          equ	4031	;# 
  2755   000FC0                     ADCON2          equ	4032	;# 
  2756   000FC1                     ADCON1          equ	4033	;# 
  2757   000FC2                     ADCON0          equ	4034	;# 
  2758   000FC3                     ADRES           equ	4035	;# 
  2759   000FC3                     ADRESL          equ	4035	;# 
  2760   000FC4                     ADRESH          equ	4036	;# 
  2761   000FC5                     SSP1CON2        equ	4037	;# 
  2762   000FC5                     SSPCON2         equ	4037	;# 
  2763   000FC6                     SSP1CON1        equ	4038	;# 
  2764   000FC6                     SSPCON1         equ	4038	;# 
  2765   000FC7                     SSP1STAT        equ	4039	;# 
  2766   000FC7                     SSPSTAT         equ	4039	;# 
  2767   000FC8                     SSP1ADD         equ	4040	;# 
  2768   000FC8                     SSPADD          equ	4040	;# 
  2769   000FC9                     SSP1BUF         equ	4041	;# 
  2770   000FC9                     SSPBUF          equ	4041	;# 
  2771   000FCA                     SSP1MSK         equ	4042	;# 
  2772   000FCA                     SSPMSK          equ	4042	;# 
  2773   000FCB                     SSP1CON3        equ	4043	;# 
  2774   000FCB                     SSPCON3         equ	4043	;# 
  2775   000FCC                     T1GCON          equ	4044	;# 
  2776   000FCD                     T1CON           equ	4045	;# 
  2777   000FCE                     TMR1            equ	4046	;# 
  2778   000FCE                     TMR1L           equ	4046	;# 
  2779   000FCF                     TMR1H           equ	4047	;# 
  2780   000FD0                     RCON            equ	4048	;# 
  2781   000FD1                     WDTCON          equ	4049	;# 
  2782   000FD2                     OSCCON2         equ	4050	;# 
  2783   000FD3                     OSCCON          equ	4051	;# 
  2784   000FD5                     T0CON           equ	4053	;# 
  2785   000FD6                     TMR0            equ	4054	;# 
  2786   000FD6                     TMR0L           equ	4054	;# 
  2787   000FD7                     TMR0H           equ	4055	;# 
  2788   000FD8                     STATUS          equ	4056	;# 
  2789   000FD9                     FSR2            equ	4057	;# 
  2790   000FD9                     FSR2L           equ	4057	;# 
  2791   000FDA                     FSR2H           equ	4058	;# 
  2792   000FDB                     PLUSW2          equ	4059	;# 
  2793   000FDC                     PREINC2         equ	4060	;# 
  2794   000FDD                     POSTDEC2        equ	4061	;# 
  2795   000FDE                     POSTINC2        equ	4062	;# 
  2796   000FDF                     INDF2           equ	4063	;# 
  2797   000FE0                     BSR             equ	4064	;# 
  2798   000FE1                     FSR1            equ	4065	;# 
  2799   000FE1                     FSR1L           equ	4065	;# 
  2800   000FE2                     FSR1H           equ	4066	;# 
  2801   000FE3                     PLUSW1          equ	4067	;# 
  2802   000FE4                     PREINC1         equ	4068	;# 
  2803   000FE5                     POSTDEC1        equ	4069	;# 
  2804   000FE6                     POSTINC1        equ	4070	;# 
  2805   000FE7                     INDF1           equ	4071	;# 
  2806   000FE8                     WREG            equ	4072	;# 
  2807   000FE9                     FSR0            equ	4073	;# 
  2808   000FE9                     FSR0L           equ	4073	;# 
  2809   000FEA                     FSR0H           equ	4074	;# 
  2810   000FEB                     PLUSW0          equ	4075	;# 
  2811   000FEC                     PREINC0         equ	4076	;# 
  2812   000FED                     POSTDEC0        equ	4077	;# 
  2813   000FEE                     POSTINC0        equ	4078	;# 
  2814   000FEF                     INDF0           equ	4079	;# 
  2815   000FF0                     INTCON3         equ	4080	;# 
  2816   000FF1                     INTCON2         equ	4081	;# 
  2817   000FF2                     INTCON          equ	4082	;# 
  2818   000FF3                     PROD            equ	4083	;# 
  2819   000FF3                     PRODL           equ	4083	;# 
  2820   000FF4                     PRODH           equ	4084	;# 
  2821   000FF5                     TABLAT          equ	4085	;# 
  2822   000FF6                     TBLPTR          equ	4086	;# 
  2823   000FF6                     TBLPTRL         equ	4086	;# 
  2824   000FF7                     TBLPTRH         equ	4087	;# 
  2825   000FF8                     TBLPTRU         equ	4088	;# 
  2826   000FF9                     PCLAT           equ	4089	;# 
  2827   000FF9                     PC              equ	4089	;# 
  2828   000FF9                     PCL             equ	4089	;# 
  2829   000FFA                     PCLATH          equ	4090	;# 
  2830   000FFB                     PCLATU          equ	4091	;# 
  2831   000FFC                     STKPTR          equ	4092	;# 
  2832   000FFD                     TOS             equ	4093	;# 
  2833   000FFD                     TOSL            equ	4093	;# 
  2834   000FFE                     TOSH            equ	4094	;# 
  2835   000FFF                     TOSU            equ	4095	;# 
  2836   000F38                     ANSELA          equ	3896	;# 
  2837   000F39                     ANSELB          equ	3897	;# 
  2838   000F3A                     ANSELC          equ	3898	;# 
  2839   000F3D                     PMD2            equ	3901	;# 
  2840   000F3E                     PMD1            equ	3902	;# 
  2841   000F3F                     PMD0            equ	3903	;# 
  2842   000F40                     VREFCON2        equ	3904	;# 
  2843   000F40                     DACCON1         equ	3904	;# 
  2844   000F41                     VREFCON1        equ	3905	;# 
  2845   000F41                     DACCON0         equ	3905	;# 
  2846   000F42                     VREFCON0        equ	3906	;# 
  2847   000F42                     FVRCON          equ	3906	;# 
  2848   000F43                     CTMUICON        equ	3907	;# 
  2849   000F43                     CTMUICONH       equ	3907	;# 
  2850   000F44                     CTMUCONL        equ	3908	;# 
  2851   000F44                     CTMUCON1        equ	3908	;# 
  2852   000F45                     CTMUCONH        equ	3909	;# 
  2853   000F45                     CTMUCON0        equ	3909	;# 
  2854   000F46                     SRCON1          equ	3910	;# 
  2855   000F47                     SRCON0          equ	3911	;# 
  2856   000F48                     CCPTMRS1        equ	3912	;# 
  2857   000F49                     CCPTMRS0        equ	3913	;# 
  2858   000F4A                     T6CON           equ	3914	;# 
  2859   000F4B                     PR6             equ	3915	;# 
  2860   000F4C                     TMR6            equ	3916	;# 
  2861   000F4D                     T5GCON          equ	3917	;# 
  2862   000F4E                     T5CON           equ	3918	;# 
  2863   000F4F                     TMR5            equ	3919	;# 
  2864   000F4F                     TMR5L           equ	3919	;# 
  2865   000F50                     TMR5H           equ	3920	;# 
  2866   000F51                     T4CON           equ	3921	;# 
  2867   000F52                     PR4             equ	3922	;# 
  2868   000F53                     TMR4            equ	3923	;# 
  2869   000F54                     CCP5CON         equ	3924	;# 
  2870   000F55                     CCPR5           equ	3925	;# 
  2871   000F55                     CCPR5L          equ	3925	;# 
  2872   000F56                     CCPR5H          equ	3926	;# 
  2873   000F57                     CCP4CON         equ	3927	;# 
  2874   000F58                     CCPR4           equ	3928	;# 
  2875   000F58                     CCPR4L          equ	3928	;# 
  2876   000F59                     CCPR4H          equ	3929	;# 
  2877   000F5A                     PSTR3CON        equ	3930	;# 
  2878   000F5B                     ECCP3AS         equ	3931	;# 
  2879   000F5B                     CCP3AS          equ	3931	;# 
  2880   000F5C                     PWM3CON         equ	3932	;# 
  2881   000F5D                     CCP3CON         equ	3933	;# 
  2882   000F5E                     CCPR3           equ	3934	;# 
  2883   000F5E                     CCPR3L          equ	3934	;# 
  2884   000F5F                     CCPR3H          equ	3935	;# 
  2885   000F60                     SLRCON          equ	3936	;# 
  2886   000F61                     WPUB            equ	3937	;# 
  2887   000F62                     IOCB            equ	3938	;# 
  2888   000F63                     PSTR2CON        equ	3939	;# 
  2889   000F64                     ECCP2AS         equ	3940	;# 
  2890   000F64                     CCP2AS          equ	3940	;# 
  2891   000F65                     PWM2CON         equ	3941	;# 
  2892   000F66                     CCP2CON         equ	3942	;# 
  2893   000F67                     CCPR2           equ	3943	;# 
  2894   000F67                     CCPR2L          equ	3943	;# 
  2895   000F68                     CCPR2H          equ	3944	;# 
  2896   000F69                     SSP2CON3        equ	3945	;# 
  2897   000F6A                     SSP2MSK         equ	3946	;# 
  2898   000F6B                     SSP2CON2        equ	3947	;# 
  2899   000F6C                     SSP2CON1        equ	3948	;# 
  2900   000F6D                     SSP2STAT        equ	3949	;# 
  2901   000F6E                     SSP2ADD         equ	3950	;# 
  2902   000F6F                     SSP2BUF         equ	3951	;# 
  2903   000F70                     BAUDCON2        equ	3952	;# 
  2904   000F70                     BAUD2CON        equ	3952	;# 
  2905   000F71                     RCSTA2          equ	3953	;# 
  2906   000F71                     RC2STA          equ	3953	;# 
  2907   000F72                     TXSTA2          equ	3954	;# 
  2908   000F72                     TX2STA          equ	3954	;# 
  2909   000F73                     TXREG2          equ	3955	;# 
  2910   000F73                     TX2REG          equ	3955	;# 
  2911   000F74                     RCREG2          equ	3956	;# 
  2912   000F74                     RC2REG          equ	3956	;# 
  2913   000F75                     SPBRG2          equ	3957	;# 
  2914   000F75                     SP2BRG          equ	3957	;# 
  2915   000F76                     SPBRGH2         equ	3958	;# 
  2916   000F76                     SP2BRGH         equ	3958	;# 
  2917   000F77                     CM2CON1         equ	3959	;# 
  2918   000F77                     CM12CON         equ	3959	;# 
  2919   000F78                     CM2CON0         equ	3960	;# 
  2920   000F78                     CM2CON          equ	3960	;# 
  2921   000F79                     CM1CON0         equ	3961	;# 
  2922   000F79                     CM1CON          equ	3961	;# 
  2923   000F7A                     PIE4            equ	3962	;# 
  2924   000F7B                     PIR4            equ	3963	;# 
  2925   000F7C                     IPR4            equ	3964	;# 
  2926   000F7D                     PIE5            equ	3965	;# 
  2927   000F7E                     PIR5            equ	3966	;# 
  2928   000F7F                     IPR5            equ	3967	;# 
  2929   000F80                     PORTA           equ	3968	;# 
  2930   000F81                     PORTB           equ	3969	;# 
  2931   000F82                     PORTC           equ	3970	;# 
  2932   000F84                     PORTE           equ	3972	;# 
  2933   000F89                     LATA            equ	3977	;# 
  2934   000F8A                     LATB            equ	3978	;# 
  2935   000F8B                     LATC            equ	3979	;# 
  2936   000F92                     TRISA           equ	3986	;# 
  2937   000F92                     DDRA            equ	3986	;# 
  2938   000F93                     TRISB           equ	3987	;# 
  2939   000F93                     DDRB            equ	3987	;# 
  2940   000F94                     TRISC           equ	3988	;# 
  2941   000F94                     DDRC            equ	3988	;# 
  2942   000F96                     TRISE           equ	3990	;# 
  2943   000F9B                     OSCTUNE         equ	3995	;# 
  2944   000F9C                     HLVDCON         equ	3996	;# 
  2945   000F9C                     LVDCON          equ	3996	;# 
  2946   000F9D                     PIE1            equ	3997	;# 
  2947   000F9E                     PIR1            equ	3998	;# 
  2948   000F9F                     IPR1            equ	3999	;# 
  2949   000FA0                     PIE2            equ	4000	;# 
  2950   000FA1                     PIR2            equ	4001	;# 
  2951   000FA2                     IPR2            equ	4002	;# 
  2952   000FA3                     PIE3            equ	4003	;# 
  2953   000FA4                     PIR3            equ	4004	;# 
  2954   000FA5                     IPR3            equ	4005	;# 
  2955   000FA6                     EECON1          equ	4006	;# 
  2956   000FA7                     EECON2          equ	4007	;# 
  2957   000FA8                     EEDATA          equ	4008	;# 
  2958   000FA9                     EEADR           equ	4009	;# 
  2959   000FAB                     RCSTA1          equ	4011	;# 
  2960   000FAB                     RCSTA           equ	4011	;# 
  2961   000FAB                     RC1STA          equ	4011	;# 
  2962   000FAC                     TXSTA1          equ	4012	;# 
  2963   000FAC                     TXSTA           equ	4012	;# 
  2964   000FAC                     TX1STA          equ	4012	;# 
  2965   000FAD                     TXREG1          equ	4013	;# 
  2966   000FAD                     TXREG           equ	4013	;# 
  2967   000FAD                     TX1REG          equ	4013	;# 
  2968   000FAE                     RCREG1          equ	4014	;# 
  2969   000FAE                     RCREG           equ	4014	;# 
  2970   000FAE                     RC1REG          equ	4014	;# 
  2971   000FAF                     SPBRG1          equ	4015	;# 
  2972   000FAF                     SPBRG           equ	4015	;# 
  2973   000FAF                     SP1BRG          equ	4015	;# 
  2974   000FB0                     SPBRGH1         equ	4016	;# 
  2975   000FB0                     SPBRGH          equ	4016	;# 
  2976   000FB0                     SP1BRGH         equ	4016	;# 
  2977   000FB1                     T3CON           equ	4017	;# 
  2978   000FB2                     TMR3            equ	4018	;# 
  2979   000FB2                     TMR3L           equ	4018	;# 
  2980   000FB3                     TMR3H           equ	4019	;# 
  2981   000FB4                     T3GCON          equ	4020	;# 
  2982   000FB6                     ECCP1AS         equ	4022	;# 
  2983   000FB6                     ECCPAS          equ	4022	;# 
  2984   000FB7                     PWM1CON         equ	4023	;# 
  2985   000FB7                     PWMCON          equ	4023	;# 
  2986   000FB8                     BAUDCON1        equ	4024	;# 
  2987   000FB8                     BAUDCON         equ	4024	;# 
  2988   000FB8                     BAUDCTL         equ	4024	;# 
  2989   000FB8                     BAUD1CON        equ	4024	;# 
  2990   000FB9                     PSTR1CON        equ	4025	;# 
  2991   000FB9                     PSTRCON         equ	4025	;# 
  2992   000FBA                     T2CON           equ	4026	;# 
  2993   000FBB                     PR2             equ	4027	;# 
  2994   000FBC                     TMR2            equ	4028	;# 
  2995   000FBD                     CCP1CON         equ	4029	;# 
  2996   000FBE                     CCPR1           equ	4030	;# 
  2997   000FBE                     CCPR1L          equ	4030	;# 
  2998   000FBF                     CCPR1H          equ	4031	;# 
  2999   000FC0                     ADCON2          equ	4032	;# 
  3000   000FC1                     ADCON1          equ	4033	;# 
  3001   000FC2                     ADCON0          equ	4034	;# 
  3002   000FC3                     ADRES           equ	4035	;# 
  3003   000FC3                     ADRESL          equ	4035	;# 
  3004   000FC4                     ADRESH          equ	4036	;# 
  3005   000FC5                     SSP1CON2        equ	4037	;# 
  3006   000FC5                     SSPCON2         equ	4037	;# 
  3007   000FC6                     SSP1CON1        equ	4038	;# 
  3008   000FC6                     SSPCON1         equ	4038	;# 
  3009   000FC7                     SSP1STAT        equ	4039	;# 
  3010   000FC7                     SSPSTAT         equ	4039	;# 
  3011   000FC8                     SSP1ADD         equ	4040	;# 
  3012   000FC8                     SSPADD          equ	4040	;# 
  3013   000FC9                     SSP1BUF         equ	4041	;# 
  3014   000FC9                     SSPBUF          equ	4041	;# 
  3015   000FCA                     SSP1MSK         equ	4042	;# 
  3016   000FCA                     SSPMSK          equ	4042	;# 
  3017   000FCB                     SSP1CON3        equ	4043	;# 
  3018   000FCB                     SSPCON3         equ	4043	;# 
  3019   000FCC                     T1GCON          equ	4044	;# 
  3020   000FCD                     T1CON           equ	4045	;# 
  3021   000FCE                     TMR1            equ	4046	;# 
  3022   000FCE                     TMR1L           equ	4046	;# 
  3023   000FCF                     TMR1H           equ	4047	;# 
  3024   000FD0                     RCON            equ	4048	;# 
  3025   000FD1                     WDTCON          equ	4049	;# 
  3026   000FD2                     OSCCON2         equ	4050	;# 
  3027   000FD3                     OSCCON          equ	4051	;# 
  3028   000FD5                     T0CON           equ	4053	;# 
  3029   000FD6                     TMR0            equ	4054	;# 
  3030   000FD6                     TMR0L           equ	4054	;# 
  3031   000FD7                     TMR0H           equ	4055	;# 
  3032   000FD8                     STATUS          equ	4056	;# 
  3033   000FD9                     FSR2            equ	4057	;# 
  3034   000FD9                     FSR2L           equ	4057	;# 
  3035   000FDA                     FSR2H           equ	4058	;# 
  3036   000FDB                     PLUSW2          equ	4059	;# 
  3037   000FDC                     PREINC2         equ	4060	;# 
  3038   000FDD                     POSTDEC2        equ	4061	;# 
  3039   000FDE                     POSTINC2        equ	4062	;# 
  3040   000FDF                     INDF2           equ	4063	;# 
  3041   000FE0                     BSR             equ	4064	;# 
  3042   000FE1                     FSR1            equ	4065	;# 
  3043   000FE1                     FSR1L           equ	4065	;# 
  3044   000FE2                     FSR1H           equ	4066	;# 
  3045   000FE3                     PLUSW1          equ	4067	;# 
  3046   000FE4                     PREINC1         equ	4068	;# 
  3047   000FE5                     POSTDEC1        equ	4069	;# 
  3048   000FE6                     POSTINC1        equ	4070	;# 
  3049   000FE7                     INDF1           equ	4071	;# 
  3050   000FE8                     WREG            equ	4072	;# 
  3051   000FE9                     FSR0            equ	4073	;# 
  3052   000FE9                     FSR0L           equ	4073	;# 
  3053   000FEA                     FSR0H           equ	4074	;# 
  3054   000FEB                     PLUSW0          equ	4075	;# 
  3055   000FEC                     PREINC0         equ	4076	;# 
  3056   000FED                     POSTDEC0        equ	4077	;# 
  3057   000FEE                     POSTINC0        equ	4078	;# 
  3058   000FEF                     INDF0           equ	4079	;# 
  3059   000FF0                     INTCON3         equ	4080	;# 
  3060   000FF1                     INTCON2         equ	4081	;# 
  3061   000FF2                     INTCON          equ	4082	;# 
  3062   000FF3                     PROD            equ	4083	;# 
  3063   000FF3                     PRODL           equ	4083	;# 
  3064   000FF4                     PRODH           equ	4084	;# 
  3065   000FF5                     TABLAT          equ	4085	;# 
  3066   000FF6                     TBLPTR          equ	4086	;# 
  3067   000FF6                     TBLPTRL         equ	4086	;# 
  3068   000FF7                     TBLPTRH         equ	4087	;# 
  3069   000FF8                     TBLPTRU         equ	4088	;# 
  3070   000FF9                     PCLAT           equ	4089	;# 
  3071   000FF9                     PC              equ	4089	;# 
  3072   000FF9                     PCL             equ	4089	;# 
  3073   000FFA                     PCLATH          equ	4090	;# 
  3074   000FFB                     PCLATU          equ	4091	;# 
  3075   000FFC                     STKPTR          equ	4092	;# 
  3076   000FFD                     TOS             equ	4093	;# 
  3077   000FFD                     TOSL            equ	4093	;# 
  3078   000FFE                     TOSH            equ	4094	;# 
  3079   000FFF                     TOSU            equ	4095	;# 
  3080                           
  3081 ;; Function _SPI2_Deinitialize is unused but had its address taken
  3082   000000                     _SPI2_Deinitialize equ	0
  3083                           
  3084 ;; Function _SPI2_BufferExchange is unused but had its address taken
  3085   000000                     _SPI2_BufferExchange equ	0
  3086                           
  3087 ;; Function _SPI2_BufferWrite is unused but had its address taken
  3088   000000                     _SPI2_BufferWrite equ	0
  3089                           
  3090 ;; Function _SPI2_BufferRead is unused but had its address taken
  3091   000000                     _SPI2_BufferRead equ	0
  3092                           
  3093 ;; Function _SPI2_ByteWrite is unused but had its address taken
  3094   000000                     _SPI2_ByteWrite equ	0
  3095                           
  3096 ;; Function _SPI2_ByteRead is unused but had its address taken
  3097   000000                     _SPI2_ByteRead  equ	0
  3098                           
  3099 ;; Function _SPI2_IsRxReady is unused but had its address taken
  3100   000000                     _SPI2_IsRxReady equ	0
  3101                           
  3102 ;; Function _SPI2_IsTxReady is unused but had its address taken
  3103   000000                     _SPI2_IsTxReady equ	0
  3104                           
  3105 ;; Function _INT0_DefaultInterruptHandler is unused but had its address taken
  3106   000000                     _INT0_DefaultInterruptHandler equ	0
  3107                           
  3108 ;; Function _INT1_DefaultInterruptHandler is unused but had its address taken
  3109   000000                     _INT1_DefaultInterruptHandler equ	0
  3110                           
  3111 ;; Function _INT2_DefaultInterruptHandler is unused but had its address taken
  3112   000000                     _INT2_DefaultInterruptHandler equ	0
  3113                           
  3114 ;; Function _TMR1_DefaultOverflowCallback is unused but had its address taken
  3115   000000                     _TMR1_DefaultOverflowCallback equ	0
  3116                           
  3117 ;; Function _TMR1_DefaultGateCallback is unused but had its address taken
  3118   000000                     _TMR1_DefaultGateCallback equ	0
  3119                           
  3120 ;; Function _EUSART1_Deinitialize is unused but had its address taken
  3121   000000                     _EUSART1_Deinitialize equ	0
  3122                           
  3123 ;; Function _EUSART1_TransmitEnable is unused but had its address taken
  3124   000000                     _EUSART1_TransmitEnable equ	0
  3125                           
  3126 ;; Function _EUSART1_TransmitDisable is unused but had its address taken
  3127   000000                     _EUSART1_TransmitDisable equ	0
  3128                           
  3129 ;; Function _EUSART1_AutoBaudSet is unused but had its address taken
  3130   000000                     _EUSART1_AutoBaudSet equ	0
  3131                           
  3132 ;; Function _EUSART1_AutoBaudQuery is unused but had its address taken
  3133   000000                     _EUSART1_AutoBaudQuery equ	0
  3134                           
  3135 ;; Function _EUSART1_IsTxDone is unused but had its address taken
  3136   000000                     _EUSART1_IsTxDone equ	0
  3137                           
  3138 ;; Function _EUSART1_ErrorGet is unused but had its address taken
  3139   000000                     _EUSART1_ErrorGet equ	0
  3140                           
  3141                           	psect	idataBANK0
  3142   002062                     __pidataBANK0:
  3143                           	callstack 0
  3144                           
  3145                           ;initializer for _sampleRate
  3146   002062  0640               	dw	1600
  3147                           
  3148                           	psect	mediumconst
  3149   00796A                     __pmediumconst:
  3150                           	callstack 0
  3151   00796A  00                 	db	0
  3152   00796B                     _UART1:
  3153                           	callstack 0
  3154   00796B  70                 	db	low _EUSART1_Initialize
  3155   00796C  1D                 	db	high _EUSART1_Initialize
  3156   00796D  00                 	db	0
  3157   00796E  00                 	db	0
  3158   00796F  BE                 	db	low _EUSART1_Read
  3159   007970  1A                 	db	high _EUSART1_Read
  3160   007971  52                 	db	low _EUSART1_Write
  3161   007972  20                 	db	high _EUSART1_Write
  3162   007973  CE                 	db	low _EUSART1_IsRxReady
  3163   007974  1F                 	db	high _EUSART1_IsRxReady
  3164   007975  9E                 	db	low _EUSART1_IsTxReady
  3165   007976  1E                 	db	high _EUSART1_IsTxReady
  3166   007977  00                 	db	0
  3167   007978  00                 	db	0
  3168   007979  00                 	db	0
  3169   00797A  00                 	db	0
  3170   00797B  00                 	db	0
  3171   00797C  00                 	db	0
  3172   00797D  00                 	db	0
  3173   00797E  00                 	db	0
  3174   00797F  00                 	db	0
  3175   007980  00                 	db	0
  3176   007981  00                 	db	0
  3177   007982  00                 	db	0
  3178   007983  00                 	db	0
  3179   007984  00                 	db	0
  3180   007985  00                 	db	0
  3181   007986  00                 	db	0
  3182   007987  00                 	db	0
  3183   007988  00                 	db	0
  3184   007989  00                 	db	0
  3185   00798A  00                 	db	0
  3186   00798B  00                 	db	0
  3187   00798C  00                 	db	0
  3188   00798D  00                 	db	0
  3189   00798E  00                 	db	0
  3190   00798F  00                 	db	0
  3191   007990  00                 	db	0
  3192   007991  00                 	db	0
  3193   007992  00                 	db	0
  3194   007993  86                 	db	low _EUSART1_FramingErrorCallbackRegister
  3195   007994  1F                 	db	high _EUSART1_FramingErrorCallbackRegister
  3196   007995  6A                 	db	low _EUSART1_OverrunErrorCallbackRegister
  3197   007996  1F                 	db	high _EUSART1_OverrunErrorCallbackRegister
  3198   007997  00                 	db	0
  3199   007998  00                 	db	0
  3200   007999  00                 	db	0
  3201   00799A  00                 	db	0
  3202   00799B                     __end_of_UART1:
  3203                           	callstack 0
  3204   00799B                     _SPI2_Host:
  3205                           	callstack 0
  3206   00799B  F2                 	db	low _SPI2_Initialize
  3207   00799C  1F                 	db	high _SPI2_Initialize
  3208   00799D  00                 	db	0
  3209   00799E  00                 	db	0
  3210   00799F  38                 	db	low _SPI2_Open
  3211   0079A0  1A                 	db	high _SPI2_Open
  3212   0079A1  5E                 	db	low _SPI2_Close
  3213   0079A2  20                 	db	high _SPI2_Close
  3214   0079A3  00                 	db	0
  3215   0079A4  00                 	db	0
  3216   0079A5  00                 	db	0
  3217   0079A6  00                 	db	0
  3218   0079A7  00                 	db	0
  3219   0079A8  00                 	db	0
  3220   0079A9  A2                 	db	low _SPI2_ByteExchange
  3221   0079AA  1F                 	db	high _SPI2_ByteExchange
  3222   0079AB  00                 	db	0
  3223   0079AC  00                 	db	0
  3224   0079AD  00                 	db	0
  3225   0079AE  00                 	db	0
  3226   0079AF  00                 	db	0
  3227   0079B0  00                 	db	0
  3228   0079B1  00                 	db	0
  3229   0079B2  00                 	db	0
  3230   0079B3  00                 	db	0
  3231   0079B4  00                 	db	0
  3232   0079B5  00                 	db	0
  3233   0079B6  00                 	db	0
  3234   0079B7                     __end_of_SPI2_Host:
  3235                           	callstack 0
  3236   0079B7                     _sin:
  3237                           	callstack 0
  3238   0079B7  80                 	db	128
  3239   0079B8  9F                 	db	159
  3240   0079B9  BB                 	db	187
  3241   0079BA  D5                 	db	213
  3242   0079BB  E9                 	db	233
  3243   0079BC  F8                 	db	248
  3244   0079BD  FF                 	db	255
  3245   0079BE  FF                 	db	255
  3246   0079BF  F8                 	db	248
  3247   0079C0  E9                 	db	233
  3248   0079C1  D5                 	db	213
  3249   0079C2  BB                 	db	187
  3250   0079C3  9F                 	db	159
  3251   0079C4  80                 	db	128
  3252   0079C5  61                 	db	97
  3253   0079C6  45                 	db	69
  3254   0079C7  2B                 	db	43
  3255   0079C8  17                 	db	23
  3256   0079C9  08                 	db	8
  3257   0079CA  01                 	db	1
  3258   0079CB  01                 	db	1
  3259   0079CC  08                 	db	8
  3260   0079CD  17                 	db	23
  3261   0079CE  2B                 	db	43
  3262   0079CF  45                 	db	69
  3263   0079D0  61                 	db	97
  3264   0079D1                     __end_of_sin:
  3265                           	callstack 0
  3266   0079D1                     _spi2_configuration:
  3267                           	callstack 0
  3268   0079D1  00                 	db	0
  3269   0079D2  0A                 	db	10
  3270   0079D3  10                 	db	16
  3271   0079D4  7F                 	db	127
  3272   0079D5  00                 	db	0
  3273   0079D6  40                 	db	64
  3274   0079D7  01                 	db	1
  3275   0079D8  10                 	db	16
  3276   0079D9  03                 	db	3
  3277   0079DA  00                 	db	0
  3278   0079DB  64                 	db	100
  3279   0079DC  00                 	db	0
  3280   0079DD  10                 	db	16
  3281   0079DE  01                 	db	1
  3282   0079DF  00                 	db	0
  3283   0079E0                     __end_of_spi2_configuration:
  3284                           	callstack 0
  3285   0079E0                     STR_56:
  3286   0079E0  50                 	db	80	;'P'
  3287   0079E1  72                 	db	114	;'r'
  3288   0079E2  65                 	db	101	;'e'
  3289   0079E3  73                 	db	115	;'s'
  3290   0079E4  73                 	db	115	;'s'
  3291   0079E5  20                 	db	32
  3292   0079E6  61                 	db	97	;'a'
  3293   0079E7  6E                 	db	110	;'n'
  3294   0079E8  79                 	db	121	;'y'
  3295   0079E9  20                 	db	32
  3296   0079EA  6B                 	db	107	;'k'
  3297   0079EB  65                 	db	101	;'e'
  3298   0079EC  79                 	db	121	;'y'
  3299   0079ED  20                 	db	32
  3300   0079EE  74                 	db	116	;'t'
  3301   0079EF  6F                 	db	111	;'o'
  3302   0079F0  20                 	db	32
  3303   0079F1  73                 	db	115	;'s'
  3304   0079F2  74                 	db	116	;'t'
  3305   0079F3  61                 	db	97	;'a'
  3306   0079F4  72                 	db	114	;'r'
  3307   0079F5  74                 	db	116	;'t'
  3308   0079F6  20                 	db	32
  3309   0079F7  72                 	db	114	;'r'
  3310   0079F8  65                 	db	101	;'e'
  3311   0079F9  63                 	db	99	;'c'
  3312   0079FA  6F                 	db	111	;'o'
  3313   0079FB  72                 	db	114	;'r'
  3314   0079FC  64                 	db	100	;'d'
  3315   0079FD  69                 	db	105	;'i'
  3316   0079FE  6E                 	db	110	;'n'
  3317   0079FF  67                 	db	103	;'g'
  3318   007A00  20                 	db	32
  3319   007A01  61                 	db	97	;'a'
  3320   007A02  75                 	db	117	;'u'
  3321   007A03  64                 	db	100	;'d'
  3322   007A04  69                 	db	105	;'i'
  3323   007A05  6F                 	db	111	;'o'
  3324   007A06  20                 	db	32
  3325   007A07  61                 	db	97	;'a'
  3326   007A08  6E                 	db	110	;'n'
  3327   007A09  64                 	db	100	;'d'
  3328   007A0A  20                 	db	32
  3329   007A0B  70                 	db	112	;'p'
  3330   007A0C  72                 	db	114	;'r'
  3331   007A0D  65                 	db	101	;'e'
  3332   007A0E  73                 	db	115	;'s'
  3333   007A0F  73                 	db	115	;'s'
  3334   007A10  20                 	db	32
  3335   007A11  61                 	db	97	;'a'
  3336   007A12  6E                 	db	110	;'n'
  3337   007A13  79                 	db	121	;'y'
  3338   007A14  20                 	db	32
  3339   007A15  6B                 	db	107	;'k'
  3340   007A16  65                 	db	101	;'e'
  3341   007A17  79                 	db	121	;'y'
  3342   007A18  20                 	db	32
  3343   007A19  74                 	db	116	;'t'
  3344   007A1A  6F                 	db	111	;'o'
  3345   007A1B  20                 	db	32
  3346   007A1C  73                 	db	115	;'s'
  3347   007A1D  74                 	db	116	;'t'
  3348   007A1E  6F                 	db	111	;'o'
  3349   007A1F  70                 	db	112	;'p'
  3350   007A20  20                 	db	32
  3351   007A21  72                 	db	114	;'r'
  3352   007A22  65                 	db	101	;'e'
  3353   007A23  63                 	db	99	;'c'
  3354   007A24  6F                 	db	111	;'o'
  3355   007A25  72                 	db	114	;'r'
  3356   007A26  64                 	db	100	;'d'
  3357   007A27  69                 	db	105	;'i'
  3358   007A28  6E                 	db	110	;'n'
  3359   007A29  67                 	db	103	;'g'
  3360   007A2A  2E                 	db	46
  3361   007A2B  0D                 	db	13
  3362   007A2C  0A                 	db	10
  3363   007A2D  00                 	db	0
  3364   007A2E                     STR_65:
  3365   007A2E  4C                 	db	76	;'L'
  3366   007A2F  6F                 	db	111	;'o'
  3367   007A30  67                 	db	103	;'g'
  3368   007A31  20                 	db	32
  3369   007A32  66                 	db	102	;'f'
  3370   007A33  69                 	db	105	;'i'
  3371   007A34  6C                 	db	108	;'l'
  3372   007A35  65                 	db	101	;'e'
  3373   007A36  20                 	db	32
  3374   007A37  6E                 	db	110	;'n'
  3375   007A38  61                 	db	97	;'a'
  3376   007A39  6D                 	db	109	;'m'
  3377   007A3A  65                 	db	101	;'e'
  3378   007A3B  3A                 	db	58	;':'
  3379   007A3C  20                 	db	32
  3380   007A3D  20                 	db	32
  3381   007A3E  20                 	db	32
  3382   007A3F  42                 	db	66	;'B'
  3383   007A40  72                 	db	114	;'r'
  3384   007A41  6F                 	db	111	;'o'
  3385   007A42  77                 	db	119	;'w'
  3386   007A43  73                 	db	115	;'s'
  3387   007A44  65                 	db	101	;'e'
  3388   007A45  20                 	db	32
  3389   007A46  61                 	db	97	;'a'
  3390   007A47  6E                 	db	110	;'n'
  3391   007A48  64                 	db	100	;'d'
  3392   007A49  20                 	db	32
  3393   007A4A  70                 	db	112	;'p'
  3394   007A4B  72                 	db	114	;'r'
  3395   007A4C  6F                 	db	111	;'o'
  3396   007A4D  76                 	db	118	;'v'
  3397   007A4E  69                 	db	105	;'i'
  3398   007A4F  64                 	db	100	;'d'
  3399   007A50  65                 	db	101	;'e'
  3400   007A51  20                 	db	32
  3401   007A52  61                 	db	97	;'a'
  3402   007A53  20                 	db	32
  3403   007A54  2E                 	db	46
  3404   007A55  63                 	db	99	;'c'
  3405   007A56  73                 	db	115	;'s'
  3406   007A57  76                 	db	118	;'v'
  3407   007A58  20                 	db	32
  3408   007A59  65                 	db	101	;'e'
  3409   007A5A  78                 	db	120	;'x'
  3410   007A5B  74                 	db	116	;'t'
  3411   007A5C  65                 	db	101	;'e'
  3412   007A5D  6E                 	db	110	;'n'
  3413   007A5E  73                 	db	115	;'s'
  3414   007A5F  69                 	db	105	;'i'
  3415   007A60  6F                 	db	111	;'o'
  3416   007A61  6E                 	db	110	;'n'
  3417   007A62  20                 	db	32
  3418   007A63  74                 	db	116	;'t'
  3419   007A64  6F                 	db	111	;'o'
  3420   007A65  20                 	db	32
  3421   007A66  79                 	db	121	;'y'
  3422   007A67  6F                 	db	111	;'o'
  3423   007A68  75                 	db	117	;'u'
  3424   007A69  72                 	db	114	;'r'
  3425   007A6A  20                 	db	32
  3426   007A6B  66                 	db	102	;'f'
  3427   007A6C  69                 	db	105	;'i'
  3428   007A6D  6C                 	db	108	;'l'
  3429   007A6E  65                 	db	101	;'e'
  3430   007A6F  20                 	db	32
  3431   007A70  6E                 	db	110	;'n'
  3432   007A71  61                 	db	97	;'a'
  3433   007A72  6D                 	db	109	;'m'
  3434   007A73  65                 	db	101	;'e'
  3435   007A74  0D                 	db	13
  3436   007A75  0A                 	db	10
  3437   007A76  00                 	db	0
  3438   007A77                     STR_60:
  3439   007A77  54                 	db	84	;'T'
  3440   007A78  6F                 	db	111	;'o'
  3441   007A79  20                 	db	32
  3442   007A7A  73                 	db	115	;'s'
  3443   007A7B  70                 	db	112	;'p'
  3444   007A7C  6F                 	db	111	;'o'
  3445   007A7D  6F                 	db	111	;'o'
  3446   007A7E  6C                 	db	108	;'l'
  3447   007A7F  20                 	db	32
  3448   007A80  74                 	db	116	;'t'
  3449   007A81  65                 	db	101	;'e'
  3450   007A82  72                 	db	114	;'r'
  3451   007A83  6D                 	db	109	;'m'
  3452   007A84  69                 	db	105	;'i'
  3453   007A85  6E                 	db	110	;'n'
  3454   007A86  61                 	db	97	;'a'
  3455   007A87  6C                 	db	108	;'l'
  3456   007A88  20                 	db	32
  3457   007A89  63                 	db	99	;'c'
  3458   007A8A  6F                 	db	111	;'o'
  3459   007A8B  6E                 	db	110	;'n'
  3460   007A8C  74                 	db	116	;'t'
  3461   007A8D  65                 	db	101	;'e'
  3462   007A8E  6E                 	db	110	;'n'
  3463   007A8F  74                 	db	116	;'t'
  3464   007A90  73                 	db	115	;'s'
  3465   007A91  20                 	db	32
  3466   007A92  69                 	db	105	;'i'
  3467   007A93  6E                 	db	110	;'n'
  3468   007A94  74                 	db	116	;'t'
  3469   007A95  6F                 	db	111	;'o'
  3470   007A96  20                 	db	32
  3471   007A97  61                 	db	97	;'a'
  3472   007A98  20                 	db	32
  3473   007A99  66                 	db	102	;'f'
  3474   007A9A  69                 	db	105	;'i'
  3475   007A9B  6C                 	db	108	;'l'
  3476   007A9C  65                 	db	101	;'e'
  3477   007A9D  20                 	db	32
  3478   007A9E  66                 	db	102	;'f'
  3479   007A9F  6F                 	db	111	;'o'
  3480   007AA0  6C                 	db	108	;'l'
  3481   007AA1  6C                 	db	108	;'l'
  3482   007AA2  6F                 	db	111	;'o'
  3483   007AA3  77                 	db	119	;'w'
  3484   007AA4  20                 	db	32
  3485   007AA5  74                 	db	116	;'t'
  3486   007AA6  68                 	db	104	;'h'
  3487   007AA7  65                 	db	101	;'e'
  3488   007AA8  73                 	db	115	;'s'
  3489   007AA9  65                 	db	101	;'e'
  3490   007AAA  20                 	db	32
  3491   007AAB  69                 	db	105	;'i'
  3492   007AAC  6E                 	db	110	;'n'
  3493   007AAD  73                 	db	115	;'s'
  3494   007AAE  74                 	db	116	;'t'
  3495   007AAF  72                 	db	114	;'r'
  3496   007AB0  75                 	db	117	;'u'
  3497   007AB1  63                 	db	99	;'c'
  3498   007AB2  74                 	db	116	;'t'
  3499   007AB3  69                 	db	105	;'i'
  3500   007AB4  6F                 	db	111	;'o'
  3501   007AB5  6E                 	db	110	;'n'
  3502   007AB6  73                 	db	115	;'s'
  3503   007AB7  3A                 	db	58	;':'
  3504   007AB8  0D                 	db	13
  3505   007AB9  0A                 	db	10
  3506   007ABA  00                 	db	0
  3507   007ABB                     STR_59:
  3508   007ABB  59                 	db	89	;'Y'
  3509   007ABC  6F                 	db	111	;'o'
  3510   007ABD  75                 	db	117	;'u'
  3511   007ABE  20                 	db	32
  3512   007ABF  6D                 	db	109	;'m'
  3513   007AC0  61                 	db	97	;'a'
  3514   007AC1  79                 	db	121	;'y'
  3515   007AC2  20                 	db	32
  3516   007AC3  74                 	db	116	;'t'
  3517   007AC4  65                 	db	101	;'e'
  3518   007AC5  72                 	db	114	;'r'
  3519   007AC6  6D                 	db	109	;'m'
  3520   007AC7  69                 	db	105	;'i'
  3521   007AC8  6E                 	db	110	;'n'
  3522   007AC9  61                 	db	97	;'a'
  3523   007ACA  74                 	db	116	;'t'
  3524   007ACB  65                 	db	101	;'e'
  3525   007ACC  20                 	db	32
  3526   007ACD  73                 	db	115	;'s'
  3527   007ACE  70                 	db	112	;'p'
  3528   007ACF  6F                 	db	111	;'o'
  3529   007AD0  6F                 	db	111	;'o'
  3530   007AD1  6C                 	db	108	;'l'
  3531   007AD2  69                 	db	105	;'i'
  3532   007AD3  6E                 	db	110	;'n'
  3533   007AD4  67                 	db	103	;'g'
  3534   007AD5  20                 	db	32
  3535   007AD6  61                 	db	97	;'a'
  3536   007AD7  74                 	db	116	;'t'
  3537   007AD8  20                 	db	32
  3538   007AD9  61                 	db	97	;'a'
  3539   007ADA  6E                 	db	110	;'n'
  3540   007ADB  79                 	db	121	;'y'
  3541   007ADC  20                 	db	32
  3542   007ADD  74                 	db	116	;'t'
  3543   007ADE  69                 	db	105	;'i'
  3544   007ADF  6D                 	db	109	;'m'
  3545   007AE0  65                 	db	101	;'e'
  3546   007AE1  20                 	db	32
  3547   007AE2  77                 	db	119	;'w'
  3548   007AE3  69                 	db	105	;'i'
  3549   007AE4  74                 	db	116	;'t'
  3550   007AE5  68                 	db	104	;'h'
  3551   007AE6  20                 	db	32
  3552   007AE7  61                 	db	97	;'a'
  3553   007AE8  20                 	db	32
  3554   007AE9  6B                 	db	107	;'k'
  3555   007AEA  65                 	db	101	;'e'
  3556   007AEB  79                 	db	121	;'y'
  3557   007AEC  70                 	db	112	;'p'
  3558   007AED  72                 	db	114	;'r'
  3559   007AEE  65                 	db	101	;'e'
  3560   007AEF  73                 	db	115	;'s'
  3561   007AF0  73                 	db	115	;'s'
  3562   007AF1  2E                 	db	46
  3563   007AF2  0D                 	db	13
  3564   007AF3  0A                 	db	10
  3565   007AF4  00                 	db	0
  3566   007AF5                     STR_61:
  3567   007AF5  52                 	db	82	;'R'
  3568   007AF6  69                 	db	105	;'i'
  3569   007AF7  67                 	db	103	;'g'
  3570   007AF8  68                 	db	104	;'h'
  3571   007AF9  74                 	db	116	;'t'
  3572   007AFA  20                 	db	32
  3573   007AFB  6D                 	db	109	;'m'
  3574   007AFC  6F                 	db	111	;'o'
  3575   007AFD  75                 	db	117	;'u'
  3576   007AFE  73                 	db	115	;'s'
  3577   007AFF  65                 	db	101	;'e'
  3578   007B00  20                 	db	32
  3579   007B01  63                 	db	99	;'c'
  3580   007B02  6C                 	db	108	;'l'
  3581   007B03  69                 	db	105	;'i'
  3582   007B04  63                 	db	99	;'c'
  3583   007B05  6B                 	db	107	;'k'
  3584   007B06  20                 	db	32
  3585   007B07  6F                 	db	111	;'o'
  3586   007B08  6E                 	db	110	;'n'
  3587   007B09  20                 	db	32
  3588   007B0A  74                 	db	116	;'t'
  3589   007B0B  68                 	db	104	;'h'
  3590   007B0C  65                 	db	101	;'e'
  3591   007B0D  20                 	db	32
  3592   007B0E  75                 	db	117	;'u'
  3593   007B0F  70                 	db	112	;'p'
  3594   007B10  70                 	db	112	;'p'
  3595   007B11  65                 	db	101	;'e'
  3596   007B12  72                 	db	114	;'r'
  3597   007B13  20                 	db	32
  3598   007B14  6C                 	db	108	;'l'
  3599   007B15  65                 	db	101	;'e'
  3600   007B16  66                 	db	102	;'f'
  3601   007B17  74                 	db	116	;'t'
  3602   007B18  20                 	db	32
  3603   007B19  6F                 	db	111	;'o'
  3604   007B1A  66                 	db	102	;'f'
  3605   007B1B  20                 	db	32
  3606   007B1C  74                 	db	116	;'t'
  3607   007B1D  68                 	db	104	;'h'
  3608   007B1E  65                 	db	101	;'e'
  3609   007B1F  20                 	db	32
  3610   007B20  50                 	db	80	;'P'
  3611   007B21  75                 	db	117	;'u'
  3612   007B22  54                 	db	84	;'T'
  3613   007B23  54                 	db	84	;'T'
  3614   007B24  59                 	db	89	;'Y'
  3615   007B25  20                 	db	32
  3616   007B26  77                 	db	119	;'w'
  3617   007B27  69                 	db	105	;'i'
  3618   007B28  6E                 	db	110	;'n'
  3619   007B29  64                 	db	100	;'d'
  3620   007B2A  6F                 	db	111	;'o'
  3621   007B2B  77                 	db	119	;'w'
  3622   007B2C  0D                 	db	13
  3623   007B2D  0A                 	db	10
  3624   007B2E  00                 	db	0
  3625   007B2F                     STR_4:
  3626   007B2F  0D                 	db	13
  3627   007B30  0A                 	db	10
  3628   007B31  2D                 	db	45
  3629   007B32  2D                 	db	45
  3630   007B33  2D                 	db	45
  3631   007B34  2D                 	db	45
  3632   007B35  2D                 	db	45
  3633   007B36  2D                 	db	45
  3634   007B37  2D                 	db	45
  3635   007B38  2D                 	db	45
  3636   007B39  2D                 	db	45
  3637   007B3A  2D                 	db	45
  3638   007B3B  2D                 	db	45
  3639   007B3C  2D                 	db	45
  3640   007B3D  2D                 	db	45
  3641   007B3E  2D                 	db	45
  3642   007B3F  2D                 	db	45
  3643   007B40  2D                 	db	45
  3644   007B41  2D                 	db	45
  3645   007B42  2D                 	db	45
  3646   007B43  2D                 	db	45
  3647   007B44  2D                 	db	45
  3648   007B45  2D                 	db	45
  3649   007B46  2D                 	db	45
  3650   007B47  2D                 	db	45
  3651   007B48  2D                 	db	45
  3652   007B49  2D                 	db	45
  3653   007B4A  2D                 	db	45
  3654   007B4B  2D                 	db	45
  3655   007B4C  2D                 	db	45
  3656   007B4D  2D                 	db	45
  3657   007B4E  2D                 	db	45
  3658   007B4F  2D                 	db	45
  3659   007B50  2D                 	db	45
  3660   007B51  2D                 	db	45
  3661   007B52  2D                 	db	45
  3662   007B53  2D                 	db	45
  3663   007B54  2D                 	db	45
  3664   007B55  2D                 	db	45
  3665   007B56  2D                 	db	45
  3666   007B57  2D                 	db	45
  3667   007B58  2D                 	db	45
  3668   007B59  2D                 	db	45
  3669   007B5A  2D                 	db	45
  3670   007B5B  2D                 	db	45
  3671   007B5C  2D                 	db	45
  3672   007B5D  2D                 	db	45
  3673   007B5E  2D                 	db	45
  3674   007B5F  2D                 	db	45
  3675   007B60  2D                 	db	45
  3676   007B61  2D                 	db	45
  3677   007B62  0D                 	db	13
  3678   007B63  0A                 	db	10
  3679   007B64  00                 	db	0
  3680   007B65                     STR_20:
  3681   007B65  31                 	db	49	;'1'
  3682   007B66  3A                 	db	58	;':'
  3683   007B67  20                 	db	32
  3684   007B68  77                 	db	119	;'w'
  3685   007B69  72                 	db	114	;'r'
  3686   007B6A  69                 	db	105	;'i'
  3687   007B6B  74                 	db	116	;'t'
  3688   007B6C  65                 	db	101	;'e'
  3689   007B6D  20                 	db	32
  3690   007B6E  70                 	db	112	;'p'
  3691   007B6F  65                 	db	101	;'e'
  3692   007B70  72                 	db	114	;'r'
  3693   007B71  66                 	db	102	;'f'
  3694   007B72  65                 	db	101	;'e'
  3695   007B73  63                 	db	99	;'c'
  3696   007B74  74                 	db	116	;'t'
  3697   007B75  20                 	db	32
  3698   007B76  32                 	db	50	;'2'
  3699   007B77  36                 	db	54	;'6'
  3700   007B78  20                 	db	32
  3701   007B79  76                 	db	118	;'v'
  3702   007B7A  61                 	db	97	;'a'
  3703   007B7B  6C                 	db	108	;'l'
  3704   007B7C  75                 	db	117	;'u'
  3705   007B7D  65                 	db	101	;'e'
  3706   007B7E  20                 	db	32
  3707   007B7F  73                 	db	115	;'s'
  3708   007B80  69                 	db	105	;'i'
  3709   007B81  6E                 	db	110	;'n'
  3710   007B82  65                 	db	101	;'e'
  3711   007B83  20                 	db	32
  3712   007B84  77                 	db	119	;'w'
  3713   007B85  61                 	db	97	;'a'
  3714   007B86  76                 	db	118	;'v'
  3715   007B87  65                 	db	101	;'e'
  3716   007B88  20                 	db	32
  3717   007B89  74                 	db	116	;'t'
  3718   007B8A  6F                 	db	111	;'o'
  3719   007B8B  20                 	db	32
  3720   007B8C  31                 	db	49	;'1'
  3721   007B8D  32                 	db	50	;'2'
  3722   007B8E  38                 	db	56	;'8'
  3723   007B8F  20                 	db	32
  3724   007B90  62                 	db	98	;'b'
  3725   007B91  6C                 	db	108	;'l'
  3726   007B92  6F                 	db	111	;'o'
  3727   007B93  63                 	db	99	;'c'
  3728   007B94  6B                 	db	107	;'k'
  3729   007B95  73                 	db	115	;'s'
  3730   007B96  0D                 	db	13
  3731   007B97  0A                 	db	10
  3732   007B98  00                 	db	0
  3733   007B99                     STR_22:
  3734   007B99  2B                 	db	43
  3735   007B9A  2F                 	db	47
  3736   007B9B  2D                 	db	45
  3737   007B9C  3A                 	db	58	;':'
  3738   007B9D  20                 	db	32
  3739   007B9E  49                 	db	73	;'I'
  3740   007B9F  6E                 	db	110	;'n'
  3741   007BA0  63                 	db	99	;'c'
  3742   007BA1  72                 	db	114	;'r'
  3743   007BA2  65                 	db	101	;'e'
  3744   007BA3  61                 	db	97	;'a'
  3745   007BA4  73                 	db	115	;'s'
  3746   007BA5  65                 	db	101	;'e'
  3747   007BA6  2F                 	db	47
  3748   007BA7  44                 	db	68	;'D'
  3749   007BA8  65                 	db	101	;'e'
  3750   007BA9  63                 	db	99	;'c'
  3751   007BAA  72                 	db	114	;'r'
  3752   007BAB  65                 	db	101	;'e'
  3753   007BAC  61                 	db	97	;'a'
  3754   007BAD  73                 	db	115	;'s'
  3755   007BAE  65                 	db	101	;'e'
  3756   007BAF  20                 	db	32
  3757   007BB0  74                 	db	116	;'t'
  3758   007BB1  68                 	db	104	;'h'
  3759   007BB2  65                 	db	101	;'e'
  3760   007BB3  20                 	db	32
  3761   007BB4  73                 	db	115	;'s'
  3762   007BB5  61                 	db	97	;'a'
  3763   007BB6  6D                 	db	109	;'m'
  3764   007BB7  70                 	db	112	;'p'
  3765   007BB8  6C                 	db	108	;'l'
  3766   007BB9  65                 	db	101	;'e'
  3767   007BBA  20                 	db	32
  3768   007BBB  72                 	db	114	;'r'
  3769   007BBC  61                 	db	97	;'a'
  3770   007BBD  74                 	db	116	;'t'
  3771   007BBE  65                 	db	101	;'e'
  3772   007BBF  20                 	db	32
  3773   007BC0  62                 	db	98	;'b'
  3774   007BC1  79                 	db	121	;'y'
  3775   007BC2  20                 	db	32
  3776   007BC3  31                 	db	49	;'1'
  3777   007BC4  30                 	db	48	;'0'
  3778   007BC5  20                 	db	32
  3779   007BC6  75                 	db	117	;'u'
  3780   007BC7  73                 	db	115	;'s'
  3781   007BC8  0D                 	db	13
  3782   007BC9  0A                 	db	10
  3783   007BCA  00                 	db	0
  3784   007BCB                     STR_69:
  3785   007BCB  54                 	db	84	;'T'
  3786   007BCC  6F                 	db	111	;'o'
  3787   007BCD  20                 	db	32
  3788   007BCE  63                 	db	99	;'c'
  3789   007BCF  6C                 	db	108	;'l'
  3790   007BD0  6F                 	db	111	;'o'
  3791   007BD1  73                 	db	115	;'s'
  3792   007BD2  65                 	db	101	;'e'
  3793   007BD3  20                 	db	32
  3794   007BD4  74                 	db	116	;'t'
  3795   007BD5  68                 	db	104	;'h'
  3796   007BD6  65                 	db	101	;'e'
  3797   007BD7  20                 	db	32
  3798   007BD8  66                 	db	102	;'f'
  3799   007BD9  69                 	db	105	;'i'
  3800   007BDA  6C                 	db	108	;'l'
  3801   007BDB  65                 	db	101	;'e'
  3802   007BDC  20                 	db	32
  3803   007BDD  66                 	db	102	;'f'
  3804   007BDE  6F                 	db	111	;'o'
  3805   007BDF  6C                 	db	108	;'l'
  3806   007BE0  6C                 	db	108	;'l'
  3807   007BE1  6F                 	db	111	;'o'
  3808   007BE2  77                 	db	119	;'w'
  3809   007BE3  20                 	db	32
  3810   007BE4  74                 	db	116	;'t'
  3811   007BE5  68                 	db	104	;'h'
  3812   007BE6  65                 	db	101	;'e'
  3813   007BE7  73                 	db	115	;'s'
  3814   007BE8  65                 	db	101	;'e'
  3815   007BE9  20                 	db	32
  3816   007BEA  69                 	db	105	;'i'
  3817   007BEB  6E                 	db	110	;'n'
  3818   007BEC  73                 	db	115	;'s'
  3819   007BED  74                 	db	116	;'t'
  3820   007BEE  72                 	db	114	;'r'
  3821   007BEF  75                 	db	117	;'u'
  3822   007BF0  63                 	db	99	;'c'
  3823   007BF1  74                 	db	116	;'t'
  3824   007BF2  69                 	db	105	;'i'
  3825   007BF3  6F                 	db	111	;'o'
  3826   007BF4  6E                 	db	110	;'n'
  3827   007BF5  73                 	db	115	;'s'
  3828   007BF6  3A                 	db	58	;':'
  3829   007BF7  0D                 	db	13
  3830   007BF8  0A                 	db	10
  3831   007BF9  0D                 	db	13
  3832   007BFA  0A                 	db	10
  3833   007BFB  00                 	db	0
  3834   007BFC                     STR_64:
  3835   007BFC  53                 	db	83	;'S'
  3836   007BFD  65                 	db	101	;'e'
  3837   007BFE  6C                 	db	108	;'l'
  3838   007BFF  65                 	db	101	;'e'
  3839   007C00  63                 	db	99	;'c'
  3840   007C01  74                 	db	116	;'t'
  3841   007C02  3A                 	db	58	;':'
  3842   007C03  09                 	db	9
  3843   007C04  53                 	db	83	;'S'
  3844   007C05  65                 	db	101	;'e'
  3845   007C06  73                 	db	115	;'s'
  3846   007C07  73                 	db	115	;'s'
  3847   007C08  69                 	db	105	;'i'
  3848   007C09  6F                 	db	111	;'o'
  3849   007C0A  6E                 	db	110	;'n'
  3850   007C0B  20                 	db	32
  3851   007C0C  6C                 	db	108	;'l'
  3852   007C0D  6F                 	db	111	;'o'
  3853   007C0E  67                 	db	103	;'g'
  3854   007C0F  67                 	db	103	;'g'
  3855   007C10  69                 	db	105	;'i'
  3856   007C11  6E                 	db	110	;'n'
  3857   007C12  67                 	db	103	;'g'
  3858   007C13  3A                 	db	58	;':'
  3859   007C14  20                 	db	32
  3860   007C15  41                 	db	65	;'A'
  3861   007C16  6C                 	db	108	;'l'
  3862   007C17  6C                 	db	108	;'l'
  3863   007C18  20                 	db	32
  3864   007C19  73                 	db	115	;'s'
  3865   007C1A  65                 	db	101	;'e'
  3866   007C1B  73                 	db	115	;'s'
  3867   007C1C  73                 	db	115	;'s'
  3868   007C1D  69                 	db	105	;'i'
  3869   007C1E  6F                 	db	111	;'o'
  3870   007C1F  6E                 	db	110	;'n'
  3871   007C20  20                 	db	32
  3872   007C21  6F                 	db	111	;'o'
  3873   007C22  75                 	db	117	;'u'
  3874   007C23  74                 	db	116	;'t'
  3875   007C24  70                 	db	112	;'p'
  3876   007C25  75                 	db	117	;'u'
  3877   007C26  74                 	db	116	;'t'
  3878   007C27  0D                 	db	13
  3879   007C28  0A                 	db	10
  3880   007C29  00                 	db	0
  3881   007C2A                     STR_23:
  3882   007C2A  57                 	db	87	;'W'
  3883   007C2B  3A                 	db	58	;':'
  3884   007C2C  20                 	db	32
  3885   007C2D  57                 	db	87	;'W'
  3886   007C2E  72                 	db	114	;'r'
  3887   007C2F  69                 	db	105	;'i'
  3888   007C30  74                 	db	116	;'t'
  3889   007C31  65                 	db	101	;'e'
  3890   007C32  20                 	db	32
  3891   007C33  6D                 	db	109	;'m'
  3892   007C34  69                 	db	105	;'i'
  3893   007C35  63                 	db	99	;'c'
  3894   007C36  72                 	db	114	;'r'
  3895   007C37  6F                 	db	111	;'o'
  3896   007C38  70                 	db	112	;'p'
  3897   007C39  68                 	db	104	;'h'
  3898   007C3A  6F                 	db	111	;'o'
  3899   007C3B  6E                 	db	110	;'n'
  3900   007C3C  65                 	db	101	;'e'
  3901   007C3D  20                 	db	32
  3902   007C3E  3D                 	db	61	;'='
  3903   007C3F  3E                 	db	62	;'>'
  3904   007C40  20                 	db	32
  3905   007C41  53                 	db	83	;'S'
  3906   007C42  44                 	db	68	;'D'
  3907   007C43  20                 	db	32
  3908   007C44  63                 	db	99	;'c'
  3909   007C45  61                 	db	97	;'a'
  3910   007C46  72                 	db	114	;'r'
  3911   007C47  64                 	db	100	;'d'
  3912   007C48  20                 	db	32
  3913   007C49  61                 	db	97	;'a'
  3914   007C4A  74                 	db	116	;'t'
  3915   007C4B  20                 	db	32
  3916   007C4C  31                 	db	49	;'1'
  3917   007C4D  36                 	db	54	;'6'
  3918   007C4E  30                 	db	48	;'0'
  3919   007C4F  30                 	db	48	;'0'
  3920   007C50  20                 	db	32
  3921   007C51  75                 	db	117	;'u'
  3922   007C52  73                 	db	115	;'s'
  3923   007C53  0D                 	db	13
  3924   007C54  0A                 	db	10
  3925   007C55  00                 	db	0
  3926   007C56                     STR_40:
  3927   007C56  57                 	db	87	;'W'
  3928   007C57  72                 	db	114	;'r'
  3929   007C58  69                 	db	105	;'i'
  3930   007C59  74                 	db	116	;'t'
  3931   007C5A  65                 	db	101	;'e'
  3932   007C5B  20                 	db	32
  3933   007C5C  62                 	db	98	;'b'
  3934   007C5D  6C                 	db	108	;'l'
  3935   007C5E  6F                 	db	111	;'o'
  3936   007C5F  63                 	db	99	;'c'
  3937   007C60  6B                 	db	107	;'k'
  3938   007C61  20                 	db	32
  3939   007C62  6F                 	db	111	;'o'
  3940   007C63  66                 	db	102	;'f'
  3941   007C64  20                 	db	32
  3942   007C65  64                 	db	100	;'d'
  3943   007C66  65                 	db	101	;'e'
  3944   007C67  63                 	db	99	;'c'
  3945   007C68  72                 	db	114	;'r'
  3946   007C69  65                 	db	101	;'e'
  3947   007C6A  6D                 	db	109	;'m'
  3948   007C6B  65                 	db	101	;'e'
  3949   007C6C  6E                 	db	110	;'n'
  3950   007C6D  74                 	db	116	;'t'
  3951   007C6E  65                 	db	101	;'e'
  3952   007C6F  64                 	db	100	;'d'
  3953   007C70  20                 	db	32
  3954   007C71  38                 	db	56	;'8'
  3955   007C72  2D                 	db	45
  3956   007C73  62                 	db	98	;'b'
  3957   007C74  69                 	db	105	;'i'
  3958   007C75  74                 	db	116	;'t'
  3959   007C76  20                 	db	32
  3960   007C77  76                 	db	118	;'v'
  3961   007C78  61                 	db	97	;'a'
  3962   007C79  6C                 	db	108	;'l'
  3963   007C7A  75                 	db	117	;'u'
  3964   007C7B  65                 	db	101	;'e'
  3965   007C7C  73                 	db	115	;'s'
  3966   007C7D  3A                 	db	58	;':'
  3967   007C7E  0D                 	db	13
  3968   007C7F  0A                 	db	10
  3969   007C80  00                 	db	0
  3970   007C81                     STR_19:
  3971   007C81  72                 	db	114	;'r'
  3972   007C82  3A                 	db	58	;':'
  3973   007C83  20                 	db	32
  3974   007C84  72                 	db	114	;'r'
  3975   007C85  65                 	db	101	;'e'
  3976   007C86  61                 	db	97	;'a'
  3977   007C87  64                 	db	100	;'d'
  3978   007C88  20                 	db	32
  3979   007C89  61                 	db	97	;'a'
  3980   007C8A  20                 	db	32
  3981   007C8B  62                 	db	98	;'b'
  3982   007C8C  6C                 	db	108	;'l'
  3983   007C8D  6F                 	db	111	;'o'
  3984   007C8E  63                 	db	99	;'c'
  3985   007C8F  6B                 	db	107	;'k'
  3986   007C90  20                 	db	32
  3987   007C91  6F                 	db	111	;'o'
  3988   007C92  66                 	db	102	;'f'
  3989   007C93  20                 	db	32
  3990   007C94  25                 	db	37
  3991   007C95  64                 	db	100	;'d'
  3992   007C96  20                 	db	32
  3993   007C97  62                 	db	98	;'b'
  3994   007C98  79                 	db	121	;'y'
  3995   007C99  74                 	db	116	;'t'
  3996   007C9A  65                 	db	101	;'e'
  3997   007C9B  73                 	db	115	;'s'
  3998   007C9C  20                 	db	32
  3999   007C9D  66                 	db	102	;'f'
  4000   007C9E  72                 	db	114	;'r'
  4001   007C9F  6F                 	db	111	;'o'
  4002   007CA0  6D                 	db	109	;'m'
  4003   007CA1  20                 	db	32
  4004   007CA2  53                 	db	83	;'S'
  4005   007CA3  44                 	db	68	;'D'
  4006   007CA4  20                 	db	32
  4007   007CA5  63                 	db	99	;'c'
  4008   007CA6  61                 	db	97	;'a'
  4009   007CA7  72                 	db	114	;'r'
  4010   007CA8  64                 	db	100	;'d'
  4011   007CA9  0D                 	db	13
  4012   007CAA  0A                 	db	10
  4013   007CAB  00                 	db	0
  4014   007CAC                     STR_55:
  4015   007CAC  43                 	db	67	;'C'
  4016   007CAD  61                 	db	97	;'a'
  4017   007CAE  6E                 	db	110	;'n'
  4018   007CAF  27                 	db	39
  4019   007CB0  74                 	db	116	;'t'
  4020   007CB1  20                 	db	32
  4021   007CB2  67                 	db	103	;'g'
  4022   007CB3  6F                 	db	111	;'o'
  4023   007CB4  20                 	db	32
  4024   007CB5  6C                 	db	108	;'l'
  4025   007CB6  6F                 	db	111	;'o'
  4026   007CB7  77                 	db	119	;'w'
  4027   007CB8  65                 	db	101	;'e'
  4028   007CB9  72                 	db	114	;'r'
  4029   007CBA  20                 	db	32
  4030   007CBB  74                 	db	116	;'t'
  4031   007CBC  68                 	db	104	;'h'
  4032   007CBD  61                 	db	97	;'a'
  4033   007CBE  6E                 	db	110	;'n'
  4034   007CBF  20                 	db	32
  4035   007CC0  32                 	db	50	;'2'
  4036   007CC1  30                 	db	48	;'0'
  4037   007CC2  75                 	db	117	;'u'
  4038   007CC3  73                 	db	115	;'s'
  4039   007CC4  20                 	db	32
  4040   007CC5  73                 	db	115	;'s'
  4041   007CC6  61                 	db	97	;'a'
  4042   007CC7  6D                 	db	109	;'m'
  4043   007CC8  70                 	db	112	;'p'
  4044   007CC9  6C                 	db	108	;'l'
  4045   007CCA  69                 	db	105	;'i'
  4046   007CCB  6E                 	db	110	;'n'
  4047   007CCC  67                 	db	103	;'g'
  4048   007CCD  20                 	db	32
  4049   007CCE  72                 	db	114	;'r'
  4050   007CCF  61                 	db	97	;'a'
  4051   007CD0  74                 	db	116	;'t'
  4052   007CD1  65                 	db	101	;'e'
  4053   007CD2  0D                 	db	13
  4054   007CD3  0A                 	db	10
  4055   007CD4  00                 	db	0
  4056   007CD5                     STR_39:
  4057   007CD5  50                 	db	80	;'P'
  4058   007CD6  72                 	db	114	;'r'
  4059   007CD7  6F                 	db	111	;'o'
  4060   007CD8  62                 	db	98	;'b'
  4061   007CD9  65                 	db	101	;'e'
  4062   007CDA  20                 	db	32
  4063   007CDB  52                 	db	82	;'R'
  4064   007CDC  43                 	db	67	;'C'
  4065   007CDD  34                 	db	52	;'4'
  4066   007CDE  20                 	db	32
  4067   007CDF  74                 	db	116	;'t'
  4068   007CE0  6F                 	db	111	;'o'
  4069   007CE1  20                 	db	32
  4070   007CE2  64                 	db	100	;'d'
  4071   007CE3  65                 	db	101	;'e'
  4072   007CE4  74                 	db	116	;'t'
  4073   007CE5  65                 	db	101	;'e'
  4074   007CE6  72                 	db	114	;'r'
  4075   007CE7  6D                 	db	109	;'m'
  4076   007CE8  69                 	db	105	;'i'
  4077   007CE9  6E                 	db	110	;'n'
  4078   007CEA  65                 	db	101	;'e'
  4079   007CEB  20                 	db	32
  4080   007CEC  77                 	db	119	;'w'
  4081   007CED  72                 	db	114	;'r'
  4082   007CEE  69                 	db	105	;'i'
  4083   007CEF  74                 	db	116	;'t'
  4084   007CF0  65                 	db	101	;'e'
  4085   007CF1  20                 	db	32
  4086   007CF2  70                 	db	112	;'p'
  4087   007CF3  65                 	db	101	;'e'
  4088   007CF4  72                 	db	114	;'r'
  4089   007CF5  69                 	db	105	;'i'
  4090   007CF6  6F                 	db	111	;'o'
  4091   007CF7  64                 	db	100	;'d'
  4092   007CF8  0D                 	db	13
  4093   007CF9  0A                 	db	10
  4094   007CFA  00                 	db	0
  4095   007CFB                     STR_47:
  4096   007CFB  50                 	db	80	;'P'
  4097   007CFC  72                 	db	114	;'r'
  4098   007CFD  6F                 	db	111	;'o'
  4099   007CFE  62                 	db	98	;'b'
  4100   007CFF  65                 	db	101	;'e'
  4101   007D00  20                 	db	32
  4102   007D01  52                 	db	82	;'R'
  4103   007D02  43                 	db	67	;'C'
  4104   007D03  35                 	db	53	;'5'
  4105   007D04  20                 	db	32
  4106   007D05  74                 	db	116	;'t'
  4107   007D06  6F                 	db	111	;'o'
  4108   007D07  20                 	db	32
  4109   007D08  64                 	db	100	;'d'
  4110   007D09  65                 	db	101	;'e'
  4111   007D0A  74                 	db	116	;'t'
  4112   007D0B  65                 	db	101	;'e'
  4113   007D0C  72                 	db	114	;'r'
  4114   007D0D  6D                 	db	109	;'m'
  4115   007D0E  69                 	db	105	;'i'
  4116   007D0F  6E                 	db	110	;'n'
  4117   007D10  65                 	db	101	;'e'
  4118   007D11  20                 	db	32
  4119   007D12  77                 	db	119	;'w'
  4120   007D13  72                 	db	114	;'r'
  4121   007D14  69                 	db	105	;'i'
  4122   007D15  74                 	db	116	;'t'
  4123   007D16  65                 	db	101	;'e'
  4124   007D17  20                 	db	32
  4125   007D18  70                 	db	112	;'p'
  4126   007D19  65                 	db	101	;'e'
  4127   007D1A  72                 	db	114	;'r'
  4128   007D1B  69                 	db	105	;'i'
  4129   007D1C  6F                 	db	111	;'o'
  4130   007D1D  64                 	db	100	;'d'
  4131   007D1E  0D                 	db	13
  4132   007D1F  0A                 	db	10
  4133   007D20  00                 	db	0
  4134   007D21                     STR_18:
  4135   007D21  61                 	db	97	;'a'
  4136   007D22  2F                 	db	47
  4137   007D23  41                 	db	65	;'A'
  4138   007D24  20                 	db	32
  4139   007D25  64                 	db	100	;'d'
  4140   007D26  65                 	db	101	;'e'
  4141   007D27  63                 	db	99	;'c'
  4142   007D28  72                 	db	114	;'r'
  4143   007D29  65                 	db	101	;'e'
  4144   007D2A  61                 	db	97	;'a'
  4145   007D2B  73                 	db	115	;'s'
  4146   007D2C  65                 	db	101	;'e'
  4147   007D2D  2F                 	db	47
  4148   007D2E  69                 	db	105	;'i'
  4149   007D2F  6E                 	db	110	;'n'
  4150   007D30  63                 	db	99	;'c'
  4151   007D31  72                 	db	114	;'r'
  4152   007D32  65                 	db	101	;'e'
  4153   007D33  61                 	db	97	;'a'
  4154   007D34  73                 	db	115	;'s'
  4155   007D35  65                 	db	101	;'e'
  4156   007D36  20                 	db	32
  4157   007D37  72                 	db	114	;'r'
  4158   007D38  65                 	db	101	;'e'
  4159   007D39  61                 	db	97	;'a'
  4160   007D3A  64                 	db	100	;'d'
  4161   007D3B  20                 	db	32
  4162   007D3C  61                 	db	97	;'a'
  4163   007D3D  64                 	db	100	;'d'
  4164   007D3E  64                 	db	100	;'d'
  4165   007D3F  72                 	db	114	;'r'
  4166   007D40  65                 	db	101	;'e'
  4167   007D41  73                 	db	115	;'s'
  4168   007D42  73                 	db	115	;'s'
  4169   007D43  0D                 	db	13
  4170   007D44  0A                 	db	10
  4171   007D45  00                 	db	0
  4172   007D46                     STR_24:
  4173   007D46  73                 	db	115	;'s'
  4174   007D47  3A                 	db	58	;':'
  4175   007D48  20                 	db	32
  4176   007D49  73                 	db	115	;'s'
  4177   007D4A  70                 	db	112	;'p'
  4178   007D4B  6F                 	db	111	;'o'
  4179   007D4C  6F                 	db	111	;'o'
  4180   007D4D  6C                 	db	108	;'l'
  4181   007D4E  20                 	db	32
  4182   007D4F  6D                 	db	109	;'m'
  4183   007D50  65                 	db	101	;'e'
  4184   007D51  6D                 	db	109	;'m'
  4185   007D52  6F                 	db	111	;'o'
  4186   007D53  72                 	db	114	;'r'
  4187   007D54  79                 	db	121	;'y'
  4188   007D55  20                 	db	32
  4189   007D56  74                 	db	116	;'t'
  4190   007D57  6F                 	db	111	;'o'
  4191   007D58  20                 	db	32
  4192   007D59  61                 	db	97	;'a'
  4193   007D5A  20                 	db	32
  4194   007D5B  63                 	db	99	;'c'
  4195   007D5C  73                 	db	115	;'s'
  4196   007D5D  76                 	db	118	;'v'
  4197   007D5E  20                 	db	32
  4198   007D5F  66                 	db	102	;'f'
  4199   007D60  69                 	db	105	;'i'
  4200   007D61  6C                 	db	108	;'l'
  4201   007D62  65                 	db	101	;'e'
  4202   007D63  0D                 	db	13
  4203   007D64  0A                 	db	10
  4204   007D65  00                 	db	0
  4205   007D66                     STR_73:
  4206   007D66  53                 	db	83	;'S'
  4207   007D67  65                 	db	101	;'e'
  4208   007D68  6C                 	db	108	;'l'
  4209   007D69  65                 	db	101	;'e'
  4210   007D6A  63                 	db	99	;'c'
  4211   007D6B  74                 	db	116	;'t'
  4212   007D6C  3A                 	db	58	;':'
  4213   007D6D  09                 	db	9
  4214   007D6E  53                 	db	83	;'S'
  4215   007D6F  65                 	db	101	;'e'
  4216   007D70  73                 	db	115	;'s'
  4217   007D71  73                 	db	115	;'s'
  4218   007D72  69                 	db	105	;'i'
  4219   007D73  6F                 	db	111	;'o'
  4220   007D74  6E                 	db	110	;'n'
  4221   007D75  20                 	db	32
  4222   007D76  6C                 	db	108	;'l'
  4223   007D77  6F                 	db	111	;'o'
  4224   007D78  67                 	db	103	;'g'
  4225   007D79  67                 	db	103	;'g'
  4226   007D7A  69                 	db	105	;'i'
  4227   007D7B  6E                 	db	110	;'n'
  4228   007D7C  67                 	db	103	;'g'
  4229   007D7D  3A                 	db	58	;':'
  4230   007D7E  20                 	db	32
  4231   007D7F  4E                 	db	78	;'N'
  4232   007D80  6F                 	db	111	;'o'
  4233   007D81  6E                 	db	110	;'n'
  4234   007D82  65                 	db	101	;'e'
  4235   007D83  0D                 	db	13
  4236   007D84  0A                 	db	10
  4237   007D85  00                 	db	0
  4238   007D86                     STR_54:
  4239   007D86  53                 	db	83	;'S'
  4240   007D87  74                 	db	116	;'t'
  4241   007D88  6F                 	db	111	;'o'
  4242   007D89  72                 	db	114	;'r'
  4243   007D8A  65                 	db	101	;'e'
  4244   007D8B  64                 	db	100	;'d'
  4245   007D8C  20                 	db	32
  4246   007D8D  25                 	db	37
  4247   007D8E  75                 	db	117	;'u'
  4248   007D8F  20                 	db	32
  4249   007D90  62                 	db	98	;'b'
  4250   007D91  6C                 	db	108	;'l'
  4251   007D92  6F                 	db	111	;'o'
  4252   007D93  63                 	db	99	;'c'
  4253   007D94  6B                 	db	107	;'k'
  4254   007D95  73                 	db	115	;'s'
  4255   007D96  20                 	db	32
  4256   007D97  6F                 	db	111	;'o'
  4257   007D98  66                 	db	102	;'f'
  4258   007D99  20                 	db	32
  4259   007D9A  73                 	db	115	;'s'
  4260   007D9B  69                 	db	105	;'i'
  4261   007D9C  6E                 	db	110	;'n'
  4262   007D9D  65                 	db	101	;'e'
  4263   007D9E  20                 	db	32
  4264   007D9F  77                 	db	119	;'w'
  4265   007DA0  61                 	db	97	;'a'
  4266   007DA1  76                 	db	118	;'v'
  4267   007DA2  65                 	db	101	;'e'
  4268   007DA3  0D                 	db	13
  4269   007DA4  0A                 	db	10
  4270   007DA5  00                 	db	0
  4271   007DA6                     STR_38:
  4272   007DA6  53                 	db	83	;'S'
  4273   007DA7  44                 	db	68	;'D'
  4274   007DA8  20                 	db	32
  4275   007DA9  43                 	db	67	;'C'
  4276   007DAA  61                 	db	97	;'a'
  4277   007DAB  72                 	db	114	;'r'
  4278   007DAC  64                 	db	100	;'d'
  4279   007DAD  20                 	db	32
  4280   007DAE  61                 	db	97	;'a'
  4281   007DAF  64                 	db	100	;'d'
  4282   007DB0  64                 	db	100	;'d'
  4283   007DB1  72                 	db	114	;'r'
  4284   007DB2  65                 	db	101	;'e'
  4285   007DB3  73                 	db	115	;'s'
  4286   007DB4  73                 	db	115	;'s'
  4287   007DB5  20                 	db	32
  4288   007DB6  68                 	db	104	;'h'
  4289   007DB7  61                 	db	97	;'a'
  4290   007DB8  73                 	db	115	;'s'
  4291   007DB9  20                 	db	32
  4292   007DBA  62                 	db	98	;'b'
  4293   007DBB  65                 	db	101	;'e'
  4294   007DBC  65                 	db	101	;'e'
  4295   007DBD  6E                 	db	110	;'n'
  4296   007DBE  20                 	db	32
  4297   007DBF  72                 	db	114	;'r'
  4298   007DC0  65                 	db	101	;'e'
  4299   007DC1  73                 	db	115	;'s'
  4300   007DC2  65                 	db	101	;'e'
  4301   007DC3  74                 	db	116	;'t'
  4302   007DC4  00                 	db	0
  4303   007DC5                     STR_29:
  4304   007DC5  55                 	db	85	;'U'
  4305   007DC6  6E                 	db	110	;'n'
  4306   007DC7  64                 	db	100	;'d'
  4307   007DC8  65                 	db	101	;'e'
  4308   007DC9  72                 	db	114	;'r'
  4309   007DCA  66                 	db	102	;'f'
  4310   007DCB  6C                 	db	108	;'l'
  4311   007DCC  6F                 	db	111	;'o'
  4312   007DCD  77                 	db	119	;'w'
  4313   007DCE  65                 	db	101	;'e'
  4314   007DCF  64                 	db	100	;'d'
  4315   007DD0  20                 	db	32
  4316   007DD1  74                 	db	116	;'t'
  4317   007DD2  6F                 	db	111	;'o'
  4318   007DD3  20                 	db	32
  4319   007DD4  68                 	db	104	;'h'
  4320   007DD5  69                 	db	105	;'i'
  4321   007DD6  67                 	db	103	;'g'
  4322   007DD7  68                 	db	104	;'h'
  4323   007DD8  20                 	db	32
  4324   007DD9  61                 	db	97	;'a'
  4325   007DDA  64                 	db	100	;'d'
  4326   007DDB  64                 	db	100	;'d'
  4327   007DDC  72                 	db	114	;'r'
  4328   007DDD  65                 	db	101	;'e'
  4329   007DDE  73                 	db	115	;'s'
  4330   007DDF  73                 	db	115	;'s'
  4331   007DE0  0D                 	db	13
  4332   007DE1  0A                 	db	10
  4333   007DE2  00                 	db	0
  4334   007DE3                     STR_62:
  4335   007DE3  53                 	db	83	;'S'
  4336   007DE4  65                 	db	101	;'e'
  4337   007DE5  6C                 	db	108	;'l'
  4338   007DE6  65                 	db	101	;'e'
  4339   007DE7  63                 	db	99	;'c'
  4340   007DE8  74                 	db	116	;'t'
  4341   007DE9  3A                 	db	58	;':'
  4342   007DEA  09                 	db	9
  4343   007DEB  43                 	db	67	;'C'
  4344   007DEC  68                 	db	104	;'h'
  4345   007DED  61                 	db	97	;'a'
  4346   007DEE  6E                 	db	110	;'n'
  4347   007DEF  67                 	db	103	;'g'
  4348   007DF0  65                 	db	101	;'e'
  4349   007DF1  20                 	db	32
  4350   007DF2  73                 	db	115	;'s'
  4351   007DF3  65                 	db	101	;'e'
  4352   007DF4  74                 	db	116	;'t'
  4353   007DF5  74                 	db	116	;'t'
  4354   007DF6  69                 	db	105	;'i'
  4355   007DF7  6E                 	db	110	;'n'
  4356   007DF8  67                 	db	103	;'g'
  4357   007DF9  73                 	db	115	;'s'
  4358   007DFA  2E                 	db	46
  4359   007DFB  2E                 	db	46
  4360   007DFC  2E                 	db	46
  4361   007DFD  0D                 	db	13
  4362   007DFE  0A                 	db	10
  4363   007DFF  00                 	db	0
  4364   007E00                     STR_78:
  4365   007E00  42                 	db	66	;'B'
  4366   007E01  6C                 	db	108	;'l'
  4367   007E02  6F                 	db	111	;'o'
  4368   007E03  63                 	db	99	;'c'
  4369   007E04  6B                 	db	107	;'k'
  4370   007E05  20                 	db	32
  4371   007E06  4C                 	db	76	;'L'
  4372   007E07  65                 	db	101	;'e'
  4373   007E08  6E                 	db	110	;'n'
  4374   007E09  67                 	db	103	;'g'
  4375   007E0A  74                 	db	116	;'t'
  4376   007E0B  68                 	db	104	;'h'
  4377   007E0C  20                 	db	32
  4378   007E0D  52                 	db	82	;'R'
  4379   007E0E  65                 	db	101	;'e'
  4380   007E0F  73                 	db	115	;'s'
  4381   007E10  70                 	db	112	;'p'
  4382   007E11  6F                 	db	111	;'o'
  4383   007E12  6E                 	db	110	;'n'
  4384   007E13  73                 	db	115	;'s'
  4385   007E14  65                 	db	101	;'e'
  4386   007E15  3A                 	db	58	;':'
  4387   007E16  20                 	db	32
  4388   007E17  25                 	db	37
  4389   007E18  78                 	db	120	;'x'
  4390   007E19  0D                 	db	13
  4391   007E1A  0A                 	db	10
  4392   007E1B  00                 	db	0
  4393   007E1C                     STR_31:
  4394   007E1C  4F                 	db	79	;'O'
  4395   007E1D  76                 	db	118	;'v'
  4396   007E1E  65                 	db	101	;'e'
  4397   007E1F  72                 	db	114	;'r'
  4398   007E20  66                 	db	102	;'f'
  4399   007E21  6C                 	db	108	;'l'
  4400   007E22  6F                 	db	111	;'o'
  4401   007E23  77                 	db	119	;'w'
  4402   007E24  65                 	db	101	;'e'
  4403   007E25  64                 	db	100	;'d'
  4404   007E26  20                 	db	32
  4405   007E27  74                 	db	116	;'t'
  4406   007E28  6F                 	db	111	;'o'
  4407   007E29  20                 	db	32
  4408   007E2A  6C                 	db	108	;'l'
  4409   007E2B  6F                 	db	111	;'o'
  4410   007E2C  77                 	db	119	;'w'
  4411   007E2D  20                 	db	32
  4412   007E2E  61                 	db	97	;'a'
  4413   007E2F  64                 	db	100	;'d'
  4414   007E30  64                 	db	100	;'d'
  4415   007E31  72                 	db	114	;'r'
  4416   007E32  65                 	db	101	;'e'
  4417   007E33  73                 	db	115	;'s'
  4418   007E34  73                 	db	115	;'s'
  4419   007E35  0D                 	db	13
  4420   007E36  0A                 	db	10
  4421   007E37  00                 	db	0
  4422   007E38                     STR_76:
  4423   007E38  43                 	db	67	;'C'
  4424   007E39  4D                 	db	77	;'M'
  4425   007E3A  44                 	db	68	;'D'
  4426   007E3B  30                 	db	48	;'0'
  4427   007E3C  2C                 	db	44
  4428   007E3D  20                 	db	32
  4429   007E3E  52                 	db	82	;'R'
  4430   007E3F  65                 	db	101	;'e'
  4431   007E40  73                 	db	115	;'s'
  4432   007E41  65                 	db	101	;'e'
  4433   007E42  74                 	db	116	;'t'
  4434   007E43  20                 	db	32
  4435   007E44  52                 	db	82	;'R'
  4436   007E45  65                 	db	101	;'e'
  4437   007E46  73                 	db	115	;'s'
  4438   007E47  70                 	db	112	;'p'
  4439   007E48  6F                 	db	111	;'o'
  4440   007E49  6E                 	db	110	;'n'
  4441   007E4A  73                 	db	115	;'s'
  4442   007E4B  65                 	db	101	;'e'
  4443   007E4C  3A                 	db	58	;':'
  4444   007E4D  20                 	db	32
  4445   007E4E  25                 	db	37
  4446   007E4F  78                 	db	120	;'x'
  4447   007E50  0D                 	db	13
  4448   007E51  0A                 	db	10
  4449   007E52  00                 	db	0
  4450   007E53                     STR_77:
  4451   007E53  43                 	db	67	;'C'
  4452   007E54  4D                 	db	77	;'M'
  4453   007E55  44                 	db	68	;'D'
  4454   007E56  31                 	db	49	;'1'
  4455   007E57  2C                 	db	44
  4456   007E58  20                 	db	32
  4457   007E59  49                 	db	73	;'I'
  4458   007E5A  6E                 	db	110	;'n'
  4459   007E5B  69                 	db	105	;'i'
  4460   007E5C  74                 	db	116	;'t'
  4461   007E5D  20                 	db	32
  4462   007E5E  52                 	db	82	;'R'
  4463   007E5F  65                 	db	101	;'e'
  4464   007E60  73                 	db	115	;'s'
  4465   007E61  70                 	db	112	;'p'
  4466   007E62  6F                 	db	111	;'o'
  4467   007E63  6E                 	db	110	;'n'
  4468   007E64  73                 	db	115	;'s'
  4469   007E65  65                 	db	101	;'e'
  4470   007E66  3A                 	db	58	;':'
  4471   007E67  20                 	db	32
  4472   007E68  25                 	db	37
  4473   007E69  78                 	db	120	;'x'
  4474   007E6A  0D                 	db	13
  4475   007E6B  0A                 	db	10
  4476   007E6C  00                 	db	0
  4477   007E6D                     STR_67:
  4478   007E6D  50                 	db	80	;'P'
  4479   007E6E  72                 	db	114	;'r'
  4480   007E6F  65                 	db	101	;'e'
  4481   007E70  73                 	db	115	;'s'
  4482   007E71  73                 	db	115	;'s'
  4483   007E72  20                 	db	32
  4484   007E73  61                 	db	97	;'a'
  4485   007E74  6E                 	db	110	;'n'
  4486   007E75  79                 	db	121	;'y'
  4487   007E76  20                 	db	32
  4488   007E77  6B                 	db	107	;'k'
  4489   007E78  65                 	db	101	;'e'
  4490   007E79  79                 	db	121	;'y'
  4491   007E7A  20                 	db	32
  4492   007E7B  74                 	db	116	;'t'
  4493   007E7C  6F                 	db	111	;'o'
  4494   007E7D  20                 	db	32
  4495   007E7E  73                 	db	115	;'s'
  4496   007E7F  74                 	db	116	;'t'
  4497   007E80  61                 	db	97	;'a'
  4498   007E81  72                 	db	114	;'r'
  4499   007E82  74                 	db	116	;'t'
  4500   007E83  0D                 	db	13
  4501   007E84  0A                 	db	10
  4502   007E85  00                 	db	0
  4503   007E86                     STR_16:
  4504   007E86  69                 	db	105	;'i'
  4505   007E87  3A                 	db	58	;':'
  4506   007E88  20                 	db	32
  4507   007E89  49                 	db	73	;'I'
  4508   007E8A  6E                 	db	110	;'n'
  4509   007E8B  69                 	db	105	;'i'
  4510   007E8C  74                 	db	116	;'t'
  4511   007E8D  69                 	db	105	;'i'
  4512   007E8E  61                 	db	97	;'a'
  4513   007E8F  6C                 	db	108	;'l'
  4514   007E90  69                 	db	105	;'i'
  4515   007E91  7A                 	db	122	;'z'
  4516   007E92  65                 	db	101	;'e'
  4517   007E93  20                 	db	32
  4518   007E94  53                 	db	83	;'S'
  4519   007E95  44                 	db	68	;'D'
  4520   007E96  20                 	db	32
  4521   007E97  63                 	db	99	;'c'
  4522   007E98  61                 	db	97	;'a'
  4523   007E99  72                 	db	114	;'r'
  4524   007E9A  64                 	db	100	;'d'
  4525   007E9B  0D                 	db	13
  4526   007E9C  0A                 	db	10
  4527   007E9D  00                 	db	0
  4528   007E9E                     STR_14:
  4529   007E9E  7A                 	db	122	;'z'
  4530   007E9F  3A                 	db	58	;':'
  4531   007EA0  20                 	db	32
  4532   007EA1  43                 	db	67	;'C'
  4533   007EA2  6C                 	db	108	;'l'
  4534   007EA3  65                 	db	101	;'e'
  4535   007EA4  61                 	db	97	;'a'
  4536   007EA5  72                 	db	114	;'r'
  4537   007EA6  20                 	db	32
  4538   007EA7  74                 	db	116	;'t'
  4539   007EA8  68                 	db	104	;'h'
  4540   007EA9  65                 	db	101	;'e'
  4541   007EAA  20                 	db	32
  4542   007EAB  74                 	db	116	;'t'
  4543   007EAC  65                 	db	101	;'e'
  4544   007EAD  72                 	db	114	;'r'
  4545   007EAE  6D                 	db	109	;'m'
  4546   007EAF  69                 	db	105	;'i'
  4547   007EB0  6E                 	db	110	;'n'
  4548   007EB1  61                 	db	97	;'a'
  4549   007EB2  6C                 	db	108	;'l'
  4550   007EB3  0D                 	db	13
  4551   007EB4  0A                 	db	10
  4552   007EB5  00                 	db	0
  4553   007EB6                     STR_46:
  4554   007EB6  20                 	db	32
  4555   007EB7  20                 	db	32
  4556   007EB8  20                 	db	32
  4557   007EB9  20                 	db	32
  4558   007EBA  53                 	db	83	;'S'
  4559   007EBB  74                 	db	116	;'t'
  4560   007EBC  61                 	db	97	;'a'
  4561   007EBD  74                 	db	116	;'t'
  4562   007EBE  75                 	db	117	;'u'
  4563   007EBF  73                 	db	115	;'s'
  4564   007EC0  3A                 	db	58	;':'
  4565   007EC1  20                 	db	32
  4566   007EC2  20                 	db	32
  4567   007EC3  20                 	db	32
  4568   007EC4  20                 	db	32
  4569   007EC5  20                 	db	32
  4570   007EC6  25                 	db	37
  4571   007EC7  30                 	db	48	;'0'
  4572   007EC8  32                 	db	50	;'2'
  4573   007EC9  78                 	db	120	;'x'
  4574   007ECA  0D                 	db	13
  4575   007ECB  0A                 	db	10
  4576   007ECC  00                 	db	0
  4577   007ECD                     STR_13:
  4578   007ECD  5A                 	db	90	;'Z'
  4579   007ECE  3A                 	db	58	;':'
  4580   007ECF  20                 	db	32
  4581   007ED0  52                 	db	82	;'R'
  4582   007ED1  65                 	db	101	;'e'
  4583   007ED2  73                 	db	115	;'s'
  4584   007ED3  65                 	db	101	;'e'
  4585   007ED4  74                 	db	116	;'t'
  4586   007ED5  20                 	db	32
  4587   007ED6  70                 	db	112	;'p'
  4588   007ED7  72                 	db	114	;'r'
  4589   007ED8  6F                 	db	111	;'o'
  4590   007ED9  63                 	db	99	;'c'
  4591   007EDA  65                 	db	101	;'e'
  4592   007EDB  73                 	db	115	;'s'
  4593   007EDC  73                 	db	115	;'s'
  4594   007EDD  6F                 	db	111	;'o'
  4595   007EDE  72                 	db	114	;'r'
  4596   007EDF  0D                 	db	13
  4597   007EE0  0A                 	db	10
  4598   007EE1  00                 	db	0
  4599   007EE2                     STR_30:
  4600   007EE2  44                 	db	68	;'D'
  4601   007EE3  65                 	db	101	;'e'
  4602   007EE4  63                 	db	99	;'c'
  4603   007EE5  72                 	db	114	;'r'
  4604   007EE6  65                 	db	101	;'e'
  4605   007EE7  61                 	db	97	;'a'
  4606   007EE8  73                 	db	115	;'s'
  4607   007EE9  65                 	db	101	;'e'
  4608   007EEA  64                 	db	100	;'d'
  4609   007EEB  20                 	db	32
  4610   007EEC  61                 	db	97	;'a'
  4611   007EED  64                 	db	100	;'d'
  4612   007EEE  64                 	db	100	;'d'
  4613   007EEF  72                 	db	114	;'r'
  4614   007EF0  65                 	db	101	;'e'
  4615   007EF1  73                 	db	115	;'s'
  4616   007EF2  73                 	db	115	;'s'
  4617   007EF3  0D                 	db	13
  4618   007EF4  0A                 	db	10
  4619   007EF5  00                 	db	0
  4620   007EF6                     STR_32:
  4621   007EF6  49                 	db	73	;'I'
  4622   007EF7  6E                 	db	110	;'n'
  4623   007EF8  63                 	db	99	;'c'
  4624   007EF9  72                 	db	114	;'r'
  4625   007EFA  65                 	db	101	;'e'
  4626   007EFB  61                 	db	97	;'a'
  4627   007EFC  73                 	db	115	;'s'
  4628   007EFD  65                 	db	101	;'e'
  4629   007EFE  64                 	db	100	;'d'
  4630   007EFF  20                 	db	32
  4631   007F00  61                 	db	97	;'a'
  4632   007F01  64                 	db	100	;'d'
  4633   007F02  64                 	db	100	;'d'
  4634   007F03  72                 	db	114	;'r'
  4635   007F04  65                 	db	101	;'e'
  4636   007F05  73                 	db	115	;'s'
  4637   007F06  73                 	db	115	;'s'
  4638   007F07  0D                 	db	13
  4639   007F08  0A                 	db	10
  4640   007F09  00                 	db	0
  4641   007F0A                     STR_5:
  4642   007F0A  53                 	db	83	;'S'
  4643   007F0B  44                 	db	68	;'D'
  4644   007F0C  20                 	db	32
  4645   007F0D  63                 	db	99	;'c'
  4646   007F0E  61                 	db	97	;'a'
  4647   007F0F  72                 	db	114	;'r'
  4648   007F10  64                 	db	100	;'d'
  4649   007F11  20                 	db	32
  4650   007F12  61                 	db	97	;'a'
  4651   007F13  64                 	db	100	;'d'
  4652   007F14  64                 	db	100	;'d'
  4653   007F15  72                 	db	114	;'r'
  4654   007F16  65                 	db	101	;'e'
  4655   007F17  73                 	db	115	;'s'
  4656   007F18  73                 	db	115	;'s'
  4657   007F19  3A                 	db	58	;':'
  4658   007F1A  20                 	db	32
  4659   007F1B  20                 	db	32
  4660   007F1C  00                 	db	0
  4661   007F1D                     STR_58:
  4662   007F1D  52                 	db	82	;'R'
  4663   007F1E  65                 	db	101	;'e'
  4664   007F1F  63                 	db	99	;'c'
  4665   007F20  6F                 	db	111	;'o'
  4666   007F21  72                 	db	114	;'r'
  4667   007F22  64                 	db	100	;'d'
  4668   007F23  69                 	db	105	;'i'
  4669   007F24  6E                 	db	110	;'n'
  4670   007F25  67                 	db	103	;'g'
  4671   007F26  20                 	db	32
  4672   007F27  63                 	db	99	;'c'
  4673   007F28  6F                 	db	111	;'o'
  4674   007F29  6D                 	db	109	;'m'
  4675   007F2A  70                 	db	112	;'p'
  4676   007F2B  6C                 	db	108	;'l'
  4677   007F2C  65                 	db	101	;'e'
  4678   007F2D  74                 	db	116	;'t'
  4679   007F2E  65                 	db	101	;'e'
  4680   007F2F  00                 	db	0
  4681   007F30                     STR_63:
  4682   007F30  53                 	db	83	;'S'
  4683   007F31  65                 	db	101	;'e'
  4684   007F32  6C                 	db	108	;'l'
  4685   007F33  65                 	db	101	;'e'
  4686   007F34  63                 	db	99	;'c'
  4687   007F35  74                 	db	116	;'t'
  4688   007F36  3A                 	db	58	;':'
  4689   007F37  09                 	db	9
  4690   007F38  4C                 	db	76	;'L'
  4691   007F39  6F                 	db	111	;'o'
  4692   007F3A  67                 	db	103	;'g'
  4693   007F3B  67                 	db	103	;'g'
  4694   007F3C  69                 	db	105	;'i'
  4695   007F3D  6E                 	db	110	;'n'
  4696   007F3E  67                 	db	103	;'g'
  4697   007F3F  0D                 	db	13
  4698   007F40  0A                 	db	10
  4699   007F41  00                 	db	0
  4700   007F42                     STR_2:
  4701   007F42  53                 	db	83	;'S'
  4702   007F43  44                 	db	68	;'D'
  4703   007F44  20                 	db	32
  4704   007F45  63                 	db	99	;'c'
  4705   007F46  61                 	db	97	;'a'
  4706   007F47  72                 	db	114	;'r'
  4707   007F48  64                 	db	100	;'d'
  4708   007F49  20                 	db	32
  4709   007F4A  74                 	db	116	;'t'
  4710   007F4B  65                 	db	101	;'e'
  4711   007F4C  73                 	db	115	;'s'
  4712   007F4D  74                 	db	116	;'t'
  4713   007F4E  69                 	db	105	;'i'
  4714   007F4F  6E                 	db	110	;'n'
  4715   007F50  67                 	db	103	;'g'
  4716   007F51  0D                 	db	13
  4717   007F52  0A                 	db	10
  4718   007F53  00                 	db	0
  4719   007F54                     STR_75:
  4720   007F54  55                 	db	85	;'U'
  4721   007F55  6E                 	db	110	;'n'
  4722   007F56  6B                 	db	107	;'k'
  4723   007F57  6E                 	db	110	;'n'
  4724   007F58  6F                 	db	111	;'o'
  4725   007F59  77                 	db	119	;'w'
  4726   007F5A  6E                 	db	110	;'n'
  4727   007F5B  20                 	db	32
  4728   007F5C  6B                 	db	107	;'k'
  4729   007F5D  65                 	db	101	;'e'
  4730   007F5E  79                 	db	121	;'y'
  4731   007F5F  20                 	db	32
  4732   007F60  25                 	db	37
  4733   007F61  63                 	db	99	;'c'
  4734   007F62  0D                 	db	13
  4735   007F63  0A                 	db	10
  4736   007F64  00                 	db	0
  4737   007F65                     STR_41:
  4738   007F65  20                 	db	32
  4739   007F66  20                 	db	32
  4740   007F67  20                 	db	32
  4741   007F68  20                 	db	32
  4742   007F69  41                 	db	65	;'A'
  4743   007F6A  64                 	db	100	;'d'
  4744   007F6B  64                 	db	100	;'d'
  4745   007F6C  72                 	db	114	;'r'
  4746   007F6D  65                 	db	101	;'e'
  4747   007F6E  73                 	db	115	;'s'
  4748   007F6F  73                 	db	115	;'s'
  4749   007F70  3A                 	db	58	;':'
  4750   007F71  20                 	db	32
  4751   007F72  20                 	db	32
  4752   007F73  20                 	db	32
  4753   007F74  20                 	db	32
  4754   007F75  00                 	db	0
  4755   007F76                     STR_57:
  4756   007F76  4E                 	db	78	;'N'
  4757   007F77  6F                 	db	111	;'o'
  4758   007F78  77                 	db	119	;'w'
  4759   007F79  20                 	db	32
  4760   007F7A  73                 	db	115	;'s'
  4761   007F7B  61                 	db	97	;'a'
  4762   007F7C  76                 	db	118	;'v'
  4763   007F7D  69                 	db	105	;'i'
  4764   007F7E  6E                 	db	110	;'n'
  4765   007F7F  67                 	db	103	;'g'
  4766   007F80  20                 	db	32
  4767   007F81  64                 	db	100	;'d'
  4768   007F82  61                 	db	97	;'a'
  4769   007F83  74                 	db	116	;'t'
  4770   007F84  61                 	db	97	;'a'
  4771   007F85  2E                 	db	46
  4772   007F86  00                 	db	0
  4773   007F87                     STR_74:
  4774   007F87  53                 	db	83	;'S'
  4775   007F88  65                 	db	101	;'e'
  4776   007F89  6C                 	db	108	;'l'
  4777   007F8A  65                 	db	101	;'e'
  4778   007F8B  63                 	db	99	;'c'
  4779   007F8C  74                 	db	116	;'t'
  4780   007F8D  3A                 	db	58	;':'
  4781   007F8E  09                 	db	9
  4782   007F8F  41                 	db	65	;'A'
  4783   007F90  70                 	db	112	;'p'
  4784   007F91  70                 	db	112	;'p'
  4785   007F92  6C                 	db	108	;'l'
  4786   007F93  79                 	db	121	;'y'
  4787   007F94  0D                 	db	13
  4788   007F95  0A                 	db	10
  4789   007F96  00                 	db	0
  4790   007F97                     STR_48:
  4791   007F97  52                 	db	82	;'R'
  4792   007F98  65                 	db	101	;'e'
  4793   007F99  61                 	db	97	;'a'
  4794   007F9A  64                 	db	100	;'d'
  4795   007F9B  20                 	db	32
  4796   007F9C  62                 	db	98	;'b'
  4797   007F9D  6C                 	db	108	;'l'
  4798   007F9E  6F                 	db	111	;'o'
  4799   007F9F  63                 	db	99	;'c'
  4800   007FA0  6B                 	db	107	;'k'
  4801   007FA1  3A                 	db	58	;':'
  4802   007FA2  20                 	db	32
  4803   007FA3  0D                 	db	13
  4804   007FA4  0A                 	db	10
  4805   007FA5  00                 	db	0
  4806   007FA6                     STR_11:
  4807   007FA6  3F                 	db	63	;'?'
  4808   007FA7  3A                 	db	58	;':'
  4809   007FA8  20                 	db	32
  4810   007FA9  68                 	db	104	;'h'
  4811   007FAA  65                 	db	101	;'e'
  4812   007FAB  6C                 	db	108	;'l'
  4813   007FAC  70                 	db	112	;'p'
  4814   007FAD  20                 	db	32
  4815   007FAE  6D                 	db	109	;'m'
  4816   007FAF  65                 	db	101	;'e'
  4817   007FB0  6E                 	db	110	;'n'
  4818   007FB1  75                 	db	117	;'u'
  4819   007FB2  0D                 	db	13
  4820   007FB3  0A                 	db	10
  4821   007FB4  00                 	db	0
  4822   007FB5                     STR_66:
  4823   007FB5  53                 	db	83	;'S'
  4824   007FB6  65                 	db	101	;'e'
  4825   007FB7  6C                 	db	108	;'l'
  4826   007FB8  65                 	db	101	;'e'
  4827   007FB9  63                 	db	99	;'c'
  4828   007FBA  74                 	db	116	;'t'
  4829   007FBB  3A                 	db	58	;':'
  4830   007FBC  09                 	db	9
  4831   007FBD  41                 	db	65	;'A'
  4832   007FBE  70                 	db	112	;'p'
  4833   007FBF  70                 	db	112	;'p'
  4834   007FC0  6C                 	db	108	;'l'
  4835   007FC1  79                 	db	121	;'y'
  4836   007FC2  00                 	db	0
  4837   007FC3                     STR_1:
  4838   007FC3  69                 	db	105	;'i'
  4839   007FC4  6E                 	db	110	;'n'
  4840   007FC5  4C                 	db	76	;'L'
  4841   007FC6  61                 	db	97	;'a'
  4842   007FC7  62                 	db	98	;'b'
  4843   007FC8  20                 	db	32
  4844   007FC9  30                 	db	48	;'0'
  4845   007FCA  39                 	db	57	;'9'
  4846   007FCB  0D                 	db	13
  4847   007FCC  0A                 	db	10
  4848   007FCD  00                 	db	0
  4849   007FCE                     STR_3:
  4850   007FCE  44                 	db	68	;'D'
  4851   007FCF  65                 	db	101	;'e'
  4852   007FD0  76                 	db	118	;'v'
  4853   007FD1  27                 	db	39
  4854   007FD2  32                 	db	50	;'2'
  4855   007FD3  31                 	db	49	;'1'
  4856   007FD4  0D                 	db	13
  4857   007FD5  0A                 	db	10
  4858   007FD6  00                 	db	0
  4859   007FD7                     STR_26:
  4860   007FD7  6F                 	db	111	;'o'
  4861   007FD8  3A                 	db	58	;':'
  4862   007FD9  09                 	db	9
  4863   007FDA  6F                 	db	111	;'o'
  4864   007FDB  6B                 	db	107	;'k'
  4865   007FDC  0D                 	db	13
  4866   007FDD  0A                 	db	10
  4867   007FDE  00                 	db	0
  4868   007FDF                     STR_12:
  4869   007FDF  6F                 	db	111	;'o'
  4870   007FE0  3A                 	db	58	;':'
  4871   007FE1  20                 	db	32
  4872   007FE2  6B                 	db	107	;'k'
  4873   007FE3  0D                 	db	13
  4874   007FE4  0A                 	db	10
  4875   007FE5  00                 	db	0
  4876   007FE6                     STR_85:
  4877   007FE6  25                 	db	37
  4878   007FE7  30                 	db	48	;'0'
  4879   007FE8  32                 	db	50	;'2'
  4880   007FE9  78                 	db	120	;'x'
  4881   007FEA  20                 	db	32
  4882   007FEB  00                 	db	0
  4883   007FEC                     STR_68:
  4884   007FEC  25                 	db	37
  4885   007FED  75                 	db	117	;'u'
  4886   007FEE  0D                 	db	13
  4887   007FEF  0A                 	db	10
  4888   007FF0  00                 	db	0
  4889   007FF1                     STR_6:
  4890   007FF1  25                 	db	37
  4891   007FF2  30                 	db	48	;'0'
  4892   007FF3  34                 	db	52	;'4'
  4893   007FF4  78                 	db	120	;'x'
  4894   007FF5  00                 	db	0
  4895   007FF6                     STR_79:
  4896   007FF6  0D                 	db	13
  4897   007FF7  0A                 	db	10
  4898   007FF8  0A                 	db	10
  4899   007FF9  00                 	db	0
  4900   007FFA                     STR_83:
  4901   007FFA  25                 	db	37
  4902   007FFB  63                 	db	99	;'c'
  4903   007FFC  00                 	db	0
  4904   007FFD                     STR_7:
  4905   007FFD  3A                 	db	58	;':'
  4906   007FFE  00                 	db	0
  4907   007FF1                     STR_8           equ	STR_6
  4908   007FF1                     STR_34          equ	STR_6
  4909   007FF1                     STR_36          equ	STR_6
  4910   007FF1                     STR_42          equ	STR_6
  4911   007FF1                     STR_44          equ	STR_6
  4912   007FF1                     STR_50          equ	STR_6
  4913   007FF1                     STR_52          equ	STR_6
  4914   007FFA                     STR_88          equ	STR_83
  4915   007FFD                     STR_35          equ	STR_7
  4916   007FFD                     STR_43          equ	STR_7
  4917   007FFD                     STR_51          equ	STR_7
  4918   007F85                     STR_82          equ	STR_57+15
  4919   007F85                     STR_87          equ	STR_57+15
  4920   007F0A                     STR_33          equ	STR_5
  4921   007F65                     STR_49          equ	STR_41
  4922   007F72                     STR_86          equ	STR_41+13
  4923   007F73                     STR_81          equ	STR_41+14
  4924   007F74                     STR_80          equ	STR_41+15
  4925   007AF5                     STR_70          equ	STR_61
  4926   007F30                     STR_72          equ	STR_63
  4927   007DE3                     STR_71          equ	STR_62
  4928   007B31                     STR_10          equ	STR_4+2
  4929   007B31                     STR_15          equ	STR_4+2
  4930   007B31                     STR_17          equ	STR_4+2
  4931   007B31                     STR_21          equ	STR_4+2
  4932   007B31                     STR_25          equ	STR_4+2
  4933   007BF9                     STR_9           equ	STR_69+46
  4934   007BF9                     STR_37          equ	STR_69+46
  4935   007BF9                     STR_45          equ	STR_69+46
  4936   007BF9                     STR_53          equ	STR_69+46
  4937   007BF9                     STR_84          equ	STR_69+46
  4938   007BF9                     STR_89          equ	STR_69+46
  4939   007FF8                     STR_27          equ	STR_79+2
  4940   007FF8                     STR_28          equ	STR_79+2
  4941   007FFF  00                 	db	0	; dummy byte at the end
  4942   00796A                     __smallconst    set	__pmediumconst
  4943   00796A                     __mediumconst   set	__pmediumconst
  4944   000002                     __activetblptr  equ	2
  4945                           
  4946                           	psect	nvBANK0
  4947   0000BF                     __pnvBANK0:
  4948                           	callstack 0
  4949   0000BF                     _TMR1_GateCallback:
  4950                           	callstack 0
  4951   0000BF                     	ds	2
  4952   0000C1                     _TMR1_OverflowCallback:
  4953                           	callstack 0
  4954   0000C1                     	ds	2
  4955   0000C3                     _TMR0_OverflowCallback:
  4956                           	callstack 0
  4957   0000C3                     	ds	2
  4958   000F3A                     _ANSELC         set	3898
  4959   000F39                     _ANSELB         set	3897
  4960   000F38                     _ANSELA         set	3896
  4961   000F55                     _CCPR5L         set	3925
  4962   000F54                     _CCP5CON        set	3924
  4963   000F8B                     _LATCbits       set	3979
  4964   000F8A                     _LATBbits       set	3978
  4965   000FAD                     _TXREG1         set	4013
  4966   000FAE                     _RCREG1         set	4014
  4967   000FB8                     _BAUDCON1bits   set	4024
  4968   000FAC                     _TXSTA1bits     set	4012
  4969   000FAB                     _RCSTA1bits     set	4011
  4970   000FB0                     _SPBRGH1        set	4016
  4971   000FAF                     _SPBRG1         set	4015
  4972   000FAC                     _TXSTA1         set	4012
  4973   000FAB                     _RCSTA1         set	4011
  4974   000FB8                     _BAUDCON1       set	4024
  4975   000FCC                     _T1GCONbits     set	4044
  4976   000F9D                     _PIE1bits       set	3997
  4977   000FCD                     _T1CON          set	4045
  4978   000FCC                     _T1GCON         set	4044
  4979   000FCE                     _TMR1L          set	4046
  4980   000FCF                     _TMR1H          set	4047
  4981   000FCD                     _T1CONbits      set	4045
  4982   000FD5                     _T0CON          set	4053
  4983   000FD6                     _TMR0L          set	4054
  4984   000FD7                     _TMR0H          set	4055
  4985   000FD5                     _T0CONbits      set	4053
  4986   000F62                     _IOCB           set	3938
  4987   000F61                     _WPUB           set	3937
  4988   000F96                     _TRISE          set	3990
  4989   000F94                     _TRISC          set	3988
  4990   000F93                     _TRISB          set	3987
  4991   000F92                     _TRISA          set	3986
  4992   000F8B                     _LATC           set	3979
  4993   000F8A                     _LATB           set	3978
  4994   000F89                     _LATA           set	3977
  4995   000F9B                     _OSCTUNE        set	3995
  4996   000FD2                     _OSCCON2        set	4050
  4997   000FD3                     _OSCCON         set	4051
  4998   000FF0                     _INTCON3bits    set	4080
  4999   000FF1                     _INTCON2bits    set	4081
  5000   000FF2                     _INTCONbits     set	4082
  5001   000FD0                     _RCONbits       set	4048
  5002   000F6F                     _SSP2BUF        set	3951
  5003   000F6C                     _SSP2CON1bits   set	3948
  5004   000F6E                     _SSP2ADD        set	3950
  5005   000F69                     _SSP2CON3       set	3945
  5006   000F6C                     _SSP2CON1       set	3948
  5007   000F6D                     _SSP2STAT       set	3949
  5008   000FA4                     _PIR3bits       set	4004
  5009   000FA3                     _PIE3bits       set	4003
  5010   000FC2                     _ADCON0bits     set	4034
  5011   000F9E                     _PIR1bits       set	3998
  5012   000FC2                     _ADCON0         set	4034
  5013   000FC4                     _ADRESH         set	4036
  5014   000FC3                     _ADRESL         set	4035
  5015   000FC0                     _ADCON2         set	4032
  5016   000FC1                     _ADCON1         set	4033
  5017                           
  5018                           ; #config settings
  5019                           
  5020                           	psect	cinit
  5021   001C16                     __pcinit:
  5022                           	callstack 0
  5023   001C16                     start_initialization:
  5024                           	callstack 0
  5025   001C16                     __initialization:
  5026                           	callstack 0
  5027                           
  5028                           ; Initialize objects allocated to BANK0 (2 bytes)
  5029                           ; load TBLPTR registers with __pidataBANK0
  5030   001C16  0E62               	movlw	low __pidataBANK0
  5031   001C18  6EF6               	movwf	tblptrl,c
  5032   001C1A  0E20               	movlw	high __pidataBANK0
  5033   001C1C  6EF7               	movwf	tblptrh,c
  5034   001C1E  0E00               	movlw	low (__pidataBANK0 shr (0+16))
  5035   001C20  6EF8               	movwf	tblptru,c
  5036   001C22  0009               	tblrd		*+	;fetch initializer
  5037   001C24  CFF5 F0C5          	movff	tablat,__pdataBANK0
  5038   001C28  0009               	tblrd		*+	;fetch initializer
  5039   001C2A  CFF5 F0C6          	movff	tablat,__pdataBANK0+1
  5040                           
  5041                           ; Clear objects allocated to BIGRAM (1024 bytes)
  5042   001C2E  EE00  F0C7         	lfsr	0,__pbssBIGRAM
  5043   001C32  EE14 F000          	lfsr	1,1024
  5044   001C36                     clear_0:
  5045   001C36  6AEE               	clrf	postinc0,c
  5046   001C38  50E5               	movf	postdec1,w,c
  5047   001C3A  50E1               	movf	fsr1l,w,c
  5048   001C3C  E1FC               	bnz	clear_0
  5049   001C3E  50E2               	movf	fsr1h,w,c
  5050   001C40  E1FA               	bnz	clear_0
  5051                           
  5052                           ; Clear objects allocated to BANK0 (41 bytes)
  5053   001C42  EE00  F096         	lfsr	0,__pbssBANK0
  5054   001C46  0E29               	movlw	41
  5055   001C48                     clear_1:
  5056   001C48  6AEE               	clrf	postinc0,c
  5057   001C4A  06E8               	decf	wreg,f,c
  5058   001C4C  E1FD               	bnz	clear_1
  5059                           
  5060                           ; Clear objects allocated to COMRAM (17 bytes)
  5061   001C4E  EE00  F03E         	lfsr	0,__pbssCOMRAM
  5062   001C52  0E11               	movlw	17
  5063   001C54                     clear_2:
  5064   001C54  6AEE               	clrf	postinc0,c
  5065   001C56  06E8               	decf	wreg,f,c
  5066   001C58  E1FD               	bnz	clear_2
  5067   001C5A                     end_of_initialization:
  5068                           	callstack 0
  5069   001C5A                     __end_of__initialization:
  5070                           	callstack 0
  5071   001C5A  9001               	bcf	int$flags,0,c	;clear compiler interrupt flag (level 1)
  5072   001C5C  9201               	bcf	int$flags,1,c	;clear compiler interrupt flag (level 2)
  5073   001C5E  0E00               	movlw	low (__Lmediumconst shr (0+16))
  5074   001C60  6EF8               	movwf	tblptru,c
  5075   001C62  0100               	movlb	0
  5076   001C64  EF30  F000         	goto	_main	;jump to C main() function
  5077                           
  5078                           	psect	bssCOMRAM
  5079   00003E                     __pbssCOMRAM:
  5080                           	callstack 0
  5081   00003E                     _width:
  5082                           	callstack 0
  5083   00003E                     	ds	2
  5084   000040                     _EUSART1_OverrunErrorHandler:
  5085                           	callstack 0
  5086   000040                     	ds	2
  5087   000042                     _EUSART1_FramingErrorHandler:
  5088                           	callstack 0
  5089   000042                     	ds	2
  5090   000044                     _timer1ReloadVal:
  5091                           	callstack 0
  5092   000044                     	ds	2
  5093   000046                     _tmr0PeriodCount:
  5094                           	callstack 0
  5095   000046                     	ds	2
  5096   000048                     _INT2_InterruptHandler:
  5097                           	callstack 0
  5098   000048                     	ds	2
  5099   00004A                     _INT1_InterruptHandler:
  5100                           	callstack 0
  5101   00004A                     	ds	2
  5102   00004C                     _INT0_InterruptHandler:
  5103                           	callstack 0
  5104   00004C                     	ds	2
  5105   00004E                     _flags:
  5106                           	callstack 0
  5107   00004E                     	ds	1
  5108                           
  5109                           	psect	bssBANK0
  5110   000096                     __pbssBANK0:
  5111                           	callstack 0
  5112   000096                     _prec:
  5113                           	callstack 0
  5114   000096                     	ds	2
  5115   000098                     _blueIdx:
  5116                           	callstack 0
  5117   000098                     	ds	2
  5118   00009A                     _redIdx:
  5119                           	callstack 0
  5120   00009A                     	ds	2
  5121   00009C                     _eusart1RxLastError:
  5122                           	callstack 0
  5123   00009C                     	ds	2
  5124   00009E                     _systemState:
  5125                           	callstack 0
  5126   00009E                     	ds	1
  5127   00009F                     _dbuf:
  5128                           	callstack 0
  5129   00009F                     	ds	32
  5130                           
  5131                           	psect	dataBANK0
  5132   0000C5                     __pdataBANK0:
  5133                           	callstack 0
  5134   0000C5                     _sampleRate:
  5135                           	callstack 0
  5136   0000C5                     	ds	2
  5137                           
  5138                           	psect	bssBIGRAM
  5139   0000C7                     __pbssBIGRAM:
  5140                           	callstack 0
  5141   0000C7                     _redBuffer:
  5142                           	callstack 0
  5143   0000C7                     	ds	512
  5144   0002C7                     _blueBuffer:
  5145                           	callstack 0
  5146   0002C7                     	ds	512
  5147                           
  5148                           	psect	cstackBANK0
  5149   000060                     __pcstackBANK0:
  5150                           	callstack 0
  5151   000060                     ??_vfpfcnvrt:
  5152                           
  5153                           ; 1 bytes @ 0x0
  5154   000060                     	ds	2
  5155   000062                     vfpfcnvrt@c:
  5156                           	callstack 0
  5157                           
  5158                           ; 1 bytes @ 0x2
  5159   000062                     	ds	1
  5160   000063                     vfpfcnvrt@done:
  5161                           	callstack 0
  5162                           
  5163                           ; 1 bytes @ 0x3
  5164   000063                     	ds	1
  5165   000064                     vfpfcnvrt@convarg:
  5166                           	callstack 0
  5167                           
  5168                           ; 4 bytes @ 0x4
  5169   000064                     	ds	4
  5170   000068                     vfpfcnvrt@cp:
  5171                           	callstack 0
  5172                           
  5173                           ; 2 bytes @ 0x8
  5174   000068                     	ds	2
  5175   00006A                     ?_vfprintf:
  5176                           	callstack 0
  5177   00006A                     vfprintf@fp:
  5178                           	callstack 0
  5179                           
  5180                           ; 2 bytes @ 0xA
  5181   00006A                     	ds	2
  5182   00006C                     vfprintf@fmt:
  5183                           	callstack 0
  5184                           
  5185                           ; 2 bytes @ 0xC
  5186   00006C                     	ds	2
  5187   00006E                     vfprintf@ap:
  5188                           	callstack 0
  5189                           
  5190                           ; 1 bytes @ 0xE
  5191   00006E                     	ds	1
  5192   00006F                     vfprintf@cfmt:
  5193                           	callstack 0
  5194                           
  5195                           ; 2 bytes @ 0xF
  5196   00006F                     	ds	2
  5197   000071                     ?_printf:
  5198                           	callstack 0
  5199   000071                     printf@fmt:
  5200                           	callstack 0
  5201                           
  5202                           ; 2 bytes @ 0x11
  5203   000071                     	ds	6
  5204   000077                     SDCARD_Initialize@i:
  5205                           	callstack 0
  5206   000077                     hexDumpBuffer@sdCardBuffer:
  5207                           	callstack 0
  5208                           
  5209                           ; 2 bytes @ 0x17
  5210   000077                     	ds	2
  5211   000079                     SDCARD_Initialize@verbose:
  5212                           	callstack 0
  5213   000079                     ??_hexDumpBuffer:
  5214                           
  5215                           ; 1 bytes @ 0x19
  5216   000079                     	ds	1
  5217   00007A                     SDCARD_Initialize@response:
  5218                           	callstack 0
  5219                           
  5220                           ; 1 bytes @ 0x1A
  5221   00007A                     	ds	1
  5222   00007B                     hexDumpBuffer@j:
  5223                           	callstack 0
  5224                           
  5225                           ; 2 bytes @ 0x1B
  5226   00007B                     	ds	2
  5227   00007D                     hexDumpBuffer@j_2178:
  5228                           	callstack 0
  5229                           
  5230                           ; 2 bytes @ 0x1D
  5231   00007D                     	ds	2
  5232   00007F                     hexDumpBuffer@i:
  5233                           	callstack 0
  5234                           
  5235                           ; 2 bytes @ 0x1F
  5236   00007F                     	ds	2
  5237   000081                     ??_main:
  5238                           
  5239                           ; 1 bytes @ 0x21
  5240   000081                     	ds	2
  5241   000083                     main@uuuu:
  5242                           	callstack 0
  5243                           
  5244                           ; 1 bytes @ 0x23
  5245   000083                     	ds	1
  5246   000084                     main@_:
  5247                           	callstack 0
  5248                           
  5249                           ; 1 bytes @ 0x24
  5250   000084                     	ds	1
  5251   000085                     main@__2109:
  5252                           	callstack 0
  5253                           
  5254                           ; 1 bytes @ 0x25
  5255   000085                     	ds	1
  5256   000086                     main@status:
  5257                           	callstack 0
  5258                           
  5259                           ; 1 bytes @ 0x26
  5260   000086                     	ds	1
  5261   000087                     main@j:
  5262                           	callstack 0
  5263                           
  5264                           ; 1 bytes @ 0x27
  5265   000087                     	ds	1
  5266   000088                     main@i_2110:
  5267                           	callstack 0
  5268                           
  5269                           ; 2 bytes @ 0x28
  5270   000088                     	ds	2
  5271   00008A                     main@sineIdx:
  5272                           	callstack 0
  5273                           
  5274                           ; 1 bytes @ 0x2A
  5275   00008A                     	ds	1
  5276   00008B                     main@i_2092:
  5277                           	callstack 0
  5278                           
  5279                           ; 2 bytes @ 0x2B
  5280   00008B                     	ds	2
  5281   00008D                     main@blockCount_2091:
  5282                           	callstack 0
  5283                           
  5284                           ; 2 bytes @ 0x2D
  5285   00008D                     	ds	2
  5286   00008F                     main@cmd:
  5287                           	callstack 0
  5288                           
  5289                           ; 1 bytes @ 0x2F
  5290   00008F                     	ds	1
  5291   000090                     main@i:
  5292                           	callstack 0
  5293                           
  5294                           ; 2 bytes @ 0x30
  5295   000090                     	ds	2
  5296   000092                     main@sdCardAddress:
  5297                           	callstack 0
  5298                           
  5299                           ; 4 bytes @ 0x32
  5300   000092                     	ds	4
  5301                           
  5302                           	psect	cstackCOMRAM
  5303   000002                     __pcstackCOMRAM:
  5304                           	callstack 0
  5305   000002                     ?_TMR0_CounterGet:
  5306                           	callstack 0
  5307   000002                     
  5308                           ; 1 bytes @ 0x0
  5309   000002                     	ds	2
  5310   000004                     ??_TMR0_CounterGet:
  5311                           
  5312                           ; 1 bytes @ 0x2
  5313   000004                     	ds	2
  5314   000006                     TMR0_CounterGet@counterValue:
  5315                           	callstack 0
  5316                           
  5317                           ; 2 bytes @ 0x4
  5318   000006                     	ds	2
  5319   000008                     TMR0_CounterGet@counterLowByte:
  5320                           	callstack 0
  5321                           
  5322                           ; 1 bytes @ 0x6
  5323   000008                     	ds	1
  5324   000009                     TMR0_CounterGet@counterHighByte:
  5325                           	callstack 0
  5326                           
  5327                           ; 1 bytes @ 0x7
  5328   000009                     	ds	1
  5329   00000A                     i2TMR0_CounterSet@counterValue:
  5330                           	callstack 0
  5331                           
  5332                           ; 2 bytes @ 0x8
  5333   00000A                     	ds	2
  5334   00000C                     ??_myTMR0ISR:
  5335   00000C                     
  5336                           ; 1 bytes @ 0xA
  5337   00000C                     	ds	2
  5338   00000E                     myTMR0ISR@micReadInVal:
  5339                           	callstack 0
  5340                           
  5341                           ; 1 bytes @ 0xC
  5342   00000E                     	ds	1
  5343   00000F                     ??_INTERRUPT_InterruptManager:
  5344                           
  5345                           ; 1 bytes @ 0xD
  5346   00000F                     	ds	4
  5347   000013                     ?___awdiv:
  5348                           	callstack 0
  5349   000013                     ?___awmod:
  5350                           	callstack 0
  5351   000013                     ?___lwdiv:
  5352                           	callstack 0
  5353   000013                     ?___lwmod:
  5354                           	callstack 0
  5355   000013                     ?_read_prec_or_width:
  5356                           	callstack 0
  5357   000013                     SPI2_Open@spiConfigIndex:
  5358                           	callstack 0
  5359   000013                     SPI2_ByteExchange@byteData:
  5360                           	callstack 0
  5361   000013                     _EUSART1_IsTxReady$1760:
  5362                           	callstack 0
  5363   000013                     EUSART1_Write@txData:
  5364                           	callstack 0
  5365   000013                     read_prec_or_width@fmt:
  5366                           	callstack 0
  5367   000013                     INT0_SetInterruptHandler@InterruptHandler:
  5368                           	callstack 0
  5369   000013                     INT1_SetInterruptHandler@InterruptHandler:
  5370                           	callstack 0
  5371   000013                     INT2_SetInterruptHandler@InterruptHandler:
  5372                           	callstack 0
  5373   000013                     TMR0_CounterSet@counterValue:
  5374                           	callstack 0
  5375   000013                     TMR0_OverflowCallbackRegister@callbackHandler:
  5376                           	callstack 0
  5377   000013                     TMR1_CounterSet@timerVal:
  5378                           	callstack 0
  5379   000013                     EUSART1_FramingErrorCallbackRegister@callbackHandler:
  5380                           	callstack 0
  5381   000013                     EUSART1_OverrunErrorCallbackRegister@callbackHandler:
  5382                           	callstack 0
  5383   000013                     ___awdiv@dividend:
  5384                           	callstack 0
  5385   000013                     ___awmod@dividend:
  5386                           	callstack 0
  5387   000013                     ___lwdiv@dividend:
  5388                           	callstack 0
  5389   000013                     ___lwmod@dividend:
  5390                           	callstack 0
  5391   000013                     ??_TMR1_Initialize:
  5392   000013                     
  5393                           ; 1 bytes @ 0x11
  5394   000013                     	ds	1
  5395   000014                     putch@txData:
  5396                           	callstack 0
  5397   000014                     SDCARD_PollWriteComplete@status:
  5398                           	callstack 0
  5399   000014                     read_prec_or_width@ap:
  5400                           	callstack 0
  5401   000014                     SDCARD_ReadBlock@addr:
  5402                           	callstack 0
  5403   000014                     SDCARD_WriteBlock@addr:
  5404                           	callstack 0
  5405   000014                     
  5406                           ; 1 bytes @ 0x12
  5407   000014                     	ds	1
  5408   000015                     TMR1_CounterSet@onState:
  5409                           	callstack 0
  5410   000015                     ___awdiv@divisor:
  5411                           	callstack 0
  5412   000015                     ___awmod@divisor:
  5413                           	callstack 0
  5414   000015                     ___lwdiv@divisor:
  5415                           	callstack 0
  5416   000015                     ___lwmod@divisor:
  5417                           	callstack 0
  5418   000015                     fputc@c:
  5419                           	callstack 0
  5420   000015                     ??_read_prec_or_width:
  5421                           
  5422                           ; 1 bytes @ 0x13
  5423   000015                     	ds	2
  5424   000017                     ___awdiv@counter:
  5425                           	callstack 0
  5426   000017                     ___awmod@counter:
  5427                           	callstack 0
  5428   000017                     ___lwdiv@counter:
  5429                           	callstack 0
  5430   000017                     ___lwmod@counter:
  5431                           	callstack 0
  5432   000017                     read_prec_or_width@c:
  5433                           	callstack 0
  5434   000017                     fputc@fp:
  5435                           	callstack 0
  5436   000017                     
  5437                           ; 1 bytes @ 0x15
  5438   000017                     	ds	1
  5439   000018                     ___awdiv@sign:
  5440                           	callstack 0
  5441   000018                     ___awmod@sign:
  5442                           	callstack 0
  5443   000018                     SDCARD_ReadBlock@sdCardBuffer:
  5444                           	callstack 0
  5445   000018                     SDCARD_WriteBlock@sdCardBuffer:
  5446                           	callstack 0
  5447   000018                     ___lwdiv@quotient:
  5448                           	callstack 0
  5449   000018                     read_prec_or_width@n:
  5450                           	callstack 0
  5451                           
  5452                           ; 2 bytes @ 0x16
  5453   000018                     	ds	1
  5454   000019                     ?_abs:
  5455                           	callstack 0
  5456   000019                     ___awdiv@quotient:
  5457                           	callstack 0
  5458   000019                     abs@a:
  5459                           	callstack 0
  5460   000019                     ??_fputc:
  5461                           
  5462                           ; 1 bytes @ 0x17
  5463   000019                     	ds	1
  5464   00001A                     SDCARD_ReadBlock@i:
  5465                           	callstack 0
  5466   00001A                     SDCARD_WriteBlock@i:
  5467                           	callstack 0
  5468   00001A                     
  5469                           ; 1 bytes @ 0x18
  5470   00001A                     	ds	1
  5471   00001B                     ??_abs:
  5472                           
  5473                           ; 1 bytes @ 0x19
  5474   00001B                     	ds	3
  5475   00001E                     fputs@s:
  5476                           	callstack 0
  5477   00001E                     ctoa@fp:
  5478                           	callstack 0
  5479                           
  5480                           ; 2 bytes @ 0x1C
  5481   00001E                     	ds	1
  5482   00001F                     fputs@fp:
  5483                           	callstack 0
  5484                           
  5485                           ; 2 bytes @ 0x1D
  5486   00001F                     	ds	1
  5487   000020                     ctoa@c:
  5488                           	callstack 0
  5489                           
  5490                           ; 1 bytes @ 0x1E
  5491   000020                     	ds	1
  5492   000021                     fputs@c:
  5493                           	callstack 0
  5494   000021                     ??_ctoa:
  5495                           
  5496                           ; 1 bytes @ 0x1F
  5497   000021                     	ds	1
  5498   000022                     ctoa@l:
  5499                           	callstack 0
  5500   000022                     fputs@i:
  5501                           	callstack 0
  5502                           
  5503                           ; 2 bytes @ 0x20
  5504   000022                     	ds	2
  5505   000024                     pad@fp:
  5506                           	callstack 0
  5507   000024                     ctoa@w:
  5508                           	callstack 0
  5509                           
  5510                           ; 2 bytes @ 0x22
  5511   000024                     	ds	2
  5512   000026                     pad@buf:
  5513                           	callstack 0
  5514                           
  5515                           ; 1 bytes @ 0x24
  5516   000026                     	ds	1
  5517   000027                     pad@p:
  5518                           	callstack 0
  5519                           
  5520                           ; 2 bytes @ 0x25
  5521   000027                     	ds	2
  5522   000029                     ??_pad:
  5523                           
  5524                           ; 1 bytes @ 0x27
  5525   000029                     	ds	1
  5526   00002A                     pad@i:
  5527                           	callstack 0
  5528                           
  5529                           ; 2 bytes @ 0x28
  5530   00002A                     	ds	2
  5531   00002C                     dtoa@fp:
  5532                           	callstack 0
  5533   00002C                     utoa@fp:
  5534                           	callstack 0
  5535   00002C                     xtoa@fp:
  5536                           	callstack 0
  5537                           
  5538                           ; 2 bytes @ 0x2A
  5539   00002C                     	ds	2
  5540   00002E                     dtoa@d:
  5541                           	callstack 0
  5542   00002E                     utoa@d:
  5543                           	callstack 0
  5544   00002E                     xtoa@d:
  5545                           	callstack 0
  5546                           
  5547                           ; 2 bytes @ 0x2C
  5548   00002E                     	ds	2
  5549   000030                     utoa@p:
  5550                           	callstack 0
  5551   000030                     _dtoa$2843:
  5552                           	callstack 0
  5553   000030                     ??_xtoa:
  5554                           
  5555                           ; 1 bytes @ 0x2E
  5556   000030                     	ds	1
  5557   000031                     utoa@w:
  5558                           	callstack 0
  5559                           
  5560                           ; 2 bytes @ 0x2F
  5561   000031                     	ds	1
  5562   000032                     dtoa@p:
  5563                           	callstack 0
  5564                           
  5565                           ; 1 bytes @ 0x30
  5566   000032                     	ds	1
  5567   000033                     xtoa@p:
  5568                           	callstack 0
  5569   000033                     dtoa@w:
  5570                           	callstack 0
  5571   000033                     utoa@i:
  5572                           	callstack 0
  5573                           
  5574                           ; 2 bytes @ 0x31
  5575   000033                     	ds	1
  5576   000034                     xtoa@w:
  5577                           	callstack 0
  5578                           
  5579                           ; 2 bytes @ 0x32
  5580   000034                     	ds	1
  5581   000035                     dtoa@s:
  5582                           	callstack 0
  5583                           
  5584                           ; 1 bytes @ 0x33
  5585   000035                     	ds	1
  5586   000036                     xtoa@c:
  5587                           	callstack 0
  5588   000036                     dtoa@i:
  5589                           	callstack 0
  5590                           
  5591                           ; 2 bytes @ 0x34
  5592   000036                     	ds	1
  5593   000037                     xtoa@i:
  5594                           	callstack 0
  5595                           
  5596                           ; 2 bytes @ 0x35
  5597   000037                     	ds	2
  5598   000039                     vfpfcnvrt@fp:
  5599                           	callstack 0
  5600                           
  5601                           ; 2 bytes @ 0x37
  5602   000039                     	ds	2
  5603   00003B                     vfpfcnvrt@fmt:
  5604                           	callstack 0
  5605                           
  5606                           ; 1 bytes @ 0x39
  5607   00003B                     	ds	1
  5608   00003C                     vfpfcnvrt@ap:
  5609                           	callstack 0
  5610                           
  5611                           ; 1 bytes @ 0x3A
  5612   00003C                     	ds	1
  5613   00003D                     printf@ap:
  5614                           	callstack 0
  5615   00003D                     
  5616                           ; 1 bytes @ 0x3B
  5617   00003D                     	ds	1
  5618   00003E                     
  5619                           ; 1 bytes @ 0x3C
  5620 ;;
  5621 ;;Main: autosize = 0, tempsize = 2, incstack = 0, save=0
  5622 ;;
  5623 ;; *************** function _main *****************
  5624 ;; Defined at:
  5625 ;;		line 48 in file "main.c"
  5626 ;; Parameters:    Size  Location     Type
  5627 ;;		None
  5628 ;; Auto vars:     Size  Location     Type
  5629 ;;  j               1   39[BANK0 ] unsigned char 
  5630 ;;  _               1   36[BANK0 ] unsigned char 
  5631 ;;  i               2   43[BANK0 ] unsigned short 
  5632 ;;  i               2   40[BANK0 ] unsigned short 
  5633 ;;  blockCount      2   45[BANK0 ] unsigned short 
  5634 ;;  sineIdx         1   42[BANK0 ] unsigned char 
  5635 ;;  _               1   37[BANK0 ] unsigned char 
  5636 ;;  uuuu            1   35[BANK0 ] unsigned char 
  5637 ;;  sdCardAddres    4   50[BANK0 ] unsigned long 
  5638 ;;  i               2   48[BANK0 ] unsigned short 
  5639 ;;  blockCount      2    0        unsigned short 
  5640 ;;  cmd             1   47[BANK0 ] unsigned char 
  5641 ;;  status          1   38[BANK0 ] unsigned char 
  5642 ;;  letter          1    0        unsigned char 
  5643 ;; Return value:  Size  Location     Type
  5644 ;;                  1    wreg      void 
  5645 ;; Registers used:
  5646 ;;		wreg, fsr1l, fsr1h, fsr2l, fsr2h, status,2, status,0, pcl, pclath, pclatu, tosl, tblptrl, tblptrh, tblptru, prodl, p
      +rodh, cstack
  5647 ;; Tracked objects:
  5648 ;;		On entry : 0/0
  5649 ;;		On exit  : 0/0
  5650 ;;		Unchanged: 0/0
  5651 ;; Data sizes:     COMRAM   BANK0   BANK1   BANK2   BANK3   BANK4   BANK5
  5652 ;;      Params:         0       0       0       0       0       0       0
  5653 ;;      Locals:         0      19       0       0       0       0       0
  5654 ;;      Temps:          0       2       0       0       0       0       0
  5655 ;;      Totals:         0      21       0       0       0       0       0
  5656 ;;Total ram usage:       21 bytes
  5657 ;; Hardware stack levels required when called: 12
  5658 ;; This function calls:
  5659 ;;		_EUSART1_IsRxReady
  5660 ;;		_EUSART1_Read
  5661 ;;		_SDCARD_Initialize
  5662 ;;		_SDCARD_PollWriteComplete
  5663 ;;		_SDCARD_ReadBlock
  5664 ;;		_SDCARD_WriteBlock
  5665 ;;		_SPI2_Close
  5666 ;;		_SPI2_Open
  5667 ;;		_SYSTEM_Initialize
  5668 ;;		_TMR0_CounterSet
  5669 ;;		_TMR0_OverflowCallbackRegister
  5670 ;;		_TMR1_CounterSet
  5671 ;;		___awmod
  5672 ;;		_hexDumpBuffer
  5673 ;;		_initSDCard
  5674 ;;		_printf
  5675 ;; This function is called by:
  5676 ;;		Startup code after reset
  5677 ;; This function uses a non-reentrant model
  5678 ;;
  5679                           
  5680                           	psect	text0
  5681   000060                     __ptext0:
  5682                           	callstack 0
  5683   000060                     _main:
  5684                           	callstack 19
  5685   000060                     
  5686                           ;main.c: 49:     uint8_t status;;main.c: 50:     uint16_t i, blockCount;;main.c: 51:    
      +                           uint32_t sdCardAddress = 0x00000000;
  5687   000060  0E00               	movlw	0
  5688   000062  0100               	movlb	0	; () banked
  5689   000064  6F92               	movwf	main@sdCardAddress& (0+255),b
  5690   000066  0E00               	movlw	0
  5691   000068  6F93               	movwf	(main@sdCardAddress+1)& (0+255),b
  5692   00006A  0E00               	movlw	0
  5693   00006C  6F94               	movwf	(main@sdCardAddress+2)& (0+255),b
  5694   00006E  0E00               	movlw	0
  5695   000070  6F95               	movwf	(main@sdCardAddress+3)& (0+255),b
  5696   000072                     
  5697                           ; BSR set to: 0
  5698                           ;main.c: 56:     SYSTEM_Initialize();
  5699   000072  EC62  F00F         	call	_SYSTEM_Initialize	;wreg free
  5700   000076  888A               	bsf	138,4,c	;volatile
  5701   000078                     
  5702                           ;main.c: 60:     TMR0_CounterSet(0x0000);
  5703   000078  6A14               	clrf	(TMR0_CounterSet@counterValue+1)^0,c
  5704   00007A  0E00               	movlw	0
  5705   00007C  6E13               	movwf	TMR0_CounterSet@counterValue^0,c
  5706   00007E  EC07  F010         	call	_TMR0_CounterSet	;wreg free
  5707   000082                     
  5708                           ;main.c: 61:     INTCONbits.TMR0IF = 0;
  5709   000082  94F2               	bcf	242,2,c	;volatile
  5710   000084                     l687:
  5711   000084  A4F2               	btfss	242,2,c	;volatile
  5712   000086  EF47  F000         	goto	u3901
  5713   00008A  EF49  F000         	goto	u3900
  5714   00008E                     u3901:
  5715   00008E  EF42  F000         	goto	l687
  5716   000092                     u3900:
  5717   000092                     
  5718                           ;main.c: 64:     TMR0_OverflowCallbackRegister(myTMR0ISR);
  5719   000092  0EDA               	movlw	low _myTMR0ISR
  5720   000094  6E13               	movwf	TMR0_OverflowCallbackRegister@callbackHandler^0,c
  5721   000096  0E13               	movlw	high _myTMR0ISR
  5722   000098  6E14               	movwf	(TMR0_OverflowCallbackRegister@callbackHandler+1)^0,c
  5723   00009A  EC0C  F010         	call	_TMR0_OverflowCallbackRegister	;wreg free
  5724   00009E                     
  5725                           ;main.c: 66:     (INTCONbits.GIE = 1);
  5726   00009E  8EF2               	bsf	242,7,c	;volatile
  5727   0000A0                     
  5728                           ;main.c: 67:     (INTCONbits.PEIE = 1);
  5729   0000A0  8CF2               	bsf	242,6,c	;volatile
  5730   0000A2                     
  5731                           ;main.c: 69:     printf("inLab 09\r\n");
  5732   0000A2  0EC3               	movlw	low STR_1
  5733   0000A4  0100               	movlb	0	; () banked
  5734   0000A6  6F71               	movwf	printf@fmt& (0+255),b
  5735   0000A8  0E7F               	movlw	high STR_1
  5736   0000AA  6F72               	movwf	(printf@fmt+1)& (0+255),b
  5737   0000AC  EC86  F00F         	call	_printf	;wreg free
  5738   0000B0                     
  5739                           ;main.c: 70:     printf("SD card testing\r\n");
  5740   0000B0  0E42               	movlw	low STR_2
  5741   0000B2  0100               	movlb	0	; () banked
  5742   0000B4  6F71               	movwf	printf@fmt& (0+255),b
  5743   0000B6  0E7F               	movlw	high STR_2
  5744   0000B8  6F72               	movwf	(printf@fmt+1)& (0+255),b
  5745   0000BA  EC86  F00F         	call	_printf	;wreg free
  5746   0000BE                     
  5747                           ;main.c: 71:     printf("Dev'21\r\n");
  5748   0000BE  0ECE               	movlw	low STR_3
  5749   0000C0  0100               	movlb	0	; () banked
  5750   0000C2  6F71               	movwf	printf@fmt& (0+255),b
  5751   0000C4  0E7F               	movlw	high STR_3
  5752   0000C6  6F72               	movwf	(printf@fmt+1)& (0+255),b
  5753   0000C8  EC86  F00F         	call	_printf	;wreg free
  5754   0000CC                     
  5755                           ;main.c: 73:     SPI2_Close();
  5756   0000CC  EC2F  F010         	call	_SPI2_Close	;wreg free
  5757   0000D0                     
  5758                           ;main.c: 74:     SPI2_Open(CLASSIC_FWPORT);
  5759   0000D0  0E01               	movlw	1
  5760   0000D2  6E13               	movwf	SPI2_Open@spiConfigIndex^0,c
  5761   0000D4  EC1C  F00D         	call	_SPI2_Open	;wreg free
  5762   0000D8                     
  5763                           ;main.c: 76:     initSDCard();
  5764   0000D8  ECDD  F00F         	call	_initSDCard	;wreg free
  5765   0000DC                     l4967:
  5766                           
  5767                           ;main.c: 79:         if (EUSART1_IsRxReady()) {
  5768   0000DC  ECE7  F00F         	call	_EUSART1_IsRxReady	;wreg free
  5769   0000E0  0900               	iorlw	0
  5770   0000E2  B4D8               	btfsc	status,2,c
  5771   0000E4  EF76  F000         	goto	u3911
  5772   0000E8  EF78  F000         	goto	u3910
  5773   0000EC                     u3911:
  5774   0000EC  EF6E  F000         	goto	l4967
  5775   0000F0                     u3910:
  5776   0000F0                     
  5777                           ;main.c: 80:             cmd = EUSART1_Read();
  5778   0000F0  EC5F  F00D         	call	_EUSART1_Read	;wreg free
  5779   0000F4  0100               	movlb	0	; () banked
  5780   0000F6  6F8F               	movwf	main@cmd& (0+255),b
  5781                           
  5782                           ;main.c: 81:             switch (cmd) {
  5783   0000F8  EFFB  F004         	goto	l5193
  5784   0000FC                     l4971:
  5785                           
  5786                           ; BSR set to: 0
  5787                           ;main.c: 87:                     printf("\r\n-------------------------------------------
      +                          ------\r\n");
  5788   0000FC  0E2F               	movlw	low STR_4
  5789   0000FE  6F71               	movwf	printf@fmt& (0+255),b
  5790   000100  0E7B               	movlw	high STR_4
  5791   000102  6F72               	movwf	(printf@fmt+1)& (0+255),b
  5792   000104  EC86  F00F         	call	_printf	;wreg free
  5793                           
  5794                           ;main.c: 88:                     printf("SD card address:  ");
  5795   000108  0E0A               	movlw	low STR_5
  5796   00010A  0100               	movlb	0	; () banked
  5797   00010C  6F71               	movwf	printf@fmt& (0+255),b
  5798   00010E  0E7F               	movlw	high STR_5
  5799   000110  6F72               	movwf	(printf@fmt+1)& (0+255),b
  5800   000112  EC86  F00F         	call	_printf	;wreg free
  5801                           
  5802                           ;main.c: 89:                     printf("%04x", sdCardAddress >> 16);
  5803   000116  0EF1               	movlw	low STR_6
  5804   000118  0100               	movlb	0	; () banked
  5805   00011A  6F71               	movwf	printf@fmt& (0+255),b
  5806   00011C  0E7F               	movlw	high STR_6
  5807   00011E  6F72               	movwf	(printf@fmt+1)& (0+255),b
  5808   000120  C094  F073         	movff	main@sdCardAddress+2,?_printf+2
  5809   000124  C095  F074         	movff	main@sdCardAddress+3,?_printf+3
  5810   000128  6B75               	clrf	(?_printf+4)& (0+255),b
  5811   00012A  6B76               	clrf	(?_printf+5)& (0+255),b
  5812   00012C  EC86  F00F         	call	_printf	;wreg free
  5813                           
  5814                           ;main.c: 90:                     printf(":");
  5815   000130  0EFD               	movlw	low STR_7
  5816   000132  0100               	movlb	0	; () banked
  5817   000134  6F71               	movwf	printf@fmt& (0+255),b
  5818   000136  0E7F               	movlw	high STR_7
  5819   000138  6F72               	movwf	(printf@fmt+1)& (0+255),b
  5820   00013A  EC86  F00F         	call	_printf	;wreg free
  5821                           
  5822                           ;main.c: 91:                     printf("%04x", sdCardAddress & 0X0000FFFF);
  5823   00013E  0EF1               	movlw	low STR_6
  5824   000140  0100               	movlb	0	; () banked
  5825   000142  6F71               	movwf	printf@fmt& (0+255),b
  5826   000144  0E7F               	movlw	high STR_6
  5827   000146  6F72               	movwf	(printf@fmt+1)& (0+255),b
  5828   000148  0EFF               	movlw	255
  5829   00014A  1592               	andwf	main@sdCardAddress& (0+255),w,b
  5830   00014C  6F73               	movwf	(?_printf+2)& (0+255),b
  5831   00014E  0EFF               	movlw	255
  5832   000150  1593               	andwf	(main@sdCardAddress+1)& (0+255),w,b
  5833   000152  6F74               	movwf	(?_printf+3)& (0+255),b
  5834   000154  0E00               	movlw	0
  5835   000156  1594               	andwf	(main@sdCardAddress+2)& (0+255),w,b
  5836   000158  6F75               	movwf	(?_printf+4)& (0+255),b
  5837   00015A  0E00               	movlw	0
  5838   00015C  1595               	andwf	(main@sdCardAddress+3)& (0+255),w,b
  5839   00015E  6F76               	movwf	(?_printf+5)& (0+255),b
  5840   000160  EC86  F00F         	call	_printf	;wreg free
  5841                           
  5842                           ;main.c: 92:                     printf("\r\n");
  5843   000164  0EF9               	movlw	low (STR_69+46)
  5844   000166  0100               	movlb	0	; () banked
  5845   000168  6F71               	movwf	printf@fmt& (0+255),b
  5846   00016A  0E7B               	movlw	high (STR_69+46)
  5847   00016C  6F72               	movwf	(printf@fmt+1)& (0+255),b
  5848   00016E  EC86  F00F         	call	_printf	;wreg free
  5849                           
  5850                           ;main.c: 93:                     printf("-----------------------------------------------
      +                          --\r\n");
  5851   000172  0E31               	movlw	low (STR_4+2)
  5852   000174  0100               	movlb	0	; () banked
  5853   000176  6F71               	movwf	printf@fmt& (0+255),b
  5854   000178  0E7B               	movlw	high (STR_4+2)
  5855   00017A  6F72               	movwf	(printf@fmt+1)& (0+255),b
  5856   00017C  EC86  F00F         	call	_printf	;wreg free
  5857                           
  5858                           ;main.c: 94:                     printf("?: help menu\r\n");
  5859   000180  0EA6               	movlw	low STR_11
  5860   000182  0100               	movlb	0	; () banked
  5861   000184  6F71               	movwf	printf@fmt& (0+255),b
  5862   000186  0E7F               	movlw	high STR_11
  5863   000188  6F72               	movwf	(printf@fmt+1)& (0+255),b
  5864   00018A  EC86  F00F         	call	_printf	;wreg free
  5865                           
  5866                           ;main.c: 95:                     printf("o: k\r\n");
  5867   00018E  0EDF               	movlw	low STR_12
  5868   000190  0100               	movlb	0	; () banked
  5869   000192  6F71               	movwf	printf@fmt& (0+255),b
  5870   000194  0E7F               	movlw	high STR_12
  5871   000196  6F72               	movwf	(printf@fmt+1)& (0+255),b
  5872   000198  EC86  F00F         	call	_printf	;wreg free
  5873                           
  5874                           ;main.c: 96:                     printf("Z: Reset processor\r\n");
  5875   00019C  0ECD               	movlw	low STR_13
  5876   00019E  0100               	movlb	0	; () banked
  5877   0001A0  6F71               	movwf	printf@fmt& (0+255),b
  5878   0001A2  0E7E               	movlw	high STR_13
  5879   0001A4  6F72               	movwf	(printf@fmt+1)& (0+255),b
  5880   0001A6  EC86  F00F         	call	_printf	;wreg free
  5881                           
  5882                           ;main.c: 97:                     printf("z: Clear the terminal\r\n");
  5883   0001AA  0E9E               	movlw	low STR_14
  5884   0001AC  0100               	movlb	0	; () banked
  5885   0001AE  6F71               	movwf	printf@fmt& (0+255),b
  5886   0001B0  0E7E               	movlw	high STR_14
  5887   0001B2  6F72               	movwf	(printf@fmt+1)& (0+255),b
  5888   0001B4  EC86  F00F         	call	_printf	;wreg free
  5889                           
  5890                           ;main.c: 98:                     printf("-----------------------------------------------
      +                          --\r\n");
  5891   0001B8  0E31               	movlw	low (STR_4+2)
  5892   0001BA  0100               	movlb	0	; () banked
  5893   0001BC  6F71               	movwf	printf@fmt& (0+255),b
  5894   0001BE  0E7B               	movlw	high (STR_4+2)
  5895   0001C0  6F72               	movwf	(printf@fmt+1)& (0+255),b
  5896   0001C2  EC86  F00F         	call	_printf	;wreg free
  5897                           
  5898                           ;main.c: 99:                     printf("i: Initialize SD card\r\n");
  5899   0001C6  0E86               	movlw	low STR_16
  5900   0001C8  0100               	movlb	0	; () banked
  5901   0001CA  6F71               	movwf	printf@fmt& (0+255),b
  5902   0001CC  0E7E               	movlw	high STR_16
  5903   0001CE  6F72               	movwf	(printf@fmt+1)& (0+255),b
  5904   0001D0  EC86  F00F         	call	_printf	;wreg free
  5905                           
  5906                           ;main.c: 100:                     printf("----------------------------------------------
      +                          ---\r\n");
  5907   0001D4  0E31               	movlw	low (STR_4+2)
  5908   0001D6  0100               	movlb	0	; () banked
  5909   0001D8  6F71               	movwf	printf@fmt& (0+255),b
  5910   0001DA  0E7B               	movlw	high (STR_4+2)
  5911   0001DC  6F72               	movwf	(printf@fmt+1)& (0+255),b
  5912   0001DE  EC86  F00F         	call	_printf	;wreg free
  5913                           
  5914                           ;main.c: 101:                     printf("a/A decrease/increase read address\r\n");
  5915   0001E2  0E21               	movlw	low STR_18
  5916   0001E4  0100               	movlb	0	; () banked
  5917   0001E6  6F71               	movwf	printf@fmt& (0+255),b
  5918   0001E8  0E7D               	movlw	high STR_18
  5919   0001EA  6F72               	movwf	(printf@fmt+1)& (0+255),b
  5920   0001EC  EC86  F00F         	call	_printf	;wreg free
  5921                           
  5922                           ;main.c: 102:                     printf("r: read a block of %d bytes from SD card\r\n",
      +                           512);
  5923   0001F0  0E81               	movlw	low STR_19
  5924   0001F2  0100               	movlb	0	; () banked
  5925   0001F4  6F71               	movwf	printf@fmt& (0+255),b
  5926   0001F6  0E7C               	movlw	high STR_19
  5927   0001F8  6F72               	movwf	(printf@fmt+1)& (0+255),b
  5928   0001FA  0E02               	movlw	2
  5929   0001FC  6F74               	movwf	(?_printf+3)& (0+255),b
  5930   0001FE  0E00               	movlw	0
  5931   000200  6F73               	movwf	(?_printf+2)& (0+255),b
  5932   000202  EC86  F00F         	call	_printf	;wreg free
  5933                           
  5934                           ;main.c: 103:                     printf("1: write perfect 26 value sine wave to 128 blo
      +                          cks\r\n");
  5935   000206  0E65               	movlw	low STR_20
  5936   000208  0100               	movlb	0	; () banked
  5937   00020A  6F71               	movwf	printf@fmt& (0+255),b
  5938   00020C  0E7B               	movlw	high STR_20
  5939   00020E  6F72               	movwf	(printf@fmt+1)& (0+255),b
  5940   000210  EC86  F00F         	call	_printf	;wreg free
  5941                           
  5942                           ;main.c: 104:                     printf("----------------------------------------------
      +                          ---\r\n");
  5943   000214  0E31               	movlw	low (STR_4+2)
  5944   000216  0100               	movlb	0	; () banked
  5945   000218  6F71               	movwf	printf@fmt& (0+255),b
  5946   00021A  0E7B               	movlw	high (STR_4+2)
  5947   00021C  6F72               	movwf	(printf@fmt+1)& (0+255),b
  5948   00021E  EC86  F00F         	call	_printf	;wreg free
  5949                           
  5950                           ;main.c: 105:                     printf("+/-: Increase/Decrease the sample rate by 10 u
      +                          s\r\n");
  5951   000222  0E99               	movlw	low STR_22
  5952   000224  0100               	movlb	0	; () banked
  5953   000226  6F71               	movwf	printf@fmt& (0+255),b
  5954   000228  0E7B               	movlw	high STR_22
  5955   00022A  6F72               	movwf	(printf@fmt+1)& (0+255),b
  5956   00022C  EC86  F00F         	call	_printf	;wreg free
  5957                           
  5958                           ;main.c: 106:                     printf("W: Write microphone => SD card at 1600 us\r\n"
      +                          );
  5959   000230  0E2A               	movlw	low STR_23
  5960   000232  0100               	movlb	0	; () banked
  5961   000234  6F71               	movwf	printf@fmt& (0+255),b
  5962   000236  0E7C               	movlw	high STR_23
  5963   000238  6F72               	movwf	(printf@fmt+1)& (0+255),b
  5964   00023A  EC86  F00F         	call	_printf	;wreg free
  5965                           
  5966                           ;main.c: 107:                     printf("s: spool memory to a csv file\r\n");
  5967   00023E  0E46               	movlw	low STR_24
  5968   000240  0100               	movlb	0	; () banked
  5969   000242  6F71               	movwf	printf@fmt& (0+255),b
  5970   000244  0E7D               	movlw	high STR_24
  5971   000246  6F72               	movwf	(printf@fmt+1)& (0+255),b
  5972   000248  EC86  F00F         	call	_printf	;wreg free
  5973                           
  5974                           ;main.c: 108:                     printf("----------------------------------------------
      +                          ---\r\n");
  5975   00024C  0E31               	movlw	low (STR_4+2)
  5976   00024E  0100               	movlb	0	; () banked
  5977   000250  6F71               	movwf	printf@fmt& (0+255),b
  5978   000252  0E7B               	movlw	high (STR_4+2)
  5979   000254  6F72               	movwf	(printf@fmt+1)& (0+255),b
  5980   000256  EC86  F00F         	call	_printf	;wreg free
  5981                           
  5982                           ;main.c: 109:                     break;
  5983   00025A  EF6E  F000         	goto	l4967
  5984   00025E                     l4973:
  5985                           
  5986                           ; BSR set to: 0
  5987                           ;main.c: 115:                     printf("o:	ok\r\n");
  5988   00025E  0ED7               	movlw	low STR_26
  5989   000260  6F71               	movwf	printf@fmt& (0+255),b
  5990   000262  0E7F               	movlw	high STR_26
  5991   000264  6F72               	movwf	(printf@fmt+1)& (0+255),b
  5992   000266  EC86  F00F         	call	_printf	;wreg free
  5993                           
  5994                           ;main.c: 116:                     break;
  5995   00026A  EF6E  F000         	goto	l4967
  5996   00026E                     l4975:
  5997                           
  5998                           ; BSR set to: 0
  5999                           ;main.c: 122:                     for (i = 0; i < 40; i++) printf("\n");
  6000   00026E  6B91               	clrf	(main@i+1)& (0+255),b
  6001   000270  0E00               	movlw	0
  6002   000272  6F90               	movwf	main@i& (0+255),b
  6003   000274                     l4981:
  6004                           
  6005                           ; BSR set to: 0
  6006   000274  0EF8               	movlw	low (STR_79+2)
  6007   000276  6F71               	movwf	printf@fmt& (0+255),b
  6008   000278  0E7F               	movlw	high (STR_79+2)
  6009   00027A  6F72               	movwf	(printf@fmt+1)& (0+255),b
  6010   00027C  EC86  F00F         	call	_printf	;wreg free
  6011   000280  0100               	movlb	0	; () banked
  6012   000282  4B90               	infsnz	main@i& (0+255),f,b
  6013   000284  2B91               	incf	(main@i+1)& (0+255),f,b
  6014   000286                     
  6015                           ; BSR set to: 0
  6016   000286  5191               	movf	(main@i+1)& (0+255),w,b
  6017   000288  E109               	bnz	u3920
  6018   00028A  0E28               	movlw	40
  6019   00028C  5D90               	subwf	main@i& (0+255),w,b
  6020   00028E  A0D8               	btfss	status,0,c
  6021   000290  EF4C  F001         	goto	u3921
  6022   000294  EF4E  F001         	goto	u3920
  6023   000298                     u3921:
  6024   000298  EF3A  F001         	goto	l4981
  6025   00029C                     u3920:
  6026   00029C                     
  6027                           ; BSR set to: 0
  6028   00029C  00FF               	reset		;# 
  6029                           
  6030                           ;main.c: 124:                     break;
  6031   00029E  EF6E  F000         	goto	l4967
  6032   0002A2                     l4987:
  6033                           
  6034                           ; BSR set to: 0
  6035                           ;main.c: 130:                     for (i = 0; i < 40; i++) printf("\n");
  6036   0002A2  6B91               	clrf	(main@i+1)& (0+255),b
  6037   0002A4  0E00               	movlw	0
  6038   0002A6  6F90               	movwf	main@i& (0+255),b
  6039   0002A8                     l4993:
  6040                           
  6041                           ; BSR set to: 0
  6042   0002A8  0EF8               	movlw	low (STR_79+2)
  6043   0002AA  6F71               	movwf	printf@fmt& (0+255),b
  6044   0002AC  0E7F               	movlw	high (STR_79+2)
  6045   0002AE  6F72               	movwf	(printf@fmt+1)& (0+255),b
  6046   0002B0  EC86  F00F         	call	_printf	;wreg free
  6047   0002B4  0100               	movlb	0	; () banked
  6048   0002B6  4B90               	infsnz	main@i& (0+255),f,b
  6049   0002B8  2B91               	incf	(main@i+1)& (0+255),f,b
  6050   0002BA                     
  6051                           ; BSR set to: 0
  6052   0002BA  5191               	movf	(main@i+1)& (0+255),w,b
  6053   0002BC  E109               	bnz	u3930
  6054   0002BE  0E28               	movlw	40
  6055   0002C0  5D90               	subwf	main@i& (0+255),w,b
  6056   0002C2  A0D8               	btfss	status,0,c
  6057   0002C4  EF66  F001         	goto	u3931
  6058   0002C8  EF68  F001         	goto	u3930
  6059   0002CC                     u3931:
  6060   0002CC  EF54  F001         	goto	l4993
  6061   0002D0                     u3930:
  6062   0002D0  EF6E  F000         	goto	l4967
  6063   0002D4                     l4999:
  6064                           
  6065                           ; BSR set to: 0
  6066                           ;main.c: 138:                     SPI2_Close();
  6067   0002D4  EC2F  F010         	call	_SPI2_Close	;wreg free
  6068   0002D8                     
  6069                           ;main.c: 139:                     SPI2_Open(CLASSIC_FWPORT);
  6070   0002D8  0E01               	movlw	1
  6071   0002DA  6E13               	movwf	SPI2_Open@spiConfigIndex^0,c
  6072   0002DC  EC1C  F00D         	call	_SPI2_Open	;wreg free
  6073   0002E0                     
  6074                           ;main.c: 140:                     SDCARD_Initialize(1);
  6075   0002E0  0E01               	movlw	1
  6076   0002E2  EC7E  F007         	call	_SDCARD_Initialize
  6077                           
  6078                           ;main.c: 141:                     break;
  6079   0002E6  EF6E  F000         	goto	l4967
  6080   0002EA                     l5005:
  6081                           
  6082                           ; BSR set to: 0
  6083                           ;main.c: 148:                     if (cmd == 'a') {
  6084   0002EA  0E61               	movlw	97
  6085   0002EC  198F               	xorwf	main@cmd& (0+255),w,b
  6086   0002EE  A4D8               	btfss	status,2,c
  6087   0002F0  EF7C  F001         	goto	u3941
  6088   0002F4  EF7E  F001         	goto	u3940
  6089   0002F8                     u3941:
  6090   0002F8  EFA8  F001         	goto	l5015
  6091   0002FC                     u3940:
  6092   0002FC                     
  6093                           ; BSR set to: 0
  6094                           ;main.c: 149:                         sdCardAddress -= 512;
  6095   0002FC  0E00               	movlw	0
  6096   0002FE  5F92               	subwf	main@sdCardAddress& (0+255),f,b
  6097   000300  0E02               	movlw	2
  6098   000302  5B93               	subwfb	(main@sdCardAddress+1)& (0+255),f,b
  6099   000304  0E00               	movlw	0
  6100   000306  5B94               	subwfb	(main@sdCardAddress+2)& (0+255),f,b
  6101   000308  0E00               	movlw	0
  6102   00030A  5B95               	subwfb	(main@sdCardAddress+3)& (0+255),f,b
  6103                           
  6104                           ;main.c: 150:                         if (sdCardAddress >= 0x04000000) {
  6105   00030C  0E04               	movlw	4
  6106   00030E  5D95               	subwf	(main@sdCardAddress+3)& (0+255),w,b
  6107   000310  A0D8               	btfss	status,0,c
  6108   000312  EF8D  F001         	goto	u3951
  6109   000316  EF8F  F001         	goto	u3950
  6110   00031A                     u3951:
  6111   00031A  EFA0  F001         	goto	l5013
  6112   00031E                     u3950:
  6113   00031E                     
  6114                           ; BSR set to: 0
  6115                           ;main.c: 151:                             printf("Underflowed to high address\r\n");
  6116   00031E  0EC5               	movlw	low STR_29
  6117   000320  6F71               	movwf	printf@fmt& (0+255),b
  6118   000322  0E7D               	movlw	high STR_29
  6119   000324  6F72               	movwf	(printf@fmt+1)& (0+255),b
  6120   000326  EC86  F00F         	call	_printf	;wreg free
  6121   00032A                     
  6122                           ;main.c: 152:                             sdCardAddress = 0x04000000 - 512;
  6123   00032A  0E00               	movlw	0
  6124   00032C  0100               	movlb	0	; () banked
  6125   00032E  6F92               	movwf	main@sdCardAddress& (0+255),b
  6126   000330  0EFE               	movlw	254
  6127   000332  6F93               	movwf	(main@sdCardAddress+1)& (0+255),b
  6128   000334  0EFF               	movlw	255
  6129   000336  6F94               	movwf	(main@sdCardAddress+2)& (0+255),b
  6130   000338  0E03               	movlw	3
  6131   00033A  6F95               	movwf	(main@sdCardAddress+3)& (0+255),b
  6132                           
  6133                           ;main.c: 153:                         } else {
  6134   00033C  EFD0  F001         	goto	l708
  6135   000340                     l5013:
  6136                           
  6137                           ; BSR set to: 0
  6138                           ;main.c: 154:                             printf("Decreased address\r\n");
  6139   000340  0EE2               	movlw	low STR_30
  6140   000342  6F71               	movwf	printf@fmt& (0+255),b
  6141   000344  0E7E               	movlw	high STR_30
  6142   000346  6F72               	movwf	(printf@fmt+1)& (0+255),b
  6143   000348  EC86  F00F         	call	_printf	;wreg free
  6144   00034C  EFD0  F001         	goto	l708
  6145   000350                     l5015:
  6146                           
  6147                           ; BSR set to: 0
  6148                           ;main.c: 157:                         sdCardAddress += 512;
  6149   000350  0E00               	movlw	0
  6150   000352  2792               	addwf	main@sdCardAddress& (0+255),f,b
  6151   000354  0E02               	movlw	2
  6152   000356  2393               	addwfc	(main@sdCardAddress+1)& (0+255),f,b
  6153   000358  0E00               	movlw	0
  6154   00035A  2394               	addwfc	(main@sdCardAddress+2)& (0+255),f,b
  6155   00035C  0E00               	movlw	0
  6156   00035E  2395               	addwfc	(main@sdCardAddress+3)& (0+255),f,b
  6157                           
  6158                           ;main.c: 158:                         if (sdCardAddress >= 0x04000000) {
  6159   000360  0E04               	movlw	4
  6160   000362  5D95               	subwf	(main@sdCardAddress+3)& (0+255),w,b
  6161   000364  A0D8               	btfss	status,0,c
  6162   000366  EFB7  F001         	goto	u3961
  6163   00036A  EFB9  F001         	goto	u3960
  6164   00036E                     u3961:
  6165   00036E  EFCA  F001         	goto	l5021
  6166   000372                     u3960:
  6167   000372                     
  6168                           ; BSR set to: 0
  6169                           ;main.c: 159:                             printf("Overflowed to low address\r\n");
  6170   000372  0E1C               	movlw	low STR_31
  6171   000374  6F71               	movwf	printf@fmt& (0+255),b
  6172   000376  0E7E               	movlw	high STR_31
  6173   000378  6F72               	movwf	(printf@fmt+1)& (0+255),b
  6174   00037A  EC86  F00F         	call	_printf	;wreg free
  6175   00037E                     
  6176                           ;main.c: 160:                             sdCardAddress = 0x00000000;
  6177   00037E  0E00               	movlw	0
  6178   000380  0100               	movlb	0	; () banked
  6179   000382  6F92               	movwf	main@sdCardAddress& (0+255),b
  6180   000384  0E00               	movlw	0
  6181   000386  6F93               	movwf	(main@sdCardAddress+1)& (0+255),b
  6182   000388  0E00               	movlw	0
  6183   00038A  6F94               	movwf	(main@sdCardAddress+2)& (0+255),b
  6184   00038C  0E00               	movlw	0
  6185   00038E  6F95               	movwf	(main@sdCardAddress+3)& (0+255),b
  6186                           
  6187                           ;main.c: 161:                         } else {
  6188   000390  EFD0  F001         	goto	l708
  6189   000394                     l5021:
  6190                           
  6191                           ; BSR set to: 0
  6192                           ;main.c: 162:                             printf("Increased address\r\n");
  6193   000394  0EF6               	movlw	low STR_32
  6194   000396  6F71               	movwf	printf@fmt& (0+255),b
  6195   000398  0E7E               	movlw	high STR_32
  6196   00039A  6F72               	movwf	(printf@fmt+1)& (0+255),b
  6197   00039C  EC86  F00F         	call	_printf	;wreg free
  6198   0003A0                     l708:
  6199                           
  6200                           ;main.c: 167:                     printf("SD card address:  ");
  6201   0003A0  0E0A               	movlw	low STR_5
  6202   0003A2  0100               	movlb	0	; () banked
  6203   0003A4  6F71               	movwf	printf@fmt& (0+255),b
  6204   0003A6  0E7F               	movlw	high STR_5
  6205   0003A8  6F72               	movwf	(printf@fmt+1)& (0+255),b
  6206   0003AA  EC86  F00F         	call	_printf	;wreg free
  6207                           
  6208                           ;main.c: 168:                     printf("%04x", sdCardAddress >> 16);
  6209   0003AE  0EF1               	movlw	low STR_6
  6210   0003B0  0100               	movlb	0	; () banked
  6211   0003B2  6F71               	movwf	printf@fmt& (0+255),b
  6212   0003B4  0E7F               	movlw	high STR_6
  6213   0003B6  6F72               	movwf	(printf@fmt+1)& (0+255),b
  6214   0003B8  C094  F073         	movff	main@sdCardAddress+2,?_printf+2
  6215   0003BC  C095  F074         	movff	main@sdCardAddress+3,?_printf+3
  6216   0003C0  6B75               	clrf	(?_printf+4)& (0+255),b
  6217   0003C2  6B76               	clrf	(?_printf+5)& (0+255),b
  6218   0003C4  EC86  F00F         	call	_printf	;wreg free
  6219                           
  6220                           ;main.c: 169:                     printf(":");
  6221   0003C8  0EFD               	movlw	low STR_7
  6222   0003CA  0100               	movlb	0	; () banked
  6223   0003CC  6F71               	movwf	printf@fmt& (0+255),b
  6224   0003CE  0E7F               	movlw	high STR_7
  6225   0003D0  6F72               	movwf	(printf@fmt+1)& (0+255),b
  6226   0003D2  EC86  F00F         	call	_printf	;wreg free
  6227                           
  6228                           ;main.c: 170:                     printf("%04x", sdCardAddress & 0X0000FFFF);
  6229   0003D6  0EF1               	movlw	low STR_6
  6230   0003D8  0100               	movlb	0	; () banked
  6231   0003DA  6F71               	movwf	printf@fmt& (0+255),b
  6232   0003DC  0E7F               	movlw	high STR_6
  6233   0003DE  6F72               	movwf	(printf@fmt+1)& (0+255),b
  6234   0003E0  0EFF               	movlw	255
  6235   0003E2  1592               	andwf	main@sdCardAddress& (0+255),w,b
  6236   0003E4  6F73               	movwf	(?_printf+2)& (0+255),b
  6237   0003E6  0EFF               	movlw	255
  6238   0003E8  1593               	andwf	(main@sdCardAddress+1)& (0+255),w,b
  6239   0003EA  6F74               	movwf	(?_printf+3)& (0+255),b
  6240   0003EC  0E00               	movlw	0
  6241   0003EE  1594               	andwf	(main@sdCardAddress+2)& (0+255),w,b
  6242   0003F0  6F75               	movwf	(?_printf+4)& (0+255),b
  6243   0003F2  0E00               	movlw	0
  6244   0003F4  1595               	andwf	(main@sdCardAddress+3)& (0+255),w,b
  6245   0003F6  6F76               	movwf	(?_printf+5)& (0+255),b
  6246   0003F8  EC86  F00F         	call	_printf	;wreg free
  6247                           
  6248                           ;main.c: 171:                     printf("\r\n");
  6249   0003FC  0EF9               	movlw	low (STR_69+46)
  6250   0003FE  0100               	movlb	0	; () banked
  6251   000400  6F71               	movwf	printf@fmt& (0+255),b
  6252   000402  0E7B               	movlw	high (STR_69+46)
  6253   000404  6F72               	movwf	(printf@fmt+1)& (0+255),b
  6254   000406  EC86  F00F         	call	_printf	;wreg free
  6255                           
  6256                           ;main.c: 172:                     break;
  6257   00040A  EF6E  F000         	goto	l4967
  6258   00040E                     l5023:
  6259                           
  6260                           ; BSR set to: 0
  6261                           ;main.c: 179:                     printf("SD Card address has been reset");
  6262   00040E  0EA6               	movlw	low STR_38
  6263   000410  6F71               	movwf	printf@fmt& (0+255),b
  6264   000412  0E7D               	movlw	high STR_38
  6265   000414  6F72               	movwf	(printf@fmt+1)& (0+255),b
  6266   000416  EC86  F00F         	call	_printf	;wreg free
  6267   00041A                     
  6268                           ;main.c: 180:                     sdCardAddress = 0;
  6269   00041A  0E00               	movlw	0
  6270   00041C  0100               	movlb	0	; () banked
  6271   00041E  6F92               	movwf	main@sdCardAddress& (0+255),b
  6272   000420  0E00               	movlw	0
  6273   000422  6F93               	movwf	(main@sdCardAddress+1)& (0+255),b
  6274   000424  0E00               	movlw	0
  6275   000426  6F94               	movwf	(main@sdCardAddress+2)& (0+255),b
  6276   000428  0E00               	movlw	0
  6277   00042A  6F95               	movwf	(main@sdCardAddress+3)& (0+255),b
  6278                           
  6279                           ;main.c: 181:                     break;
  6280   00042C  EF6E  F000         	goto	l4967
  6281   000430                     l5027:
  6282                           
  6283                           ; BSR set to: 0
  6284                           ;main.c: 183:                     printf("Probe RC4 to determine write period\r\n");
  6285   000430  0ED5               	movlw	low STR_39
  6286   000432  6F71               	movwf	printf@fmt& (0+255),b
  6287   000434  0E7C               	movlw	high STR_39
  6288   000436  6F72               	movwf	(printf@fmt+1)& (0+255),b
  6289   000438  EC86  F00F         	call	_printf	;wreg free
  6290   00043C                     
  6291                           ;main.c: 184:                     for (i = 0; i < 512; i++) blueBuffer[i] = 255 - i;
  6292   00043C  0100               	movlb	0	; () banked
  6293   00043E  6B91               	clrf	(main@i+1)& (0+255),b
  6294   000440  0E00               	movlw	0
  6295   000442  6F90               	movwf	main@i& (0+255),b
  6296   000444                     l5035:
  6297                           
  6298                           ; BSR set to: 0
  6299   000444  0EC7               	movlw	low _blueBuffer
  6300   000446  2590               	addwf	main@i& (0+255),w,b
  6301   000448  6ED9               	movwf	fsr2l,c
  6302   00044A  0E02               	movlw	high _blueBuffer
  6303   00044C  2191               	addwfc	(main@i+1)& (0+255),w,b
  6304   00044E  6EDA               	movwf	fsr2h,c
  6305   000450  5190               	movf	main@i& (0+255),w,b
  6306   000452  0AFF               	xorlw	255
  6307   000454  6EDF               	movwf	indf2,c
  6308   000456                     
  6309                           ; BSR set to: 0
  6310   000456  4B90               	infsnz	main@i& (0+255),f,b
  6311   000458  2B91               	incf	(main@i+1)& (0+255),f,b
  6312   00045A                     
  6313                           ; BSR set to: 0
  6314   00045A  0E02               	movlw	2
  6315   00045C  5D91               	subwf	(main@i+1)& (0+255),w,b
  6316   00045E  A0D8               	btfss	status,0,c
  6317   000460  EF34  F002         	goto	u3971
  6318   000464  EF36  F002         	goto	u3970
  6319   000468                     u3971:
  6320   000468  EF22  F002         	goto	l5035
  6321   00046C                     u3970:
  6322   00046C                     
  6323                           ; BSR set to: 0
  6324   00046C  888B               	bsf	139,4,c	;volatile
  6325   00046E                     
  6326                           ; BSR set to: 0
  6327                           ;main.c: 187:                     SDCARD_WriteBlock(sdCardAddress, blueBuffer);
  6328   00046E  C092  F014         	movff	main@sdCardAddress,SDCARD_WriteBlock@addr
  6329   000472  C093  F015         	movff	main@sdCardAddress+1,SDCARD_WriteBlock@addr+1
  6330   000476  C094  F016         	movff	main@sdCardAddress+2,SDCARD_WriteBlock@addr+2
  6331   00047A  C095  F017         	movff	main@sdCardAddress+3,SDCARD_WriteBlock@addr+3
  6332   00047E  0EC7               	movlw	low _blueBuffer
  6333   000480  6E18               	movwf	SDCARD_WriteBlock@sdCardBuffer^0,c
  6334   000482  0E02               	movlw	high _blueBuffer
  6335   000484  6E19               	movwf	(SDCARD_WriteBlock@sdCardBuffer+1)^0,c
  6336   000486  EC81  F00C         	call	_SDCARD_WriteBlock	;wreg free
  6337   00048A                     l5043:
  6338   00048A  EC79  F00E         	call	_SDCARD_PollWriteComplete	;wreg free
  6339   00048E  0100               	movlb	0	; () banked
  6340   000490  6F86               	movwf	main@status& (0+255),b
  6341   000492  2986               	incf	main@status& (0+255),w,b
  6342   000494  B4D8               	btfsc	status,2,c
  6343   000496  EF4F  F002         	goto	u3981
  6344   00049A  EF51  F002         	goto	u3980
  6345   00049E                     u3981:
  6346   00049E  EF45  F002         	goto	l5043
  6347   0004A2                     u3980:
  6348   0004A2                     
  6349                           ; BSR set to: 0
  6350   0004A2  988B               	bcf	139,4,c	;volatile
  6351   0004A4                     
  6352                           ; BSR set to: 0
  6353                           ;main.c: 191:                     printf("Write block of decremented 8-bit values:\r\n")
      +                          ;
  6354   0004A4  0E56               	movlw	low STR_40
  6355   0004A6  6F71               	movwf	printf@fmt& (0+255),b
  6356   0004A8  0E7C               	movlw	high STR_40
  6357   0004AA  6F72               	movwf	(printf@fmt+1)& (0+255),b
  6358   0004AC  EC86  F00F         	call	_printf	;wreg free
  6359                           
  6360                           ;main.c: 192:                     printf("    Address:    ");
  6361   0004B0  0E65               	movlw	low STR_41
  6362   0004B2  0100               	movlb	0	; () banked
  6363   0004B4  6F71               	movwf	printf@fmt& (0+255),b
  6364   0004B6  0E7F               	movlw	high STR_41
  6365   0004B8  6F72               	movwf	(printf@fmt+1)& (0+255),b
  6366   0004BA  EC86  F00F         	call	_printf	;wreg free
  6367                           
  6368                           ;main.c: 193:                     printf("%04x", sdCardAddress >> 16);
  6369   0004BE  0EF1               	movlw	low STR_6
  6370   0004C0  0100               	movlb	0	; () banked
  6371   0004C2  6F71               	movwf	printf@fmt& (0+255),b
  6372   0004C4  0E7F               	movlw	high STR_6
  6373   0004C6  6F72               	movwf	(printf@fmt+1)& (0+255),b
  6374   0004C8  C094  F073         	movff	main@sdCardAddress+2,?_printf+2
  6375   0004CC  C095  F074         	movff	main@sdCardAddress+3,?_printf+3
  6376   0004D0  6B75               	clrf	(?_printf+4)& (0+255),b
  6377   0004D2  6B76               	clrf	(?_printf+5)& (0+255),b
  6378   0004D4  EC86  F00F         	call	_printf	;wreg free
  6379                           
  6380                           ;main.c: 194:                     printf(":");
  6381   0004D8  0EFD               	movlw	low STR_7
  6382   0004DA  0100               	movlb	0	; () banked
  6383   0004DC  6F71               	movwf	printf@fmt& (0+255),b
  6384   0004DE  0E7F               	movlw	high STR_7
  6385   0004E0  6F72               	movwf	(printf@fmt+1)& (0+255),b
  6386   0004E2  EC86  F00F         	call	_printf	;wreg free
  6387                           
  6388                           ;main.c: 195:                     printf("%04x", sdCardAddress & 0X0000FFFF);
  6389   0004E6  0EF1               	movlw	low STR_6
  6390   0004E8  0100               	movlb	0	; () banked
  6391   0004EA  6F71               	movwf	printf@fmt& (0+255),b
  6392   0004EC  0E7F               	movlw	high STR_6
  6393   0004EE  6F72               	movwf	(printf@fmt+1)& (0+255),b
  6394   0004F0  0EFF               	movlw	255
  6395   0004F2  1592               	andwf	main@sdCardAddress& (0+255),w,b
  6396   0004F4  6F73               	movwf	(?_printf+2)& (0+255),b
  6397   0004F6  0EFF               	movlw	255
  6398   0004F8  1593               	andwf	(main@sdCardAddress+1)& (0+255),w,b
  6399   0004FA  6F74               	movwf	(?_printf+3)& (0+255),b
  6400   0004FC  0E00               	movlw	0
  6401   0004FE  1594               	andwf	(main@sdCardAddress+2)& (0+255),w,b
  6402   000500  6F75               	movwf	(?_printf+4)& (0+255),b
  6403   000502  0E00               	movlw	0
  6404   000504  1595               	andwf	(main@sdCardAddress+3)& (0+255),w,b
  6405   000506  6F76               	movwf	(?_printf+5)& (0+255),b
  6406   000508  EC86  F00F         	call	_printf	;wreg free
  6407                           
  6408                           ;main.c: 196:                     printf("\r\n");
  6409   00050C  0EF9               	movlw	low (STR_69+46)
  6410   00050E  0100               	movlb	0	; () banked
  6411   000510  6F71               	movwf	printf@fmt& (0+255),b
  6412   000512  0E7B               	movlw	high (STR_69+46)
  6413   000514  6F72               	movwf	(printf@fmt+1)& (0+255),b
  6414   000516  EC86  F00F         	call	_printf	;wreg free
  6415                           
  6416                           ;main.c: 197:                     printf("    Status:     %02x\r\n", status);
  6417   00051A  0EB6               	movlw	low STR_46
  6418   00051C  0100               	movlb	0	; () banked
  6419   00051E  6F71               	movwf	printf@fmt& (0+255),b
  6420   000520  0E7E               	movlw	high STR_46
  6421   000522  6F72               	movwf	(printf@fmt+1)& (0+255),b
  6422   000524  C086  F073         	movff	main@status,?_printf+2
  6423   000528  6B74               	clrf	(?_printf+3)& (0+255),b
  6424   00052A  EC86  F00F         	call	_printf	;wreg free
  6425                           
  6426                           ;main.c: 198:                     break;
  6427   00052E  EF6E  F000         	goto	l4967
  6428   000532                     l5047:
  6429                           
  6430                           ; BSR set to: 0
  6431                           ;main.c: 204:                     printf("Probe RC5 to determine write period\r\n");
  6432   000532  0EFB               	movlw	low STR_47
  6433   000534  6F71               	movwf	printf@fmt& (0+255),b
  6434   000536  0E7C               	movlw	high STR_47
  6435   000538  6F72               	movwf	(printf@fmt+1)& (0+255),b
  6436   00053A  EC86  F00F         	call	_printf	;wreg free
  6437   00053E  8A8B               	bsf	139,5,c	;volatile
  6438   000540                     
  6439                           ;main.c: 206:                     SDCARD_ReadBlock(sdCardAddress, blueBuffer);
  6440   000540  C092  F014         	movff	main@sdCardAddress,SDCARD_ReadBlock@addr
  6441   000544  C093  F015         	movff	main@sdCardAddress+1,SDCARD_ReadBlock@addr+1
  6442   000548  C094  F016         	movff	main@sdCardAddress+2,SDCARD_ReadBlock@addr+2
  6443   00054C  C095  F017         	movff	main@sdCardAddress+3,SDCARD_ReadBlock@addr+3
  6444   000550  0EC7               	movlw	low _blueBuffer
  6445   000552  6E18               	movwf	SDCARD_ReadBlock@sdCardBuffer^0,c
  6446   000554  0E02               	movlw	high _blueBuffer
  6447   000556  6E19               	movwf	(SDCARD_ReadBlock@sdCardBuffer+1)^0,c
  6448   000558  EC7D  F00B         	call	_SDCARD_ReadBlock	;wreg free
  6449   00055C  9A8B               	bcf	139,5,c	;volatile
  6450   00055E                     
  6451                           ;main.c: 208:                     printf("Read block: \r\n");
  6452   00055E  0E97               	movlw	low STR_48
  6453   000560  0100               	movlb	0	; () banked
  6454   000562  6F71               	movwf	printf@fmt& (0+255),b
  6455   000564  0E7F               	movlw	high STR_48
  6456   000566  6F72               	movwf	(printf@fmt+1)& (0+255),b
  6457   000568  EC86  F00F         	call	_printf	;wreg free
  6458   00056C                     
  6459                           ;main.c: 209:                     printf("    Address:    ");
  6460   00056C  0E65               	movlw	low STR_41
  6461   00056E  0100               	movlb	0	; () banked
  6462   000570  6F71               	movwf	printf@fmt& (0+255),b
  6463   000572  0E7F               	movlw	high STR_41
  6464   000574  6F72               	movwf	(printf@fmt+1)& (0+255),b
  6465   000576  EC86  F00F         	call	_printf	;wreg free
  6466   00057A                     
  6467                           ;main.c: 210:                     printf("%04x", sdCardAddress >> 16);
  6468   00057A  0EF1               	movlw	low STR_6
  6469   00057C  0100               	movlb	0	; () banked
  6470   00057E  6F71               	movwf	printf@fmt& (0+255),b
  6471   000580  0E7F               	movlw	high STR_6
  6472   000582  6F72               	movwf	(printf@fmt+1)& (0+255),b
  6473   000584  C094  F073         	movff	main@sdCardAddress+2,?_printf+2
  6474   000588  C095  F074         	movff	main@sdCardAddress+3,?_printf+3
  6475   00058C  6B75               	clrf	(?_printf+4)& (0+255),b
  6476   00058E  6B76               	clrf	(?_printf+5)& (0+255),b
  6477   000590  EC86  F00F         	call	_printf	;wreg free
  6478   000594                     
  6479                           ;main.c: 211:                     printf(":");
  6480   000594  0EFD               	movlw	low STR_7
  6481   000596  0100               	movlb	0	; () banked
  6482   000598  6F71               	movwf	printf@fmt& (0+255),b
  6483   00059A  0E7F               	movlw	high STR_7
  6484   00059C  6F72               	movwf	(printf@fmt+1)& (0+255),b
  6485   00059E  EC86  F00F         	call	_printf	;wreg free
  6486   0005A2                     
  6487                           ;main.c: 212:                     printf("%04x", sdCardAddress & 0X0000FFFF);
  6488   0005A2  0EF1               	movlw	low STR_6
  6489   0005A4  0100               	movlb	0	; () banked
  6490   0005A6  6F71               	movwf	printf@fmt& (0+255),b
  6491   0005A8  0E7F               	movlw	high STR_6
  6492   0005AA  6F72               	movwf	(printf@fmt+1)& (0+255),b
  6493   0005AC  0EFF               	movlw	255
  6494   0005AE  1592               	andwf	main@sdCardAddress& (0+255),w,b
  6495   0005B0  6F73               	movwf	(?_printf+2)& (0+255),b
  6496   0005B2  0EFF               	movlw	255
  6497   0005B4  1593               	andwf	(main@sdCardAddress+1)& (0+255),w,b
  6498   0005B6  6F74               	movwf	(?_printf+3)& (0+255),b
  6499   0005B8  0E00               	movlw	0
  6500   0005BA  1594               	andwf	(main@sdCardAddress+2)& (0+255),w,b
  6501   0005BC  6F75               	movwf	(?_printf+4)& (0+255),b
  6502   0005BE  0E00               	movlw	0
  6503   0005C0  1595               	andwf	(main@sdCardAddress+3)& (0+255),w,b
  6504   0005C2  6F76               	movwf	(?_printf+5)& (0+255),b
  6505   0005C4  EC86  F00F         	call	_printf	;wreg free
  6506   0005C8                     
  6507                           ;main.c: 213:                     printf("\r\n");
  6508   0005C8  0EF9               	movlw	low (STR_69+46)
  6509   0005CA  0100               	movlb	0	; () banked
  6510   0005CC  6F71               	movwf	printf@fmt& (0+255),b
  6511   0005CE  0E7B               	movlw	high (STR_69+46)
  6512   0005D0  6F72               	movwf	(printf@fmt+1)& (0+255),b
  6513   0005D2  EC86  F00F         	call	_printf	;wreg free
  6514   0005D6                     
  6515                           ;main.c: 214:                     hexDumpBuffer(blueBuffer);
  6516   0005D6  0EC7               	movlw	low _blueBuffer
  6517   0005D8  0100               	movlb	0	; () banked
  6518   0005DA  6F77               	movwf	hexDumpBuffer@sdCardBuffer& (0+255),b
  6519   0005DC  0E02               	movlw	high _blueBuffer
  6520   0005DE  6F78               	movwf	(hexDumpBuffer@sdCardBuffer+1)& (0+255),b
  6521   0005E0  EC89  F006         	call	_hexDumpBuffer	;wreg free
  6522                           
  6523                           ;main.c: 215:                     break;
  6524   0005E4  EF6E  F000         	goto	l4967
  6525   0005E8                     l727:
  6526                           
  6527                           ; BSR set to: 0
  6528                           ;main.c: 218:                     uint8_t sineIdx = 0;
  6529   0005E8  6B8A               	clrf	main@sineIdx& (0+255),b
  6530   0005EA                     
  6531                           ; BSR set to: 0
  6532                           ;main.c: 219:                     uint16_t blockCount = 0;
  6533   0005EA  6B8E               	clrf	(main@blockCount_2091+1)& (0+255),b
  6534   0005EC  0E00               	movlw	0
  6535   0005EE  6F8D               	movwf	main@blockCount_2091& (0+255),b
  6536                           
  6537                           ;main.c: 220:                     for (blockCount = 0; blockCount < 1; blockCount++) {
  6538   0005F0  6B8E               	clrf	(main@blockCount_2091+1)& (0+255),b
  6539   0005F2  0E00               	movlw	0
  6540   0005F4  6F8D               	movwf	main@blockCount_2091& (0+255),b
  6541   0005F6                     l5071:
  6542                           
  6543                           ; BSR set to: 0
  6544   0005F6  518D               	movf	main@blockCount_2091& (0+255),w,b
  6545   0005F8  118E               	iorwf	(main@blockCount_2091+1)& (0+255),w,b
  6546   0005FA  B4D8               	btfsc	status,2,c
  6547   0005FC  EF02  F003         	goto	u3991
  6548   000600  EF04  F003         	goto	u3990
  6549   000604                     u3991:
  6550   000604  EF06  F003         	goto	l5075
  6551   000608                     u3990:
  6552   000608  EF7A  F003         	goto	l5105
  6553   00060C                     l5075:
  6554                           
  6555                           ; BSR set to: 0
  6556                           ;main.c: 222:                         for (uint16_t i = 0; i < 512; i++) {
  6557   00060C  6B8C               	clrf	(main@i_2092+1)& (0+255),b
  6558   00060E  0E00               	movlw	0
  6559   000610  6F8B               	movwf	main@i_2092& (0+255),b
  6560   000612                     l5077:
  6561                           
  6562                           ; BSR set to: 0
  6563   000612  0E02               	movlw	2
  6564   000614  5D8C               	subwf	(main@i_2092+1)& (0+255),w,b
  6565   000616  A0D8               	btfss	status,0,c
  6566   000618  EF10  F003         	goto	u4001
  6567   00061C  EF12  F003         	goto	u4000
  6568   000620                     u4001:
  6569   000620  EF14  F003         	goto	l5081
  6570   000624                     u4000:
  6571   000624  EF35  F003         	goto	l5089
  6572   000628                     l5081:
  6573                           
  6574                           ; BSR set to: 0
  6575                           ;main.c: 223:                             blueBuffer[i] = sin[sineIdx];
  6576   000628  0EB7               	movlw	low _sin
  6577   00062A  258A               	addwf	main@sineIdx& (0+255),w,b
  6578   00062C  6EF6               	movwf	tblptrl,c
  6579   00062E  6AF7               	clrf	tblptrh,c
  6580   000630  0E79               	movlw	high _sin
  6581   000632  22F7               	addwfc	tblptrh,f,c
  6582   000634                     	if	0	;There are less than 3 active tblptr bytes
  6583   000634                     	endif
  6584   000634  0EC7               	movlw	low _blueBuffer
  6585   000636  258B               	addwf	main@i_2092& (0+255),w,b
  6586   000638  6ED9               	movwf	fsr2l,c
  6587   00063A  0E02               	movlw	high _blueBuffer
  6588   00063C  218C               	addwfc	(main@i_2092+1)& (0+255),w,b
  6589   00063E  6EDA               	movwf	fsr2h,c
  6590   000640  0008               	tblrd		*
  6591   000642  CFF5 FFDF          	movff	tablat,indf2
  6592   000646                     
  6593                           ; BSR set to: 0
  6594                           ;main.c: 224:                             sineIdx = (sineIdx + 1) % 26;
  6595   000646  0E01               	movlw	1
  6596   000648  258A               	addwf	main@sineIdx& (0+255),w,b
  6597   00064A  6E13               	movwf	___awmod@dividend^0,c
  6598   00064C  6A14               	clrf	(___awmod@dividend+1)^0,c
  6599   00064E  0E00               	movlw	0
  6600   000650  2214               	addwfc	(___awmod@dividend+1)^0,f,c
  6601   000652  6A16               	clrf	(___awmod@divisor+1)^0,c
  6602   000654  0E1A               	movlw	26
  6603   000656  6E15               	movwf	___awmod@divisor^0,c
  6604   000658  ECD5  F00B         	call	___awmod	;wreg free
  6605   00065C  5013               	movf	?___awmod^0,w,c
  6606   00065E  0100               	movlb	0	; () banked
  6607   000660  6F8A               	movwf	main@sineIdx& (0+255),b
  6608   000662                     
  6609                           ; BSR set to: 0
  6610                           ;main.c: 225:                         }
  6611   000662  4B8B               	infsnz	main@i_2092& (0+255),f,b
  6612   000664  2B8C               	incf	(main@i_2092+1)& (0+255),f,b
  6613   000666  EF09  F003         	goto	l5077
  6614   00066A                     l5089:
  6615                           
  6616                           ; BSR set to: 0
  6617                           ;main.c: 227:                         SDCARD_WriteBlock(sdCardAddress, blueBuffer);
  6618   00066A  C092  F014         	movff	main@sdCardAddress,SDCARD_WriteBlock@addr
  6619   00066E  C093  F015         	movff	main@sdCardAddress+1,SDCARD_WriteBlock@addr+1
  6620   000672  C094  F016         	movff	main@sdCardAddress+2,SDCARD_WriteBlock@addr+2
  6621   000676  C095  F017         	movff	main@sdCardAddress+3,SDCARD_WriteBlock@addr+3
  6622   00067A  0EC7               	movlw	low _blueBuffer
  6623   00067C  6E18               	movwf	SDCARD_WriteBlock@sdCardBuffer^0,c
  6624   00067E  0E02               	movlw	high _blueBuffer
  6625   000680  6E19               	movwf	(SDCARD_WriteBlock@sdCardBuffer+1)^0,c
  6626   000682  EC81  F00C         	call	_SDCARD_WriteBlock	;wreg free
  6627   000686                     l5091:
  6628   000686  EC79  F00E         	call	_SDCARD_PollWriteComplete	;wreg free
  6629   00068A  0100               	movlb	0	; () banked
  6630   00068C  6F86               	movwf	main@status& (0+255),b
  6631   00068E  2986               	incf	main@status& (0+255),w,b
  6632   000690  B4D8               	btfsc	status,2,c
  6633   000692  EF4D  F003         	goto	u4011
  6634   000696  EF4F  F003         	goto	u4010
  6635   00069A                     u4011:
  6636   00069A  EF43  F003         	goto	l5091
  6637   00069E                     u4010:
  6638   00069E                     
  6639                           ; BSR set to: 0
  6640                           ;main.c: 231:                         TMR1_CounterSet(0x0000);
  6641   00069E  6A14               	clrf	(TMR1_CounterSet@timerVal+1)^0,c
  6642   0006A0  0E00               	movlw	0
  6643   0006A2  6E13               	movwf	TMR1_CounterSet@timerVal^0,c
  6644   0006A4  EC57  F00E         	call	_TMR1_CounterSet	;wreg free
  6645   0006A8                     
  6646                           ;main.c: 232:                         PIR1bits.TMR1IF = 0;
  6647   0006A8  909E               	bcf	158,0,c	;volatile
  6648   0006AA                     l735:
  6649   0006AA  A09E               	btfss	158,0,c	;volatile
  6650   0006AC  EF5A  F003         	goto	u4021
  6651   0006B0  EF5C  F003         	goto	u4020
  6652   0006B4                     u4021:
  6653   0006B4  EF55  F003         	goto	l735
  6654   0006B8                     u4020:
  6655   0006B8                     
  6656                           ;main.c: 236:                         sdCardAddress += 512;
  6657   0006B8  0E00               	movlw	0
  6658   0006BA  0100               	movlb	0	; () banked
  6659   0006BC  2792               	addwf	main@sdCardAddress& (0+255),f,b
  6660   0006BE  0E02               	movlw	2
  6661   0006C0  2393               	addwfc	(main@sdCardAddress+1)& (0+255),f,b
  6662   0006C2  0E00               	movlw	0
  6663   0006C4  2394               	addwfc	(main@sdCardAddress+2)& (0+255),f,b
  6664   0006C6  0E00               	movlw	0
  6665   0006C8  2395               	addwfc	(main@sdCardAddress+3)& (0+255),f,b
  6666                           
  6667                           ;main.c: 237:                         if (sdCardAddress >= 0x04000000) {
  6668   0006CA  0E04               	movlw	4
  6669   0006CC  5D95               	subwf	(main@sdCardAddress+3)& (0+255),w,b
  6670   0006CE  A0D8               	btfss	status,0,c
  6671   0006D0  EF6C  F003         	goto	u4031
  6672   0006D4  EF6E  F003         	goto	u4030
  6673   0006D8                     u4031:
  6674   0006D8  EF76  F003         	goto	l5101
  6675   0006DC                     u4030:
  6676   0006DC                     
  6677                           ; BSR set to: 0
  6678                           ;main.c: 238:                             sdCardAddress = 0x00000000;
  6679   0006DC  0E00               	movlw	0
  6680   0006DE  6F92               	movwf	main@sdCardAddress& (0+255),b
  6681   0006E0  0E00               	movlw	0
  6682   0006E2  6F93               	movwf	(main@sdCardAddress+1)& (0+255),b
  6683   0006E4  0E00               	movlw	0
  6684   0006E6  6F94               	movwf	(main@sdCardAddress+2)& (0+255),b
  6685   0006E8  0E00               	movlw	0
  6686   0006EA  6F95               	movwf	(main@sdCardAddress+3)& (0+255),b
  6687   0006EC                     l5101:
  6688                           
  6689                           ; BSR set to: 0
  6690                           ;main.c: 241:                     }
  6691   0006EC  4B8D               	infsnz	main@blockCount_2091& (0+255),f,b
  6692   0006EE  2B8E               	incf	(main@blockCount_2091+1)& (0+255),f,b
  6693   0006F0  EFFB  F002         	goto	l5071
  6694   0006F4                     l5105:
  6695                           
  6696                           ; BSR set to: 0
  6697                           ;main.c: 245:                     printf("Stored %u blocks of sine wave\r\n", blockCount
      +                          );
  6698   0006F4  0E86               	movlw	low STR_54
  6699   0006F6  6F71               	movwf	printf@fmt& (0+255),b
  6700   0006F8  0E7D               	movlw	high STR_54
  6701   0006FA  6F72               	movwf	(printf@fmt+1)& (0+255),b
  6702   0006FC  C08D  F073         	movff	main@blockCount_2091,?_printf+2
  6703   000700  C08E  F074         	movff	main@blockCount_2091+1,?_printf+3
  6704   000704  EC86  F00F         	call	_printf	;wreg free
  6705                           
  6706                           ;main.c: 246:                     break;
  6707   000708  EF6E  F000         	goto	l4967
  6708   00070C                     l5107:
  6709                           
  6710                           ; BSR set to: 0
  6711                           ;main.c: 250:                     if (cmd == '+') {
  6712   00070C  0E2B               	movlw	43
  6713   00070E  198F               	xorwf	main@cmd& (0+255),w,b
  6714   000710  A4D8               	btfss	status,2,c
  6715   000712  EF8D  F003         	goto	u4041
  6716   000716  EF8F  F003         	goto	u4040
  6717   00071A                     u4041:
  6718   00071A  EF95  F003         	goto	l5111
  6719   00071E                     u4040:
  6720   00071E                     
  6721                           ; BSR set to: 0
  6722                           ;main.c: 251:                         sampleRate += 160;
  6723   00071E  0EA0               	movlw	160
  6724   000720  27C5               	addwf	_sampleRate& (0+255),f,b
  6725   000722  0E00               	movlw	0
  6726   000724  23C6               	addwfc	(_sampleRate+1)& (0+255),f,b
  6727                           
  6728                           ;main.c: 252:                     } else if (sampleRate - 160 >= 2 * 160) {
  6729   000726  EF6E  F000         	goto	l4967
  6730   00072A                     l5111:
  6731                           
  6732                           ; BSR set to: 0
  6733   00072A  0E60               	movlw	96
  6734   00072C  25C5               	addwf	_sampleRate& (0+255),w,b
  6735   00072E  6F81               	movwf	??_main& (0+255),b
  6736   000730  0EFF               	movlw	255
  6737   000732  21C6               	addwfc	(_sampleRate+1)& (0+255),w,b
  6738   000734  6F82               	movwf	(??_main+1)& (0+255),b
  6739   000736  0E40               	movlw	64
  6740   000738  5D81               	subwf	??_main& (0+255),w,b
  6741   00073A  0E01               	movlw	1
  6742   00073C  5982               	subwfb	(??_main+1)& (0+255),w,b
  6743   00073E  A0D8               	btfss	status,0,c
  6744   000740  EFA4  F003         	goto	u4051
  6745   000744  EFA6  F003         	goto	u4050
  6746   000748                     u4051:
  6747   000748  EFAC  F003         	goto	l5115
  6748   00074C                     u4050:
  6749   00074C                     
  6750                           ; BSR set to: 0
  6751                           ;main.c: 253:                         sampleRate -= 160;
  6752   00074C  0EA0               	movlw	160
  6753   00074E  5FC5               	subwf	_sampleRate& (0+255),f,b
  6754   000750  0E00               	movlw	0
  6755   000752  5BC6               	subwfb	(_sampleRate+1)& (0+255),f,b
  6756                           
  6757                           ;main.c: 254:                     } else {
  6758   000754  EF6E  F000         	goto	l4967
  6759   000758                     l5115:
  6760                           
  6761                           ; BSR set to: 0
  6762                           ;main.c: 255:                         printf("Can't go lower than 20us sampling rate\r\n
      +                          ");
  6763   000758  0EAC               	movlw	low STR_55
  6764   00075A  6F71               	movwf	printf@fmt& (0+255),b
  6765   00075C  0E7C               	movlw	high STR_55
  6766   00075E  6F72               	movwf	(printf@fmt+1)& (0+255),b
  6767   000760  EC86  F00F         	call	_printf	;wreg free
  6768   000764  EF6E  F000         	goto	l4967
  6769   000768                     l5117:
  6770                           
  6771                           ; BSR set to: 0
  6772                           ;main.c: 260:                     printf("Press any key to start recording audio and pre
      +                          ss any key to stop recording.\r\n");
  6773   000768  0EE0               	movlw	low STR_56
  6774   00076A  6F71               	movwf	printf@fmt& (0+255),b
  6775   00076C  0E79               	movlw	high STR_56
  6776   00076E  6F72               	movwf	(printf@fmt+1)& (0+255),b
  6777   000770  EC86  F00F         	call	_printf	;wreg free
  6778   000774                     l5119:
  6779   000774  ECE7  F00F         	call	_EUSART1_IsRxReady	;wreg free
  6780   000778  0900               	iorlw	0
  6781   00077A  B4D8               	btfsc	status,2,c
  6782   00077C  EFC2  F003         	goto	u4061
  6783   000780  EFC4  F003         	goto	u4060
  6784   000784                     u4061:
  6785   000784  EFBA  F003         	goto	l5119
  6786   000788                     u4060:
  6787   000788                     
  6788                           ;main.c: 264:                     char uuuu = EUSART1_Read();
  6789   000788  EC5F  F00D         	call	_EUSART1_Read	;wreg free
  6790   00078C  0100               	movlb	0	; () banked
  6791   00078E  6F83               	movwf	main@uuuu& (0+255),b
  6792   000790                     
  6793                           ; BSR set to: 0
  6794                           ;main.c: 265:                     printf("Now saving data.");
  6795   000790  0E76               	movlw	low STR_57
  6796   000792  6F71               	movwf	printf@fmt& (0+255),b
  6797   000794  0E7F               	movlw	high STR_57
  6798   000796  6F72               	movwf	(printf@fmt+1)& (0+255),b
  6799   000798  EC86  F00F         	call	_printf	;wreg free
  6800   00079C                     
  6801                           ;main.c: 267:                     redIdx = 0;
  6802   00079C  0100               	movlb	0	; () banked
  6803   00079E  6B9B               	clrf	(_redIdx+1)& (0+255),b
  6804   0007A0  0E00               	movlw	0
  6805   0007A2  6F9A               	movwf	_redIdx& (0+255),b
  6806   0007A4                     
  6807                           ; BSR set to: 0
  6808                           ;main.c: 268:                     blueIdx = 0;
  6809   0007A4  6B99               	clrf	(_blueIdx+1)& (0+255),b
  6810   0007A6  0E00               	movlw	0
  6811   0007A8  6F98               	movwf	_blueIdx& (0+255),b
  6812   0007AA                     
  6813                           ; BSR set to: 0
  6814                           ;main.c: 269:                     systemState = R_FILL_B_WRITE;
  6815   0007AA  0E01               	movlw	1
  6816   0007AC  6F9E               	movwf	_systemState& (0+255),b
  6817   0007AE                     l5131:
  6818   0007AE  0100               	movlb	0	; () banked
  6819   0007B0  059E               	decf	_systemState& (0+255),w,b
  6820   0007B2  B4D8               	btfsc	status,2,c
  6821   0007B4  EFDE  F003         	goto	u4071
  6822   0007B8  EFE0  F003         	goto	u4070
  6823   0007BC                     u4071:
  6824   0007BC  EFD7  F003         	goto	l5131
  6825   0007C0                     u4070:
  6826   0007C0                     
  6827                           ; BSR set to: 0
  6828                           ;main.c: 282:                         sdCardAddress += 512;
  6829   0007C0  0E00               	movlw	0
  6830   0007C2  2792               	addwf	main@sdCardAddress& (0+255),f,b
  6831   0007C4  0E02               	movlw	2
  6832   0007C6  2393               	addwfc	(main@sdCardAddress+1)& (0+255),f,b
  6833   0007C8  0E00               	movlw	0
  6834   0007CA  2394               	addwfc	(main@sdCardAddress+2)& (0+255),f,b
  6835   0007CC  0E00               	movlw	0
  6836   0007CE  2395               	addwfc	(main@sdCardAddress+3)& (0+255),f,b
  6837                           
  6838                           ;main.c: 284:                         if (sdCardAddress >= 0x04000000) {
  6839   0007D0  0E04               	movlw	4
  6840   0007D2  5D95               	subwf	(main@sdCardAddress+3)& (0+255),w,b
  6841   0007D4  A0D8               	btfss	status,0,c
  6842   0007D6  EFEF  F003         	goto	u4081
  6843   0007DA  EFF1  F003         	goto	u4080
  6844   0007DE                     u4081:
  6845   0007DE  EFF9  F003         	goto	l5137
  6846   0007E2                     u4080:
  6847   0007E2                     
  6848                           ; BSR set to: 0
  6849                           ;main.c: 285:                             sdCardAddress = 0x00000000;
  6850   0007E2  0E00               	movlw	0
  6851   0007E4  6F92               	movwf	main@sdCardAddress& (0+255),b
  6852   0007E6  0E00               	movlw	0
  6853   0007E8  6F93               	movwf	(main@sdCardAddress+1)& (0+255),b
  6854   0007EA  0E00               	movlw	0
  6855   0007EC  6F94               	movwf	(main@sdCardAddress+2)& (0+255),b
  6856   0007EE  0E00               	movlw	0
  6857   0007F0  6F95               	movwf	(main@sdCardAddress+3)& (0+255),b
  6858   0007F2                     l5137:
  6859                           
  6860                           ; BSR set to: 0
  6861   0007F2  0E02               	movlw	2
  6862   0007F4  199E               	xorwf	_systemState& (0+255),w,b
  6863   0007F6  B4D8               	btfsc	status,2,c
  6864   0007F8  EF00  F004         	goto	u4091
  6865   0007FC  EF02  F004         	goto	u4090
  6866   000800                     u4091:
  6867   000800  EFF9  F003         	goto	l5137
  6868   000804                     u4090:
  6869   000804                     
  6870                           ; BSR set to: 0
  6871                           ;main.c: 295:                         sdCardAddress += 512;
  6872   000804  0E00               	movlw	0
  6873   000806  2792               	addwf	main@sdCardAddress& (0+255),f,b
  6874   000808  0E02               	movlw	2
  6875   00080A  2393               	addwfc	(main@sdCardAddress+1)& (0+255),f,b
  6876   00080C  0E00               	movlw	0
  6877   00080E  2394               	addwfc	(main@sdCardAddress+2)& (0+255),f,b
  6878   000810  0E00               	movlw	0
  6879   000812  2395               	addwfc	(main@sdCardAddress+3)& (0+255),f,b
  6880                           
  6881                           ;main.c: 297:                         if (sdCardAddress >= 0x04000000) {
  6882   000814  0E04               	movlw	4
  6883   000816  5D95               	subwf	(main@sdCardAddress+3)& (0+255),w,b
  6884   000818  A0D8               	btfss	status,0,c
  6885   00081A  EF11  F004         	goto	u4101
  6886   00081E  EF13  F004         	goto	u4100
  6887   000822                     u4101:
  6888   000822  EF1B  F004         	goto	l5143
  6889   000826                     u4100:
  6890   000826                     
  6891                           ; BSR set to: 0
  6892                           ;main.c: 298:                             sdCardAddress = 0x00000000;
  6893   000826  0E00               	movlw	0
  6894   000828  6F92               	movwf	main@sdCardAddress& (0+255),b
  6895   00082A  0E00               	movlw	0
  6896   00082C  6F93               	movwf	(main@sdCardAddress+1)& (0+255),b
  6897   00082E  0E00               	movlw	0
  6898   000830  6F94               	movwf	(main@sdCardAddress+2)& (0+255),b
  6899   000832  0E00               	movlw	0
  6900   000834  6F95               	movwf	(main@sdCardAddress+3)& (0+255),b
  6901   000836                     l5143:
  6902                           
  6903                           ; BSR set to: 0
  6904                           ;main.c: 302:                         if (EUSART1_IsRxReady()) {
  6905   000836  ECE7  F00F         	call	_EUSART1_IsRxReady	;wreg free
  6906   00083A  0900               	iorlw	0
  6907   00083C  B4D8               	btfsc	status,2,c
  6908   00083E  EF23  F004         	goto	u4111
  6909   000842  EF25  F004         	goto	u4110
  6910   000846                     u4111:
  6911   000846  EFD7  F003         	goto	l5131
  6912   00084A                     u4110:
  6913   00084A                     
  6914                           ;main.c: 303:                             char _ = EUSART1_Read();
  6915   00084A  EC5F  F00D         	call	_EUSART1_Read	;wreg free
  6916   00084E  0100               	movlb	0	; () banked
  6917   000850  6F84               	movwf	main@_& (0+255),b
  6918   000852                     
  6919                           ; BSR set to: 0
  6920                           ;main.c: 304:                             printf("Recording complete");
  6921   000852  0E1D               	movlw	low STR_58
  6922   000854  6F71               	movwf	printf@fmt& (0+255),b
  6923   000856  0E7F               	movlw	high STR_58
  6924   000858  6F72               	movwf	(printf@fmt+1)& (0+255),b
  6925   00085A  EC86  F00F         	call	_printf	;wreg free
  6926   00085E                     
  6927                           ;main.c: 305:                             systemState = IDLE;
  6928   00085E  0100               	movlb	0	; () banked
  6929   000860  6B9E               	clrf	_systemState& (0+255),b
  6930                           
  6931                           ;main.c: 307:                             break;
  6932   000862  EF6E  F000         	goto	l4967
  6933   000866                     l5151:
  6934                           
  6935                           ; BSR set to: 0
  6936                           ;main.c: 313:                     printf("You may terminate spooling at any time with a 
      +                          keypress.\r\n");
  6937   000866  0EBB               	movlw	low STR_59
  6938   000868  6F71               	movwf	printf@fmt& (0+255),b
  6939   00086A  0E7A               	movlw	high STR_59
  6940   00086C  6F72               	movwf	(printf@fmt+1)& (0+255),b
  6941   00086E  EC86  F00F         	call	_printf	;wreg free
  6942                           
  6943                           ;main.c: 314:                     printf("To spool terminal contents into a file follow 
      +                          these instructions:\r\n");
  6944   000872  0E77               	movlw	low STR_60
  6945   000874  0100               	movlb	0	; () banked
  6946   000876  6F71               	movwf	printf@fmt& (0+255),b
  6947   000878  0E7A               	movlw	high STR_60
  6948   00087A  6F72               	movwf	(printf@fmt+1)& (0+255),b
  6949   00087C  EC86  F00F         	call	_printf	;wreg free
  6950                           
  6951                           ;main.c: 315:                     printf("Right mouse click on the upper left of the PuT
      +                          TY window\r\n");
  6952   000880  0EF5               	movlw	low STR_61
  6953   000882  0100               	movlb	0	; () banked
  6954   000884  6F71               	movwf	printf@fmt& (0+255),b
  6955   000886  0E7A               	movlw	high STR_61
  6956   000888  6F72               	movwf	(printf@fmt+1)& (0+255),b
  6957   00088A  EC86  F00F         	call	_printf	;wreg free
  6958                           
  6959                           ;main.c: 316:                     printf("Select:\tChange settings...\r\n");
  6960   00088E  0EE3               	movlw	low STR_62
  6961   000890  0100               	movlb	0	; () banked
  6962   000892  6F71               	movwf	printf@fmt& (0+255),b
  6963   000894  0E7D               	movlw	high STR_62
  6964   000896  6F72               	movwf	(printf@fmt+1)& (0+255),b
  6965   000898  EC86  F00F         	call	_printf	;wreg free
  6966                           
  6967                           ;main.c: 317:                     printf("Select:\tLogging\r\n");
  6968   00089C  0E30               	movlw	low STR_63
  6969   00089E  0100               	movlb	0	; () banked
  6970   0008A0  6F71               	movwf	printf@fmt& (0+255),b
  6971   0008A2  0E7F               	movlw	high STR_63
  6972   0008A4  6F72               	movwf	(printf@fmt+1)& (0+255),b
  6973   0008A6  EC86  F00F         	call	_printf	;wreg free
  6974                           
  6975                           ;main.c: 318:                     printf("Select:\tSession logging: All session output\r
      +                          \n");
  6976   0008AA  0EFC               	movlw	low STR_64
  6977   0008AC  0100               	movlb	0	; () banked
  6978   0008AE  6F71               	movwf	printf@fmt& (0+255),b
  6979   0008B0  0E7B               	movlw	high STR_64
  6980   0008B2  6F72               	movwf	(printf@fmt+1)& (0+255),b
  6981   0008B4  EC86  F00F         	call	_printf	;wreg free
  6982                           
  6983                           ;main.c: 319:                     printf("Log file name:   Browse and provide a .csv ext
      +                          ension to your file name\r\n");
  6984   0008B8  0E2E               	movlw	low STR_65
  6985   0008BA  0100               	movlb	0	; () banked
  6986   0008BC  6F71               	movwf	printf@fmt& (0+255),b
  6987   0008BE  0E7A               	movlw	high STR_65
  6988   0008C0  6F72               	movwf	(printf@fmt+1)& (0+255),b
  6989   0008C2  EC86  F00F         	call	_printf	;wreg free
  6990                           
  6991                           ;main.c: 320:                     printf("Select:\tApply");
  6992   0008C6  0EB5               	movlw	low STR_66
  6993   0008C8  0100               	movlb	0	; () banked
  6994   0008CA  6F71               	movwf	printf@fmt& (0+255),b
  6995   0008CC  0E7F               	movlw	high STR_66
  6996   0008CE  6F72               	movwf	(printf@fmt+1)& (0+255),b
  6997   0008D0  EC86  F00F         	call	_printf	;wreg free
  6998                           
  6999                           ;main.c: 321:                     printf("Press any key to start\r\n");
  7000   0008D4  0E6D               	movlw	low STR_67
  7001   0008D6  0100               	movlb	0	; () banked
  7002   0008D8  6F71               	movwf	printf@fmt& (0+255),b
  7003   0008DA  0E7E               	movlw	high STR_67
  7004   0008DC  6F72               	movwf	(printf@fmt+1)& (0+255),b
  7005   0008DE  EC86  F00F         	call	_printf	;wreg free
  7006   0008E2                     l5153:
  7007   0008E2  ECE7  F00F         	call	_EUSART1_IsRxReady	;wreg free
  7008   0008E6  0900               	iorlw	0
  7009   0008E8  B4D8               	btfsc	status,2,c
  7010   0008EA  EF79  F004         	goto	u4121
  7011   0008EE  EF7B  F004         	goto	u4120
  7012   0008F2                     u4121:
  7013   0008F2  EF71  F004         	goto	l5153
  7014   0008F6                     u4120:
  7015   0008F6                     
  7016                           ;main.c: 324:                     char _ = EUSART1_Read();
  7017   0008F6  EC5F  F00D         	call	_EUSART1_Read	;wreg free
  7018   0008FA  0100               	movlb	0	; () banked
  7019   0008FC  6F85               	movwf	main@__2109& (0+255),b
  7020   0008FE                     
  7021                           ; BSR set to: 0
  7022                           ;main.c: 326:                     for (uint16_t i = 0; i < 128; i++) {
  7023   0008FE  6B89               	clrf	(main@i_2110+1)& (0+255),b
  7024   000900  0E00               	movlw	0
  7025   000902  6F88               	movwf	main@i_2110& (0+255),b
  7026   000904                     
  7027                           ; BSR set to: 0
  7028   000904  5189               	movf	(main@i_2110+1)& (0+255),w,b
  7029   000906  E109               	bnz	u4130
  7030   000908  0E80               	movlw	128
  7031   00090A  5D88               	subwf	main@i_2110& (0+255),w,b
  7032   00090C  A0D8               	btfss	status,0,c
  7033   00090E  EF8B  F004         	goto	u4131
  7034   000912  EF8D  F004         	goto	u4130
  7035   000916                     u4131:
  7036   000916  EF8F  F004         	goto	l5163
  7037   00091A                     u4130:
  7038   00091A  EFC5  F004         	goto	l5187
  7039   00091E                     l5163:
  7040                           
  7041                           ; BSR set to: 0
  7042                           ;main.c: 327:                         SDCARD_ReadBlock(sdCardAddress, blueBuffer);
  7043   00091E  C092  F014         	movff	main@sdCardAddress,SDCARD_ReadBlock@addr
  7044   000922  C093  F015         	movff	main@sdCardAddress+1,SDCARD_ReadBlock@addr+1
  7045   000926  C094  F016         	movff	main@sdCardAddress+2,SDCARD_ReadBlock@addr+2
  7046   00092A  C095  F017         	movff	main@sdCardAddress+3,SDCARD_ReadBlock@addr+3
  7047   00092E  0EC7               	movlw	low _blueBuffer
  7048   000930  6E18               	movwf	SDCARD_ReadBlock@sdCardBuffer^0,c
  7049   000932  0E02               	movlw	high _blueBuffer
  7050   000934  6E19               	movwf	(SDCARD_ReadBlock@sdCardBuffer+1)^0,c
  7051   000936  EC7D  F00B         	call	_SDCARD_ReadBlock	;wreg free
  7052   00093A                     
  7053                           ;main.c: 328:                         sdCardAddress += 512;
  7054   00093A  0E00               	movlw	0
  7055   00093C  0100               	movlb	0	; () banked
  7056   00093E  2792               	addwf	main@sdCardAddress& (0+255),f,b
  7057   000940  0E02               	movlw	2
  7058   000942  2393               	addwfc	(main@sdCardAddress+1)& (0+255),f,b
  7059   000944  0E00               	movlw	0
  7060   000946  2394               	addwfc	(main@sdCardAddress+2)& (0+255),f,b
  7061   000948  0E00               	movlw	0
  7062   00094A  2395               	addwfc	(main@sdCardAddress+3)& (0+255),f,b
  7063   00094C                     
  7064                           ; BSR set to: 0
  7065                           ;main.c: 329:                         if (sdCardAddress >= 0x04000000) {
  7066   00094C  0E04               	movlw	4
  7067   00094E  5D95               	subwf	(main@sdCardAddress+3)& (0+255),w,b
  7068   000950  A0D8               	btfss	status,0,c
  7069   000952  EFAD  F004         	goto	u4141
  7070   000956  EFAF  F004         	goto	u4140
  7071   00095A                     u4141:
  7072   00095A  EFAF  F004         	goto	l5171
  7073   00095E                     u4140:
  7074   00095E                     l5171:
  7075                           
  7076                           ; BSR set to: 0
  7077                           ;main.c: 333:                         for (uint8_t j = 0; j < 512; j++) {
  7078   00095E  6B87               	clrf	main@j& (0+255),b
  7079   000960                     l5175:
  7080                           
  7081                           ; BSR set to: 0
  7082                           ;main.c: 334:                             printf("%u\r\n", blueBuffer[j]);
  7083   000960  0EEC               	movlw	low STR_68
  7084   000962  6F71               	movwf	printf@fmt& (0+255),b
  7085   000964  0E7F               	movlw	high STR_68
  7086   000966  6F72               	movwf	(printf@fmt+1)& (0+255),b
  7087   000968  0EC7               	movlw	low _blueBuffer
  7088   00096A  2587               	addwf	main@j& (0+255),w,b
  7089   00096C  6ED9               	movwf	fsr2l,c
  7090   00096E  6ADA               	clrf	fsr2h,c
  7091   000970  0E02               	movlw	high _blueBuffer
  7092   000972  22DA               	addwfc	fsr2h,f,c
  7093   000974  50DF               	movf	indf2,w,c
  7094   000976  6F81               	movwf	??_main& (0+255),b
  7095   000978  5181               	movf	??_main& (0+255),w,b
  7096   00097A  6F73               	movwf	(?_printf+2)& (0+255),b
  7097   00097C  6B74               	clrf	(?_printf+3)& (0+255),b
  7098   00097E  EC86  F00F         	call	_printf	;wreg free
  7099   000982                     
  7100                           ;main.c: 335:                         }
  7101   000982  0100               	movlb	0	; () banked
  7102   000984  2B87               	incf	main@j& (0+255),f,b
  7103   000986  EFB0  F004         	goto	l5175
  7104   00098A                     l5187:
  7105                           
  7106                           ; BSR set to: 0
  7107                           ;main.c: 343:                     printf("To close the file follow these instructions:\r
      +                          \n\r\n");
  7108   00098A  0ECB               	movlw	low STR_69
  7109   00098C  6F71               	movwf	printf@fmt& (0+255),b
  7110   00098E  0E7B               	movlw	high STR_69
  7111   000990  6F72               	movwf	(printf@fmt+1)& (0+255),b
  7112   000992  EC86  F00F         	call	_printf	;wreg free
  7113                           
  7114                           ;main.c: 344:                     printf("Right mouse click on the upper left of the PuT
      +                          TY window\r\n");
  7115   000996  0EF5               	movlw	low STR_61
  7116   000998  0100               	movlb	0	; () banked
  7117   00099A  6F71               	movwf	printf@fmt& (0+255),b
  7118   00099C  0E7A               	movlw	high STR_61
  7119   00099E  6F72               	movwf	(printf@fmt+1)& (0+255),b
  7120   0009A0  EC86  F00F         	call	_printf	;wreg free
  7121                           
  7122                           ;main.c: 345:                     printf("Select:\tChange settings...\r\n");
  7123   0009A4  0EE3               	movlw	low STR_62
  7124   0009A6  0100               	movlb	0	; () banked
  7125   0009A8  6F71               	movwf	printf@fmt& (0+255),b
  7126   0009AA  0E7D               	movlw	high STR_62
  7127   0009AC  6F72               	movwf	(printf@fmt+1)& (0+255),b
  7128   0009AE  EC86  F00F         	call	_printf	;wreg free
  7129                           
  7130                           ;main.c: 346:                     printf("Select:\tLogging\r\n");
  7131   0009B2  0E30               	movlw	low STR_63
  7132   0009B4  0100               	movlb	0	; () banked
  7133   0009B6  6F71               	movwf	printf@fmt& (0+255),b
  7134   0009B8  0E7F               	movlw	high STR_63
  7135   0009BA  6F72               	movwf	(printf@fmt+1)& (0+255),b
  7136   0009BC  EC86  F00F         	call	_printf	;wreg free
  7137                           
  7138                           ;main.c: 347:                     printf("Select:\tSession logging: None\r\n");
  7139   0009C0  0E66               	movlw	low STR_73
  7140   0009C2  0100               	movlb	0	; () banked
  7141   0009C4  6F71               	movwf	printf@fmt& (0+255),b
  7142   0009C6  0E7D               	movlw	high STR_73
  7143   0009C8  6F72               	movwf	(printf@fmt+1)& (0+255),b
  7144   0009CA  EC86  F00F         	call	_printf	;wreg free
  7145                           
  7146                           ;main.c: 348:                     printf("Select:\tApply\r\n");
  7147   0009CE  0E87               	movlw	low STR_74
  7148   0009D0  0100               	movlb	0	; () banked
  7149   0009D2  6F71               	movwf	printf@fmt& (0+255),b
  7150   0009D4  0E7F               	movlw	high STR_74
  7151   0009D6  6F72               	movwf	(printf@fmt+1)& (0+255),b
  7152   0009D8  EC86  F00F         	call	_printf	;wreg free
  7153                           
  7154                           ;main.c: 349:                     break;
  7155   0009DC  EF6E  F000         	goto	l4967
  7156   0009E0                     l5189:
  7157                           
  7158                           ; BSR set to: 0
  7159                           ;main.c: 355:                     printf("Unknown key %c\r\n", cmd);
  7160   0009E0  0E54               	movlw	low STR_75
  7161   0009E2  6F71               	movwf	printf@fmt& (0+255),b
  7162   0009E4  0E7F               	movlw	high STR_75
  7163   0009E6  6F72               	movwf	(printf@fmt+1)& (0+255),b
  7164   0009E8  C08F  F073         	movff	main@cmd,?_printf+2
  7165   0009EC  6B74               	clrf	(?_printf+3)& (0+255),b
  7166   0009EE  EC86  F00F         	call	_printf	;wreg free
  7167                           
  7168                           ;main.c: 356:                     break;
  7169   0009F2  EF6E  F000         	goto	l4967
  7170   0009F6                     l5193:
  7171                           
  7172                           ; BSR set to: 0
  7173   0009F6  518F               	movf	main@cmd& (0+255),w,b
  7174                           
  7175                           ; Switch size 1, requested type "simple"
  7176                           ; Number of cases is 15, Range of values is 43 to 122
  7177                           ; switch strategies available:
  7178                           ; Name         Instructions Cycles
  7179                           ; simple_byte           46    24 (average)
  7180                           ;	Chosen strategy is simple_byte
  7181   0009F8  0A2B               	xorlw	43	; case 43
  7182   0009FA  B4D8               	btfsc	status,2,c
  7183   0009FC  EF86  F003         	goto	l5107
  7184   000A00  0A06               	xorlw	6	; case 45
  7185   000A02  B4D8               	btfsc	status,2,c
  7186   000A04  EF86  F003         	goto	l5107
  7187   000A08  0A1D               	xorlw	29	; case 48
  7188   000A0A  B4D8               	btfsc	status,2,c
  7189   000A0C  EF07  F002         	goto	l5023
  7190   000A10  0A01               	xorlw	1	; case 49
  7191   000A12  B4D8               	btfsc	status,2,c
  7192   000A14  EFF4  F002         	goto	l727
  7193   000A18  0A0E               	xorlw	14	; case 63
  7194   000A1A  B4D8               	btfsc	status,2,c
  7195   000A1C  EF7E  F000         	goto	l4971
  7196   000A20  0A7E               	xorlw	126	; case 65
  7197   000A22  B4D8               	btfsc	status,2,c
  7198   000A24  EF75  F001         	goto	l5005
  7199   000A28  0A16               	xorlw	22	; case 87
  7200   000A2A  B4D8               	btfsc	status,2,c
  7201   000A2C  EFB4  F003         	goto	l5117
  7202   000A30  0A0D               	xorlw	13	; case 90
  7203   000A32  B4D8               	btfsc	status,2,c
  7204   000A34  EF37  F001         	goto	l4975
  7205   000A38  0A3B               	xorlw	59	; case 97
  7206   000A3A  B4D8               	btfsc	status,2,c
  7207   000A3C  EF75  F001         	goto	l5005
  7208   000A40  0A08               	xorlw	8	; case 105
  7209   000A42  B4D8               	btfsc	status,2,c
  7210   000A44  EF6A  F001         	goto	l4999
  7211   000A48  0A06               	xorlw	6	; case 111
  7212   000A4A  B4D8               	btfsc	status,2,c
  7213   000A4C  EF2F  F001         	goto	l4973
  7214   000A50  0A1D               	xorlw	29	; case 114
  7215   000A52  B4D8               	btfsc	status,2,c
  7216   000A54  EF99  F002         	goto	l5047
  7217   000A58  0A01               	xorlw	1	; case 115
  7218   000A5A  B4D8               	btfsc	status,2,c
  7219   000A5C  EF33  F004         	goto	l5151
  7220   000A60  0A04               	xorlw	4	; case 119
  7221   000A62  B4D8               	btfsc	status,2,c
  7222   000A64  EF18  F002         	goto	l5027
  7223   000A68  0A0D               	xorlw	13	; case 122
  7224   000A6A  B4D8               	btfsc	status,2,c
  7225   000A6C  EF51  F001         	goto	l4987
  7226   000A70  EFF0  F004         	goto	l5189
  7227   000A74  EF2E  F000         	goto	start
  7228   000A78                     __end_of_main:
  7229                           	callstack 0
  7230                           
  7231 ;; *************** function _initSDCard *****************
  7232 ;; Defined at:
  7233 ;;		line 7 in file "main.c"
  7234 ;; Parameters:    Size  Location     Type
  7235 ;;		None
  7236 ;; Auto vars:     Size  Location     Type
  7237 ;;		None
  7238 ;; Return value:  Size  Location     Type
  7239 ;;                  1    wreg      void 
  7240 ;; Registers used:
  7241 ;;		wreg, fsr1l, fsr1h, fsr2l, fsr2h, status,2, status,0, tblptrl, tblptrh, tblptru, prodl, prodh, cstack
  7242 ;; Tracked objects:
  7243 ;;		On entry : 0/0
  7244 ;;		On exit  : 0/0
  7245 ;;		Unchanged: 0/0
  7246 ;; Data sizes:     COMRAM   BANK0   BANK1   BANK2   BANK3   BANK4   BANK5
  7247 ;;      Params:         0       0       0       0       0       0       0
  7248 ;;      Locals:         0       0       0       0       0       0       0
  7249 ;;      Temps:          0       0       0       0       0       0       0
  7250 ;;      Totals:         0       0       0       0       0       0       0
  7251 ;;Total ram usage:        0 bytes
  7252 ;; Hardware stack levels used: 1
  7253 ;; Hardware stack levels required when called: 5
  7254 ;; This function calls:
  7255 ;;		_SDCARD_Initialize
  7256 ;;		_SPI2_Close
  7257 ;;		_SPI2_Open
  7258 ;; This function is called by:
  7259 ;;		_main
  7260 ;; This function uses a non-reentrant model
  7261 ;;
  7262                           
  7263                           	psect	text1
  7264   001FBA                     __ptext1:
  7265                           	callstack 0
  7266   001FBA                     _initSDCard:
  7267                           	callstack 25
  7268   001FBA  EC2F  F010         	call	_SPI2_Close	;wreg free
  7269   001FBE  0E01               	movlw	1
  7270   001FC0  6E13               	movwf	SPI2_Open@spiConfigIndex^0,c
  7271   001FC2  EC1C  F00D         	call	_SPI2_Open	;wreg free
  7272   001FC6  0E01               	movlw	1
  7273   001FC8  EC7E  F007         	call	_SDCARD_Initialize
  7274   001FCC  0012               	return		;funcret
  7275   001FCE                     __end_of_initSDCard:
  7276                           	callstack 0
  7277                           
  7278 ;; *************** function _SPI2_Open *****************
  7279 ;; Defined at:
  7280 ;;		line 82 in file "mcc_generated_files/spi/src/mssp2.c"
  7281 ;; Parameters:    Size  Location     Type
  7282 ;;  spiConfigInd    1   17[COMRAM] unsigned char 
  7283 ;; Auto vars:     Size  Location     Type
  7284 ;;  returnValue     1    0        _Bool 
  7285 ;; Return value:  Size  Location     Type
  7286 ;;                  1    wreg      _Bool 
  7287 ;; Registers used:
  7288 ;;		wreg, status,2, status,0, tblptrl, tblptrh, tblptru, prodl, prodh
  7289 ;; Tracked objects:
  7290 ;;		On entry : 0/0
  7291 ;;		On exit  : 0/0
  7292 ;;		Unchanged: 0/0
  7293 ;; Data sizes:     COMRAM   BANK0   BANK1   BANK2   BANK3   BANK4   BANK5
  7294 ;;      Params:         1       0       0       0       0       0       0
  7295 ;;      Locals:         0       0       0       0       0       0       0
  7296 ;;      Temps:          0       0       0       0       0       0       0
  7297 ;;      Totals:         1       0       0       0       0       0       0
  7298 ;;Total ram usage:        1 bytes
  7299 ;; Hardware stack levels used: 1
  7300 ;; Hardware stack levels required when called: 4
  7301 ;; This function calls:
  7302 ;;		Nothing
  7303 ;; This function is called by:
  7304 ;;		_initSDCard
  7305 ;;		_main
  7306 ;; This function uses a non-reentrant model
  7307 ;;
  7308                           
  7309                           	psect	text2
  7310   001A38                     __ptext2:
  7311                           	callstack 0
  7312   001A38                     _SPI2_Open:
  7313                           	callstack 25
  7314   001A38                     
  7315                           ;mcc_generated_files/spi/src/mssp2.c: 85:     if (SSP2CON1bits.SSPEN == 0)
  7316   001A38  BA6C               	btfsc	108,5,c	;volatile
  7317   001A3A  EF21  F00D         	goto	u2341
  7318   001A3E  EF23  F00D         	goto	u2340
  7319   001A42                     u2341:
  7320   001A42  EF5E  F00D         	goto	l100
  7321   001A46                     u2340:
  7322   001A46                     
  7323                           ;mcc_generated_files/spi/src/mssp2.c: 86:     {;mcc_generated_files/spi/src/mssp2.c: 87:
      +                                   SSP2STAT = spi2_configuration[spiConfigIndex].stat;
  7324   001A46  5013               	movf	SPI2_Open@spiConfigIndex^0,w,c
  7325   001A48  0D05               	mullw	5
  7326   001A4A  0ED1               	movlw	low _spi2_configuration
  7327   001A4C  24F3               	addwf	243,w,c
  7328   001A4E  6EF6               	movwf	tblptrl,c
  7329   001A50  0E79               	movlw	high _spi2_configuration
  7330   001A52  20F4               	addwfc	244,w,c
  7331   001A54  6EF7               	movwf	tblptrh,c
  7332   001A56                     	if	0	;There are less than 3 active tblptr bytes
  7333   001A56                     	endif
  7334   001A56  0008               	tblrd		*
  7335   001A58  CFF5 FF6D          	movff	tablat,3949	;volatile
  7336                           
  7337                           ;mcc_generated_files/spi/src/mssp2.c: 88:         SSP2CON1 = spi2_configuration[spiConfi
      +                          gIndex].con1;
  7338   001A5C  5013               	movf	SPI2_Open@spiConfigIndex^0,w,c
  7339   001A5E  0D05               	mullw	5
  7340   001A60  0E01               	movlw	1
  7341   001A62  26F3               	addwf	243,f,c
  7342   001A64  0E00               	movlw	0
  7343   001A66  22F4               	addwfc	244,f,c
  7344   001A68  0ED1               	movlw	low _spi2_configuration
  7345   001A6A  24F3               	addwf	243,w,c
  7346   001A6C  6EF6               	movwf	tblptrl,c
  7347   001A6E  0E79               	movlw	high _spi2_configuration
  7348   001A70  20F4               	addwfc	244,w,c
  7349   001A72  6EF7               	movwf	tblptrh,c
  7350   001A74                     	if	0	;There are less than 3 active tblptr bytes
  7351   001A74                     	endif
  7352   001A74  0008               	tblrd		*
  7353   001A76  CFF5 FF6C          	movff	tablat,3948	;volatile
  7354                           
  7355                           ;mcc_generated_files/spi/src/mssp2.c: 89:         SSP2CON3 = spi2_configuration[spiConfi
      +                          gIndex].con3;
  7356   001A7A  5013               	movf	SPI2_Open@spiConfigIndex^0,w,c
  7357   001A7C  0D05               	mullw	5
  7358   001A7E  0E02               	movlw	2
  7359   001A80  26F3               	addwf	243,f,c
  7360   001A82  0E00               	movlw	0
  7361   001A84  22F4               	addwfc	244,f,c
  7362   001A86  0ED1               	movlw	low _spi2_configuration
  7363   001A88  24F3               	addwf	243,w,c
  7364   001A8A  6EF6               	movwf	tblptrl,c
  7365   001A8C  0E79               	movlw	high _spi2_configuration
  7366   001A8E  20F4               	addwfc	244,w,c
  7367   001A90  6EF7               	movwf	tblptrh,c
  7368   001A92                     	if	0	;There are less than 3 active tblptr bytes
  7369   001A92                     	endif
  7370   001A92  0008               	tblrd		*
  7371   001A94  CFF5 FF69          	movff	tablat,3945	;volatile
  7372                           
  7373                           ;mcc_generated_files/spi/src/mssp2.c: 90:         SSP2ADD = spi2_configuration[spiConfig
      +                          Index].baud;
  7374   001A98  5013               	movf	SPI2_Open@spiConfigIndex^0,w,c
  7375   001A9A  0D05               	mullw	5
  7376   001A9C  0E03               	movlw	3
  7377   001A9E  26F3               	addwf	243,f,c
  7378   001AA0  0E00               	movlw	0
  7379   001AA2  22F4               	addwfc	244,f,c
  7380   001AA4  0ED1               	movlw	low _spi2_configuration
  7381   001AA6  24F3               	addwf	243,w,c
  7382   001AA8  6EF6               	movwf	tblptrl,c
  7383   001AAA  0E79               	movlw	high _spi2_configuration
  7384   001AAC  20F4               	addwfc	244,w,c
  7385   001AAE  6EF7               	movwf	tblptrh,c
  7386   001AB0                     	if	0	;There are less than 3 active tblptr bytes
  7387   001AB0                     	endif
  7388   001AB0  0008               	tblrd		*
  7389   001AB2  CFF5 FF6E          	movff	tablat,3950	;volatile
  7390   001AB6                     
  7391                           ;mcc_generated_files/spi/src/mssp2.c: 92:         SSP2CON1bits.SSPEN = 1;
  7392   001AB6  8A6C               	bsf	108,5,c	;volatile
  7393   001AB8                     
  7394                           ;mcc_generated_files/spi/src/mssp2.c: 95:     }
  7395   001AB8  EF5E  F00D         	goto	l102
  7396   001ABC                     l100:
  7397   001ABC                     l102:
  7398   001ABC  0012               	return		;funcret
  7399   001ABE                     __end_of_SPI2_Open:
  7400                           	callstack 0
  7401                           
  7402 ;; *************** function _SPI2_Close *****************
  7403 ;; Defined at:
  7404 ;;		line 103 in file "mcc_generated_files/spi/src/mssp2.c"
  7405 ;; Parameters:    Size  Location     Type
  7406 ;;		None
  7407 ;; Auto vars:     Size  Location     Type
  7408 ;;		None
  7409 ;; Return value:  Size  Location     Type
  7410 ;;                  1    wreg      void 
  7411 ;; Registers used:
  7412 ;;		None
  7413 ;; Tracked objects:
  7414 ;;		On entry : 0/0
  7415 ;;		On exit  : 0/0
  7416 ;;		Unchanged: 0/0
  7417 ;; Data sizes:     COMRAM   BANK0   BANK1   BANK2   BANK3   BANK4   BANK5
  7418 ;;      Params:         0       0       0       0       0       0       0
  7419 ;;      Locals:         0       0       0       0       0       0       0
  7420 ;;      Temps:          0       0       0       0       0       0       0
  7421 ;;      Totals:         0       0       0       0       0       0       0
  7422 ;;Total ram usage:        0 bytes
  7423 ;; Hardware stack levels used: 1
  7424 ;; Hardware stack levels required when called: 4
  7425 ;; This function calls:
  7426 ;;		Nothing
  7427 ;; This function is called by:
  7428 ;;		_initSDCard
  7429 ;;		_main
  7430 ;; This function uses a non-reentrant model
  7431 ;;
  7432                           
  7433                           	psect	text3
  7434   00205E                     __ptext3:
  7435                           	callstack 0
  7436   00205E                     _SPI2_Close:
  7437                           	callstack 25
  7438   00205E                     
  7439                           ;mcc_generated_files/spi/src/mssp2.c: 105:     SSP2CON1bits.SSPEN = 0;
  7440   00205E  9A6C               	bcf	108,5,c	;volatile
  7441   002060  0012               	return		;funcret
  7442   002062                     __end_of_SPI2_Close:
  7443                           	callstack 0
  7444                           
  7445 ;; *************** function _SDCARD_Initialize *****************
  7446 ;; Defined at:
  7447 ;;		line 111 in file "sdCard.c"
  7448 ;; Parameters:    Size  Location     Type
  7449 ;;  verbose         1    wreg     unsigned char 
  7450 ;; Auto vars:     Size  Location     Type
  7451 ;;  verbose         1   25[BANK0 ] unsigned char 
  7452 ;;  i               2   23[BANK0 ] int 
  7453 ;;  response        1   26[BANK0 ] unsigned char 
  7454 ;; Return value:  Size  Location     Type
  7455 ;;                  1    wreg      void 
  7456 ;; Registers used:
  7457 ;;		wreg, fsr1l, fsr1h, fsr2l, fsr2h, status,2, status,0, tblptrl, tblptrh, tblptru, prodl, prodh, cstack
  7458 ;; Tracked objects:
  7459 ;;		On entry : 0/0
  7460 ;;		On exit  : 0/0
  7461 ;;		Unchanged: 0/0
  7462 ;; Data sizes:     COMRAM   BANK0   BANK1   BANK2   BANK3   BANK4   BANK5
  7463 ;;      Params:         0       0       0       0       0       0       0
  7464 ;;      Locals:         0       4       0       0       0       0       0
  7465 ;;      Temps:          0       0       0       0       0       0       0
  7466 ;;      Totals:         0       4       0       0       0       0       0
  7467 ;;Total ram usage:        4 bytes
  7468 ;; Hardware stack levels used: 1
  7469 ;; Hardware stack levels required when called: 4
  7470 ;; This function calls:
  7471 ;;		_SPI2_ByteExchange
  7472 ;;		_printf
  7473 ;; This function is called by:
  7474 ;;		_initSDCard
  7475 ;;		_main
  7476 ;; This function uses a non-reentrant model
  7477 ;;
  7478                           
  7479                           	psect	text4
  7480   000EFC                     __ptext4:
  7481                           	callstack 0
  7482   000EFC                     _SDCARD_Initialize:
  7483                           	callstack 25
  7484                           
  7485                           ;incstack = 0
  7486                           ;SDCARD_Initialize@verbose stored from wreg
  7487   000EFC  0100               	movlb	0	; () banked
  7488   000EFE  6F79               	movwf	SDCARD_Initialize@verbose& (0+255),b
  7489   000F00                     
  7490                           ;sdCard.c: 113:         SPI2_ByteExchange(0xFF);;sdCard.c: 118:     do { LATBbits.LATB4 
      +                          = 0; } while(0);
  7491   000F00  0100               	movlb	0	; () banked
  7492   000F02  6B78               	clrf	(SDCARD_Initialize@i+1)& (0+255),b
  7493   000F04  0E00               	movlw	0
  7494   000F06  6F77               	movwf	SDCARD_Initialize@i& (0+255),b
  7495   000F08                     l4809:
  7496                           
  7497                           ; BSR set to: 0
  7498                           ;sdCard.c: 119:     SPI2_ByteExchange(0xFF);
  7499   000F08  0EFF               	movlw	255
  7500   000F0A  6E13               	movwf	SPI2_ByteExchange@byteData^0,c
  7501   000F0C  ECD1  F00F         	call	_SPI2_ByteExchange	;wreg free
  7502   000F10                     
  7503                           ;sdCard.c: 120:     SPI2_ByteExchange(0x40 | 0);
  7504   000F10  0100               	movlb	0	; () banked
  7505   000F12  4B77               	infsnz	SDCARD_Initialize@i& (0+255),f,b
  7506   000F14  2B78               	incf	(SDCARD_Initialize@i+1)& (0+255),f,b
  7507   000F16                     
  7508                           ; BSR set to: 0
  7509   000F16  BF78               	btfsc	(SDCARD_Initialize@i+1)& (0+255),7,b
  7510   000F18  EF97  F007         	goto	u3751
  7511   000F1C  5178               	movf	(SDCARD_Initialize@i+1)& (0+255),w,b
  7512   000F1E  E109               	bnz	u3750
  7513   000F20  0E0A               	movlw	10
  7514   000F22  5D77               	subwf	SDCARD_Initialize@i& (0+255),w,b
  7515   000F24  A0D8               	btfss	status,0,c
  7516   000F26  EF97  F007         	goto	u3751
  7517   000F2A  EF99  F007         	goto	u3750
  7518   000F2E                     u3751:
  7519   000F2E  EF84  F007         	goto	l4809
  7520   000F32                     u3750:
  7521   000F32                     
  7522                           ; BSR set to: 0
  7523   000F32  988A               	bcf	138,4,c	;volatile
  7524   000F34                     
  7525                           ; BSR set to: 0
  7526                           ;sdCard.c: 125:     SPI2_ByteExchange(0x95);
  7527   000F34  0EFF               	movlw	255
  7528   000F36  6E13               	movwf	SPI2_ByteExchange@byteData^0,c
  7529   000F38  ECD1  F00F         	call	_SPI2_ByteExchange	;wreg free
  7530                           
  7531                           ;sdCard.c: 126:     SPI2_ByteExchange(0xFF);
  7532   000F3C  0E40               	movlw	64
  7533   000F3E  6E13               	movwf	SPI2_ByteExchange@byteData^0,c
  7534   000F40  ECD1  F00F         	call	_SPI2_ByteExchange	;wreg free
  7535                           
  7536                           ;sdCard.c: 127:     response = SPI2_ByteExchange(0xFF);
  7537   000F44  0E00               	movlw	0
  7538   000F46  6E13               	movwf	SPI2_ByteExchange@byteData^0,c
  7539   000F48  ECD1  F00F         	call	_SPI2_ByteExchange	;wreg free
  7540                           
  7541                           ;sdCard.c: 128:     do { LATBbits.LATB4 = 1; } while(0);
  7542   000F4C  0E00               	movlw	0
  7543   000F4E  6E13               	movwf	SPI2_ByteExchange@byteData^0,c
  7544   000F50  ECD1  F00F         	call	_SPI2_ByteExchange	;wreg free
  7545                           
  7546                           ;sdCard.c: 129:     if (verbose == 1) printf("CMD0, Reset Response: %x\r\n", response);
  7547   000F54  0E00               	movlw	0
  7548   000F56  6E13               	movwf	SPI2_ByteExchange@byteData^0,c
  7549   000F58  ECD1  F00F         	call	_SPI2_ByteExchange	;wreg free
  7550                           
  7551                           ;sdCard.c: 130: 
  7552   000F5C  0E00               	movlw	0
  7553   000F5E  6E13               	movwf	SPI2_ByteExchange@byteData^0,c
  7554   000F60  ECD1  F00F         	call	_SPI2_ByteExchange	;wreg free
  7555                           
  7556                           ;sdCard.c: 131: 
  7557   000F64  0E95               	movlw	149
  7558   000F66  6E13               	movwf	SPI2_ByteExchange@byteData^0,c
  7559   000F68  ECD1  F00F         	call	_SPI2_ByteExchange	;wreg free
  7560                           
  7561                           ;sdCard.c: 132: 
  7562   000F6C  0EFF               	movlw	255
  7563   000F6E  6E13               	movwf	SPI2_ByteExchange@byteData^0,c
  7564   000F70  ECD1  F00F         	call	_SPI2_ByteExchange	;wreg free
  7565                           
  7566                           ;sdCard.c: 133:     do {
  7567   000F74  0EFF               	movlw	255
  7568   000F76  6E13               	movwf	SPI2_ByteExchange@byteData^0,c
  7569   000F78  ECD1  F00F         	call	_SPI2_ByteExchange	;wreg free
  7570   000F7C  0100               	movlb	0	; () banked
  7571   000F7E  6F7A               	movwf	SDCARD_Initialize@response& (0+255),b
  7572   000F80                     
  7573                           ; BSR set to: 0
  7574   000F80  888A               	bsf	138,4,c	;volatile
  7575   000F82                     
  7576                           ; BSR set to: 0
  7577                           ;sdCard.c: 135:         SPI2_ByteExchange(0xFF);
  7578   000F82  0579               	decf	SDCARD_Initialize@verbose& (0+255),w,b
  7579   000F84  A4D8               	btfss	status,2,c
  7580   000F86  EFC7  F007         	goto	u3761
  7581   000F8A  EFC9  F007         	goto	u3760
  7582   000F8E                     u3761:
  7583   000F8E  EFD2  F007         	goto	l4823
  7584   000F92                     u3760:
  7585   000F92                     
  7586                           ; BSR set to: 0
  7587   000F92  0E38               	movlw	low STR_76
  7588   000F94  6F71               	movwf	printf@fmt& (0+255),b
  7589   000F96  0E7E               	movlw	high STR_76
  7590   000F98  6F72               	movwf	(printf@fmt+1)& (0+255),b
  7591   000F9A  C07A  F073         	movff	SDCARD_Initialize@response,?_printf+2
  7592   000F9E  6B74               	clrf	(?_printf+3)& (0+255),b
  7593   000FA0  EC86  F00F         	call	_printf	;wreg free
  7594   000FA4                     l4823:
  7595   000FA4  988A               	bcf	138,4,c	;volatile
  7596   000FA6                     
  7597                           ;sdCard.c: 141:         SPI2_ByteExchange(0xFF);
  7598   000FA6  0EFF               	movlw	255
  7599   000FA8  6E13               	movwf	SPI2_ByteExchange@byteData^0,c
  7600   000FAA  ECD1  F00F         	call	_SPI2_ByteExchange	;wreg free
  7601   000FAE                     
  7602                           ;sdCard.c: 142:         SPI2_ByteExchange(0xFF);
  7603   000FAE  0E41               	movlw	65
  7604   000FB0  6E13               	movwf	SPI2_ByteExchange@byteData^0,c
  7605   000FB2  ECD1  F00F         	call	_SPI2_ByteExchange	;wreg free
  7606   000FB6                     
  7607                           ;sdCard.c: 143:         response = SPI2_ByteExchange(0xFF);
  7608   000FB6  0E00               	movlw	0
  7609   000FB8  6E13               	movwf	SPI2_ByteExchange@byteData^0,c
  7610   000FBA  ECD1  F00F         	call	_SPI2_ByteExchange	;wreg free
  7611   000FBE                     
  7612                           ;sdCard.c: 144:         do { LATBbits.LATB4 = 1; } while(0);
  7613   000FBE  0E00               	movlw	0
  7614   000FC0  6E13               	movwf	SPI2_ByteExchange@byteData^0,c
  7615   000FC2  ECD1  F00F         	call	_SPI2_ByteExchange	;wreg free
  7616   000FC6                     
  7617                           ;sdCard.c: 145:     } while (response != 0);
  7618   000FC6  0E00               	movlw	0
  7619   000FC8  6E13               	movwf	SPI2_ByteExchange@byteData^0,c
  7620   000FCA  ECD1  F00F         	call	_SPI2_ByteExchange	;wreg free
  7621   000FCE                     
  7622                           ;sdCard.c: 146:     if (verbose == 1) printf("CMD1, Init Response: %x\r\n", response);
  7623   000FCE  0E00               	movlw	0
  7624   000FD0  6E13               	movwf	SPI2_ByteExchange@byteData^0,c
  7625   000FD2  ECD1  F00F         	call	_SPI2_ByteExchange	;wreg free
  7626   000FD6                     
  7627                           ;sdCard.c: 147: 
  7628   000FD6  0EFF               	movlw	255
  7629   000FD8  6E13               	movwf	SPI2_ByteExchange@byteData^0,c
  7630   000FDA  ECD1  F00F         	call	_SPI2_ByteExchange	;wreg free
  7631   000FDE                     
  7632                           ;sdCard.c: 148: 
  7633   000FDE  0EFF               	movlw	255
  7634   000FE0  6E13               	movwf	SPI2_ByteExchange@byteData^0,c
  7635   000FE2  ECD1  F00F         	call	_SPI2_ByteExchange	;wreg free
  7636   000FE6                     
  7637                           ;sdCard.c: 149: 
  7638   000FE6  0EFF               	movlw	255
  7639   000FE8  6E13               	movwf	SPI2_ByteExchange@byteData^0,c
  7640   000FEA  ECD1  F00F         	call	_SPI2_ByteExchange	;wreg free
  7641   000FEE  0100               	movlb	0	; () banked
  7642   000FF0  6F7A               	movwf	SDCARD_Initialize@response& (0+255),b
  7643   000FF2                     
  7644                           ; BSR set to: 0
  7645   000FF2  888A               	bsf	138,4,c	;volatile
  7646   000FF4                     
  7647                           ; BSR set to: 0
  7648                           ;sdCard.c: 151:         do { LATBbits.LATB4 = 0; } while(0);
  7649   000FF4  517A               	movf	SDCARD_Initialize@response& (0+255),w,b
  7650   000FF6  A4D8               	btfss	status,2,c
  7651   000FF8  EF00  F008         	goto	u3771
  7652   000FFC  EF02  F008         	goto	u3770
  7653   001000                     u3771:
  7654   001000  EFD2  F007         	goto	l4823
  7655   001004                     u3770:
  7656   001004                     
  7657                           ; BSR set to: 0
  7658                           ;sdCard.c: 152:         SPI2_ByteExchange(0xFF);
  7659   001004  0579               	decf	SDCARD_Initialize@verbose& (0+255),w,b
  7660   001006  A4D8               	btfss	status,2,c
  7661   001008  EF08  F008         	goto	u3781
  7662   00100C  EF0A  F008         	goto	u3780
  7663   001010                     u3781:
  7664   001010  EF13  F008         	goto	l4851
  7665   001014                     u3780:
  7666   001014                     
  7667                           ; BSR set to: 0
  7668   001014  0E53               	movlw	low STR_77
  7669   001016  6F71               	movwf	printf@fmt& (0+255),b
  7670   001018  0E7E               	movlw	high STR_77
  7671   00101A  6F72               	movwf	(printf@fmt+1)& (0+255),b
  7672   00101C  C07A  F073         	movff	SDCARD_Initialize@response,?_printf+2
  7673   001020  6B74               	clrf	(?_printf+3)& (0+255),b
  7674   001022  EC86  F00F         	call	_printf	;wreg free
  7675   001026                     l4851:
  7676   001026  988A               	bcf	138,4,c	;volatile
  7677   001028                     
  7678                           ;sdCard.c: 158:         SPI2_ByteExchange(0xFF);
  7679   001028  0EFF               	movlw	255
  7680   00102A  6E13               	movwf	SPI2_ByteExchange@byteData^0,c
  7681   00102C  ECD1  F00F         	call	_SPI2_ByteExchange	;wreg free
  7682   001030                     
  7683                           ;sdCard.c: 159:         SPI2_ByteExchange(0xFF);
  7684   001030  0E50               	movlw	80
  7685   001032  6E13               	movwf	SPI2_ByteExchange@byteData^0,c
  7686   001034  ECD1  F00F         	call	_SPI2_ByteExchange	;wreg free
  7687   001038                     
  7688                           ;sdCard.c: 160:         response = SPI2_ByteExchange(0xFF);
  7689   001038  0E00               	movlw	0
  7690   00103A  6E13               	movwf	SPI2_ByteExchange@byteData^0,c
  7691   00103C  ECD1  F00F         	call	_SPI2_ByteExchange	;wreg free
  7692   001040                     
  7693                           ;sdCard.c: 161:         do { LATBbits.LATB4 = 1; } while(0);
  7694   001040  0E00               	movlw	0
  7695   001042  6E13               	movwf	SPI2_ByteExchange@byteData^0,c
  7696   001044  ECD1  F00F         	call	_SPI2_ByteExchange	;wreg free
  7697   001048                     
  7698                           ;sdCard.c: 162:     } while (response == 0xFF);
  7699   001048  0E02               	movlw	2
  7700   00104A  6E13               	movwf	SPI2_ByteExchange@byteData^0,c
  7701   00104C  ECD1  F00F         	call	_SPI2_ByteExchange	;wreg free
  7702   001050                     
  7703                           ;sdCard.c: 163:     if (verbose == 1) printf("Block Length Response: %x\r\n", response);
  7704   001050  0E00               	movlw	0
  7705   001052  6E13               	movwf	SPI2_ByteExchange@byteData^0,c
  7706   001054  ECD1  F00F         	call	_SPI2_ByteExchange	;wreg free
  7707   001058                     
  7708                           ;sdCard.c: 164: 
  7709   001058  0EFF               	movlw	255
  7710   00105A  6E13               	movwf	SPI2_ByteExchange@byteData^0,c
  7711   00105C  ECD1  F00F         	call	_SPI2_ByteExchange	;wreg free
  7712   001060                     
  7713                           ;sdCard.c: 165: }
  7714   001060  0EFF               	movlw	255
  7715   001062  6E13               	movwf	SPI2_ByteExchange@byteData^0,c
  7716   001064  ECD1  F00F         	call	_SPI2_ByteExchange	;wreg free
  7717   001068                     
  7718                           ;sdCard.c: 166: 
  7719   001068  0EFF               	movlw	255
  7720   00106A  6E13               	movwf	SPI2_ByteExchange@byteData^0,c
  7721   00106C  ECD1  F00F         	call	_SPI2_ByteExchange	;wreg free
  7722   001070  0100               	movlb	0	; () banked
  7723   001072  6F7A               	movwf	SDCARD_Initialize@response& (0+255),b
  7724   001074                     
  7725                           ; BSR set to: 0
  7726   001074  888A               	bsf	138,4,c	;volatile
  7727   001076                     
  7728                           ; BSR set to: 0
  7729                           ;sdCard.c: 168: 
  7730   001076  297A               	incf	SDCARD_Initialize@response& (0+255),w,b
  7731   001078  B4D8               	btfsc	status,2,c
  7732   00107A  EF41  F008         	goto	u3791
  7733   00107E  EF43  F008         	goto	u3790
  7734   001082                     u3791:
  7735   001082  EF13  F008         	goto	l4851
  7736   001086                     u3790:
  7737   001086                     
  7738                           ; BSR set to: 0
  7739                           ;sdCard.c: 169: 
  7740   001086  0579               	decf	SDCARD_Initialize@verbose& (0+255),w,b
  7741   001088  A4D8               	btfss	status,2,c
  7742   00108A  EF49  F008         	goto	u3801
  7743   00108E  EF4B  F008         	goto	u3800
  7744   001092                     u3801:
  7745   001092  EF54  F008         	goto	l850
  7746   001096                     u3800:
  7747   001096                     
  7748                           ; BSR set to: 0
  7749   001096  0E00               	movlw	low STR_78
  7750   001098  6F71               	movwf	printf@fmt& (0+255),b
  7751   00109A  0E7E               	movlw	high STR_78
  7752   00109C  6F72               	movwf	(printf@fmt+1)& (0+255),b
  7753   00109E  C07A  F073         	movff	SDCARD_Initialize@response,?_printf+2
  7754   0010A2  6B74               	clrf	(?_printf+3)& (0+255),b
  7755   0010A4  EC86  F00F         	call	_printf	;wreg free
  7756   0010A8                     l850:
  7757   0010A8  0012               	return		;funcret
  7758   0010AA                     __end_of_SDCARD_Initialize:
  7759                           	callstack 0
  7760                           
  7761 ;; *************** function _hexDumpBuffer *****************
  7762 ;; Defined at:
  7763 ;;		line 179 in file "sdCard.c"
  7764 ;; Parameters:    Size  Location     Type
  7765 ;;  sdCardBuffer    2   23[BANK0 ] PTR unsigned char 
  7766 ;;		 -> blueBuffer(512), 
  7767 ;; Auto vars:     Size  Location     Type
  7768 ;;  j               2   27[BANK0 ] int 
  7769 ;;  j               2   29[BANK0 ] int 
  7770 ;;  i               2   31[BANK0 ] unsigned short 
  7771 ;; Return value:  Size  Location     Type
  7772 ;;                  1    wreg      void 
  7773 ;; Registers used:
  7774 ;;		wreg, fsr1l, fsr1h, fsr2l, fsr2h, status,2, status,0, tblptrl, tblptrh, tblptru, prodl, prodh, cstack
  7775 ;; Tracked objects:
  7776 ;;		On entry : 0/0
  7777 ;;		On exit  : 0/0
  7778 ;;		Unchanged: 0/0
  7779 ;; Data sizes:     COMRAM   BANK0   BANK1   BANK2   BANK3   BANK4   BANK5
  7780 ;;      Params:         0       2       0       0       0       0       0
  7781 ;;      Locals:         0       6       0       0       0       0       0
  7782 ;;      Temps:          0       2       0       0       0       0       0
  7783 ;;      Totals:         0      10       0       0       0       0       0
  7784 ;;Total ram usage:       10 bytes
  7785 ;; Hardware stack levels used: 1
  7786 ;; Hardware stack levels required when called: 5
  7787 ;; This function calls:
  7788 ;;		_printf
  7789 ;; This function is called by:
  7790 ;;		_main
  7791 ;; This function uses a non-reentrant model
  7792 ;;
  7793                           
  7794                           	psect	text5
  7795   000D12                     __ptext5:
  7796                           	callstack 0
  7797   000D12                     _hexDumpBuffer:
  7798                           	callstack 25
  7799   000D12                     
  7800                           ;sdCard.c: 181:         if (i != 0 && i % 16 == 0) {;sdCard.c: 183:             for (int
      +                           j = i - 16; j < i; j++) {
  7801   000D12  0EF6               	movlw	low STR_79
  7802   000D14  0100               	movlb	0	; () banked
  7803   000D16  6F71               	movwf	printf@fmt& (0+255),b
  7804   000D18  0E7F               	movlw	high STR_79
  7805   000D1A  6F72               	movwf	(printf@fmt+1)& (0+255),b
  7806   000D1C  EC86  F00F         	call	_printf	;wreg free
  7807   000D20                     
  7808                           ;sdCard.c: 185:                     printf(".");
  7809   000D20  0100               	movlb	0	; () banked
  7810   000D22  6B80               	clrf	(hexDumpBuffer@i+1)& (0+255),b
  7811   000D24  0E00               	movlw	0
  7812   000D26  6F7F               	movwf	hexDumpBuffer@i& (0+255),b
  7813   000D28                     l4893:
  7814                           
  7815                           ; BSR set to: 0
  7816                           ;sdCard.c: 186:                 } else {
  7817   000D28  517F               	movf	hexDumpBuffer@i& (0+255),w,b
  7818   000D2A  1180               	iorwf	(hexDumpBuffer@i+1)& (0+255),w,b
  7819   000D2C  B4D8               	btfsc	status,2,c
  7820   000D2E  EF9B  F006         	goto	u3811
  7821   000D32  EF9D  F006         	goto	u3810
  7822   000D36                     u3811:
  7823   000D36  EFB2  F006         	goto	l4899
  7824   000D3A                     u3810:
  7825   000D3A                     
  7826                           ; BSR set to: 0
  7827   000D3A  0E07               	movlw	7
  7828   000D3C  157F               	andwf	hexDumpBuffer@i& (0+255),w,b
  7829   000D3E  6F79               	movwf	??_hexDumpBuffer& (0+255),b
  7830   000D40  0E00               	movlw	0
  7831   000D42  1580               	andwf	(hexDumpBuffer@i+1)& (0+255),w,b
  7832   000D44  6F7A               	movwf	(??_hexDumpBuffer+1)& (0+255),b
  7833   000D46  5179               	movf	??_hexDumpBuffer& (0+255),w,b
  7834   000D48  117A               	iorwf	(??_hexDumpBuffer+1)& (0+255),w,b
  7835   000D4A  A4D8               	btfss	status,2,c
  7836   000D4C  EFAA  F006         	goto	u3821
  7837   000D50  EFAC  F006         	goto	u3820
  7838   000D54                     u3821:
  7839   000D54  EFB2  F006         	goto	l4899
  7840   000D58                     u3820:
  7841   000D58                     
  7842                           ; BSR set to: 0
  7843   000D58  0E74               	movlw	low (STR_41+15)
  7844   000D5A  6F71               	movwf	printf@fmt& (0+255),b
  7845   000D5C  0E7F               	movlw	high (STR_41+15)
  7846   000D5E  6F72               	movwf	(printf@fmt+1)& (0+255),b
  7847   000D60  EC86  F00F         	call	_printf	;wreg free
  7848   000D64                     l4899:
  7849                           
  7850                           ;sdCard.c: 187:                     printf("%c", sdCardBuffer[j]);
  7851   000D64  0100               	movlb	0	; () banked
  7852   000D66  517F               	movf	hexDumpBuffer@i& (0+255),w,b
  7853   000D68  1180               	iorwf	(hexDumpBuffer@i+1)& (0+255),w,b
  7854   000D6A  B4D8               	btfsc	status,2,c
  7855   000D6C  EFBA  F006         	goto	u3831
  7856   000D70  EFBC  F006         	goto	u3830
  7857   000D74                     u3831:
  7858   000D74  EF15  F007         	goto	l856
  7859   000D78                     u3830:
  7860   000D78                     
  7861                           ; BSR set to: 0
  7862   000D78  0E0F               	movlw	15
  7863   000D7A  157F               	andwf	hexDumpBuffer@i& (0+255),w,b
  7864   000D7C  6F79               	movwf	??_hexDumpBuffer& (0+255),b
  7865   000D7E  0E00               	movlw	0
  7866   000D80  1580               	andwf	(hexDumpBuffer@i+1)& (0+255),w,b
  7867   000D82  6F7A               	movwf	(??_hexDumpBuffer+1)& (0+255),b
  7868   000D84  5179               	movf	??_hexDumpBuffer& (0+255),w,b
  7869   000D86  117A               	iorwf	(??_hexDumpBuffer+1)& (0+255),w,b
  7870   000D88  A4D8               	btfss	status,2,c
  7871   000D8A  EFC9  F006         	goto	u3841
  7872   000D8E  EFCB  F006         	goto	u3840
  7873   000D92                     u3841:
  7874   000D92  EF15  F007         	goto	l856
  7875   000D96                     u3840:
  7876   000D96                     
  7877                           ; BSR set to: 0
  7878                           ;sdCard.c: 188:                 }
  7879   000D96  0E73               	movlw	low (STR_41+14)
  7880   000D98  6F71               	movwf	printf@fmt& (0+255),b
  7881   000D9A  0E7F               	movlw	high (STR_41+14)
  7882   000D9C  6F72               	movwf	(printf@fmt+1)& (0+255),b
  7883   000D9E  EC86  F00F         	call	_printf	;wreg free
  7884   000DA2                     
  7885                           ;sdCard.c: 189:             }
  7886   000DA2  0EF0               	movlw	240
  7887   000DA4  0100               	movlb	0	; () banked
  7888   000DA6  257F               	addwf	hexDumpBuffer@i& (0+255),w,b
  7889   000DA8  6F7B               	movwf	hexDumpBuffer@j& (0+255),b
  7890   000DAA  0EFF               	movlw	255
  7891   000DAC  2180               	addwfc	(hexDumpBuffer@i+1)& (0+255),w,b
  7892   000DAE  6F7C               	movwf	(hexDumpBuffer@j+1)& (0+255),b
  7893   000DB0  EF04  F007         	goto	l4915
  7894   000DB4                     l4907:
  7895                           
  7896                           ; BSR set to: 0
  7897                           ;sdCard.c: 190:             printf("\r\n");
  7898   000DB4  517B               	movf	hexDumpBuffer@j& (0+255),w,b
  7899   000DB6  2577               	addwf	hexDumpBuffer@sdCardBuffer& (0+255),w,b
  7900   000DB8  6ED9               	movwf	fsr2l,c
  7901   000DBA  517C               	movf	(hexDumpBuffer@j+1)& (0+255),w,b
  7902   000DBC  2178               	addwfc	(hexDumpBuffer@sdCardBuffer+1)& (0+255),w,b
  7903   000DBE  6EDA               	movwf	fsr2h,c
  7904   000DC0  0E20               	movlw	32
  7905   000DC2  60DF               	cpfslt	indf2,c
  7906   000DC4  EFE6  F006         	goto	u3851
  7907   000DC8  EFE8  F006         	goto	u3850
  7908   000DCC                     u3851:
  7909   000DCC  EFF0  F006         	goto	l4911
  7910   000DD0                     u3850:
  7911   000DD0                     
  7912                           ; BSR set to: 0
  7913                           ;sdCard.c: 191:         }
  7914   000DD0  0E85               	movlw	low (STR_57+15)
  7915   000DD2  6F71               	movwf	printf@fmt& (0+255),b
  7916   000DD4  0E7F               	movlw	high (STR_57+15)
  7917   000DD6  6F72               	movwf	(printf@fmt+1)& (0+255),b
  7918   000DD8  EC86  F00F         	call	_printf	;wreg free
  7919                           
  7920                           ;sdCard.c: 192: 
  7921   000DDC  EF01  F007         	goto	l4913
  7922   000DE0                     l4911:
  7923                           
  7924                           ; BSR set to: 0
  7925                           ;sdCard.c: 193:         printf("%02x ", sdCardBuffer[i]);
  7926   000DE0  0EFA               	movlw	low STR_83
  7927   000DE2  6F71               	movwf	printf@fmt& (0+255),b
  7928   000DE4  0E7F               	movlw	high STR_83
  7929   000DE6  6F72               	movwf	(printf@fmt+1)& (0+255),b
  7930   000DE8  517B               	movf	hexDumpBuffer@j& (0+255),w,b
  7931   000DEA  2577               	addwf	hexDumpBuffer@sdCardBuffer& (0+255),w,b
  7932   000DEC  6ED9               	movwf	fsr2l,c
  7933   000DEE  517C               	movf	(hexDumpBuffer@j+1)& (0+255),w,b
  7934   000DF0  2178               	addwfc	(hexDumpBuffer@sdCardBuffer+1)& (0+255),w,b
  7935   000DF2  6EDA               	movwf	fsr2h,c
  7936   000DF4  50DF               	movf	indf2,w,c
  7937   000DF6  6F79               	movwf	??_hexDumpBuffer& (0+255),b
  7938   000DF8  5179               	movf	??_hexDumpBuffer& (0+255),w,b
  7939   000DFA  6F73               	movwf	(?_printf+2)& (0+255),b
  7940   000DFC  6B74               	clrf	(?_printf+3)& (0+255),b
  7941   000DFE  EC86  F00F         	call	_printf	;wreg free
  7942   000E02                     l4913:
  7943                           
  7944                           ;sdCard.c: 195: 
  7945   000E02  0100               	movlb	0	; () banked
  7946   000E04  4B7B               	infsnz	hexDumpBuffer@j& (0+255),f,b
  7947   000E06  2B7C               	incf	(hexDumpBuffer@j+1)& (0+255),f,b
  7948   000E08                     l4915:
  7949                           
  7950                           ; BSR set to: 0
  7951   000E08  517F               	movf	hexDumpBuffer@i& (0+255),w,b
  7952   000E0A  5D7B               	subwf	hexDumpBuffer@j& (0+255),w,b
  7953   000E0C  5180               	movf	(hexDumpBuffer@i+1)& (0+255),w,b
  7954   000E0E  597C               	subwfb	(hexDumpBuffer@j+1)& (0+255),w,b
  7955   000E10  A0D8               	btfss	status,0,c
  7956   000E12  EF0D  F007         	goto	u3861
  7957   000E16  EF0F  F007         	goto	u3860
  7958   000E1A                     u3861:
  7959   000E1A  EFDA  F006         	goto	l4907
  7960   000E1E                     u3860:
  7961   000E1E                     
  7962                           ; BSR set to: 0
  7963                           ;sdCard.c: 196:     printf("   ");
  7964   000E1E  0EF9               	movlw	low (STR_69+46)
  7965   000E20  6F71               	movwf	printf@fmt& (0+255),b
  7966   000E22  0E7B               	movlw	high (STR_69+46)
  7967   000E24  6F72               	movwf	(printf@fmt+1)& (0+255),b
  7968   000E26  EC86  F00F         	call	_printf	;wreg free
  7969   000E2A                     l856:
  7970                           
  7971                           ;sdCard.c: 199:             printf(".");
  7972   000E2A  0EE6               	movlw	low STR_85
  7973   000E2C  0100               	movlb	0	; () banked
  7974   000E2E  6F71               	movwf	printf@fmt& (0+255),b
  7975   000E30  0E7F               	movlw	high STR_85
  7976   000E32  6F72               	movwf	(printf@fmt+1)& (0+255),b
  7977   000E34  517F               	movf	hexDumpBuffer@i& (0+255),w,b
  7978   000E36  2577               	addwf	hexDumpBuffer@sdCardBuffer& (0+255),w,b
  7979   000E38  6ED9               	movwf	fsr2l,c
  7980   000E3A  5180               	movf	(hexDumpBuffer@i+1)& (0+255),w,b
  7981   000E3C  2178               	addwfc	(hexDumpBuffer@sdCardBuffer+1)& (0+255),w,b
  7982   000E3E  6EDA               	movwf	fsr2h,c
  7983   000E40  50DF               	movf	indf2,w,c
  7984   000E42  6F79               	movwf	??_hexDumpBuffer& (0+255),b
  7985   000E44  5179               	movf	??_hexDumpBuffer& (0+255),w,b
  7986   000E46  6F73               	movwf	(?_printf+2)& (0+255),b
  7987   000E48  6B74               	clrf	(?_printf+3)& (0+255),b
  7988   000E4A  EC86  F00F         	call	_printf	;wreg free
  7989   000E4E                     
  7990                           ;sdCard.c: 200:         } else {
  7991   000E4E  0100               	movlb	0	; () banked
  7992   000E50  4B7F               	infsnz	hexDumpBuffer@i& (0+255),f,b
  7993   000E52  2B80               	incf	(hexDumpBuffer@i+1)& (0+255),f,b
  7994   000E54                     
  7995                           ; BSR set to: 0
  7996   000E54  0E02               	movlw	2
  7997   000E56  5D80               	subwf	(hexDumpBuffer@i+1)& (0+255),w,b
  7998   000E58  A0D8               	btfss	status,0,c
  7999   000E5A  EF31  F007         	goto	u3871
  8000   000E5E  EF33  F007         	goto	u3870
  8001   000E62                     u3871:
  8002   000E62  EF94  F006         	goto	l4893
  8003   000E66                     u3870:
  8004   000E66                     
  8005                           ; BSR set to: 0
  8006                           ;sdCard.c: 202:         }
  8007   000E66  0E72               	movlw	low (STR_41+13)
  8008   000E68  6F71               	movwf	printf@fmt& (0+255),b
  8009   000E6A  0E7F               	movlw	high (STR_41+13)
  8010   000E6C  6F72               	movwf	(printf@fmt+1)& (0+255),b
  8011   000E6E  EC86  F00F         	call	_printf	;wreg free
  8012   000E72                     
  8013                           ;sdCard.c: 203:     }
  8014   000E72  0EF0               	movlw	240
  8015   000E74  0100               	movlb	0	; () banked
  8016   000E76  257F               	addwf	hexDumpBuffer@i& (0+255),w,b
  8017   000E78  6F7D               	movwf	hexDumpBuffer@j_2178& (0+255),b
  8018   000E7A  0EFF               	movlw	255
  8019   000E7C  2180               	addwfc	(hexDumpBuffer@i+1)& (0+255),w,b
  8020   000E7E  6F7E               	movwf	(hexDumpBuffer@j_2178+1)& (0+255),b
  8021   000E80  EF6C  F007         	goto	l4935
  8022   000E84                     l4927:
  8023                           
  8024                           ; BSR set to: 0
  8025                           ;sdCard.c: 204:     printf("\r\n");
  8026   000E84  517D               	movf	hexDumpBuffer@j_2178& (0+255),w,b
  8027   000E86  2577               	addwf	hexDumpBuffer@sdCardBuffer& (0+255),w,b
  8028   000E88  6ED9               	movwf	fsr2l,c
  8029   000E8A  517E               	movf	(hexDumpBuffer@j_2178+1)& (0+255),w,b
  8030   000E8C  2178               	addwfc	(hexDumpBuffer@sdCardBuffer+1)& (0+255),w,b
  8031   000E8E  6EDA               	movwf	fsr2h,c
  8032   000E90  0E20               	movlw	32
  8033   000E92  60DF               	cpfslt	indf2,c
  8034   000E94  EF4E  F007         	goto	u3881
  8035   000E98  EF50  F007         	goto	u3880
  8036   000E9C                     u3881:
  8037   000E9C  EF58  F007         	goto	l4931
  8038   000EA0                     u3880:
  8039   000EA0                     
  8040                           ; BSR set to: 0
  8041                           ;sdCard.c: 205: }
  8042   000EA0  0E85               	movlw	low (STR_57+15)
  8043   000EA2  6F71               	movwf	printf@fmt& (0+255),b
  8044   000EA4  0E7F               	movlw	high (STR_57+15)
  8045   000EA6  6F72               	movwf	(printf@fmt+1)& (0+255),b
  8046   000EA8  EC86  F00F         	call	_printf	;wreg free
  8047   000EAC  EF69  F007         	goto	l4933
  8048   000EB0                     l4931:
  8049                           
  8050                           ; BSR set to: 0
  8051   000EB0  0EFA               	movlw	low STR_83
  8052   000EB2  6F71               	movwf	printf@fmt& (0+255),b
  8053   000EB4  0E7F               	movlw	high STR_83
  8054   000EB6  6F72               	movwf	(printf@fmt+1)& (0+255),b
  8055   000EB8  517D               	movf	hexDumpBuffer@j_2178& (0+255),w,b
  8056   000EBA  2577               	addwf	hexDumpBuffer@sdCardBuffer& (0+255),w,b
  8057   000EBC  6ED9               	movwf	fsr2l,c
  8058   000EBE  517E               	movf	(hexDumpBuffer@j_2178+1)& (0+255),w,b
  8059   000EC0  2178               	addwfc	(hexDumpBuffer@sdCardBuffer+1)& (0+255),w,b
  8060   000EC2  6EDA               	movwf	fsr2h,c
  8061   000EC4  50DF               	movf	indf2,w,c
  8062   000EC6  6F79               	movwf	??_hexDumpBuffer& (0+255),b
  8063   000EC8  5179               	movf	??_hexDumpBuffer& (0+255),w,b
  8064   000ECA  6F73               	movwf	(?_printf+2)& (0+255),b
  8065   000ECC  6B74               	clrf	(?_printf+3)& (0+255),b
  8066   000ECE  EC86  F00F         	call	_printf	;wreg free
  8067   000ED2                     l4933:
  8068   000ED2  0100               	movlb	0	; () banked
  8069   000ED4  4B7D               	infsnz	hexDumpBuffer@j_2178& (0+255),f,b
  8070   000ED6  2B7E               	incf	(hexDumpBuffer@j_2178+1)& (0+255),f,b
  8071   000ED8                     l4935:
  8072                           
  8073                           ; BSR set to: 0
  8074   000ED8  517F               	movf	hexDumpBuffer@i& (0+255),w,b
  8075   000EDA  5D7D               	subwf	hexDumpBuffer@j_2178& (0+255),w,b
  8076   000EDC  5180               	movf	(hexDumpBuffer@i+1)& (0+255),w,b
  8077   000EDE  597E               	subwfb	(hexDumpBuffer@j_2178+1)& (0+255),w,b
  8078   000EE0  A0D8               	btfss	status,0,c
  8079   000EE2  EF75  F007         	goto	u3891
  8080   000EE6  EF77  F007         	goto	u3890
  8081   000EEA                     u3891:
  8082   000EEA  EF42  F007         	goto	l4927
  8083   000EEE                     u3890:
  8084   000EEE                     
  8085                           ; BSR set to: 0
  8086   000EEE  0EF9               	movlw	low (STR_69+46)
  8087   000EF0  6F71               	movwf	printf@fmt& (0+255),b
  8088   000EF2  0E7B               	movlw	high (STR_69+46)
  8089   000EF4  6F72               	movwf	(printf@fmt+1)& (0+255),b
  8090   000EF6  EC86  F00F         	call	_printf	;wreg free
  8091   000EFA  0012               	return		;funcret
  8092   000EFC                     __end_of_hexDumpBuffer:
  8093                           	callstack 0
  8094                           
  8095 ;; *************** function _printf *****************
  8096 ;; Defined at:
  8097 ;;		line 5 in file "/opt/microchip/xc8/v3.10/pic/sources/c99/common/printf.c"
  8098 ;; Parameters:    Size  Location     Type
  8099 ;;  fmt             2   17[BANK0 ] PTR const unsigned char 
  8100 ;;		 -> STR_89(3), STR_88(3), STR_87(2), STR_86(4), 
  8101 ;;		 -> STR_85(6), STR_84(3), STR_83(3), STR_82(2), 
  8102 ;;		 -> STR_81(3), STR_80(2), STR_79(4), STR_78(28), 
  8103 ;;		 -> STR_77(26), STR_76(27), STR_75(17), STR_74(16), 
  8104 ;;		 -> STR_73(32), STR_72(18), STR_71(29), STR_70(58), 
  8105 ;;		 -> STR_69(49), STR_68(5), STR_67(25), STR_66(14), 
  8106 ;;		 -> STR_65(73), STR_64(46), STR_63(18), STR_62(29), 
  8107 ;;		 -> STR_61(58), STR_60(68), STR_59(58), STR_58(19), 
  8108 ;;		 -> STR_57(17), STR_56(78), STR_55(41), STR_54(32), 
  8109 ;;		 -> STR_53(3), STR_52(5), STR_51(2), STR_50(5), 
  8110 ;;		 -> STR_49(17), STR_48(15), STR_47(38), STR_46(23), 
  8111 ;;		 -> STR_45(3), STR_44(5), STR_43(2), STR_42(5), 
  8112 ;;		 -> STR_41(17), STR_40(43), STR_39(38), STR_38(31), 
  8113 ;;		 -> STR_37(3), STR_36(5), STR_35(2), STR_34(5), 
  8114 ;;		 -> STR_33(19), STR_32(20), STR_31(28), STR_30(20), 
  8115 ;;		 -> STR_29(30), STR_28(2), STR_27(2), STR_26(8), 
  8116 ;;		 -> STR_25(52), STR_24(32), STR_23(44), STR_22(50), 
  8117 ;;		 -> STR_21(52), STR_20(52), STR_19(43), STR_18(37), 
  8118 ;;		 -> STR_17(52), STR_16(24), STR_15(52), STR_14(24), 
  8119 ;;		 -> STR_13(21), STR_12(7), STR_11(15), STR_10(52), 
  8120 ;;		 -> STR_9(3), STR_8(5), STR_7(2), STR_6(5), 
  8121 ;;		 -> STR_5(19), STR_4(54), STR_3(9), STR_2(18), 
  8122 ;;		 -> STR_1(11), 
  8123 ;; Auto vars:     Size  Location     Type
  8124 ;;  ret             2    0        int 
  8125 ;;  ap              1   59[COMRAM] PTR void [1]
  8126 ;;		 -> ?_printf(2), 
  8127 ;; Return value:  Size  Location     Type
  8128 ;;                  2   17[BANK0 ] int 
  8129 ;; Registers used:
  8130 ;;		wreg, fsr1l, fsr1h, fsr2l, fsr2h, status,2, status,0, tblptrl, tblptrh, tblptru, prodl, prodh, cstack
  8131 ;; Tracked objects:
  8132 ;;		On entry : 0/0
  8133 ;;		On exit  : 0/0
  8134 ;;		Unchanged: 0/0
  8135 ;; Data sizes:     COMRAM   BANK0   BANK1   BANK2   BANK3   BANK4   BANK5
  8136 ;;      Params:         0       6       0       0       0       0       0
  8137 ;;      Locals:         1       0       0       0       0       0       0
  8138 ;;      Temps:          0       0       0       0       0       0       0
  8139 ;;      Totals:         1       6       0       0       0       0       0
  8140 ;;Total ram usage:        7 bytes
  8141 ;; Hardware stack levels used: 1
  8142 ;; Hardware stack levels required when called: 4
  8143 ;; This function calls:
  8144 ;;		_vfprintf
  8145 ;; This function is called by:
  8146 ;;		_main
  8147 ;;		_SDCARD_Initialize
  8148 ;;		_hexDumpBuffer
  8149 ;; This function uses a non-reentrant model
  8150 ;;
  8151                           
  8152                           	psect	text6
  8153   001F0C                     __ptext6:
  8154                           	callstack 0
  8155   001F0C                     _printf:
  8156                           	callstack 24
  8157   001F0C  0E73               	movlw	low (?_printf+2)
  8158   001F0E  6E3D               	movwf	printf@ap^0,c
  8159   001F10  0E00               	movlw	0
  8160   001F12  0100               	movlb	0	; () banked
  8161   001F14  6F6A               	movwf	vfprintf@fp& (0+255),b
  8162   001F16  0E00               	movlw	0
  8163   001F18  6F6B               	movwf	(vfprintf@fp+1)& (0+255),b
  8164   001F1A  C071  F06C         	movff	printf@fmt,vfprintf@fmt
  8165   001F1E  C072  F06D         	movff	printf@fmt+1,vfprintf@fmt+1
  8166   001F22  0E3D               	movlw	low printf@ap
  8167   001F24  6F6E               	movwf	vfprintf@ap& (0+255),b
  8168   001F26  EC34  F00E         	call	_vfprintf	;wreg free
  8169   001F2A  0012               	return		;funcret
  8170   001F2C                     __end_of_printf:
  8171                           	callstack 0
  8172                           
  8173 ;; *************** function _vfprintf *****************
  8174 ;; Defined at:
  8175 ;;		line 1817 in file "/opt/microchip/xc8/v3.10/pic/sources/c99/common/doprnt.c"
  8176 ;; Parameters:    Size  Location     Type
  8177 ;;  fp              2   10[BANK0 ] PTR struct _IO_FILE
  8178 ;;		 -> NULL(0), 
  8179 ;;  fmt             2   12[BANK0 ] PTR const unsigned char 
  8180 ;;		 -> STR_89(3), STR_88(3), STR_87(2), STR_86(4), 
  8181 ;;		 -> STR_85(6), STR_84(3), STR_83(3), STR_82(2), 
  8182 ;;		 -> STR_81(3), STR_80(2), STR_79(4), STR_78(28), 
  8183 ;;		 -> STR_77(26), STR_76(27), STR_75(17), STR_74(16), 
  8184 ;;		 -> STR_73(32), STR_72(18), STR_71(29), STR_70(58), 
  8185 ;;		 -> STR_69(49), STR_68(5), STR_67(25), STR_66(14), 
  8186 ;;		 -> STR_65(73), STR_64(46), STR_63(18), STR_62(29), 
  8187 ;;		 -> STR_61(58), STR_60(68), STR_59(58), STR_58(19), 
  8188 ;;		 -> STR_57(17), STR_56(78), STR_55(41), STR_54(32), 
  8189 ;;		 -> STR_53(3), STR_52(5), STR_51(2), STR_50(5), 
  8190 ;;		 -> STR_49(17), STR_48(15), STR_47(38), STR_46(23), 
  8191 ;;		 -> STR_45(3), STR_44(5), STR_43(2), STR_42(5), 
  8192 ;;		 -> STR_41(17), STR_40(43), STR_39(38), STR_38(31), 
  8193 ;;		 -> STR_37(3), STR_36(5), STR_35(2), STR_34(5), 
  8194 ;;		 -> STR_33(19), STR_32(20), STR_31(28), STR_30(20), 
  8195 ;;		 -> STR_29(30), STR_28(2), STR_27(2), STR_26(8), 
  8196 ;;		 -> STR_25(52), STR_24(32), STR_23(44), STR_22(50), 
  8197 ;;		 -> STR_21(52), STR_20(52), STR_19(43), STR_18(37), 
  8198 ;;		 -> STR_17(52), STR_16(24), STR_15(52), STR_14(24), 
  8199 ;;		 -> STR_13(21), STR_12(7), STR_11(15), STR_10(52), 
  8200 ;;		 -> STR_9(3), STR_8(5), STR_7(2), STR_6(5), 
  8201 ;;		 -> STR_5(19), STR_4(54), STR_3(9), STR_2(18), 
  8202 ;;		 -> STR_1(11), 
  8203 ;;  ap              1   14[BANK0 ] PTR PTR void 
  8204 ;;		 -> printf@ap(1), 
  8205 ;; Auto vars:     Size  Location     Type
  8206 ;;  cfmt            2   15[BANK0 ] PTR unsigned char 
  8207 ;;		 -> STR_89(3), STR_88(3), STR_87(2), STR_86(4), 
  8208 ;;		 -> STR_85(6), STR_84(3), STR_83(3), STR_82(2), 
  8209 ;;		 -> STR_81(3), STR_80(2), STR_79(4), STR_78(28), 
  8210 ;;		 -> STR_77(26), STR_76(27), STR_75(17), STR_74(16), 
  8211 ;;		 -> STR_73(32), STR_72(18), STR_71(29), STR_70(58), 
  8212 ;;		 -> STR_69(49), STR_68(5), STR_67(25), STR_66(14), 
  8213 ;;		 -> STR_65(73), STR_64(46), STR_63(18), STR_62(29), 
  8214 ;;		 -> STR_61(58), STR_60(68), STR_59(58), STR_58(19), 
  8215 ;;		 -> STR_57(17), STR_56(78), STR_55(41), STR_54(32), 
  8216 ;;		 -> STR_53(3), STR_52(5), STR_51(2), STR_50(5), 
  8217 ;;		 -> STR_49(17), STR_48(15), STR_47(38), STR_46(23), 
  8218 ;;		 -> STR_45(3), STR_44(5), STR_43(2), STR_42(5), 
  8219 ;;		 -> STR_41(17), STR_40(43), STR_39(38), STR_38(31), 
  8220 ;;		 -> STR_37(3), STR_36(5), STR_35(2), STR_34(5), 
  8221 ;;		 -> STR_33(19), STR_32(20), STR_31(28), STR_30(20), 
  8222 ;;		 -> STR_29(30), STR_28(2), STR_27(2), STR_26(8), 
  8223 ;;		 -> STR_25(52), STR_24(32), STR_23(44), STR_22(50), 
  8224 ;;		 -> STR_21(52), STR_20(52), STR_19(43), STR_18(37), 
  8225 ;;		 -> STR_17(52), STR_16(24), STR_15(52), STR_14(24), 
  8226 ;;		 -> STR_13(21), STR_12(7), STR_11(15), STR_10(52), 
  8227 ;;		 -> STR_9(3), STR_8(5), STR_7(2), STR_6(5), 
  8228 ;;		 -> STR_5(19), STR_4(54), STR_3(9), STR_2(18), 
  8229 ;;		 -> STR_1(11), 
  8230 ;; Return value:  Size  Location     Type
  8231 ;;                  2   10[BANK0 ] int 
  8232 ;; Registers used:
  8233 ;;		wreg, fsr1l, fsr1h, fsr2l, fsr2h, status,2, status,0, tblptrl, tblptrh, tblptru, prodl, prodh, cstack
  8234 ;; Tracked objects:
  8235 ;;		On entry : 0/0
  8236 ;;		On exit  : 0/0
  8237 ;;		Unchanged: 0/0
  8238 ;; Data sizes:     COMRAM   BANK0   BANK1   BANK2   BANK3   BANK4   BANK5
  8239 ;;      Params:         0       5       0       0       0       0       0
  8240 ;;      Locals:         0       2       0       0       0       0       0
  8241 ;;      Temps:          0       0       0       0       0       0       0
  8242 ;;      Totals:         0       7       0       0       0       0       0
  8243 ;;Total ram usage:        7 bytes
  8244 ;; Hardware stack levels used: 1
  8245 ;; Hardware stack levels required when called: 9
  8246 ;; This function calls:
  8247 ;;		_vfpfcnvrt
  8248 ;; This function is called by:
  8249 ;;		_printf
  8250 ;; This function uses a non-reentrant model
  8251 ;;
  8252                           
  8253                           	psect	text7
  8254   001C68                     __ptext7:
  8255                           	callstack 0
  8256   001C68                     _vfprintf:
  8257                           	callstack 18
  8258   001C68                     
  8259                           ;/opt/microchip/xc8/v3.10/pic/sources/c99/common/doprnt.c: 1817: int vfprintf(FILE *fp, 
      +                          const char *fmt, va_list ap);/opt/microchip/xc8/v3.10/pic/sources/c99/common/doprnt.c: 1
      +                          818: {;/opt/microchip/xc8/v3.10/pic/sources/c99/common/doprnt.c: 1820:     char *cfmt;;/
      +                          opt/microchip/xc8/v3.10/pic/sources/c99/common/doprnt.c: 1822:     cfmt = (char *)fmt;
  8260   001C68  C06C  F06F         	movff	vfprintf@fmt,vfprintf@cfmt
  8261   001C6C  C06D  F070         	movff	vfprintf@fmt+1,vfprintf@cfmt+1
  8262                           
  8263                           ;/opt/microchip/xc8/v3.10/pic/sources/c99/common/doprnt.c: 1826:     while (*cfmt) {
  8264   001C70  EF44  F00E         	goto	l4791
  8265   001C74                     l4789:
  8266                           
  8267                           ;/opt/microchip/xc8/v3.10/pic/sources/c99/common/doprnt.c: 1830:    vfpfcnvrt(fp, &cfmt,
      +                           ap);
  8268   001C74  C06A  F039         	movff	vfprintf@fp,vfpfcnvrt@fp
  8269   001C78  C06B  F03A         	movff	vfprintf@fp+1,vfpfcnvrt@fp+1
  8270   001C7C  0E6F               	movlw	low vfprintf@cfmt
  8271   001C7E  6E3B               	movwf	vfpfcnvrt@fmt^0,c
  8272   001C80  C06E  F03C         	movff	vfprintf@ap,vfpfcnvrt@ap
  8273   001C84  EC3C  F005         	call	_vfpfcnvrt	;wreg free
  8274   001C88                     l4791:
  8275                           
  8276                           ;/opt/microchip/xc8/v3.10/pic/sources/c99/common/doprnt.c: 1826:     while (*cfmt) {
  8277   001C88  C06F  FFF6         	movff	vfprintf@cfmt,tblptrl
  8278   001C8C  C070  FFF7         	movff	vfprintf@cfmt+1,tblptrh
  8279   001C90                     	if	0	;tblptru may be non-zero
  8280   001C90                     	endif
  8281   001C90                     	if	0	;tblptru may be non-zero
  8282   001C90                     	endif
  8283   001C90  0008               	tblrd		*
  8284   001C92  50F5               	movf	tablat,w,c
  8285   001C94  0900               	iorlw	0
  8286   001C96  A4D8               	btfss	status,2,c
  8287   001C98  EF50  F00E         	goto	u3741
  8288   001C9C  EF52  F00E         	goto	u3740
  8289   001CA0                     u3741:
  8290   001CA0  EF3A  F00E         	goto	l4789
  8291   001CA4                     u3740:
  8292   001CA4                     
  8293                           ;/opt/microchip/xc8/v3.10/pic/sources/c99/common/doprnt.c: 1835:  return 0;
  8294   001CA4  0100               	movlb	0	; () banked
  8295   001CA6  6B6B               	clrf	(?_vfprintf+1)& (0+255),b
  8296   001CA8  0E00               	movlw	0
  8297   001CAA  6F6A               	movwf	?_vfprintf& (0+255),b
  8298   001CAC                     
  8299                           ; BSR set to: 0
  8300   001CAC  0012               	return		;funcret
  8301   001CAE                     __end_of_vfprintf:
  8302                           	callstack 0
  8303                           
  8304 ;; *************** function _vfpfcnvrt *****************
  8305 ;; Defined at:
  8306 ;;		line 1177 in file "/opt/microchip/xc8/v3.10/pic/sources/c99/common/doprnt.c"
  8307 ;; Parameters:    Size  Location     Type
  8308 ;;  fp              2   55[COMRAM] PTR struct _IO_FILE
  8309 ;;		 -> NULL(0), 
  8310 ;;  fmt             1   57[COMRAM] PTR PTR unsigned char 
  8311 ;;		 -> vfprintf@cfmt(2), 
  8312 ;;  ap              1   58[COMRAM] PTR PTR void 
  8313 ;;		 -> printf@ap(1), 
  8314 ;; Auto vars:     Size  Location     Type
  8315 ;;  convarg         4    4[BANK0 ] struct .
  8316 ;;  cp              2    8[BANK0 ] PTR unsigned char 
  8317 ;;		 -> STR_89(3), STR_88(3), STR_87(2), STR_86(4), 
  8318 ;;		 -> STR_85(6), STR_84(3), STR_83(3), STR_82(2), 
  8319 ;;		 -> STR_81(3), STR_80(2), STR_79(4), STR_78(28), 
  8320 ;;		 -> STR_77(26), STR_76(27), STR_75(17), STR_74(16), 
  8321 ;;		 -> STR_73(32), STR_72(18), STR_71(29), STR_70(58), 
  8322 ;;		 -> STR_69(49), STR_68(5), STR_67(25), STR_66(14), 
  8323 ;;		 -> STR_65(73), STR_64(46), STR_63(18), STR_62(29), 
  8324 ;;		 -> STR_61(58), STR_60(68), STR_59(58), STR_58(19), 
  8325 ;;		 -> STR_57(17), STR_56(78), STR_55(41), STR_54(32), 
  8326 ;;		 -> STR_53(3), STR_52(5), STR_51(2), STR_50(5), 
  8327 ;;		 -> STR_49(17), STR_48(15), STR_47(38), STR_46(23), 
  8328 ;;		 -> STR_45(3), STR_44(5), STR_43(2), STR_42(5), 
  8329 ;;		 -> STR_41(17), STR_40(43), STR_39(38), STR_38(31), 
  8330 ;;		 -> STR_37(3), STR_36(5), STR_35(2), STR_34(5), 
  8331 ;;		 -> STR_33(19), STR_32(20), STR_31(28), STR_30(20), 
  8332 ;;		 -> STR_29(30), STR_28(2), STR_27(2), STR_26(8), 
  8333 ;;		 -> STR_25(52), STR_24(32), STR_23(44), STR_22(50), 
  8334 ;;		 -> STR_21(52), STR_20(52), STR_19(43), STR_18(37), 
  8335 ;;		 -> STR_17(52), STR_16(24), STR_15(52), STR_14(24), 
  8336 ;;		 -> STR_13(21), STR_12(7), STR_11(15), STR_10(52), 
  8337 ;;		 -> STR_9(3), STR_8(5), STR_7(2), STR_6(5), 
  8338 ;;		 -> STR_5(19), STR_4(54), STR_3(9), STR_2(18), 
  8339 ;;		 -> STR_1(11), 
  8340 ;;  done            1    3[BANK0 ] _Bool 
  8341 ;;  c               1    2[BANK0 ] unsigned char 
  8342 ;; Return value:  Size  Location     Type
  8343 ;;                  1    wreg      void 
  8344 ;; Registers used:
  8345 ;;		wreg, fsr1l, fsr1h, fsr2l, fsr2h, status,2, status,0, tblptrl, tblptrh, tblptru, prodl, prodh, cstack
  8346 ;; Tracked objects:
  8347 ;;		On entry : 0/0
  8348 ;;		On exit  : 0/0
  8349 ;;		Unchanged: 0/0
  8350 ;; Data sizes:     COMRAM   BANK0   BANK1   BANK2   BANK3   BANK4   BANK5
  8351 ;;      Params:         4       0       0       0       0       0       0
  8352 ;;      Locals:         0       8       0       0       0       0       0
  8353 ;;      Temps:          0       2       0       0       0       0       0
  8354 ;;      Totals:         4      10       0       0       0       0       0
  8355 ;;Total ram usage:       14 bytes
  8356 ;; Hardware stack levels used: 1
  8357 ;; Hardware stack levels required when called: 8
  8358 ;; This function calls:
  8359 ;;		_ctoa
  8360 ;;		_dtoa
  8361 ;;		_fputc
  8362 ;;		_read_prec_or_width
  8363 ;;		_utoa
  8364 ;;		_xtoa
  8365 ;; This function is called by:
  8366 ;;		_vfprintf
  8367 ;; This function uses a non-reentrant model
  8368 ;;
  8369                           
  8370                           	psect	text8
  8371   000A78                     __ptext8:
  8372                           	callstack 0
  8373   000A78                     _vfpfcnvrt:
  8374                           	callstack 18
  8375   000A78                     
  8376                           ;/opt/microchip/xc8/v3.10/pic/sources/c99/common/doprnt.c: 1177: vfpfcnvrt(FILE *fp, cha
      +                          r *fmt[], va_list ap);/opt/microchip/xc8/v3.10/pic/sources/c99/common/doprnt.c: 1178: {;
      +                          /opt/microchip/xc8/v3.10/pic/sources/c99/common/doprnt.c: 1179:     char c, *cp;;/opt/mi
      +                          crochip/xc8/v3.10/pic/sources/c99/common/doprnt.c: 1180:     _Bool done;;/opt/microchip/
      +                          xc8/v3.10/pic/sources/c99/common/doprnt.c: 1188:  } convarg;;/opt/microchip/xc8/v3.10/pi
      +                          c/sources/c99/common/doprnt.c: 1201:     if ((*fmt)[0] == '%') {
  8377   000A78  503B               	movf	vfpfcnvrt@fmt^0,w,c
  8378   000A7A  6ED9               	movwf	fsr2l,c
  8379   000A7C  6ADA               	clrf	fsr2h,c
  8380   000A7E  CFDE FFF6          	movff	postinc2,tblptrl
  8381   000A82  CFDD FFF7          	movff	postdec2,tblptrh
  8382   000A86                     	if	0	;tblptru may be non-zero
  8383   000A86                     	endif
  8384   000A86                     	if	0	;tblptru may be non-zero
  8385   000A86                     	endif
  8386   000A86  0008               	tblrd		*
  8387   000A88  50F5               	movf	tablat,w,c
  8388   000A8A  0A25               	xorlw	37
  8389   000A8C  A4D8               	btfss	status,2,c
  8390   000A8E  EF4B  F005         	goto	u3661
  8391   000A92  EF4D  F005         	goto	u3660
  8392   000A96                     u3661:
  8393   000A96  EF75  F006         	goto	l4781
  8394   000A9A                     u3660:
  8395   000A9A                     
  8396                           ;/opt/microchip/xc8/v3.10/pic/sources/c99/common/doprnt.c: 1202:         ++*fmt;
  8397   000A9A  503B               	movf	vfpfcnvrt@fmt^0,w,c
  8398   000A9C  6ED9               	movwf	fsr2l,c
  8399   000A9E  6ADA               	clrf	fsr2h,c
  8400   000AA0  2ADE               	incf	postinc2,f,c
  8401   000AA2  0E00               	movlw	0
  8402   000AA4  22DD               	addwfc	postdec2,f,c
  8403   000AA6                     
  8404                           ;/opt/microchip/xc8/v3.10/pic/sources/c99/common/doprnt.c: 1204:         flags = width =
      +                           0;
  8405   000AA6  6A3F               	clrf	(_width+1)^0,c
  8406   000AA8  0E00               	movlw	0
  8407   000AAA  6E3E               	movwf	_width^0,c
  8408   000AAC  C03E  F04E         	movff	_width,_flags
  8409   000AB0                     
  8410                           ;/opt/microchip/xc8/v3.10/pic/sources/c99/common/doprnt.c: 1205:         prec = -1;
  8411   000AB0  0100               	movlb	0	; () banked
  8412   000AB2  6996               	setf	_prec& (0+255),b
  8413   000AB4  6997               	setf	(_prec+1)& (0+255),b
  8414   000AB6                     
  8415                           ; BSR set to: 0
  8416                           ;/opt/microchip/xc8/v3.10/pic/sources/c99/common/doprnt.c: 1209:         done = 0;
  8417   000AB6  6B63               	clrf	vfpfcnvrt@done& (0+255),b
  8418                           
  8419                           ;/opt/microchip/xc8/v3.10/pic/sources/c99/common/doprnt.c: 1210:         while (!done) {
  8420   000AB8  EF7A  F005         	goto	l4725
  8421   000ABC                     l4715:
  8422                           
  8423                           ; BSR set to: 0
  8424                           ;/opt/microchip/xc8/v3.10/pic/sources/c99/common/doprnt.c: 1220:                     fla
      +                          gs |= (1 << 1);
  8425   000ABC  824E               	bsf	_flags^0,1,c
  8426   000ABE                     
  8427                           ; BSR set to: 0
  8428                           ;/opt/microchip/xc8/v3.10/pic/sources/c99/common/doprnt.c: 1221:                     ++*
      +                          fmt;
  8429   000ABE  503B               	movf	vfpfcnvrt@fmt^0,w,c
  8430   000AC0  6ED9               	movwf	fsr2l,c
  8431   000AC2  6ADA               	clrf	fsr2h,c
  8432   000AC4  2ADE               	incf	postinc2,f,c
  8433   000AC6  0E00               	movlw	0
  8434   000AC8  22DD               	addwfc	postdec2,f,c
  8435                           
  8436                           ;/opt/microchip/xc8/v3.10/pic/sources/c99/common/doprnt.c: 1222:                     bre
      +                          ak;
  8437   000ACA  EF7A  F005         	goto	l4725
  8438   000ACE                     l4719:
  8439                           
  8440                           ; BSR set to: 0
  8441                           ;/opt/microchip/xc8/v3.10/pic/sources/c99/common/doprnt.c: 1243:                     don
      +                          e = 1;
  8442   000ACE  0E01               	movlw	1
  8443   000AD0  6F63               	movwf	vfpfcnvrt@done& (0+255),b
  8444                           
  8445                           ;/opt/microchip/xc8/v3.10/pic/sources/c99/common/doprnt.c: 1244:                     bre
      +                          ak;
  8446   000AD2  EF7A  F005         	goto	l4725
  8447   000AD6                     l4723:
  8448                           
  8449                           ; BSR set to: 0
  8450   000AD6  503B               	movf	vfpfcnvrt@fmt^0,w,c
  8451   000AD8  6ED9               	movwf	fsr2l,c
  8452   000ADA  6ADA               	clrf	fsr2h,c
  8453   000ADC  CFDE FFF6          	movff	postinc2,tblptrl
  8454   000AE0  CFDD FFF7          	movff	postdec2,tblptrh
  8455   000AE4                     	if	0	;tblptru may be non-zero
  8456   000AE4                     	endif
  8457   000AE4                     	if	0	;tblptru may be non-zero
  8458   000AE4                     	endif
  8459   000AE4  0008               	tblrd		*
  8460   000AE6  50F5               	movf	tablat,w,c
  8461                           
  8462                           ; Switch size 1, requested type "simple"
  8463                           ; Number of cases is 1, Range of values is 48 to 48
  8464                           ; switch strategies available:
  8465                           ; Name         Instructions Cycles
  8466                           ; simple_byte            4     3 (average)
  8467                           ;	Chosen strategy is simple_byte
  8468   000AE8  0A30               	xorlw	48	; case 48
  8469   000AEA  B4D8               	btfsc	status,2,c
  8470   000AEC  EF5E  F005         	goto	l4715
  8471   000AF0  EF67  F005         	goto	l4719
  8472   000AF4                     l4725:
  8473                           
  8474                           ; BSR set to: 0
  8475                           ;/opt/microchip/xc8/v3.10/pic/sources/c99/common/doprnt.c: 1210:         while (!done) {
  8476   000AF4  5163               	movf	vfpfcnvrt@done& (0+255),w,b
  8477   000AF6  B4D8               	btfsc	status,2,c
  8478   000AF8  EF80  F005         	goto	u3671
  8479   000AFC  EF82  F005         	goto	u3670
  8480   000B00                     u3671:
  8481   000B00  EF6B  F005         	goto	l4723
  8482   000B04                     u3670:
  8483   000B04                     
  8484                           ; BSR set to: 0
  8485                           ;/opt/microchip/xc8/v3.10/pic/sources/c99/common/doprnt.c: 1256:   width = read_prec_or_
      +                          width(fmt, ap);
  8486   000B04  C03B  F013         	movff	vfpfcnvrt@fmt,read_prec_or_width@fmt
  8487   000B08  C03C  F014         	movff	vfpfcnvrt@ap,read_prec_or_width@ap
  8488   000B0C  EC2C  F00C         	call	_read_prec_or_width	;wreg free
  8489   000B10  C013  F03E         	movff	?_read_prec_or_width,_width
  8490   000B14  C014  F03F         	movff	?_read_prec_or_width+1,_width+1
  8491   000B18                     
  8492                           ;/opt/microchip/xc8/v3.10/pic/sources/c99/common/doprnt.c: 1257:   if (width < 0) {
  8493   000B18  BE3F               	btfsc	(_width+1)^0,7,c
  8494   000B1A  EF93  F005         	goto	u3680
  8495   000B1E  EF91  F005         	goto	u3681
  8496   000B22                     u3681:
  8497   000B22  EF98  F005         	goto	l4733
  8498   000B26                     u3680:
  8499   000B26                     
  8500                           ;/opt/microchip/xc8/v3.10/pic/sources/c99/common/doprnt.c: 1258:    flags |= (1 << 0);
  8501   000B26  804E               	bsf	_flags^0,0,c
  8502                           
  8503                           ;/opt/microchip/xc8/v3.10/pic/sources/c99/common/doprnt.c: 1259:    width = -width;
  8504   000B28  6C3E               	negf	_width^0,c
  8505   000B2A  1E3F               	comf	(_width+1)^0,f,c
  8506   000B2C  B0D8               	btfsc	status,0,c
  8507   000B2E  2A3F               	incf	(_width+1)^0,f,c
  8508   000B30                     l4733:
  8509                           
  8510                           ;/opt/microchip/xc8/v3.10/pic/sources/c99/common/doprnt.c: 1273:         if ((*fmt)[0] =
      +                          = 'c') {
  8511   000B30  503B               	movf	vfpfcnvrt@fmt^0,w,c
  8512   000B32  6ED9               	movwf	fsr2l,c
  8513   000B34  6ADA               	clrf	fsr2h,c
  8514   000B36  CFDE FFF6          	movff	postinc2,tblptrl
  8515   000B3A  CFDD FFF7          	movff	postdec2,tblptrh
  8516   000B3E                     	if	0	;tblptru may be non-zero
  8517   000B3E                     	endif
  8518   000B3E                     	if	0	;tblptru may be non-zero
  8519   000B3E                     	endif
  8520   000B3E  0008               	tblrd		*
  8521   000B40  50F5               	movf	tablat,w,c
  8522   000B42  0A63               	xorlw	99
  8523   000B44  A4D8               	btfss	status,2,c
  8524   000B46  EFA7  F005         	goto	u3691
  8525   000B4A  EFA9  F005         	goto	u3690
  8526   000B4E                     u3691:
  8527   000B4E  EFC4  F005         	goto	l4743
  8528   000B52                     u3690:
  8529   000B52                     
  8530                           ;/opt/microchip/xc8/v3.10/pic/sources/c99/common/doprnt.c: 1274:             ++*fmt;
  8531   000B52  503B               	movf	vfpfcnvrt@fmt^0,w,c
  8532   000B54  6ED9               	movwf	fsr2l,c
  8533   000B56  6ADA               	clrf	fsr2h,c
  8534   000B58  2ADE               	incf	postinc2,f,c
  8535   000B5A  0E00               	movlw	0
  8536   000B5C  22DD               	addwfc	postdec2,f,c
  8537   000B5E                     
  8538                           ;/opt/microchip/xc8/v3.10/pic/sources/c99/common/doprnt.c: 1275:             c = (unsign
      +                          ed char)(*(int *)__va_arg(*(int **)ap, (int)0));
  8539   000B5E  503C               	movf	vfpfcnvrt@ap^0,w,c
  8540   000B60  6ED9               	movwf	fsr2l,c
  8541   000B62  6ADA               	clrf	fsr2h,c
  8542   000B64  50DF               	movf	indf2,w,c
  8543   000B66  2ADF               	incf	indf2,f,c
  8544   000B68  2ADF               	incf	indf2,f,c
  8545   000B6A  6ED9               	movwf	fsr2l,c
  8546   000B6C  6ADA               	clrf	fsr2h,c
  8547   000B6E  50DF               	movf	indf2,w,c
  8548   000B70  0100               	movlb	0	; () banked
  8549   000B72  6F62               	movwf	vfpfcnvrt@c& (0+255),b
  8550   000B74                     
  8551                           ; BSR set to: 0
  8552                           ;/opt/microchip/xc8/v3.10/pic/sources/c99/common/doprnt.c: 1284:             return (voi
      +                          d) ctoa(fp, c);;	Return value of _vfpfcnvrt is never used
  8553   000B74  C039  F01E         	movff	vfpfcnvrt@fp,ctoa@fp
  8554   000B78  C03A  F01F         	movff	vfpfcnvrt@fp+1,ctoa@fp+1
  8555   000B7C  C062  F020         	movff	vfpfcnvrt@c,ctoa@c
  8556   000B80  ECBC  F00A         	call	_ctoa	;wreg free
  8557   000B84  EF88  F006         	goto	l1758
  8558   000B88                     l4743:
  8559                           
  8560                           ;/opt/microchip/xc8/v3.10/pic/sources/c99/common/doprnt.c: 1291:   cp = *fmt;
  8561   000B88  503B               	movf	vfpfcnvrt@fmt^0,w,c
  8562   000B8A  6ED9               	movwf	fsr2l,c
  8563   000B8C  6ADA               	clrf	fsr2h,c
  8564   000B8E  CFDE F068          	movff	postinc2,vfpfcnvrt@cp
  8565   000B92  CFDD F069          	movff	postdec2,vfpfcnvrt@cp+1
  8566   000B96                     
  8567                           ;/opt/microchip/xc8/v3.10/pic/sources/c99/common/doprnt.c: 1361:   if (*cp == 'd' || *cp
      +                           == 'i') {
  8568   000B96  C068  FFF6         	movff	vfpfcnvrt@cp,tblptrl
  8569   000B9A  C069  FFF7         	movff	vfpfcnvrt@cp+1,tblptrh
  8570   000B9E                     	if	0	;tblptru may be non-zero
  8571   000B9E                     	endif
  8572   000B9E                     	if	0	;tblptru may be non-zero
  8573   000B9E                     	endif
  8574   000B9E  0008               	tblrd		*
  8575   000BA0  50F5               	movf	tablat,w,c
  8576   000BA2  0A64               	xorlw	100
  8577   000BA4  B4D8               	btfsc	status,2,c
  8578   000BA6  EFD7  F005         	goto	u3701
  8579   000BAA  EFD9  F005         	goto	u3700
  8580   000BAE                     u3701:
  8581   000BAE  EFE7  F005         	goto	l4749
  8582   000BB2                     u3700:
  8583   000BB2  C068  FFF6         	movff	vfpfcnvrt@cp,tblptrl
  8584   000BB6  C069  FFF7         	movff	vfpfcnvrt@cp+1,tblptrh
  8585   000BBA                     	if	0	;tblptru may be non-zero
  8586   000BBA                     	endif
  8587   000BBA                     	if	0	;tblptru may be non-zero
  8588   000BBA                     	endif
  8589   000BBA  0008               	tblrd		*
  8590   000BBC  50F5               	movf	tablat,w,c
  8591   000BBE  0A69               	xorlw	105
  8592   000BC0  A4D8               	btfss	status,2,c
  8593   000BC2  EFE5  F005         	goto	u3711
  8594   000BC6  EFE7  F005         	goto	u3710
  8595   000BCA                     u3711:
  8596   000BCA  EF0D  F006         	goto	l4757
  8597   000BCE                     u3710:
  8598   000BCE                     l4749:
  8599                           
  8600                           ;/opt/microchip/xc8/v3.10/pic/sources/c99/common/doprnt.c: 1404:    convarg.sint = (vfpf
      +                          _sint_t)(int)(*(int *)__va_arg(*(int **)ap, (int)0));
  8601   000BCE  503C               	movf	vfpfcnvrt@ap^0,w,c
  8602   000BD0  6ED9               	movwf	fsr2l,c
  8603   000BD2  6ADA               	clrf	fsr2h,c
  8604   000BD4  0E02               	movlw	2
  8605   000BD6  26DF               	addwf	indf2,f,c
  8606   000BD8  5CDF               	subwf	indf2,w,c
  8607   000BDA  6ED9               	movwf	fsr2l,c
  8608   000BDC  6ADA               	clrf	fsr2h,c
  8609   000BDE  CFDE F064          	movff	postinc2,vfpfcnvrt@convarg
  8610   000BE2  CFDE F065          	movff	postinc2,vfpfcnvrt@convarg+1
  8611   000BE6                     
  8612                           ;/opt/microchip/xc8/v3.10/pic/sources/c99/common/doprnt.c: 1406:    *fmt = cp+1;
  8613   000BE6  0E01               	movlw	1
  8614   000BE8  0100               	movlb	0	; () banked
  8615   000BEA  2568               	addwf	vfpfcnvrt@cp& (0+255),w,b
  8616   000BEC  6F60               	movwf	??_vfpfcnvrt& (0+255),b
  8617   000BEE  0E00               	movlw	0
  8618   000BF0  2169               	addwfc	(vfpfcnvrt@cp+1)& (0+255),w,b
  8619   000BF2  6F61               	movwf	(??_vfpfcnvrt+1)& (0+255),b
  8620   000BF4  503B               	movf	vfpfcnvrt@fmt^0,w,c
  8621   000BF6  6ED9               	movwf	fsr2l,c
  8622   000BF8  6ADA               	clrf	fsr2h,c
  8623   000BFA  C060  FFDE         	movff	??_vfpfcnvrt,postinc2
  8624   000BFE  C061  FFDD         	movff	??_vfpfcnvrt+1,postdec2
  8625   000C02                     
  8626                           ; BSR set to: 0
  8627                           ;/opt/microchip/xc8/v3.10/pic/sources/c99/common/doprnt.c: 1432:    return (void) dtoa(f
      +                          p, convarg.sint);;	Return value of _vfpfcnvrt is never used
  8628   000C02  C039  F02C         	movff	vfpfcnvrt@fp,dtoa@fp
  8629   000C06  C03A  F02D         	movff	vfpfcnvrt@fp+1,dtoa@fp+1
  8630   000C0A  C064  F02E         	movff	vfpfcnvrt@convarg,dtoa@d
  8631   000C0E  C065  F02F         	movff	vfpfcnvrt@convarg+1,dtoa@d+1
  8632   000C12  EC55  F008         	call	_dtoa	;wreg free
  8633   000C16  EF88  F006         	goto	l1758
  8634   000C1A                     l4757:
  8635   000C1A  C068  FFF6         	movff	vfpfcnvrt@cp,tblptrl
  8636   000C1E  C069  FFF7         	movff	vfpfcnvrt@cp+1,tblptrh
  8637   000C22                     	if	0	;tblptru may be non-zero
  8638   000C22                     	endif
  8639   000C22                     	if	0	;tblptru may be non-zero
  8640   000C22                     	endif
  8641   000C22  0008               	tblrd		*
  8642   000C24  50F5               	movf	tablat,w,c
  8643   000C26  0A78               	xorlw	120
  8644   000C28  B4D8               	btfsc	status,2,c
  8645   000C2A  EF19  F006         	goto	u3721
  8646   000C2E  EF1B  F006         	goto	u3720
  8647   000C32                     u3721:
  8648   000C32  EF29  F006         	goto	l4761
  8649   000C36                     u3720:
  8650   000C36  C068  FFF6         	movff	vfpfcnvrt@cp,tblptrl
  8651   000C3A  C069  FFF7         	movff	vfpfcnvrt@cp+1,tblptrh
  8652   000C3E                     	if	0	;tblptru may be non-zero
  8653   000C3E                     	endif
  8654   000C3E                     	if	0	;tblptru may be non-zero
  8655   000C3E                     	endif
  8656   000C3E  0008               	tblrd		*
  8657   000C40  50F5               	movf	tablat,w,c
  8658   000C42  0A75               	xorlw	117
  8659   000C44  A4D8               	btfss	status,2,c
  8660   000C46  EF27  F006         	goto	u3731
  8661   000C4A  EF29  F006         	goto	u3730
  8662   000C4E                     u3731:
  8663   000C4E  EF6D  F006         	goto	l4777
  8664   000C52                     u3730:
  8665   000C52                     l4761:
  8666                           
  8667                           ;/opt/microchip/xc8/v3.10/pic/sources/c99/common/doprnt.c: 1452:     ) {;/opt/microchip/
      +                          xc8/v3.10/pic/sources/c99/common/doprnt.c: 1495:    convarg.uint = (vfpf_uint_t)(unsigne
      +                          d int)(*(unsigned int *)__va_arg(*(unsigned int **)ap, (unsigned int)0));
  8668   000C52  503C               	movf	vfpfcnvrt@ap^0,w,c
  8669   000C54  6ED9               	movwf	fsr2l,c
  8670   000C56  6ADA               	clrf	fsr2h,c
  8671   000C58  0E02               	movlw	2
  8672   000C5A  26DF               	addwf	indf2,f,c
  8673   000C5C  5CDF               	subwf	indf2,w,c
  8674   000C5E  6ED9               	movwf	fsr2l,c
  8675   000C60  6ADA               	clrf	fsr2h,c
  8676   000C62  CFDE F064          	movff	postinc2,vfpfcnvrt@convarg
  8677   000C66  CFDE F065          	movff	postinc2,vfpfcnvrt@convarg+1
  8678   000C6A                     
  8679                           ;/opt/microchip/xc8/v3.10/pic/sources/c99/common/doprnt.c: 1497:    *fmt = cp+1;
  8680   000C6A  0E01               	movlw	1
  8681   000C6C  0100               	movlb	0	; () banked
  8682   000C6E  2568               	addwf	vfpfcnvrt@cp& (0+255),w,b
  8683   000C70  6F60               	movwf	??_vfpfcnvrt& (0+255),b
  8684   000C72  0E00               	movlw	0
  8685   000C74  2169               	addwfc	(vfpfcnvrt@cp+1)& (0+255),w,b
  8686   000C76  6F61               	movwf	(??_vfpfcnvrt+1)& (0+255),b
  8687   000C78  503B               	movf	vfpfcnvrt@fmt^0,w,c
  8688   000C7A  6ED9               	movwf	fsr2l,c
  8689   000C7C  6ADA               	clrf	fsr2h,c
  8690   000C7E  C060  FFDE         	movff	??_vfpfcnvrt,postinc2
  8691   000C82  C061  FFDD         	movff	??_vfpfcnvrt+1,postdec2
  8692                           
  8693                           ;/opt/microchip/xc8/v3.10/pic/sources/c99/common/doprnt.c: 1498:    switch (*cp) {
  8694   000C86  EF5D  F006         	goto	l4775
  8695   000C8A                     l4765:
  8696                           
  8697                           ; BSR set to: 0
  8698                           ;/opt/microchip/xc8/v3.10/pic/sources/c99/common/doprnt.c: 1542:      return (void) utoa
      +                          (fp, convarg.uint);;	Return value of _vfpfcnvrt is never used
  8699   000C8A  C039  F02C         	movff	vfpfcnvrt@fp,utoa@fp
  8700   000C8E  C03A  F02D         	movff	vfpfcnvrt@fp+1,utoa@fp+1
  8701   000C92  C064  F02E         	movff	vfpfcnvrt@convarg,utoa@d
  8702   000C96  C065  F02F         	movff	vfpfcnvrt@convarg+1,utoa@d+1
  8703   000C9A  EC80  F009         	call	_utoa	;wreg free
  8704   000C9E  EF88  F006         	goto	l1758
  8705   000CA2                     l4769:
  8706                           
  8707                           ; BSR set to: 0
  8708                           ;/opt/microchip/xc8/v3.10/pic/sources/c99/common/doprnt.c: 1586:      return (void) xtoa
      +                          (fp,convarg.uint);;	Return value of _vfpfcnvrt is never used
  8709   000CA2  C039  F02C         	movff	vfpfcnvrt@fp,xtoa@fp
  8710   000CA6  C03A  F02D         	movff	vfpfcnvrt@fp+1,xtoa@fp+1
  8711   000CAA  C064  F02E         	movff	vfpfcnvrt@convarg,xtoa@d
  8712   000CAE  C065  F02F         	movff	vfpfcnvrt@convarg+1,xtoa@d+1
  8713   000CB2  EC04  F009         	call	_xtoa	;wreg free
  8714   000CB6  EF88  F006         	goto	l1758
  8715   000CBA                     l4775:
  8716                           
  8717                           ; BSR set to: 0
  8718   000CBA  C068  FFF6         	movff	vfpfcnvrt@cp,tblptrl
  8719   000CBE  C069  FFF7         	movff	vfpfcnvrt@cp+1,tblptrh
  8720   000CC2                     	if	0	;tblptru may be non-zero
  8721   000CC2                     	endif
  8722   000CC2                     	if	0	;tblptru may be non-zero
  8723   000CC2                     	endif
  8724   000CC2  0008               	tblrd		*
  8725   000CC4  50F5               	movf	tablat,w,c
  8726                           
  8727                           ; Switch size 1, requested type "simple"
  8728                           ; Number of cases is 2, Range of values is 117 to 120
  8729                           ; switch strategies available:
  8730                           ; Name         Instructions Cycles
  8731                           ; simple_byte            7     4 (average)
  8732                           ;	Chosen strategy is simple_byte
  8733   000CC6  0A75               	xorlw	117	; case 117
  8734   000CC8  B4D8               	btfsc	status,2,c
  8735   000CCA  EF45  F006         	goto	l4765
  8736   000CCE  0A0D               	xorlw	13	; case 120
  8737   000CD0  B4D8               	btfsc	status,2,c
  8738   000CD2  EF51  F006         	goto	l4769
  8739   000CD6  EF6D  F006         	goto	l4777
  8740   000CDA                     l4777:
  8741                           
  8742                           ;/opt/microchip/xc8/v3.10/pic/sources/c99/common/doprnt.c: 1806:         ++*fmt;
  8743   000CDA  503B               	movf	vfpfcnvrt@fmt^0,w,c
  8744   000CDC  6ED9               	movwf	fsr2l,c
  8745   000CDE  6ADA               	clrf	fsr2h,c
  8746   000CE0  2ADE               	incf	postinc2,f,c
  8747   000CE2  0E00               	movlw	0
  8748   000CE4  22DD               	addwfc	postdec2,f,c
  8749   000CE6  EF88  F006         	goto	l1758
  8750   000CEA                     l4781:
  8751                           
  8752                           ;/opt/microchip/xc8/v3.10/pic/sources/c99/common/doprnt.c: 1811:     fputc((int)(*fmt)[0
      +                          ], fp);
  8753   000CEA  503B               	movf	vfpfcnvrt@fmt^0,w,c
  8754   000CEC  6ED9               	movwf	fsr2l,c
  8755   000CEE  6ADA               	clrf	fsr2h,c
  8756   000CF0  CFDE FFF6          	movff	postinc2,tblptrl
  8757   000CF4  CFDD FFF7          	movff	postdec2,tblptrh
  8758   000CF8                     	if	0	;tblptru may be non-zero
  8759   000CF8                     	endif
  8760   000CF8                     	if	0	;tblptru may be non-zero
  8761   000CF8                     	endif
  8762   000CF8  0008               	tblrd		*
  8763   000CFA  50F5               	movf	tablat,w,c
  8764   000CFC  6E15               	movwf	fputc@c^0,c
  8765   000CFE  6A16               	clrf	(fputc@c+1)^0,c
  8766   000D00  C039  F017         	movff	vfpfcnvrt@fp,fputc@fp
  8767   000D04  C03A  F018         	movff	vfpfcnvrt@fp+1,fputc@fp+1
  8768   000D08  EC57  F00A         	call	_fputc	;wreg free
  8769   000D0C  EF6D  F006         	goto	l4777
  8770   000D10                     l1758:
  8771   000D10  0012               	return		;funcret
  8772   000D12                     __end_of_vfpfcnvrt:
  8773                           	callstack 0
  8774                           
  8775 ;; *************** function _xtoa *****************
  8776 ;; Defined at:
  8777 ;;		line 1055 in file "/opt/microchip/xc8/v3.10/pic/sources/c99/common/doprnt.c"
  8778 ;; Parameters:    Size  Location     Type
  8779 ;;  fp              2   42[COMRAM] PTR struct _IO_FILE
  8780 ;;		 -> NULL(0), 
  8781 ;;  d               2   44[COMRAM] unsigned int 
  8782 ;; Auto vars:     Size  Location     Type
  8783 ;;  i               2   53[COMRAM] int 
  8784 ;;  w               2   50[COMRAM] int 
  8785 ;;  c               1   52[COMRAM] unsigned char 
  8786 ;;  p               1   49[COMRAM] _Bool 
  8787 ;; Return value:  Size  Location     Type
  8788 ;;                  1    wreg      void 
  8789 ;; Registers used:
  8790 ;;		wreg, fsr1l, fsr1h, fsr2l, fsr2h, status,2, status,0, cstack
  8791 ;; Tracked objects:
  8792 ;;		On entry : 0/0
  8793 ;;		On exit  : 0/0
  8794 ;;		Unchanged: 0/0
  8795 ;; Data sizes:     COMRAM   BANK0   BANK1   BANK2   BANK3   BANK4   BANK5
  8796 ;;      Params:         4       0       0       0       0       0       0
  8797 ;;      Locals:         6       0       0       0       0       0       0
  8798 ;;      Temps:          3       0       0       0       0       0       0
  8799 ;;      Totals:        13       0       0       0       0       0       0
  8800 ;;Total ram usage:       13 bytes
  8801 ;; Hardware stack levels used: 1
  8802 ;; Hardware stack levels required when called: 5
  8803 ;; This function calls:
  8804 ;;		_pad
  8805 ;; This function is called by:
  8806 ;;		_vfpfcnvrt
  8807 ;; This function uses a non-reentrant model
  8808 ;;
  8809                           
  8810                           	psect	text9
  8811   001208                     __ptext9:
  8812                           	callstack 0
  8813   001208                     _xtoa:
  8814                           	callstack 20
  8815   001208                     
  8816                           ;/opt/microchip/xc8/v3.10/pic/sources/c99/common/doprnt.c: 1055: static void xtoa(FILE *
      +                          fp, vfpf_uint_t d);/opt/microchip/xc8/v3.10/pic/sources/c99/common/doprnt.c: 1058: {;/op
      +                          t/microchip/xc8/v3.10/pic/sources/c99/common/doprnt.c: 1059:  char c;;/opt/microchip/xc8
      +                          /v3.10/pic/sources/c99/common/doprnt.c: 1063:     int i, w;;/opt/microchip/xc8/v3.10/pic
      +                          /sources/c99/common/doprnt.c: 1067:  _Bool p = 1;
  8817   001208  0E01               	movlw	1
  8818   00120A  6E33               	movwf	xtoa@p^0,c
  8819   00120C                     
  8820                           ;/opt/microchip/xc8/v3.10/pic/sources/c99/common/doprnt.c: 1082:     w = width;
  8821   00120C  C03E  F034         	movff	_width,xtoa@w
  8822   001210  C03F  F035         	movff	_width+1,xtoa@w+1
  8823                           
  8824                           ;/opt/microchip/xc8/v3.10/pic/sources/c99/common/doprnt.c: 1095:     i = sizeof(dbuf) - 
      +                          1;
  8825   001214  6A38               	clrf	(xtoa@i+1)^0,c
  8826   001216  0E1F               	movlw	31
  8827   001218  6E37               	movwf	xtoa@i^0,c
  8828   00121A                     
  8829                           ;/opt/microchip/xc8/v3.10/pic/sources/c99/common/doprnt.c: 1096:     dbuf[i] = '\0';
  8830   00121A  0100               	movlb	0	; () banked
  8831   00121C  6BBE               	clrf	(_dbuf+31)& (0+255),b
  8832                           
  8833                           ;/opt/microchip/xc8/v3.10/pic/sources/c99/common/doprnt.c: 1097:     while (!(i < 2) && 
      +                          (d != 0
  8834   00121E  EF3F  F009         	goto	l4677
  8835   001222                     l4659:
  8836                           
  8837                           ;/opt/microchip/xc8/v3.10/pic/sources/c99/common/doprnt.c: 1106:     )) {;/opt/microchip
      +                          /xc8/v3.10/pic/sources/c99/common/doprnt.c: 1107:         --i;
  8838   001222  0637               	decf	xtoa@i^0,f,c
  8839   001224  A0D8               	btfss	status,0,c
  8840   001226  0638               	decf	(xtoa@i+1)^0,f,c
  8841   001228                     
  8842                           ;/opt/microchip/xc8/v3.10/pic/sources/c99/common/doprnt.c: 1108:         c = d & 0x0f;
  8843   001228  502E               	movf	xtoa@d^0,w,c
  8844   00122A  0B0F               	andlw	15
  8845   00122C  6E36               	movwf	xtoa@c^0,c
  8846   00122E                     
  8847                           ;/opt/microchip/xc8/v3.10/pic/sources/c99/common/doprnt.c: 1109:   if (c < 10) {
  8848   00122E  0E0A               	movlw	10
  8849   001230  6036               	cpfslt	xtoa@c^0,c
  8850   001232  EF1D  F009         	goto	u3571
  8851   001236  EF1F  F009         	goto	u3570
  8852   00123A                     u3571:
  8853   00123A  EF23  F009         	goto	l4667
  8854   00123E                     u3570:
  8855   00123E                     
  8856                           ;/opt/microchip/xc8/v3.10/pic/sources/c99/common/doprnt.c: 1110:    c += '0';
  8857   00123E  0E30               	movlw	48
  8858   001240  2636               	addwf	xtoa@c^0,f,c
  8859                           
  8860                           ;/opt/microchip/xc8/v3.10/pic/sources/c99/common/doprnt.c: 1111:   }
  8861   001242  EF25  F009         	goto	l4669
  8862   001246                     l4667:
  8863                           
  8864                           ;/opt/microchip/xc8/v3.10/pic/sources/c99/common/doprnt.c: 1116:    c += 'a' - 10;
  8865   001246  0E57               	movlw	87
  8866   001248  2636               	addwf	xtoa@c^0,f,c
  8867   00124A                     l4669:
  8868                           
  8869                           ;/opt/microchip/xc8/v3.10/pic/sources/c99/common/doprnt.c: 1121:   dbuf[i] = c;
  8870   00124A  5037               	movf	xtoa@i^0,w,c
  8871   00124C  0F9F               	addlw	low _dbuf
  8872   00124E  6ED9               	movwf	fsr2l,c
  8873   001250  6ADA               	clrf	fsr2h,c
  8874   001252  C036  FFDF         	movff	xtoa@c,indf2
  8875   001256                     
  8876                           ;/opt/microchip/xc8/v3.10/pic/sources/c99/common/doprnt.c: 1125:   p = 0;
  8877   001256  6A33               	clrf	xtoa@p^0,c
  8878   001258                     
  8879                           ;/opt/microchip/xc8/v3.10/pic/sources/c99/common/doprnt.c: 1127:         --w;
  8880   001258  0634               	decf	xtoa@w^0,f,c
  8881   00125A  A0D8               	btfss	status,0,c
  8882   00125C  0635               	decf	(xtoa@w+1)^0,f,c
  8883   00125E                     
  8884                           ;/opt/microchip/xc8/v3.10/pic/sources/c99/common/doprnt.c: 1128:         d = d >> 4;
  8885   00125E  C02E  F030         	movff	xtoa@d,??_xtoa
  8886   001262  C02F  F031         	movff	xtoa@d+1,??_xtoa+1
  8887   001266  0E04               	movlw	4
  8888   001268  6E32               	movwf	(??_xtoa+2)^0,c
  8889   00126A                     u3585:
  8890   00126A  90D8               	bcf	status,0,c
  8891   00126C  3231               	rrcf	(??_xtoa+1)^0,f,c
  8892   00126E  3230               	rrcf	??_xtoa^0,f,c
  8893   001270  2E32               	decfsz	(??_xtoa+2)^0,f,c
  8894   001272  EF35  F009         	goto	u3585
  8895   001276  C030  F02E         	movff	??_xtoa,xtoa@d
  8896   00127A  C031  F02F         	movff	??_xtoa+1,xtoa@d+1
  8897   00127E                     l4677:
  8898                           
  8899                           ;/opt/microchip/xc8/v3.10/pic/sources/c99/common/doprnt.c: 1097:     while (!(i < 2) && 
      +                          (d != 0
  8900   00127E  BE38               	btfsc	(xtoa@i+1)^0,7,c
  8901   001280  EF4B  F009         	goto	u3591
  8902   001284  5038               	movf	(xtoa@i+1)^0,w,c
  8903   001286  E109               	bnz	u3590
  8904   001288  0E02               	movlw	2
  8905   00128A  5C37               	subwf	xtoa@i^0,w,c
  8906   00128C  A0D8               	btfss	status,0,c
  8907   00128E  EF4B  F009         	goto	u3591
  8908   001292  EF4D  F009         	goto	u3590
  8909   001296                     u3591:
  8910   001296  EF72  F009         	goto	l4687
  8911   00129A                     u3590:
  8912   00129A  502E               	movf	xtoa@d^0,w,c
  8913   00129C  102F               	iorwf	(xtoa@d+1)^0,w,c
  8914   00129E  A4D8               	btfss	status,2,c
  8915   0012A0  EF54  F009         	goto	u3601
  8916   0012A4  EF56  F009         	goto	u3600
  8917   0012A8                     u3601:
  8918   0012A8  EF11  F009         	goto	l4659
  8919   0012AC                     u3600:
  8920   0012AC  5033               	movf	xtoa@p^0,w,c
  8921   0012AE  A4D8               	btfss	status,2,c
  8922   0012B0  EF5C  F009         	goto	u3611
  8923   0012B4  EF5E  F009         	goto	u3610
  8924   0012B8                     u3611:
  8925   0012B8  EF11  F009         	goto	l4659
  8926   0012BC                     u3610:
  8927   0012BC  BE35               	btfsc	(xtoa@w+1)^0,7,c
  8928   0012BE  EF69  F009         	goto	u3621
  8929   0012C2  5035               	movf	(xtoa@w+1)^0,w,c
  8930   0012C4  E108               	bnz	u3620
  8931   0012C6  0434               	decf	xtoa@w^0,w,c
  8932   0012C8  A0D8               	btfss	status,0,c
  8933   0012CA  EF69  F009         	goto	u3621
  8934   0012CE  EF6B  F009         	goto	u3620
  8935   0012D2                     u3621:
  8936   0012D2  EF72  F009         	goto	l4687
  8937   0012D6                     u3620:
  8938   0012D6  B24E               	btfsc	_flags^0,1,c
  8939   0012D8  EF70  F009         	goto	u3631
  8940   0012DC  EF72  F009         	goto	u3630
  8941   0012E0                     u3631:
  8942   0012E0  EF11  F009         	goto	l4659
  8943   0012E4                     u3630:
  8944   0012E4                     l4687:
  8945                           
  8946                           ;/opt/microchip/xc8/v3.10/pic/sources/c99/common/doprnt.c: 1152:     return (void) pad(f
      +                          p, &dbuf[i], w);
  8947   0012E4  C02C  F024         	movff	xtoa@fp,pad@fp
  8948   0012E8  C02D  F025         	movff	xtoa@fp+1,pad@fp+1
  8949   0012EC  5037               	movf	xtoa@i^0,w,c
  8950   0012EE  0F9F               	addlw	low _dbuf
  8951   0012F0  6E26               	movwf	pad@buf^0,c
  8952   0012F2  C034  F027         	movff	xtoa@w,pad@p
  8953   0012F6  C035  F028         	movff	xtoa@w+1,pad@p+1
  8954   0012FA  ECD4  F00C         	call	_pad	;wreg free
  8955   0012FE  0012               	return		;funcret
  8956   001300                     __end_of_xtoa:
  8957                           	callstack 0
  8958                           
  8959 ;; *************** function _utoa *****************
  8960 ;; Defined at:
  8961 ;;		line 1001 in file "/opt/microchip/xc8/v3.10/pic/sources/c99/common/doprnt.c"
  8962 ;; Parameters:    Size  Location     Type
  8963 ;;  fp              2   42[COMRAM] PTR struct _IO_FILE
  8964 ;;		 -> NULL(0), 
  8965 ;;  d               2   44[COMRAM] unsigned int 
  8966 ;; Auto vars:     Size  Location     Type
  8967 ;;  i               2   49[COMRAM] int 
  8968 ;;  w               2   47[COMRAM] int 
  8969 ;;  p               1   46[COMRAM] _Bool 
  8970 ;; Return value:  Size  Location     Type
  8971 ;;                  1    wreg      void 
  8972 ;; Registers used:
  8973 ;;		wreg, fsr1l, fsr1h, fsr2l, fsr2h, status,2, status,0, cstack
  8974 ;; Tracked objects:
  8975 ;;		On entry : 0/0
  8976 ;;		On exit  : 0/0
  8977 ;;		Unchanged: 0/0
  8978 ;; Data sizes:     COMRAM   BANK0   BANK1   BANK2   BANK3   BANK4   BANK5
  8979 ;;      Params:         4       0       0       0       0       0       0
  8980 ;;      Locals:         5       0       0       0       0       0       0
  8981 ;;      Temps:          0       0       0       0       0       0       0
  8982 ;;      Totals:         9       0       0       0       0       0       0
  8983 ;;Total ram usage:        9 bytes
  8984 ;; Hardware stack levels used: 1
  8985 ;; Hardware stack levels required when called: 5
  8986 ;; This function calls:
  8987 ;;		___lwdiv
  8988 ;;		___lwmod
  8989 ;;		_pad
  8990 ;; This function is called by:
  8991 ;;		_vfpfcnvrt
  8992 ;; This function uses a non-reentrant model
  8993 ;;
  8994                           
  8995                           	psect	text10
  8996   001300                     __ptext10:
  8997                           	callstack 0
  8998   001300                     _utoa:
  8999                           	callstack 20
  9000   001300                     
  9001                           ;/opt/microchip/xc8/v3.10/pic/sources/c99/common/doprnt.c: 1001: static void utoa(FILE *
      +                          fp, vfpf_uint_t d);/opt/microchip/xc8/v3.10/pic/sources/c99/common/doprnt.c: 1002: {;/op
      +                          t/microchip/xc8/v3.10/pic/sources/c99/common/doprnt.c: 1003:     int i, w;;/opt/microchi
      +                          p/xc8/v3.10/pic/sources/c99/common/doprnt.c: 1007:  _Bool p = 1;
  9002   001300  0E01               	movlw	1
  9003   001302  6E30               	movwf	utoa@p^0,c
  9004   001304                     
  9005                           ;/opt/microchip/xc8/v3.10/pic/sources/c99/common/doprnt.c: 1019:     w = width;
  9006   001304  C03E  F031         	movff	_width,utoa@w
  9007   001308  C03F  F032         	movff	_width+1,utoa@w+1
  9008                           
  9009                           ;/opt/microchip/xc8/v3.10/pic/sources/c99/common/doprnt.c: 1022:     i = sizeof(dbuf) - 
      +                          1;
  9010   00130C  6A34               	clrf	(utoa@i+1)^0,c
  9011   00130E  0E1F               	movlw	31
  9012   001310  6E33               	movwf	utoa@i^0,c
  9013   001312                     
  9014                           ;/opt/microchip/xc8/v3.10/pic/sources/c99/common/doprnt.c: 1023:     dbuf[i] = '\0';
  9015   001312  0100               	movlb	0	; () banked
  9016   001314  6BBE               	clrf	(_dbuf+31)& (0+255),b
  9017                           
  9018                           ;/opt/microchip/xc8/v3.10/pic/sources/c99/common/doprnt.c: 1024:     while (i && (d != 0
  9019   001316  EFB1  F009         	goto	l4639
  9020   00131A                     l4629:
  9021                           
  9022                           ;/opt/microchip/xc8/v3.10/pic/sources/c99/common/doprnt.c: 1033:     )) {;/opt/microchip
      +                          /xc8/v3.10/pic/sources/c99/common/doprnt.c: 1034:         --i;
  9023   00131A  0633               	decf	utoa@i^0,f,c
  9024   00131C  A0D8               	btfss	status,0,c
  9025   00131E  0634               	decf	(utoa@i+1)^0,f,c
  9026   001320                     
  9027                           ;/opt/microchip/xc8/v3.10/pic/sources/c99/common/doprnt.c: 1035:         dbuf[i] = '0' +
      +                           (d % 10);
  9028   001320  5033               	movf	utoa@i^0,w,c
  9029   001322  0F9F               	addlw	low _dbuf
  9030   001324  6ED9               	movwf	fsr2l,c
  9031   001326  6ADA               	clrf	fsr2h,c
  9032   001328  C02E  F013         	movff	utoa@d,___lwmod@dividend
  9033   00132C  C02F  F014         	movff	utoa@d+1,___lwmod@dividend+1
  9034   001330  6A16               	clrf	(___lwmod@divisor+1)^0,c
  9035   001332  0E0A               	movlw	10
  9036   001334  6E15               	movwf	___lwmod@divisor^0,c
  9037   001336  ECD9  F00D         	call	___lwmod	;wreg free
  9038   00133A  5013               	movf	?___lwmod^0,w,c
  9039   00133C  0F30               	addlw	48
  9040   00133E  6EDF               	movwf	indf2,c
  9041   001340                     
  9042                           ;/opt/microchip/xc8/v3.10/pic/sources/c99/common/doprnt.c: 1039:   p = 0;
  9043   001340  6A30               	clrf	utoa@p^0,c
  9044   001342                     
  9045                           ;/opt/microchip/xc8/v3.10/pic/sources/c99/common/doprnt.c: 1041:         --w;
  9046   001342  0631               	decf	utoa@w^0,f,c
  9047   001344  A0D8               	btfss	status,0,c
  9048   001346  0632               	decf	(utoa@w+1)^0,f,c
  9049   001348                     
  9050                           ;/opt/microchip/xc8/v3.10/pic/sources/c99/common/doprnt.c: 1042:         d = d / 10;
  9051   001348  C02E  F013         	movff	utoa@d,___lwdiv@dividend
  9052   00134C  C02F  F014         	movff	utoa@d+1,___lwdiv@dividend+1
  9053   001350  6A16               	clrf	(___lwdiv@divisor+1)^0,c
  9054   001352  0E0A               	movlw	10
  9055   001354  6E15               	movwf	___lwdiv@divisor^0,c
  9056   001356  ECA0  F00D         	call	___lwdiv	;wreg free
  9057   00135A  C013  F02E         	movff	?___lwdiv,utoa@d
  9058   00135E  C014  F02F         	movff	?___lwdiv+1,utoa@d+1
  9059   001362                     l4639:
  9060                           
  9061                           ;/opt/microchip/xc8/v3.10/pic/sources/c99/common/doprnt.c: 1024:     while (i && (d != 0
  9062   001362  5033               	movf	utoa@i^0,w,c
  9063   001364  1034               	iorwf	(utoa@i+1)^0,w,c
  9064   001366  B4D8               	btfsc	status,2,c
  9065   001368  EFB8  F009         	goto	u3521
  9066   00136C  EFBA  F009         	goto	u3520
  9067   001370                     u3521:
  9068   001370  EFDF  F009         	goto	l4649
  9069   001374                     u3520:
  9070   001374  502E               	movf	utoa@d^0,w,c
  9071   001376  102F               	iorwf	(utoa@d+1)^0,w,c
  9072   001378  A4D8               	btfss	status,2,c
  9073   00137A  EFC1  F009         	goto	u3531
  9074   00137E  EFC3  F009         	goto	u3530
  9075   001382                     u3531:
  9076   001382  EF8D  F009         	goto	l4629
  9077   001386                     u3530:
  9078   001386  5030               	movf	utoa@p^0,w,c
  9079   001388  A4D8               	btfss	status,2,c
  9080   00138A  EFC9  F009         	goto	u3541
  9081   00138E  EFCB  F009         	goto	u3540
  9082   001392                     u3541:
  9083   001392  EF8D  F009         	goto	l4629
  9084   001396                     u3540:
  9085   001396  BE32               	btfsc	(utoa@w+1)^0,7,c
  9086   001398  EFD6  F009         	goto	u3551
  9087   00139C  5032               	movf	(utoa@w+1)^0,w,c
  9088   00139E  E108               	bnz	u3550
  9089   0013A0  0431               	decf	utoa@w^0,w,c
  9090   0013A2  A0D8               	btfss	status,0,c
  9091   0013A4  EFD6  F009         	goto	u3551
  9092   0013A8  EFD8  F009         	goto	u3550
  9093   0013AC                     u3551:
  9094   0013AC  EFDF  F009         	goto	l4649
  9095   0013B0                     u3550:
  9096   0013B0  B24E               	btfsc	_flags^0,1,c
  9097   0013B2  EFDD  F009         	goto	u3561
  9098   0013B6  EFDF  F009         	goto	u3560
  9099   0013BA                     u3561:
  9100   0013BA  EF8D  F009         	goto	l4629
  9101   0013BE                     u3560:
  9102   0013BE                     l4649:
  9103                           
  9104                           ;/opt/microchip/xc8/v3.10/pic/sources/c99/common/doprnt.c: 1046:     return (void) pad(f
      +                          p, &dbuf[i], w);
  9105   0013BE  C02C  F024         	movff	utoa@fp,pad@fp
  9106   0013C2  C02D  F025         	movff	utoa@fp+1,pad@fp+1
  9107   0013C6  5033               	movf	utoa@i^0,w,c
  9108   0013C8  0F9F               	addlw	low _dbuf
  9109   0013CA  6E26               	movwf	pad@buf^0,c
  9110   0013CC  C031  F027         	movff	utoa@w,pad@p
  9111   0013D0  C032  F028         	movff	utoa@w+1,pad@p+1
  9112   0013D4  ECD4  F00C         	call	_pad	;wreg free
  9113   0013D8  0012               	return		;funcret
  9114   0013DA                     __end_of_utoa:
  9115                           	callstack 0
  9116                           
  9117 ;; *************** function ___lwmod *****************
  9118 ;; Defined at:
  9119 ;;		line 7 in file "/opt/microchip/xc8/v3.10/pic/sources/c99/common/lwmod.c"
  9120 ;; Parameters:    Size  Location     Type
  9121 ;;  dividend        2   17[COMRAM] unsigned int 
  9122 ;;  divisor         2   19[COMRAM] unsigned int 
  9123 ;; Auto vars:     Size  Location     Type
  9124 ;;  counter         1   21[COMRAM] unsigned char 
  9125 ;; Return value:  Size  Location     Type
  9126 ;;                  2   17[COMRAM] unsigned int 
  9127 ;; Registers used:
  9128 ;;		wreg, status,2, status,0
  9129 ;; Tracked objects:
  9130 ;;		On entry : 0/0
  9131 ;;		On exit  : 0/0
  9132 ;;		Unchanged: 0/0
  9133 ;; Data sizes:     COMRAM   BANK0   BANK1   BANK2   BANK3   BANK4   BANK5
  9134 ;;      Params:         4       0       0       0       0       0       0
  9135 ;;      Locals:         1       0       0       0       0       0       0
  9136 ;;      Temps:          0       0       0       0       0       0       0
  9137 ;;      Totals:         5       0       0       0       0       0       0
  9138 ;;Total ram usage:        5 bytes
  9139 ;; Hardware stack levels used: 1
  9140 ;; Hardware stack levels required when called: 4
  9141 ;; This function calls:
  9142 ;;		Nothing
  9143 ;; This function is called by:
  9144 ;;		_utoa
  9145 ;; This function uses a non-reentrant model
  9146 ;;
  9147                           
  9148                           	psect	text11
  9149   001BB2                     __ptext11:
  9150                           	callstack 0
  9151   001BB2                     ___lwmod:
  9152                           	callstack 20
  9153   001BB2  5015               	movf	___lwmod@divisor^0,w,c
  9154   001BB4  1016               	iorwf	(___lwmod@divisor+1)^0,w,c
  9155   001BB6  B4D8               	btfsc	status,2,c
  9156   001BB8  EFE0  F00D         	goto	u3291
  9157   001BBC  EFE2  F00D         	goto	u3290
  9158   001BC0                     u3291:
  9159   001BC0  EF06  F00E         	goto	l1481
  9160   001BC4                     u3290:
  9161   001BC4  0E01               	movlw	1
  9162   001BC6  6E17               	movwf	___lwmod@counter^0,c
  9163   001BC8  EFEA  F00D         	goto	l4519
  9164   001BCC                     l4517:
  9165   001BCC  90D8               	bcf	status,0,c
  9166   001BCE  3615               	rlcf	___lwmod@divisor^0,f,c
  9167   001BD0  3616               	rlcf	(___lwmod@divisor+1)^0,f,c
  9168   001BD2  2A17               	incf	___lwmod@counter^0,f,c
  9169   001BD4                     l4519:
  9170   001BD4  AE16               	btfss	(___lwmod@divisor+1)^0,7,c
  9171   001BD6  EFEF  F00D         	goto	u3301
  9172   001BDA  EFF1  F00D         	goto	u3300
  9173   001BDE                     u3301:
  9174   001BDE  EFE6  F00D         	goto	l4517
  9175   001BE2                     u3300:
  9176   001BE2                     l4521:
  9177   001BE2  5015               	movf	___lwmod@divisor^0,w,c
  9178   001BE4  5C13               	subwf	___lwmod@dividend^0,w,c
  9179   001BE6  5016               	movf	(___lwmod@divisor+1)^0,w,c
  9180   001BE8  5814               	subwfb	(___lwmod@dividend+1)^0,w,c
  9181   001BEA  A0D8               	btfss	status,0,c
  9182   001BEC  EFFA  F00D         	goto	u3311
  9183   001BF0  EFFC  F00D         	goto	u3310
  9184   001BF4                     u3311:
  9185   001BF4  EF00  F00E         	goto	l4525
  9186   001BF8                     u3310:
  9187   001BF8  5015               	movf	___lwmod@divisor^0,w,c
  9188   001BFA  5E13               	subwf	___lwmod@dividend^0,f,c
  9189   001BFC  5016               	movf	(___lwmod@divisor+1)^0,w,c
  9190   001BFE  5A14               	subwfb	(___lwmod@dividend+1)^0,f,c
  9191   001C00                     l4525:
  9192   001C00  90D8               	bcf	status,0,c
  9193   001C02  3216               	rrcf	(___lwmod@divisor+1)^0,f,c
  9194   001C04  3215               	rrcf	___lwmod@divisor^0,f,c
  9195   001C06  2E17               	decfsz	___lwmod@counter^0,f,c
  9196   001C08  EFF1  F00D         	goto	l4521
  9197   001C0C                     l1481:
  9198   001C0C  C013  F013         	movff	___lwmod@dividend,?___lwmod
  9199   001C10  C014  F014         	movff	___lwmod@dividend+1,?___lwmod+1
  9200   001C14  0012               	return		;funcret
  9201   001C16                     __end_of___lwmod:
  9202                           	callstack 0
  9203                           
  9204 ;; *************** function ___lwdiv *****************
  9205 ;; Defined at:
  9206 ;;		line 7 in file "/opt/microchip/xc8/v3.10/pic/sources/c99/common/lwdiv.c"
  9207 ;; Parameters:    Size  Location     Type
  9208 ;;  dividend        2   17[COMRAM] unsigned int 
  9209 ;;  divisor         2   19[COMRAM] unsigned int 
  9210 ;; Auto vars:     Size  Location     Type
  9211 ;;  quotient        2   22[COMRAM] unsigned int 
  9212 ;;  counter         1   21[COMRAM] unsigned char 
  9213 ;; Return value:  Size  Location     Type
  9214 ;;                  2   17[COMRAM] unsigned int 
  9215 ;; Registers used:
  9216 ;;		wreg, status,2, status,0
  9217 ;; Tracked objects:
  9218 ;;		On entry : 0/0
  9219 ;;		On exit  : 0/0
  9220 ;;		Unchanged: 0/0
  9221 ;; Data sizes:     COMRAM   BANK0   BANK1   BANK2   BANK3   BANK4   BANK5
  9222 ;;      Params:         4       0       0       0       0       0       0
  9223 ;;      Locals:         3       0       0       0       0       0       0
  9224 ;;      Temps:          0       0       0       0       0       0       0
  9225 ;;      Totals:         7       0       0       0       0       0       0
  9226 ;;Total ram usage:        7 bytes
  9227 ;; Hardware stack levels used: 1
  9228 ;; Hardware stack levels required when called: 4
  9229 ;; This function calls:
  9230 ;;		Nothing
  9231 ;; This function is called by:
  9232 ;;		_utoa
  9233 ;; This function uses a non-reentrant model
  9234 ;;
  9235                           
  9236                           	psect	text12
  9237   001B40                     __ptext12:
  9238                           	callstack 0
  9239   001B40                     ___lwdiv:
  9240                           	callstack 20
  9241   001B40  6A19               	clrf	(___lwdiv@quotient+1)^0,c
  9242   001B42  0E00               	movlw	0
  9243   001B44  6E18               	movwf	___lwdiv@quotient^0,c
  9244   001B46  5015               	movf	___lwdiv@divisor^0,w,c
  9245   001B48  1016               	iorwf	(___lwdiv@divisor+1)^0,w,c
  9246   001B4A  B4D8               	btfsc	status,2,c
  9247   001B4C  EFAA  F00D         	goto	u3261
  9248   001B50  EFAC  F00D         	goto	u3260
  9249   001B54                     u3261:
  9250   001B54  EFD4  F00D         	goto	l1471
  9251   001B58                     u3260:
  9252   001B58  0E01               	movlw	1
  9253   001B5A  6E17               	movwf	___lwdiv@counter^0,c
  9254   001B5C  EFB4  F00D         	goto	l4499
  9255   001B60                     l4497:
  9256   001B60  90D8               	bcf	status,0,c
  9257   001B62  3615               	rlcf	___lwdiv@divisor^0,f,c
  9258   001B64  3616               	rlcf	(___lwdiv@divisor+1)^0,f,c
  9259   001B66  2A17               	incf	___lwdiv@counter^0,f,c
  9260   001B68                     l4499:
  9261   001B68  AE16               	btfss	(___lwdiv@divisor+1)^0,7,c
  9262   001B6A  EFB9  F00D         	goto	u3271
  9263   001B6E  EFBB  F00D         	goto	u3270
  9264   001B72                     u3271:
  9265   001B72  EFB0  F00D         	goto	l4497
  9266   001B76                     u3270:
  9267   001B76                     l4501:
  9268   001B76  90D8               	bcf	status,0,c
  9269   001B78  3618               	rlcf	___lwdiv@quotient^0,f,c
  9270   001B7A  3619               	rlcf	(___lwdiv@quotient+1)^0,f,c
  9271   001B7C  5015               	movf	___lwdiv@divisor^0,w,c
  9272   001B7E  5C13               	subwf	___lwdiv@dividend^0,w,c
  9273   001B80  5016               	movf	(___lwdiv@divisor+1)^0,w,c
  9274   001B82  5814               	subwfb	(___lwdiv@dividend+1)^0,w,c
  9275   001B84  A0D8               	btfss	status,0,c
  9276   001B86  EFC7  F00D         	goto	u3281
  9277   001B8A  EFC9  F00D         	goto	u3280
  9278   001B8E                     u3281:
  9279   001B8E  EFCE  F00D         	goto	l4509
  9280   001B92                     u3280:
  9281   001B92  5015               	movf	___lwdiv@divisor^0,w,c
  9282   001B94  5E13               	subwf	___lwdiv@dividend^0,f,c
  9283   001B96  5016               	movf	(___lwdiv@divisor+1)^0,w,c
  9284   001B98  5A14               	subwfb	(___lwdiv@dividend+1)^0,f,c
  9285   001B9A  8018               	bsf	___lwdiv@quotient^0,0,c
  9286   001B9C                     l4509:
  9287   001B9C  90D8               	bcf	status,0,c
  9288   001B9E  3216               	rrcf	(___lwdiv@divisor+1)^0,f,c
  9289   001BA0  3215               	rrcf	___lwdiv@divisor^0,f,c
  9290   001BA2  2E17               	decfsz	___lwdiv@counter^0,f,c
  9291   001BA4  EFBB  F00D         	goto	l4501
  9292   001BA8                     l1471:
  9293   001BA8  C018  F013         	movff	___lwdiv@quotient,?___lwdiv
  9294   001BAC  C019  F014         	movff	___lwdiv@quotient+1,?___lwdiv+1
  9295   001BB0  0012               	return		;funcret
  9296   001BB2                     __end_of___lwdiv:
  9297                           	callstack 0
  9298                           
  9299 ;; *************** function _read_prec_or_width *****************
  9300 ;; Defined at:
  9301 ;;		line 1158 in file "/opt/microchip/xc8/v3.10/pic/sources/c99/common/doprnt.c"
  9302 ;; Parameters:    Size  Location     Type
  9303 ;;  fmt             1   17[COMRAM] PTR PTR const unsigned c
  9304 ;;		 -> vfprintf@cfmt(2), 
  9305 ;;  ap              1   18[COMRAM] PTR PTR void [1]
  9306 ;;		 -> printf@ap(1), 
  9307 ;; Auto vars:     Size  Location     Type
  9308 ;;  c               1   21[COMRAM] unsigned char 
  9309 ;;  n               2   22[COMRAM] int 
  9310 ;; Return value:  Size  Location     Type
  9311 ;;                  2   17[COMRAM] int 
  9312 ;; Registers used:
  9313 ;;		wreg, fsr2l, fsr2h, status,2, status,0, tblptrl, tblptrh, tblptru, prodl, prodh
  9314 ;; Tracked objects:
  9315 ;;		On entry : 0/0
  9316 ;;		On exit  : 0/0
  9317 ;;		Unchanged: 0/0
  9318 ;; Data sizes:     COMRAM   BANK0   BANK1   BANK2   BANK3   BANK4   BANK5
  9319 ;;      Params:         2       0       0       0       0       0       0
  9320 ;;      Locals:         3       0       0       0       0       0       0
  9321 ;;      Temps:          2       0       0       0       0       0       0
  9322 ;;      Totals:         7       0       0       0       0       0       0
  9323 ;;Total ram usage:        7 bytes
  9324 ;; Hardware stack levels used: 1
  9325 ;; Hardware stack levels required when called: 4
  9326 ;; This function calls:
  9327 ;;		Nothing
  9328 ;; This function is called by:
  9329 ;;		_vfpfcnvrt
  9330 ;; This function uses a non-reentrant model
  9331 ;;
  9332                           
  9333                           	psect	text13
  9334   001858                     __ptext13:
  9335                           	callstack 0
  9336   001858                     _read_prec_or_width:
  9337                           	callstack 21
  9338   001858                     
  9339                           ;/opt/microchip/xc8/v3.10/pic/sources/c99/common/doprnt.c: 1159:     int n = 0;
  9340   001858  6A19               	clrf	(read_prec_or_width@n+1)^0,c
  9341   00185A  0E00               	movlw	0
  9342   00185C  6E18               	movwf	read_prec_or_width@n^0,c
  9343   00185E                     
  9344                           ;/opt/microchip/xc8/v3.10/pic/sources/c99/common/doprnt.c: 1160:     if ((*fmt)[0] == '*
      +                          ') {
  9345   00185E  5013               	movf	read_prec_or_width@fmt^0,w,c
  9346   001860  6ED9               	movwf	fsr2l,c
  9347   001862  6ADA               	clrf	fsr2h,c
  9348   001864  CFDE FFF6          	movff	postinc2,tblptrl
  9349   001868  CFDD FFF7          	movff	postdec2,tblptrh
  9350   00186C                     	if	0	;tblptru may be non-zero
  9351   00186C                     	endif
  9352   00186C                     	if	0	;tblptru may be non-zero
  9353   00186C                     	endif
  9354   00186C  0008               	tblrd		*
  9355   00186E  50F5               	movf	tablat,w,c
  9356   001870  0A2A               	xorlw	42
  9357   001872  A4D8               	btfss	status,2,c
  9358   001874  EF3E  F00C         	goto	u3641
  9359   001878  EF40  F00C         	goto	u3640
  9360   00187C                     u3641:
  9361   00187C  EF69  F00C         	goto	l4703
  9362   001880                     u3640:
  9363   001880                     
  9364                           ;/opt/microchip/xc8/v3.10/pic/sources/c99/common/doprnt.c: 1161:         ++*fmt;
  9365   001880  5013               	movf	read_prec_or_width@fmt^0,w,c
  9366   001882  6ED9               	movwf	fsr2l,c
  9367   001884  6ADA               	clrf	fsr2h,c
  9368   001886  2ADE               	incf	postinc2,f,c
  9369   001888  0E00               	movlw	0
  9370   00188A  22DD               	addwfc	postdec2,f,c
  9371   00188C                     
  9372                           ;/opt/microchip/xc8/v3.10/pic/sources/c99/common/doprnt.c: 1162:         n = (*(int *)__
      +                          va_arg(*(int **)*ap, (int)0));
  9373   00188C  5014               	movf	read_prec_or_width@ap^0,w,c
  9374   00188E  6ED9               	movwf	fsr2l,c
  9375   001890  6ADA               	clrf	fsr2h,c
  9376   001892  0E02               	movlw	2
  9377   001894  26DF               	addwf	indf2,f,c
  9378   001896  5CDF               	subwf	indf2,w,c
  9379   001898  6ED9               	movwf	fsr2l,c
  9380   00189A  6ADA               	clrf	fsr2h,c
  9381   00189C  CFDE F018          	movff	postinc2,read_prec_or_width@n
  9382   0018A0  CFDE F019          	movff	postinc2,read_prec_or_width@n+1
  9383                           
  9384                           ;/opt/microchip/xc8/v3.10/pic/sources/c99/common/doprnt.c: 1163:     } else {
  9385   0018A4  EF7C  F00C         	goto	l1741
  9386   0018A8                     l4699:
  9387                           
  9388                           ;/opt/microchip/xc8/v3.10/pic/sources/c99/common/doprnt.c: 1166:             n = n * 10 
      +                          + c;
  9389   0018A8  0E0A               	movlw	10
  9390   0018AA  0218               	mulwf	read_prec_or_width@n^0,c
  9391   0018AC  CFF3 F015          	movff	prodl,??_read_prec_or_width
  9392   0018B0  CFF4 F016          	movff	prodh,??_read_prec_or_width+1
  9393   0018B4  0219               	mulwf	(read_prec_or_width@n+1)^0,c
  9394   0018B6  50F3               	movf	prodl,w,c
  9395   0018B8  2616               	addwf	(??_read_prec_or_width+1)^0,f,c
  9396   0018BA  5017               	movf	read_prec_or_width@c^0,w,c
  9397   0018BC  2415               	addwf	??_read_prec_or_width^0,w,c
  9398   0018BE  6E18               	movwf	read_prec_or_width@n^0,c
  9399   0018C0  0E00               	movlw	0
  9400   0018C2  2016               	addwfc	(??_read_prec_or_width+1)^0,w,c
  9401   0018C4  6E19               	movwf	(read_prec_or_width@n+1)^0,c
  9402   0018C6                     
  9403                           ;/opt/microchip/xc8/v3.10/pic/sources/c99/common/doprnt.c: 1167:             ++*fmt;
  9404   0018C6  5013               	movf	read_prec_or_width@fmt^0,w,c
  9405   0018C8  6ED9               	movwf	fsr2l,c
  9406   0018CA  6ADA               	clrf	fsr2h,c
  9407   0018CC  2ADE               	incf	postinc2,f,c
  9408   0018CE  0E00               	movlw	0
  9409   0018D0  22DD               	addwfc	postdec2,f,c
  9410   0018D2                     l4703:
  9411                           
  9412                           ;/opt/microchip/xc8/v3.10/pic/sources/c99/common/doprnt.c: 1165:         while ((c = ((u
      +                          nsigned)(*fmt)[0]) - '0') < 10) {
  9413   0018D2  5013               	movf	read_prec_or_width@fmt^0,w,c
  9414   0018D4  6ED9               	movwf	fsr2l,c
  9415   0018D6  6ADA               	clrf	fsr2h,c
  9416   0018D8  CFDE FFF6          	movff	postinc2,tblptrl
  9417   0018DC  CFDD FFF7          	movff	postdec2,tblptrh
  9418   0018E0                     	if	0	;tblptru may be non-zero
  9419   0018E0                     	endif
  9420   0018E0                     	if	0	;tblptru may be non-zero
  9421   0018E0                     	endif
  9422   0018E0  0008               	tblrd		*
  9423   0018E2  50F5               	movf	tablat,w,c
  9424   0018E4  0FD0               	addlw	208
  9425   0018E6  6E17               	movwf	read_prec_or_width@c^0,c
  9426   0018E8  0E09               	movlw	9
  9427   0018EA  6417               	cpfsgt	read_prec_or_width@c^0,c
  9428   0018EC  EF7A  F00C         	goto	u3651
  9429   0018F0  EF7C  F00C         	goto	u3650
  9430   0018F4                     u3651:
  9431   0018F4  EF54  F00C         	goto	l4699
  9432   0018F8                     u3650:
  9433   0018F8                     l1741:
  9434                           
  9435                           ;/opt/microchip/xc8/v3.10/pic/sources/c99/common/doprnt.c: 1170:     return n;
  9436   0018F8  C018  F013         	movff	read_prec_or_width@n,?_read_prec_or_width
  9437   0018FC  C019  F014         	movff	read_prec_or_width@n+1,?_read_prec_or_width+1
  9438   001900  0012               	return		;funcret
  9439   001902                     __end_of_read_prec_or_width:
  9440                           	callstack 0
  9441                           
  9442 ;; *************** function _dtoa *****************
  9443 ;; Defined at:
  9444 ;;		line 513 in file "/opt/microchip/xc8/v3.10/pic/sources/c99/common/doprnt.c"
  9445 ;; Parameters:    Size  Location     Type
  9446 ;;  fp              2   42[COMRAM] PTR struct _IO_FILE
  9447 ;;		 -> NULL(0), 
  9448 ;;  d               2   44[COMRAM] int 
  9449 ;; Auto vars:     Size  Location     Type
  9450 ;;  i               2   52[COMRAM] int 
  9451 ;;  w               2   49[COMRAM] int 
  9452 ;;  s               1   51[COMRAM] unsigned char 
  9453 ;;  p               1   48[COMRAM] _Bool 
  9454 ;; Return value:  Size  Location     Type
  9455 ;;                  1    wreg      void 
  9456 ;; Registers used:
  9457 ;;		wreg, fsr1l, fsr1h, fsr2l, fsr2h, status,2, status,0, cstack
  9458 ;; Tracked objects:
  9459 ;;		On entry : 0/0
  9460 ;;		On exit  : 0/0
  9461 ;;		Unchanged: 0/0
  9462 ;; Data sizes:     COMRAM   BANK0   BANK1   BANK2   BANK3   BANK4   BANK5
  9463 ;;      Params:         4       0       0       0       0       0       0
  9464 ;;      Locals:         8       0       0       0       0       0       0
  9465 ;;      Temps:          0       0       0       0       0       0       0
  9466 ;;      Totals:        12       0       0       0       0       0       0
  9467 ;;Total ram usage:       12 bytes
  9468 ;; Hardware stack levels used: 1
  9469 ;; Hardware stack levels required when called: 7
  9470 ;; This function calls:
  9471 ;;		___awdiv
  9472 ;;		___awmod
  9473 ;;		_abs
  9474 ;;		_pad
  9475 ;; This function is called by:
  9476 ;;		_vfpfcnvrt
  9477 ;; This function uses a non-reentrant model
  9478 ;;
  9479                           
  9480                           	psect	text14
  9481   0010AA                     __ptext14:
  9482                           	callstack 0
  9483   0010AA                     _dtoa:
  9484                           	callstack 18
  9485   0010AA                     
  9486                           ;/opt/microchip/xc8/v3.10/pic/sources/c99/common/doprnt.c: 513: static void dtoa(FILE *f
      +                          p, vfpf_sint_t d);/opt/microchip/xc8/v3.10/pic/sources/c99/common/doprnt.c: 514: {;/opt/
      +                          microchip/xc8/v3.10/pic/sources/c99/common/doprnt.c: 515:  char s;;/opt/microchip/xc8/v3
      +                          .10/pic/sources/c99/common/doprnt.c: 516:     int i, w;;/opt/microchip/xc8/v3.10/pic/sou
      +                          rces/c99/common/doprnt.c: 520:  _Bool p = 1;
  9487   0010AA  0E01               	movlw	1
  9488   0010AC  6E32               	movwf	dtoa@p^0,c
  9489   0010AE                     
  9490                           ;/opt/microchip/xc8/v3.10/pic/sources/c99/common/doprnt.c: 524:     s = d < 0 ? 1 : 0;
  9491   0010AE  BE2F               	btfsc	(dtoa@d+1)^0,7,c
  9492   0010B0  EF5C  F008         	goto	u3421
  9493   0010B4  EF5F  F008         	goto	u3420
  9494   0010B8                     u3421:
  9495   0010B8  0E01               	movlw	1
  9496   0010BA  EF60  F008         	goto	u3430
  9497   0010BE                     u3420:
  9498   0010BE  0E00               	movlw	0
  9499   0010C0                     u3430:
  9500   0010C0  6E35               	movwf	dtoa@s^0,c
  9501   0010C2                     
  9502                           ;/opt/microchip/xc8/v3.10/pic/sources/c99/common/doprnt.c: 535:     w = width;
  9503   0010C2  C03E  F033         	movff	_width,dtoa@w
  9504   0010C6  C03F  F034         	movff	_width+1,dtoa@w+1
  9505   0010CA                     
  9506                           ;/opt/microchip/xc8/v3.10/pic/sources/c99/common/doprnt.c: 536:     if (s
  9507   0010CA  5035               	movf	dtoa@s^0,w,c
  9508   0010CC  B4D8               	btfsc	status,2,c
  9509   0010CE  EF6B  F008         	goto	u3441
  9510   0010D2  EF6D  F008         	goto	u3440
  9511   0010D6                     u3441:
  9512   0010D6  EF82  F008         	goto	l1702
  9513   0010DA                     u3440:
  9514   0010DA                     
  9515                           ;/opt/microchip/xc8/v3.10/pic/sources/c99/common/doprnt.c: 540:     ) {;/opt/microchip/x
      +                          c8/v3.10/pic/sources/c99/common/doprnt.c: 541:         --w;
  9516   0010DA  0633               	decf	dtoa@w^0,f,c
  9517   0010DC  A0D8               	btfss	status,0,c
  9518   0010DE  0634               	decf	(dtoa@w+1)^0,f,c
  9519   0010E0                     
  9520                           ;/opt/microchip/xc8/v3.10/pic/sources/c99/common/doprnt.c: 542:   s = s ? '-' : '+';
  9521   0010E0  5035               	movf	dtoa@s^0,w,c
  9522   0010E2  A4D8               	btfss	status,2,c
  9523   0010E4  EF76  F008         	goto	u3451
  9524   0010E8  EF78  F008         	goto	u3450
  9525   0010EC                     u3451:
  9526   0010EC  EF7D  F008         	goto	l4587
  9527   0010F0                     u3450:
  9528   0010F0  6A31               	clrf	(_dtoa$2843+1)^0,c
  9529   0010F2  0E2B               	movlw	43
  9530   0010F4  6E30               	movwf	_dtoa$2843^0,c
  9531   0010F6  EF80  F008         	goto	l4589
  9532   0010FA                     l4587:
  9533   0010FA  6A31               	clrf	(_dtoa$2843+1)^0,c
  9534   0010FC  0E2D               	movlw	45
  9535   0010FE  6E30               	movwf	_dtoa$2843^0,c
  9536   001100                     l4589:
  9537   001100  C030  F035         	movff	_dtoa$2843,dtoa@s
  9538   001104                     l1702:
  9539                           
  9540                           ;/opt/microchip/xc8/v3.10/pic/sources/c99/common/doprnt.c: 552:     i = sizeof(dbuf) - 1
      +                          ;
  9541   001104  6A37               	clrf	(dtoa@i+1)^0,c
  9542   001106  0E1F               	movlw	31
  9543   001108  6E36               	movwf	dtoa@i^0,c
  9544   00110A                     
  9545                           ;/opt/microchip/xc8/v3.10/pic/sources/c99/common/doprnt.c: 553:     dbuf[i] = '\0';
  9546   00110A  0100               	movlb	0	; () banked
  9547   00110C  6BBE               	clrf	(_dbuf+31)& (0+255),b
  9548                           
  9549                           ;/opt/microchip/xc8/v3.10/pic/sources/c99/common/doprnt.c: 554:     while (!(i < 1) && (
      +                          d != 0
  9550   00110E  EFB3  F008         	goto	l4603
  9551   001112                     l4593:
  9552                           
  9553                           ;/opt/microchip/xc8/v3.10/pic/sources/c99/common/doprnt.c: 563:     )) {;/opt/microchip/
      +                          xc8/v3.10/pic/sources/c99/common/doprnt.c: 564:         --i;
  9554   001112  0636               	decf	dtoa@i^0,f,c
  9555   001114  A0D8               	btfss	status,0,c
  9556   001116  0637               	decf	(dtoa@i+1)^0,f,c
  9557   001118                     
  9558                           ;/opt/microchip/xc8/v3.10/pic/sources/c99/common/doprnt.c: 565:         dbuf[i] = (char)
      +                          ((int)'0' + abs(d % 10));
  9559   001118  5036               	movf	dtoa@i^0,w,c
  9560   00111A  0F9F               	addlw	low _dbuf
  9561   00111C  6ED9               	movwf	fsr2l,c
  9562   00111E  6ADA               	clrf	fsr2h,c
  9563   001120  C02E  F013         	movff	dtoa@d,___awmod@dividend
  9564   001124  C02F  F014         	movff	dtoa@d+1,___awmod@dividend+1
  9565   001128  6A16               	clrf	(___awmod@divisor+1)^0,c
  9566   00112A  0E0A               	movlw	10
  9567   00112C  6E15               	movwf	___awmod@divisor^0,c
  9568   00112E  ECD5  F00B         	call	___awmod	;wreg free
  9569   001132  C013  F019         	movff	?___awmod,abs@a
  9570   001136  C014  F01A         	movff	?___awmod+1,abs@a+1
  9571   00113A  ECD3  F00E         	call	_abs	;wreg free
  9572   00113E  5019               	movf	?_abs^0,w,c
  9573   001140  0F30               	addlw	48
  9574   001142  6EDF               	movwf	indf2,c
  9575   001144                     
  9576                           ;/opt/microchip/xc8/v3.10/pic/sources/c99/common/doprnt.c: 569:   p = 0;
  9577   001144  6A32               	clrf	dtoa@p^0,c
  9578   001146                     
  9579                           ;/opt/microchip/xc8/v3.10/pic/sources/c99/common/doprnt.c: 571:         --w;
  9580   001146  0633               	decf	dtoa@w^0,f,c
  9581   001148  A0D8               	btfss	status,0,c
  9582   00114A  0634               	decf	(dtoa@w+1)^0,f,c
  9583   00114C                     
  9584                           ;/opt/microchip/xc8/v3.10/pic/sources/c99/common/doprnt.c: 572:         d = d / 10;
  9585   00114C  C02E  F013         	movff	dtoa@d,___awdiv@dividend
  9586   001150  C02F  F014         	movff	dtoa@d+1,___awdiv@dividend+1
  9587   001154  6A16               	clrf	(___awdiv@divisor+1)^0,c
  9588   001156  0E0A               	movlw	10
  9589   001158  6E15               	movwf	___awdiv@divisor^0,c
  9590   00115A  EC1D  F00B         	call	___awdiv	;wreg free
  9591   00115E  C013  F02E         	movff	?___awdiv,dtoa@d
  9592   001162  C014  F02F         	movff	?___awdiv+1,dtoa@d+1
  9593   001166                     l4603:
  9594                           
  9595                           ;/opt/microchip/xc8/v3.10/pic/sources/c99/common/doprnt.c: 554:     while (!(i < 1) && (
      +                          d != 0
  9596   001166  BE37               	btfsc	(dtoa@i+1)^0,7,c
  9597   001168  EFBE  F008         	goto	u3461
  9598   00116C  5037               	movf	(dtoa@i+1)^0,w,c
  9599   00116E  E108               	bnz	u3460
  9600   001170  0436               	decf	dtoa@i^0,w,c
  9601   001172  A0D8               	btfss	status,0,c
  9602   001174  EFBE  F008         	goto	u3461
  9603   001178  EFC0  F008         	goto	u3460
  9604   00117C                     u3461:
  9605   00117C  EFE5  F008         	goto	l4613
  9606   001180                     u3460:
  9607   001180  502E               	movf	dtoa@d^0,w,c
  9608   001182  102F               	iorwf	(dtoa@d+1)^0,w,c
  9609   001184  A4D8               	btfss	status,2,c
  9610   001186  EFC7  F008         	goto	u3471
  9611   00118A  EFC9  F008         	goto	u3470
  9612   00118E                     u3471:
  9613   00118E  EF89  F008         	goto	l4593
  9614   001192                     u3470:
  9615   001192  5032               	movf	dtoa@p^0,w,c
  9616   001194  A4D8               	btfss	status,2,c
  9617   001196  EFCF  F008         	goto	u3481
  9618   00119A  EFD1  F008         	goto	u3480
  9619   00119E                     u3481:
  9620   00119E  EF89  F008         	goto	l4593
  9621   0011A2                     u3480:
  9622   0011A2  BE34               	btfsc	(dtoa@w+1)^0,7,c
  9623   0011A4  EFDC  F008         	goto	u3491
  9624   0011A8  5034               	movf	(dtoa@w+1)^0,w,c
  9625   0011AA  E108               	bnz	u3490
  9626   0011AC  0433               	decf	dtoa@w^0,w,c
  9627   0011AE  A0D8               	btfss	status,0,c
  9628   0011B0  EFDC  F008         	goto	u3491
  9629   0011B4  EFDE  F008         	goto	u3490
  9630   0011B8                     u3491:
  9631   0011B8  EFE5  F008         	goto	l4613
  9632   0011BC                     u3490:
  9633   0011BC  B24E               	btfsc	_flags^0,1,c
  9634   0011BE  EFE3  F008         	goto	u3501
  9635   0011C2  EFE5  F008         	goto	u3500
  9636   0011C6                     u3501:
  9637   0011C6  EF89  F008         	goto	l4593
  9638   0011CA                     u3500:
  9639   0011CA                     l4613:
  9640                           
  9641                           ;/opt/microchip/xc8/v3.10/pic/sources/c99/common/doprnt.c: 576:     if (s != 0) {
  9642   0011CA  5035               	movf	dtoa@s^0,w,c
  9643   0011CC  B4D8               	btfsc	status,2,c
  9644   0011CE  EFEB  F008         	goto	u3511
  9645   0011D2  EFED  F008         	goto	u3510
  9646   0011D6                     u3511:
  9647   0011D6  EFF6  F008         	goto	l4619
  9648   0011DA                     u3510:
  9649   0011DA                     
  9650                           ;/opt/microchip/xc8/v3.10/pic/sources/c99/common/doprnt.c: 577:         --i;
  9651   0011DA  0636               	decf	dtoa@i^0,f,c
  9652   0011DC  A0D8               	btfss	status,0,c
  9653   0011DE  0637               	decf	(dtoa@i+1)^0,f,c
  9654   0011E0                     
  9655                           ;/opt/microchip/xc8/v3.10/pic/sources/c99/common/doprnt.c: 578:         dbuf[i] = s;
  9656   0011E0  5036               	movf	dtoa@i^0,w,c
  9657   0011E2  0F9F               	addlw	low _dbuf
  9658   0011E4  6ED9               	movwf	fsr2l,c
  9659   0011E6  6ADA               	clrf	fsr2h,c
  9660   0011E8  C035  FFDF         	movff	dtoa@s,indf2
  9661   0011EC                     l4619:
  9662                           
  9663                           ;/opt/microchip/xc8/v3.10/pic/sources/c99/common/doprnt.c: 582:     return (void) pad(fp
      +                          , &dbuf[i], w);
  9664   0011EC  C02C  F024         	movff	dtoa@fp,pad@fp
  9665   0011F0  C02D  F025         	movff	dtoa@fp+1,pad@fp+1
  9666   0011F4  5036               	movf	dtoa@i^0,w,c
  9667   0011F6  0F9F               	addlw	low _dbuf
  9668   0011F8  6E26               	movwf	pad@buf^0,c
  9669   0011FA  C033  F027         	movff	dtoa@w,pad@p
  9670   0011FE  C034  F028         	movff	dtoa@w+1,pad@p+1
  9671   001202  ECD4  F00C         	call	_pad	;wreg free
  9672   001206  0012               	return		;funcret
  9673   001208                     __end_of_dtoa:
  9674                           	callstack 0
  9675                           
  9676 ;; *************** function _pad *****************
  9677 ;; Defined at:
  9678 ;;		line 193 in file "/opt/microchip/xc8/v3.10/pic/sources/c99/common/doprnt.c"
  9679 ;; Parameters:    Size  Location     Type
  9680 ;;  fp              2   34[COMRAM] PTR struct _IO_FILE
  9681 ;;		 -> NULL(0), 
  9682 ;;  buf             1   36[COMRAM] PTR unsigned char 
  9683 ;;		 -> dbuf(32), 
  9684 ;;  p               2   37[COMRAM] int 
  9685 ;; Auto vars:     Size  Location     Type
  9686 ;;  i               2   40[COMRAM] int 
  9687 ;; Return value:  Size  Location     Type
  9688 ;;                  1    wreg      void 
  9689 ;; Registers used:
  9690 ;;		wreg, fsr1l, fsr1h, fsr2l, fsr2h, status,2, status,0, cstack
  9691 ;; Tracked objects:
  9692 ;;		On entry : 0/0
  9693 ;;		On exit  : 0/0
  9694 ;;		Unchanged: 0/0
  9695 ;; Data sizes:     COMRAM   BANK0   BANK1   BANK2   BANK3   BANK4   BANK5
  9696 ;;      Params:         5       0       0       0       0       0       0
  9697 ;;      Locals:         2       0       0       0       0       0       0
  9698 ;;      Temps:          1       0       0       0       0       0       0
  9699 ;;      Totals:         8       0       0       0       0       0       0
  9700 ;;Total ram usage:        8 bytes
  9701 ;; Hardware stack levels used: 1
  9702 ;; Hardware stack levels required when called: 4
  9703 ;; This function calls:
  9704 ;;		_fputc
  9705 ;;		_fputs
  9706 ;; This function is called by:
  9707 ;;		_dtoa
  9708 ;;		_utoa
  9709 ;;		_xtoa
  9710 ;; This function uses a non-reentrant model
  9711 ;;
  9712                           
  9713                           	psect	text15
  9714   0019A8                     __ptext15:
  9715                           	callstack 0
  9716   0019A8                     _pad:
  9717                           	callstack 20
  9718   0019A8                     
  9719                           ;/opt/microchip/xc8/v3.10/pic/sources/c99/common/doprnt.c: 193: static void pad(FILE *fp
      +                          , char *buf, int p);/opt/microchip/xc8/v3.10/pic/sources/c99/common/doprnt.c: 194: {;/op
      +                          t/microchip/xc8/v3.10/pic/sources/c99/common/doprnt.c: 195:     int i;;/opt/microchip/xc
      +                          8/v3.10/pic/sources/c99/common/doprnt.c: 199:     if (flags & (1 << 0)) {
  9720   0019A8  A04E               	btfss	_flags^0,0,c
  9721   0019AA  EFD9  F00C         	goto	u3321
  9722   0019AE  EFDB  F00C         	goto	u3320
  9723   0019B2                     u3321:
  9724   0019B2  EFE3  F00C         	goto	l4533
  9725   0019B6                     u3320:
  9726   0019B6                     
  9727                           ;/opt/microchip/xc8/v3.10/pic/sources/c99/common/doprnt.c: 200:         fputs((const cha
      +                          r *)buf, fp);
  9728   0019B6  C026  F01E         	movff	pad@buf,fputs@s
  9729   0019BA  C024  F01F         	movff	pad@fp,fputs@fp
  9730   0019BE  C025  F020         	movff	pad@fp+1,fputs@fp+1
  9731   0019C2  EC99  F00E         	call	_fputs	;wreg free
  9732   0019C6                     l4533:
  9733                           
  9734                           ;/opt/microchip/xc8/v3.10/pic/sources/c99/common/doprnt.c: 205:  if (p < 0) {
  9735   0019C6  BE28               	btfsc	(pad@p+1)^0,7,c
  9736   0019C8  EFEA  F00C         	goto	u3330
  9737   0019CC  EFE8  F00C         	goto	u3331
  9738   0019D0                     u3331:
  9739   0019D0  EFED  F00C         	goto	l1678
  9740   0019D4                     u3330:
  9741   0019D4                     
  9742                           ;/opt/microchip/xc8/v3.10/pic/sources/c99/common/doprnt.c: 206:   p = 0;
  9743   0019D4  6A28               	clrf	(pad@p+1)^0,c
  9744   0019D6  0E00               	movlw	0
  9745   0019D8  6E27               	movwf	pad@p^0,c
  9746   0019DA                     l1678:
  9747                           
  9748                           ;/opt/microchip/xc8/v3.10/pic/sources/c99/common/doprnt.c: 208:     i = 0;
  9749   0019DA  6A2B               	clrf	(pad@i+1)^0,c
  9750   0019DC  0E00               	movlw	0
  9751   0019DE  6E2A               	movwf	pad@i^0,c
  9752                           
  9753                           ;/opt/microchip/xc8/v3.10/pic/sources/c99/common/doprnt.c: 209:     while (i < p) {
  9754   0019E0  EFFD  F00C         	goto	l4541
  9755   0019E4                     l4537:
  9756                           
  9757                           ;/opt/microchip/xc8/v3.10/pic/sources/c99/common/doprnt.c: 210:         fputc(' ', fp);
  9758   0019E4  6A16               	clrf	(fputc@c+1)^0,c
  9759   0019E6  0E20               	movlw	32
  9760   0019E8  6E15               	movwf	fputc@c^0,c
  9761   0019EA  C024  F017         	movff	pad@fp,fputc@fp
  9762   0019EE  C025  F018         	movff	pad@fp+1,fputc@fp+1
  9763   0019F2  EC57  F00A         	call	_fputc	;wreg free
  9764   0019F6                     
  9765                           ;/opt/microchip/xc8/v3.10/pic/sources/c99/common/doprnt.c: 211:         ++i;
  9766   0019F6  4A2A               	infsnz	pad@i^0,f,c
  9767   0019F8  2A2B               	incf	(pad@i+1)^0,f,c
  9768   0019FA                     l4541:
  9769                           
  9770                           ;/opt/microchip/xc8/v3.10/pic/sources/c99/common/doprnt.c: 209:     while (i < p) {
  9771   0019FA  5027               	movf	pad@p^0,w,c
  9772   0019FC  5C2A               	subwf	pad@i^0,w,c
  9773   0019FE  502B               	movf	(pad@i+1)^0,w,c
  9774   001A00  0A80               	xorlw	128
  9775   001A02  6E29               	movwf	??_pad^0,c
  9776   001A04  5028               	movf	(pad@p+1)^0,w,c
  9777   001A06  0A80               	xorlw	128
  9778   001A08  5829               	subwfb	??_pad^0,w,c
  9779   001A0A  A0D8               	btfss	status,0,c
  9780   001A0C  EF0A  F00D         	goto	u3341
  9781   001A10  EF0C  F00D         	goto	u3340
  9782   001A14                     u3341:
  9783   001A14  EFF2  F00C         	goto	l4537
  9784   001A18                     u3340:
  9785   001A18                     
  9786                           ;/opt/microchip/xc8/v3.10/pic/sources/c99/common/doprnt.c: 216:     if (!(flags & (1 << 
      +                          0))) {
  9787   001A18  B04E               	btfsc	_flags^0,0,c
  9788   001A1A  EF11  F00D         	goto	u3351
  9789   001A1E  EF13  F00D         	goto	u3350
  9790   001A22                     u3351:
  9791   001A22  EF1B  F00D         	goto	l1683
  9792   001A26                     u3350:
  9793   001A26                     
  9794                           ;/opt/microchip/xc8/v3.10/pic/sources/c99/common/doprnt.c: 218:         fputs((const cha
      +                          r *)buf, fp);
  9795   001A26  C026  F01E         	movff	pad@buf,fputs@s
  9796   001A2A  C024  F01F         	movff	pad@fp,fputs@fp
  9797   001A2E  C025  F020         	movff	pad@fp+1,fputs@fp+1
  9798   001A32  EC99  F00E         	call	_fputs	;wreg free
  9799   001A36                     l1683:
  9800   001A36  0012               	return		;funcret
  9801   001A38                     __end_of_pad:
  9802                           	callstack 0
  9803                           
  9804 ;; *************** function _fputs *****************
  9805 ;; Defined at:
  9806 ;;		line 8 in file "/opt/microchip/xc8/v3.10/pic/sources/c99/common/nf_fputs.c"
  9807 ;; Parameters:    Size  Location     Type
  9808 ;;  s               1   28[COMRAM] PTR const unsigned char 
  9809 ;;		 -> dbuf(32), 
  9810 ;;  fp              2   29[COMRAM] PTR struct _IO_FILE
  9811 ;;		 -> NULL(0), 
  9812 ;; Auto vars:     Size  Location     Type
  9813 ;;  i               2   32[COMRAM] int 
  9814 ;;  c               1   31[COMRAM] unsigned char 
  9815 ;; Return value:  Size  Location     Type
  9816 ;;                  2   28[COMRAM] int 
  9817 ;; Registers used:
  9818 ;;		wreg, fsr1l, fsr1h, fsr2l, fsr2h, status,2, status,0, cstack
  9819 ;; Tracked objects:
  9820 ;;		On entry : 0/0
  9821 ;;		On exit  : 0/0
  9822 ;;		Unchanged: 0/0
  9823 ;; Data sizes:     COMRAM   BANK0   BANK1   BANK2   BANK3   BANK4   BANK5
  9824 ;;      Params:         3       0       0       0       0       0       0
  9825 ;;      Locals:         3       0       0       0       0       0       0
  9826 ;;      Temps:          0       0       0       0       0       0       0
  9827 ;;      Totals:         6       0       0       0       0       0       0
  9828 ;;Total ram usage:        6 bytes
  9829 ;; Hardware stack levels used: 1
  9830 ;; Hardware stack levels required when called: 5
  9831 ;; This function calls:
  9832 ;;		_fputc
  9833 ;; This function is called by:
  9834 ;;		_pad
  9835 ;; This function uses a non-reentrant model
  9836 ;;
  9837                           
  9838                           	psect	text16
  9839   001D32                     __ptext16:
  9840                           	callstack 0
  9841   001D32                     _fputs:
  9842                           	callstack 18
  9843   001D32  6A23               	clrf	(fputs@i+1)^0,c
  9844   001D34  0E00               	movlw	0
  9845   001D36  6E22               	movwf	fputs@i^0,c
  9846   001D38  EFA9  F00E         	goto	l4409
  9847   001D3C                     l4405:
  9848   001D3C  C021  F015         	movff	fputs@c,fputc@c
  9849   001D40  6A16               	clrf	(fputc@c+1)^0,c
  9850   001D42  C01F  F017         	movff	fputs@fp,fputc@fp
  9851   001D46  C020  F018         	movff	fputs@fp+1,fputc@fp+1
  9852   001D4A  EC57  F00A         	call	_fputc	;wreg free
  9853   001D4E  4A22               	infsnz	fputs@i^0,f,c
  9854   001D50  2A23               	incf	(fputs@i+1)^0,f,c
  9855   001D52                     l4409:
  9856   001D52  501E               	movf	fputs@s^0,w,c
  9857   001D54  2422               	addwf	fputs@i^0,w,c
  9858   001D56  6ED9               	movwf	fsr2l,c
  9859   001D58  6ADA               	clrf	fsr2h,c
  9860   001D5A  50DF               	movf	indf2,w,c
  9861   001D5C  6E21               	movwf	fputs@c^0,c
  9862   001D5E  5021               	movf	fputs@c^0,w,c
  9863   001D60  A4D8               	btfss	status,2,c
  9864   001D62  EFB5  F00E         	goto	u3131
  9865   001D66  EFB7  F00E         	goto	u3130
  9866   001D6A                     u3131:
  9867   001D6A  EF9E  F00E         	goto	l4405
  9868   001D6E                     u3130:
  9869   001D6E  0012               	return		;funcret
  9870   001D70                     __end_of_fputs:
  9871                           	callstack 0
  9872                           
  9873 ;; *************** function _abs *****************
  9874 ;; Defined at:
  9875 ;;		line 1 in file "/opt/microchip/xc8/v3.10/pic/sources/c99/common/abs.c"
  9876 ;; Parameters:    Size  Location     Type
  9877 ;;  a               2   23[COMRAM] int 
  9878 ;; Auto vars:     Size  Location     Type
  9879 ;;		None
  9880 ;; Return value:  Size  Location     Type
  9881 ;;                  2   23[COMRAM] int 
  9882 ;; Registers used:
  9883 ;;		wreg, status,2, status,0
  9884 ;; Tracked objects:
  9885 ;;		On entry : 0/0
  9886 ;;		On exit  : 0/0
  9887 ;;		Unchanged: 0/0
  9888 ;; Data sizes:     COMRAM   BANK0   BANK1   BANK2   BANK3   BANK4   BANK5
  9889 ;;      Params:         2       0       0       0       0       0       0
  9890 ;;      Locals:         0       0       0       0       0       0       0
  9891 ;;      Temps:          2       0       0       0       0       0       0
  9892 ;;      Totals:         4       0       0       0       0       0       0
  9893 ;;Total ram usage:        4 bytes
  9894 ;; Hardware stack levels used: 1
  9895 ;; Hardware stack levels required when called: 4
  9896 ;; This function calls:
  9897 ;;		Nothing
  9898 ;; This function is called by:
  9899 ;;		_dtoa
  9900 ;; This function uses a non-reentrant model
  9901 ;;
  9902                           
  9903                           	psect	text17
  9904   001DA6                     __ptext17:
  9905                           	callstack 0
  9906   001DA6                     _abs:
  9907                           	callstack 20
  9908   001DA6  BE1A               	btfsc	(abs@a+1)^0,7,c
  9909   001DA8  EFD8  F00E         	goto	u3361
  9910   001DAC  EFDA  F00E         	goto	u3360
  9911   001DB0                     u3361:
  9912   001DB0  EFE0  F00E         	goto	l1778
  9913   001DB4                     u3360:
  9914   001DB4  C019  F019         	movff	abs@a,?_abs
  9915   001DB8  C01A  F01A         	movff	abs@a+1,?_abs+1
  9916   001DBC  EFEC  F00E         	goto	l1781
  9917   001DC0                     l1778:
  9918   001DC0  C019  F01B         	movff	abs@a,??_abs
  9919   001DC4  C01A  F01C         	movff	abs@a+1,??_abs+1
  9920   001DC8  1E1B               	comf	??_abs^0,f,c
  9921   001DCA  1E1C               	comf	(??_abs+1)^0,f,c
  9922   001DCC  4A1B               	infsnz	??_abs^0,f,c
  9923   001DCE  2A1C               	incf	(??_abs+1)^0,f,c
  9924   001DD0  C01B  F019         	movff	??_abs,?_abs
  9925   001DD4  C01C  F01A         	movff	??_abs+1,?_abs+1
  9926   001DD8                     l1781:
  9927   001DD8  0012               	return		;funcret
  9928   001DDA                     __end_of_abs:
  9929                           	callstack 0
  9930                           
  9931 ;; *************** function ___awmod *****************
  9932 ;; Defined at:
  9933 ;;		line 7 in file "/opt/microchip/xc8/v3.10/pic/sources/c99/common/awmod.c"
  9934 ;; Parameters:    Size  Location     Type
  9935 ;;  dividend        2   17[COMRAM] int 
  9936 ;;  divisor         2   19[COMRAM] int 
  9937 ;; Auto vars:     Size  Location     Type
  9938 ;;  sign            1   22[COMRAM] unsigned char 
  9939 ;;  counter         1   21[COMRAM] unsigned char 
  9940 ;; Return value:  Size  Location     Type
  9941 ;;                  2   17[COMRAM] int 
  9942 ;; Registers used:
  9943 ;;		wreg, status,2, status,0
  9944 ;; Tracked objects:
  9945 ;;		On entry : 0/0
  9946 ;;		On exit  : 0/0
  9947 ;;		Unchanged: 0/0
  9948 ;; Data sizes:     COMRAM   BANK0   BANK1   BANK2   BANK3   BANK4   BANK5
  9949 ;;      Params:         4       0       0       0       0       0       0
  9950 ;;      Locals:         2       0       0       0       0       0       0
  9951 ;;      Temps:          0       0       0       0       0       0       0
  9952 ;;      Totals:         6       0       0       0       0       0       0
  9953 ;;Total ram usage:        6 bytes
  9954 ;; Hardware stack levels used: 1
  9955 ;; Hardware stack levels required when called: 4
  9956 ;; This function calls:
  9957 ;;		Nothing
  9958 ;; This function is called by:
  9959 ;;		_main
  9960 ;;		_dtoa
  9961 ;; This function uses a non-reentrant model
  9962 ;;
  9963                           
  9964                           	psect	text18
  9965   0017AA                     __ptext18:
  9966                           	callstack 0
  9967   0017AA                     ___awmod:
  9968                           	callstack 20
  9969   0017AA  6A18               	clrf	___awmod@sign^0,c
  9970   0017AC  BE14               	btfsc	(___awmod@dividend+1)^0,7,c
  9971   0017AE  EFDD  F00B         	goto	u3200
  9972   0017B2  EFDB  F00B         	goto	u3201
  9973   0017B6                     u3201:
  9974   0017B6  EFE3  F00B         	goto	l4463
  9975   0017BA                     u3200:
  9976   0017BA  6C13               	negf	___awmod@dividend^0,c
  9977   0017BC  1E14               	comf	(___awmod@dividend+1)^0,f,c
  9978   0017BE  B0D8               	btfsc	status,0,c
  9979   0017C0  2A14               	incf	(___awmod@dividend+1)^0,f,c
  9980   0017C2  0E01               	movlw	1
  9981   0017C4  6E18               	movwf	___awmod@sign^0,c
  9982   0017C6                     l4463:
  9983   0017C6  BE16               	btfsc	(___awmod@divisor+1)^0,7,c
  9984   0017C8  EFEA  F00B         	goto	u3210
  9985   0017CC  EFE8  F00B         	goto	u3211
  9986   0017D0                     u3211:
  9987   0017D0  EFEE  F00B         	goto	l4467
  9988   0017D4                     u3210:
  9989   0017D4  6C15               	negf	___awmod@divisor^0,c
  9990   0017D6  1E16               	comf	(___awmod@divisor+1)^0,f,c
  9991   0017D8  B0D8               	btfsc	status,0,c
  9992   0017DA  2A16               	incf	(___awmod@divisor+1)^0,f,c
  9993   0017DC                     l4467:
  9994   0017DC  5015               	movf	___awmod@divisor^0,w,c
  9995   0017DE  1016               	iorwf	(___awmod@divisor+1)^0,w,c
  9996   0017E0  B4D8               	btfsc	status,2,c
  9997   0017E2  EFF5  F00B         	goto	u3221
  9998   0017E6  EFF7  F00B         	goto	u3220
  9999   0017EA                     u3221:
 10000   0017EA  EF1B  F00C         	goto	l4483
 10001   0017EE                     u3220:
 10002   0017EE  0E01               	movlw	1
 10003   0017F0  6E17               	movwf	___awmod@counter^0,c
 10004   0017F2  EFFF  F00B         	goto	l4473
 10005   0017F6                     l4471:
 10006   0017F6  90D8               	bcf	status,0,c
 10007   0017F8  3615               	rlcf	___awmod@divisor^0,f,c
 10008   0017FA  3616               	rlcf	(___awmod@divisor+1)^0,f,c
 10009   0017FC  2A17               	incf	___awmod@counter^0,f,c
 10010   0017FE                     l4473:
 10011   0017FE  AE16               	btfss	(___awmod@divisor+1)^0,7,c
 10012   001800  EF04  F00C         	goto	u3231
 10013   001804  EF06  F00C         	goto	u3230
 10014   001808                     u3231:
 10015   001808  EFFB  F00B         	goto	l4471
 10016   00180C                     u3230:
 10017   00180C                     l4475:
 10018   00180C  5015               	movf	___awmod@divisor^0,w,c
 10019   00180E  5C13               	subwf	___awmod@dividend^0,w,c
 10020   001810  5016               	movf	(___awmod@divisor+1)^0,w,c
 10021   001812  5814               	subwfb	(___awmod@dividend+1)^0,w,c
 10022   001814  A0D8               	btfss	status,0,c
 10023   001816  EF0F  F00C         	goto	u3241
 10024   00181A  EF11  F00C         	goto	u3240
 10025   00181E                     u3241:
 10026   00181E  EF15  F00C         	goto	l4479
 10027   001822                     u3240:
 10028   001822  5015               	movf	___awmod@divisor^0,w,c
 10029   001824  5E13               	subwf	___awmod@dividend^0,f,c
 10030   001826  5016               	movf	(___awmod@divisor+1)^0,w,c
 10031   001828  5A14               	subwfb	(___awmod@dividend+1)^0,f,c
 10032   00182A                     l4479:
 10033   00182A  90D8               	bcf	status,0,c
 10034   00182C  3216               	rrcf	(___awmod@divisor+1)^0,f,c
 10035   00182E  3215               	rrcf	___awmod@divisor^0,f,c
 10036   001830  2E17               	decfsz	___awmod@counter^0,f,c
 10037   001832  EF06  F00C         	goto	l4475
 10038   001836                     l4483:
 10039   001836  5018               	movf	___awmod@sign^0,w,c
 10040   001838  B4D8               	btfsc	status,2,c
 10041   00183A  EF21  F00C         	goto	u3251
 10042   00183E  EF23  F00C         	goto	u3250
 10043   001842                     u3251:
 10044   001842  EF27  F00C         	goto	l4487
 10045   001846                     u3250:
 10046   001846  6C13               	negf	___awmod@dividend^0,c
 10047   001848  1E14               	comf	(___awmod@dividend+1)^0,f,c
 10048   00184A  B0D8               	btfsc	status,0,c
 10049   00184C  2A14               	incf	(___awmod@dividend+1)^0,f,c
 10050   00184E                     l4487:
 10051   00184E  C013  F013         	movff	___awmod@dividend,?___awmod
 10052   001852  C014  F014         	movff	___awmod@dividend+1,?___awmod+1
 10053   001856  0012               	return		;funcret
 10054   001858                     __end_of___awmod:
 10055                           	callstack 0
 10056                           
 10057 ;; *************** function ___awdiv *****************
 10058 ;; Defined at:
 10059 ;;		line 7 in file "/opt/microchip/xc8/v3.10/pic/sources/c99/common/awdiv.c"
 10060 ;; Parameters:    Size  Location     Type
 10061 ;;  dividend        2   17[COMRAM] int 
 10062 ;;  divisor         2   19[COMRAM] int 
 10063 ;; Auto vars:     Size  Location     Type
 10064 ;;  quotient        2   23[COMRAM] int 
 10065 ;;  sign            1   22[COMRAM] unsigned char 
 10066 ;;  counter         1   21[COMRAM] unsigned char 
 10067 ;; Return value:  Size  Location     Type
 10068 ;;                  2   17[COMRAM] int 
 10069 ;; Registers used:
 10070 ;;		wreg, status,2, status,0
 10071 ;; Tracked objects:
 10072 ;;		On entry : 0/0
 10073 ;;		On exit  : 0/0
 10074 ;;		Unchanged: 0/0
 10075 ;; Data sizes:     COMRAM   BANK0   BANK1   BANK2   BANK3   BANK4   BANK5
 10076 ;;      Params:         4       0       0       0       0       0       0
 10077 ;;      Locals:         4       0       0       0       0       0       0
 10078 ;;      Temps:          0       0       0       0       0       0       0
 10079 ;;      Totals:         8       0       0       0       0       0       0
 10080 ;;Total ram usage:        8 bytes
 10081 ;; Hardware stack levels used: 1
 10082 ;; Hardware stack levels required when called: 4
 10083 ;; This function calls:
 10084 ;;		Nothing
 10085 ;; This function is called by:
 10086 ;;		_dtoa
 10087 ;; This function uses a non-reentrant model
 10088 ;;
 10089                           
 10090                           	psect	text19
 10091   00163A                     __ptext19:
 10092                           	callstack 0
 10093   00163A                     ___awdiv:
 10094                           	callstack 20
 10095   00163A  6A18               	clrf	___awdiv@sign^0,c
 10096   00163C  BE16               	btfsc	(___awdiv@divisor+1)^0,7,c
 10097   00163E  EF25  F00B         	goto	u3140
 10098   001642  EF23  F00B         	goto	u3141
 10099   001646                     u3141:
 10100   001646  EF2B  F00B         	goto	l4419
 10101   00164A                     u3140:
 10102   00164A  6C15               	negf	___awdiv@divisor^0,c
 10103   00164C  1E16               	comf	(___awdiv@divisor+1)^0,f,c
 10104   00164E  B0D8               	btfsc	status,0,c
 10105   001650  2A16               	incf	(___awdiv@divisor+1)^0,f,c
 10106   001652  0E01               	movlw	1
 10107   001654  6E18               	movwf	___awdiv@sign^0,c
 10108   001656                     l4419:
 10109   001656  BE14               	btfsc	(___awdiv@dividend+1)^0,7,c
 10110   001658  EF32  F00B         	goto	u3150
 10111   00165C  EF30  F00B         	goto	u3151
 10112   001660                     u3151:
 10113   001660  EF38  F00B         	goto	l4425
 10114   001664                     u3150:
 10115   001664  6C13               	negf	___awdiv@dividend^0,c
 10116   001666  1E14               	comf	(___awdiv@dividend+1)^0,f,c
 10117   001668  B0D8               	btfsc	status,0,c
 10118   00166A  2A14               	incf	(___awdiv@dividend+1)^0,f,c
 10119   00166C  0E01               	movlw	1
 10120   00166E  1A18               	xorwf	___awdiv@sign^0,f,c
 10121   001670                     l4425:
 10122   001670  6A1A               	clrf	(___awdiv@quotient+1)^0,c
 10123   001672  0E00               	movlw	0
 10124   001674  6E19               	movwf	___awdiv@quotient^0,c
 10125   001676  5015               	movf	___awdiv@divisor^0,w,c
 10126   001678  1016               	iorwf	(___awdiv@divisor+1)^0,w,c
 10127   00167A  B4D8               	btfsc	status,2,c
 10128   00167C  EF42  F00B         	goto	u3161
 10129   001680  EF44  F00B         	goto	u3160
 10130   001684                     u3161:
 10131   001684  EF6C  F00B         	goto	l4447
 10132   001688                     u3160:
 10133   001688  0E01               	movlw	1
 10134   00168A  6E17               	movwf	___awdiv@counter^0,c
 10135   00168C  EF4C  F00B         	goto	l4433
 10136   001690                     l4431:
 10137   001690  90D8               	bcf	status,0,c
 10138   001692  3615               	rlcf	___awdiv@divisor^0,f,c
 10139   001694  3616               	rlcf	(___awdiv@divisor+1)^0,f,c
 10140   001696  2A17               	incf	___awdiv@counter^0,f,c
 10141   001698                     l4433:
 10142   001698  AE16               	btfss	(___awdiv@divisor+1)^0,7,c
 10143   00169A  EF51  F00B         	goto	u3171
 10144   00169E  EF53  F00B         	goto	u3170
 10145   0016A2                     u3171:
 10146   0016A2  EF48  F00B         	goto	l4431
 10147   0016A6                     u3170:
 10148   0016A6                     l4435:
 10149   0016A6  90D8               	bcf	status,0,c
 10150   0016A8  3619               	rlcf	___awdiv@quotient^0,f,c
 10151   0016AA  361A               	rlcf	(___awdiv@quotient+1)^0,f,c
 10152   0016AC  5015               	movf	___awdiv@divisor^0,w,c
 10153   0016AE  5C13               	subwf	___awdiv@dividend^0,w,c
 10154   0016B0  5016               	movf	(___awdiv@divisor+1)^0,w,c
 10155   0016B2  5814               	subwfb	(___awdiv@dividend+1)^0,w,c
 10156   0016B4  A0D8               	btfss	status,0,c
 10157   0016B6  EF5F  F00B         	goto	u3181
 10158   0016BA  EF61  F00B         	goto	u3180
 10159   0016BE                     u3181:
 10160   0016BE  EF66  F00B         	goto	l4443
 10161   0016C2                     u3180:
 10162   0016C2  5015               	movf	___awdiv@divisor^0,w,c
 10163   0016C4  5E13               	subwf	___awdiv@dividend^0,f,c
 10164   0016C6  5016               	movf	(___awdiv@divisor+1)^0,w,c
 10165   0016C8  5A14               	subwfb	(___awdiv@dividend+1)^0,f,c
 10166   0016CA  8019               	bsf	___awdiv@quotient^0,0,c
 10167   0016CC                     l4443:
 10168   0016CC  90D8               	bcf	status,0,c
 10169   0016CE  3216               	rrcf	(___awdiv@divisor+1)^0,f,c
 10170   0016D0  3215               	rrcf	___awdiv@divisor^0,f,c
 10171   0016D2  2E17               	decfsz	___awdiv@counter^0,f,c
 10172   0016D4  EF53  F00B         	goto	l4435
 10173   0016D8                     l4447:
 10174   0016D8  5018               	movf	___awdiv@sign^0,w,c
 10175   0016DA  B4D8               	btfsc	status,2,c
 10176   0016DC  EF72  F00B         	goto	u3191
 10177   0016E0  EF74  F00B         	goto	u3190
 10178   0016E4                     u3191:
 10179   0016E4  EF78  F00B         	goto	l4451
 10180   0016E8                     u3190:
 10181   0016E8  6C19               	negf	___awdiv@quotient^0,c
 10182   0016EA  1E1A               	comf	(___awdiv@quotient+1)^0,f,c
 10183   0016EC  B0D8               	btfsc	status,0,c
 10184   0016EE  2A1A               	incf	(___awdiv@quotient+1)^0,f,c
 10185   0016F0                     l4451:
 10186   0016F0  C019  F013         	movff	___awdiv@quotient,?___awdiv
 10187   0016F4  C01A  F014         	movff	___awdiv@quotient+1,?___awdiv+1
 10188   0016F8  0012               	return		;funcret
 10189   0016FA                     __end_of___awdiv:
 10190                           	callstack 0
 10191                           
 10192 ;; *************** function _ctoa *****************
 10193 ;; Defined at:
 10194 ;;		line 476 in file "/opt/microchip/xc8/v3.10/pic/sources/c99/common/doprnt.c"
 10195 ;; Parameters:    Size  Location     Type
 10196 ;;  fp              2   28[COMRAM] PTR struct _IO_FILE
 10197 ;;		 -> NULL(0), 
 10198 ;;  c               1   30[COMRAM] unsigned char 
 10199 ;; Auto vars:     Size  Location     Type
 10200 ;;  w               2   34[COMRAM] int 
 10201 ;;  l               2   32[COMRAM] int 
 10202 ;; Return value:  Size  Location     Type
 10203 ;;                  1    wreg      void 
 10204 ;; Registers used:
 10205 ;;		wreg, fsr1l, fsr1h, fsr2l, fsr2h, status,2, status,0, cstack
 10206 ;; Tracked objects:
 10207 ;;		On entry : 0/0
 10208 ;;		On exit  : 0/0
 10209 ;;		Unchanged: 0/0
 10210 ;; Data sizes:     COMRAM   BANK0   BANK1   BANK2   BANK3   BANK4   BANK5
 10211 ;;      Params:         3       0       0       0       0       0       0
 10212 ;;      Locals:         4       0       0       0       0       0       0
 10213 ;;      Temps:          1       0       0       0       0       0       0
 10214 ;;      Totals:         8       0       0       0       0       0       0
 10215 ;;Total ram usage:        8 bytes
 10216 ;; Hardware stack levels used: 1
 10217 ;; Hardware stack levels required when called: 7
 10218 ;; This function calls:
 10219 ;;		_fputc
 10220 ;; This function is called by:
 10221 ;;		_vfpfcnvrt
 10222 ;; This function uses a non-reentrant model
 10223 ;;
 10224                           
 10225                           	psect	text20
 10226   001578                     __ptext20:
 10227                           	callstack 0
 10228   001578                     _ctoa:
 10229                           	callstack 18
 10230   001578                     
 10231                           ;/opt/microchip/xc8/v3.10/pic/sources/c99/common/doprnt.c: 476: static void ctoa(FILE *f
      +                          p, char c);/opt/microchip/xc8/v3.10/pic/sources/c99/common/doprnt.c: 477: {;/opt/microch
      +                          ip/xc8/v3.10/pic/sources/c99/common/doprnt.c: 478:     int l,w;;/opt/microchip/xc8/v3.10
      +                          /pic/sources/c99/common/doprnt.c: 481:     w = width ? width - 1 : width;
 10232   001578  503E               	movf	_width^0,w,c
 10233   00157A  103F               	iorwf	(_width+1)^0,w,c
 10234   00157C  A4D8               	btfss	status,2,c
 10235   00157E  EFC3  F00A         	goto	u3371
 10236   001582  EFC5  F00A         	goto	u3370
 10237   001586                     u3371:
 10238   001586  EFCB  F00A         	goto	l4553
 10239   00158A                     u3370:
 10240   00158A  C03E  F024         	movff	_width,ctoa@w
 10241   00158E  C03F  F025         	movff	_width+1,ctoa@w+1
 10242   001592  EFD1  F00A         	goto	l4555
 10243   001596                     l4553:
 10244   001596  0EFF               	movlw	255
 10245   001598  243E               	addwf	_width^0,w,c
 10246   00159A  6E24               	movwf	ctoa@w^0,c
 10247   00159C  0EFF               	movlw	255
 10248   00159E  203F               	addwfc	(_width+1)^0,w,c
 10249   0015A0  6E25               	movwf	(ctoa@w+1)^0,c
 10250   0015A2                     l4555:
 10251                           
 10252                           ;/opt/microchip/xc8/v3.10/pic/sources/c99/common/doprnt.c: 485:     if (flags & (1 << 0)
      +                          ) {
 10253   0015A2  A04E               	btfss	_flags^0,0,c
 10254   0015A4  EFD6  F00A         	goto	u3381
 10255   0015A8  EFD8  F00A         	goto	u3380
 10256   0015AC                     u3381:
 10257   0015AC  EFE1  F00A         	goto	l4559
 10258   0015B0                     u3380:
 10259   0015B0                     
 10260                           ;/opt/microchip/xc8/v3.10/pic/sources/c99/common/doprnt.c: 486:         fputc(c, fp);
 10261   0015B0  C020  F015         	movff	ctoa@c,fputc@c
 10262   0015B4  6A16               	clrf	(fputc@c+1)^0,c
 10263   0015B6  C01E  F017         	movff	ctoa@fp,fputc@fp
 10264   0015BA  C01F  F018         	movff	ctoa@fp+1,fputc@fp+1
 10265   0015BE  EC57  F00A         	call	_fputc	;wreg free
 10266   0015C2                     l4559:
 10267                           
 10268                           ;/opt/microchip/xc8/v3.10/pic/sources/c99/common/doprnt.c: 491:     w = (w < 0) ? 0 : w;
 10269   0015C2  BE25               	btfsc	(ctoa@w+1)^0,7,c
 10270   0015C4  EFE6  F00A         	goto	u3391
 10271   0015C8  EFE8  F00A         	goto	u3390
 10272   0015CC                     u3391:
 10273   0015CC  EFEA  F00A         	goto	l4563
 10274   0015D0                     u3390:
 10275   0015D0  EFED  F00A         	goto	l1694
 10276   0015D4                     l4563:
 10277   0015D4  6A25               	clrf	(ctoa@w+1)^0,c
 10278   0015D6  0E00               	movlw	0
 10279   0015D8  6E24               	movwf	ctoa@w^0,c
 10280   0015DA                     l1694:
 10281                           
 10282                           ;/opt/microchip/xc8/v3.10/pic/sources/c99/common/doprnt.c: 492:     l = 0;
 10283   0015DA  6A23               	clrf	(ctoa@l+1)^0,c
 10284   0015DC  0E00               	movlw	0
 10285   0015DE  6E22               	movwf	ctoa@l^0,c
 10286                           
 10287                           ;/opt/microchip/xc8/v3.10/pic/sources/c99/common/doprnt.c: 493:     while (l < w) {
 10288   0015E0  EFFD  F00A         	goto	l4569
 10289   0015E4                     l4565:
 10290                           
 10291                           ;/opt/microchip/xc8/v3.10/pic/sources/c99/common/doprnt.c: 494:         fputc(' ', fp);
 10292   0015E4  6A16               	clrf	(fputc@c+1)^0,c
 10293   0015E6  0E20               	movlw	32
 10294   0015E8  6E15               	movwf	fputc@c^0,c
 10295   0015EA  C01E  F017         	movff	ctoa@fp,fputc@fp
 10296   0015EE  C01F  F018         	movff	ctoa@fp+1,fputc@fp+1
 10297   0015F2  EC57  F00A         	call	_fputc	;wreg free
 10298   0015F6                     
 10299                           ;/opt/microchip/xc8/v3.10/pic/sources/c99/common/doprnt.c: 495:         ++l;
 10300   0015F6  4A22               	infsnz	ctoa@l^0,f,c
 10301   0015F8  2A23               	incf	(ctoa@l+1)^0,f,c
 10302   0015FA                     l4569:
 10303                           
 10304                           ;/opt/microchip/xc8/v3.10/pic/sources/c99/common/doprnt.c: 493:     while (l < w) {
 10305   0015FA  5024               	movf	ctoa@w^0,w,c
 10306   0015FC  5C22               	subwf	ctoa@l^0,w,c
 10307   0015FE  5023               	movf	(ctoa@l+1)^0,w,c
 10308   001600  0A80               	xorlw	128
 10309   001602  6E21               	movwf	??_ctoa^0,c
 10310   001604  5025               	movf	(ctoa@w+1)^0,w,c
 10311   001606  0A80               	xorlw	128
 10312   001608  5821               	subwfb	??_ctoa^0,w,c
 10313   00160A  A0D8               	btfss	status,0,c
 10314   00160C  EF0A  F00B         	goto	u3401
 10315   001610  EF0C  F00B         	goto	u3400
 10316   001614                     u3401:
 10317   001614  EFF2  F00A         	goto	l4565
 10318   001618                     u3400:
 10319   001618                     
 10320                           ;/opt/microchip/xc8/v3.10/pic/sources/c99/common/doprnt.c: 499:     if (!(flags & (1 << 
      +                          0))) {
 10321   001618  B04E               	btfsc	_flags^0,0,c
 10322   00161A  EF11  F00B         	goto	u3411
 10323   00161E  EF13  F00B         	goto	u3410
 10324   001622                     u3411:
 10325   001622  EF1C  F00B         	goto	l1699
 10326   001626                     u3410:
 10327   001626                     
 10328                           ;/opt/microchip/xc8/v3.10/pic/sources/c99/common/doprnt.c: 501:         fputc(c, fp);
 10329   001626  C020  F015         	movff	ctoa@c,fputc@c
 10330   00162A  6A16               	clrf	(fputc@c+1)^0,c
 10331   00162C  C01E  F017         	movff	ctoa@fp,fputc@fp
 10332   001630  C01F  F018         	movff	ctoa@fp+1,fputc@fp+1
 10333   001634  EC57  F00A         	call	_fputc	;wreg free
 10334   001638                     l1699:
 10335   001638  0012               	return		;funcret
 10336   00163A                     __end_of_ctoa:
 10337                           	callstack 0
 10338                           
 10339 ;; *************** function _fputc *****************
 10340 ;; Defined at:
 10341 ;;		line 8 in file "/opt/microchip/xc8/v3.10/pic/sources/c99/common/nf_fputc.c"
 10342 ;; Parameters:    Size  Location     Type
 10343 ;;  c               2   19[COMRAM] int 
 10344 ;;  fp              2   21[COMRAM] PTR struct _IO_FILE
 10345 ;;		 -> NULL(0), 
 10346 ;; Auto vars:     Size  Location     Type
 10347 ;;		None
 10348 ;; Return value:  Size  Location     Type
 10349 ;;                  2   19[COMRAM] int 
 10350 ;; Registers used:
 10351 ;;		wreg, fsr1l, fsr1h, fsr2l, fsr2h, status,2, status,0, cstack
 10352 ;; Tracked objects:
 10353 ;;		On entry : 0/0
 10354 ;;		On exit  : 0/0
 10355 ;;		Unchanged: 0/0
 10356 ;; Data sizes:     COMRAM   BANK0   BANK1   BANK2   BANK3   BANK4   BANK5
 10357 ;;      Params:         4       0       0       0       0       0       0
 10358 ;;      Locals:         0       0       0       0       0       0       0
 10359 ;;      Temps:          5       0       0       0       0       0       0
 10360 ;;      Totals:         9       0       0       0       0       0       0
 10361 ;;Total ram usage:        9 bytes
 10362 ;; Hardware stack levels used: 1
 10363 ;; Hardware stack levels required when called: 4
 10364 ;; This function calls:
 10365 ;;		_putch
 10366 ;; This function is called by:
 10367 ;;		_pad
 10368 ;;		_ctoa
 10369 ;;		_vfpfcnvrt
 10370 ;;		_fputs
 10371 ;; This function uses a non-reentrant model
 10372 ;;
 10373                           
 10374                           	psect	text21
 10375   0014AE                     __ptext21:
 10376                           	callstack 0
 10377   0014AE                     _fputc:
 10378                           	callstack 18
 10379   0014AE  5017               	movf	fputc@fp^0,w,c
 10380   0014B0  1018               	iorwf	(fputc@fp+1)^0,w,c
 10381   0014B2  B4D8               	btfsc	status,2,c
 10382   0014B4  EF5E  F00A         	goto	u3091
 10383   0014B8  EF60  F00A         	goto	u3090
 10384   0014BC                     u3091:
 10385   0014BC  EF69  F00A         	goto	l4393
 10386   0014C0                     u3090:
 10387   0014C0  5017               	movf	fputc@fp^0,w,c
 10388   0014C2  1018               	iorwf	(fputc@fp+1)^0,w,c
 10389   0014C4  A4D8               	btfss	status,2,c
 10390   0014C6  EF67  F00A         	goto	u3101
 10391   0014CA  EF69  F00A         	goto	u3100
 10392   0014CE                     u3101:
 10393   0014CE  EF6E  F00A         	goto	l4395
 10394   0014D2                     u3100:
 10395   0014D2                     l4393:
 10396   0014D2  5015               	movf	fputc@c^0,w,c
 10397   0014D4  EC96  F00F         	call	_putch
 10398   0014D8  EFBB  F00A         	goto	l1793
 10399   0014DC                     l4395:
 10400   0014DC  EE20 F009          	lfsr	2,9
 10401   0014E0  5017               	movf	fputc@fp^0,w,c
 10402   0014E2  26D9               	addwf	fsr2l,f,c
 10403   0014E4  5018               	movf	(fputc@fp+1)^0,w,c
 10404   0014E6  22DA               	addwfc	fsr2h,f,c
 10405   0014E8  50DE               	movf	postinc2,w,c
 10406   0014EA  10DE               	iorwf	postinc2,w,c
 10407   0014EC  B4D8               	btfsc	status,2,c
 10408   0014EE  EF7B  F00A         	goto	u3111
 10409   0014F2  EF7D  F00A         	goto	u3110
 10410   0014F6                     u3111:
 10411   0014F6  EF98  F00A         	goto	l4399
 10412   0014FA                     u3110:
 10413   0014FA  EE20 F009          	lfsr	2,9
 10414   0014FE  5017               	movf	fputc@fp^0,w,c
 10415   001500  26D9               	addwf	fsr2l,f,c
 10416   001502  5018               	movf	(fputc@fp+1)^0,w,c
 10417   001504  22DA               	addwfc	fsr2h,f,c
 10418   001506  EE10 F002          	lfsr	1,2
 10419   00150A  5017               	movf	fputc@fp^0,w,c
 10420   00150C  26E1               	addwf	fsr1l,f,c
 10421   00150E  5018               	movf	(fputc@fp+1)^0,w,c
 10422   001510  22E2               	addwfc	fsr1h,f,c
 10423   001512  50DE               	movf	postinc2,w,c
 10424   001514  5CE6               	subwf	postinc1,w,c
 10425   001516  50E6               	movf	postinc1,w,c
 10426   001518  0A80               	xorlw	128
 10427   00151A  6E1D               	movwf	(??_fputc+4)^0,c
 10428   00151C  50DE               	movf	postinc2,w,c
 10429   00151E  0A80               	xorlw	128
 10430   001520  581D               	subwfb	(??_fputc+4)^0,w,c
 10431   001522  B0D8               	btfsc	status,0,c
 10432   001524  EF96  F00A         	goto	u3121
 10433   001528  EF98  F00A         	goto	u3120
 10434   00152C                     u3121:
 10435   00152C  EFBB  F00A         	goto	l1793
 10436   001530                     u3120:
 10437   001530                     l4399:
 10438   001530  EE20 F002          	lfsr	2,2
 10439   001534  5017               	movf	fputc@fp^0,w,c
 10440   001536  26D9               	addwf	fsr2l,f,c
 10441   001538  5018               	movf	(fputc@fp+1)^0,w,c
 10442   00153A  22DA               	addwfc	fsr2h,f,c
 10443   00153C  CFDE F019          	movff	postinc2,??_fputc
 10444   001540  CFDD F01A          	movff	postdec2,??_fputc+1
 10445   001544  C017  FFD9         	movff	fputc@fp,fsr2l
 10446   001548  C018  FFDA         	movff	fputc@fp+1,fsr2h
 10447   00154C  CFDE F01B          	movff	postinc2,??_fputc+2
 10448   001550  CFDD F01C          	movff	postdec2,??_fputc+3
 10449   001554  5019               	movf	??_fputc^0,w,c
 10450   001556  241B               	addwf	(??_fputc+2)^0,w,c
 10451   001558  6ED9               	movwf	fsr2l,c
 10452   00155A  501A               	movf	(??_fputc+1)^0,w,c
 10453   00155C  201C               	addwfc	(??_fputc+3)^0,w,c
 10454   00155E  6EDA               	movwf	fsr2h,c
 10455   001560  C015  FFDF         	movff	fputc@c,indf2
 10456   001564  EE20 F002          	lfsr	2,2
 10457   001568  5017               	movf	fputc@fp^0,w,c
 10458   00156A  26D9               	addwf	fsr2l,f,c
 10459   00156C  5018               	movf	(fputc@fp+1)^0,w,c
 10460   00156E  22DA               	addwfc	fsr2h,f,c
 10461   001570  2ADE               	incf	postinc2,f,c
 10462   001572  0E00               	movlw	0
 10463   001574  22DD               	addwfc	postdec2,f,c
 10464   001576                     l1793:
 10465   001576  0012               	return		;funcret
 10466   001578                     __end_of_fputc:
 10467                           	callstack 0
 10468                           
 10469 ;; *************** function _putch *****************
 10470 ;; Defined at:
 10471 ;;		line 254 in file "mcc_generated_files/uart/src/eusart1.c"
 10472 ;; Parameters:    Size  Location     Type
 10473 ;;  txData          1    wreg     unsigned char 
 10474 ;; Auto vars:     Size  Location     Type
 10475 ;;  txData          1   18[COMRAM] unsigned char 
 10476 ;; Return value:  Size  Location     Type
 10477 ;;                  1    wreg      void 
 10478 ;; Registers used:
 10479 ;;		wreg, status,2, cstack
 10480 ;; Tracked objects:
 10481 ;;		On entry : 0/0
 10482 ;;		On exit  : 0/0
 10483 ;;		Unchanged: 0/0
 10484 ;; Data sizes:     COMRAM   BANK0   BANK1   BANK2   BANK3   BANK4   BANK5
 10485 ;;      Params:         0       0       0       0       0       0       0
 10486 ;;      Locals:         1       0       0       0       0       0       0
 10487 ;;      Temps:          0       0       0       0       0       0       0
 10488 ;;      Totals:         1       0       0       0       0       0       0
 10489 ;;Total ram usage:        1 bytes
 10490 ;; Hardware stack levels used: 1
 10491 ;; Hardware stack levels required when called: 5
 10492 ;; This function calls:
 10493 ;;		_EUSART1_IsTxReady
 10494 ;;		_EUSART1_Write
 10495 ;; This function is called by:
 10496 ;;		_fputc
 10497 ;; This function uses a non-reentrant model
 10498 ;;
 10499                           
 10500                           	psect	text22
 10501   001F2C                     __ptext22:
 10502                           	callstack 0
 10503   001F2C                     _putch:
 10504                           	callstack 16
 10505                           
 10506                           ;incstack = 0
 10507                           ;putch@txData stored from wreg
 10508   001F2C  6E14               	movwf	putch@txData^0,c
 10509   001F2E                     l4383:
 10510                           
 10511                           ;mcc_generated_files/uart/src/eusart1.c: 256:     while(!(EUSART1_IsTxReady()))
 10512   001F2E  EC4F  F00F         	call	_EUSART1_IsTxReady	;wreg free
 10513   001F32  0900               	iorlw	0
 10514   001F34  B4D8               	btfsc	status,2,c
 10515   001F36  EF9F  F00F         	goto	u3081
 10516   001F3A  EFA1  F00F         	goto	u3080
 10517   001F3E                     u3081:
 10518   001F3E  EF97  F00F         	goto	l4383
 10519   001F42                     u3080:
 10520   001F42                     
 10521                           ;mcc_generated_files/uart/src/eusart1.c: 260:     return EUSART1_Write(txData);;	Return 
      +                          value of _putch is never used
 10522   001F42  C014  F013         	movff	putch@txData,EUSART1_Write@txData
 10523   001F46  EC29  F010         	call	_EUSART1_Write	;wreg free
 10524   001F4A  0012               	return		;funcret
 10525   001F4C                     __end_of_putch:
 10526                           	callstack 0
 10527                           
 10528 ;; *************** function _EUSART1_Write *****************
 10529 ;; Defined at:
 10530 ;;		line 240 in file "mcc_generated_files/uart/src/eusart1.c"
 10531 ;; Parameters:    Size  Location     Type
 10532 ;;  txData          1   17[COMRAM] unsigned char 
 10533 ;; Auto vars:     Size  Location     Type
 10534 ;;		None
 10535 ;; Return value:  Size  Location     Type
 10536 ;;                  1    wreg      void 
 10537 ;; Registers used:
 10538 ;;		None
 10539 ;; Tracked objects:
 10540 ;;		On entry : 0/0
 10541 ;;		On exit  : 0/0
 10542 ;;		Unchanged: 0/0
 10543 ;; Data sizes:     COMRAM   BANK0   BANK1   BANK2   BANK3   BANK4   BANK5
 10544 ;;      Params:         1       0       0       0       0       0       0
 10545 ;;      Locals:         0       0       0       0       0       0       0
 10546 ;;      Temps:          0       0       0       0       0       0       0
 10547 ;;      Totals:         1       0       0       0       0       0       0
 10548 ;;Total ram usage:        1 bytes
 10549 ;; Hardware stack levels used: 1
 10550 ;; Hardware stack levels required when called: 4
 10551 ;; This function calls:
 10552 ;;		Nothing
 10553 ;; This function is called by:
 10554 ;;		_putch
 10555 ;; This function uses a non-reentrant model
 10556 ;;
 10557                           
 10558                           	psect	text23
 10559   002052                     __ptext23:
 10560                           	callstack 0
 10561   002052                     _EUSART1_Write:
 10562                           	callstack 16
 10563   002052                     
 10564                           ;mcc_generated_files/uart/src/eusart1.c: 240: void EUSART1_Write(uint8_t txData);mcc_gen
      +                          erated_files/uart/src/eusart1.c: 241: {;mcc_generated_files/uart/src/eusart1.c: 242:    
      +                           TXREG1 = txData;
 10565   002052  C013  FFAD         	movff	EUSART1_Write@txData,4013	;volatile
 10566   002056  0012               	return		;funcret
 10567   002058                     __end_of_EUSART1_Write:
 10568                           	callstack 0
 10569                           
 10570 ;; *************** function _EUSART1_IsTxReady *****************
 10571 ;; Defined at:
 10572 ;;		line 203 in file "mcc_generated_files/uart/src/eusart1.c"
 10573 ;; Parameters:    Size  Location     Type
 10574 ;;		None
 10575 ;; Auto vars:     Size  Location     Type
 10576 ;;		None
 10577 ;; Return value:  Size  Location     Type
 10578 ;;                  1    wreg      _Bool 
 10579 ;; Registers used:
 10580 ;;		wreg, status,2
 10581 ;; Tracked objects:
 10582 ;;		On entry : 0/0
 10583 ;;		On exit  : 0/0
 10584 ;;		Unchanged: 0/0
 10585 ;; Data sizes:     COMRAM   BANK0   BANK1   BANK2   BANK3   BANK4   BANK5
 10586 ;;      Params:         0       0       0       0       0       0       0
 10587 ;;      Locals:         1       0       0       0       0       0       0
 10588 ;;      Temps:          0       0       0       0       0       0       0
 10589 ;;      Totals:         1       0       0       0       0       0       0
 10590 ;;Total ram usage:        1 bytes
 10591 ;; Hardware stack levels used: 1
 10592 ;; Hardware stack levels required when called: 4
 10593 ;; This function calls:
 10594 ;;		Nothing
 10595 ;; This function is called by:
 10596 ;;		_putch
 10597 ;; This function uses a non-reentrant model
 10598 ;;
 10599                           
 10600                           	psect	text24
 10601   001E9E                     __ptext24:
 10602                           	callstack 0
 10603   001E9E                     _EUSART1_IsTxReady:
 10604                           	callstack 16
 10605   001E9E                     
 10606                           ;mcc_generated_files/uart/src/eusart1.c: 205:     return (_Bool)(PIR1bits.TX1IF && TXSTA
      +                          1bits.TXEN);
 10607   001E9E  6A13               	clrf	_EUSART1_IsTxReady$1760^0,c
 10608   001EA0  A89E               	btfss	158,4,c	;volatile
 10609   001EA2  EF55  F00F         	goto	u3061
 10610   001EA6  EF57  F00F         	goto	u3060
 10611   001EAA                     u3061:
 10612   001EAA  EF60  F00F         	goto	l576
 10613   001EAE                     u3060:
 10614   001EAE  AAAC               	btfss	172,5,c	;volatile
 10615   001EB0  EF5C  F00F         	goto	u3071
 10616   001EB4  EF5E  F00F         	goto	u3070
 10617   001EB8                     u3071:
 10618   001EB8  EF60  F00F         	goto	l576
 10619   001EBC                     u3070:
 10620   001EBC  0E01               	movlw	1
 10621   001EBE  6E13               	movwf	_EUSART1_IsTxReady$1760^0,c
 10622   001EC0                     l576:
 10623   001EC0  5013               	movf	_EUSART1_IsTxReady$1760^0,w,c
 10624   001EC2  0012               	return		;funcret
 10625   001EC4                     __end_of_EUSART1_IsTxReady:
 10626                           	callstack 0
 10627                           
 10628 ;; *************** function _TMR1_CounterSet *****************
 10629 ;; Defined at:
 10630 ;;		line 122 in file "mcc_generated_files/timer/src/tmr1.c"
 10631 ;; Parameters:    Size  Location     Type
 10632 ;;  timerVal        2   17[COMRAM] unsigned short 
 10633 ;; Auto vars:     Size  Location     Type
 10634 ;;  onState         1   19[COMRAM] _Bool 
 10635 ;; Return value:  Size  Location     Type
 10636 ;;                  1    wreg      void 
 10637 ;; Registers used:
 10638 ;;		wreg, status,2
 10639 ;; Tracked objects:
 10640 ;;		On entry : 0/0
 10641 ;;		On exit  : 0/0
 10642 ;;		Unchanged: 0/0
 10643 ;; Data sizes:     COMRAM   BANK0   BANK1   BANK2   BANK3   BANK4   BANK5
 10644 ;;      Params:         2       0       0       0       0       0       0
 10645 ;;      Locals:         1       0       0       0       0       0       0
 10646 ;;      Temps:          0       0       0       0       0       0       0
 10647 ;;      Totals:         3       0       0       0       0       0       0
 10648 ;;Total ram usage:        3 bytes
 10649 ;; Hardware stack levels used: 1
 10650 ;; Hardware stack levels required when called: 4
 10651 ;; This function calls:
 10652 ;;		Nothing
 10653 ;; This function is called by:
 10654 ;;		_main
 10655 ;;		_TMR1_Reload
 10656 ;;		_TMR1_Tasks
 10657 ;; This function uses a non-reentrant model
 10658 ;;
 10659                           
 10660                           	psect	text25
 10661   001CAE                     __ptext25:
 10662                           	callstack 0
 10663   001CAE                     _TMR1_CounterSet:
 10664                           	callstack 26
 10665   001CAE                     
 10666                           ;mcc_generated_files/timer/src/tmr1.c: 122: void TMR1_CounterSet(uint16_t timerVal);mcc_
      +                          generated_files/timer/src/tmr1.c: 123: {;mcc_generated_files/timer/src/tmr1.c: 124:     
      +                          if (1U == T1CONbits.T1SYNC)
 10667   001CAE  A4CD               	btfss	205,2,c	;volatile
 10668   001CB0  EF5C  F00E         	goto	u2461
 10669   001CB4  EF5E  F00E         	goto	u2460
 10670   001CB8                     u2461:
 10671   001CB8  EF74  F00E         	goto	l3865
 10672   001CBC                     u2460:
 10673   001CBC                     
 10674                           ;mcc_generated_files/timer/src/tmr1.c: 125:     {;mcc_generated_files/timer/src/tmr1.c: 
      +                          126:      _Bool onState = T1CONbits.TMR1ON;
 10675   001CBC  B0CD               	btfsc	205,0,c	;volatile
 10676   001CBE  EF63  F00E         	goto	u2471
 10677   001CC2  EF66  F00E         	goto	u2470
 10678   001CC6                     u2471:
 10679   001CC6  0E01               	movlw	1
 10680   001CC8  EF67  F00E         	goto	u2476
 10681   001CCC                     u2470:
 10682   001CCC  0E00               	movlw	0
 10683   001CCE                     u2476:
 10684   001CCE  6E15               	movwf	TMR1_CounterSet@onState^0,c
 10685   001CD0                     
 10686                           ;mcc_generated_files/timer/src/tmr1.c: 128:         T1CONbits.TMR1ON = 0U;
 10687   001CD0  90CD               	bcf	205,0,c	;volatile
 10688                           
 10689                           ;mcc_generated_files/timer/src/tmr1.c: 130:         TMR1H = (uint8_t)(timerVal >> 8U);
 10690   001CD2  5014               	movf	(TMR1_CounterSet@timerVal+1)^0,w,c
 10691   001CD4  6ECF               	movwf	207,c	;volatile
 10692   001CD6                     
 10693                           ;mcc_generated_files/timer/src/tmr1.c: 131:         TMR1L = (uint8_t)timerVal;
 10694   001CD6  C013  FFCE         	movff	TMR1_CounterSet@timerVal,4046	;volatile
 10695   001CDA                     
 10696                           ;mcc_generated_files/timer/src/tmr1.c: 133:         T1CONbits.TMR1ON = onState;
 10697   001CDA  B015               	btfsc	TMR1_CounterSet@onState^0,0,c
 10698   001CDC  D002               	bra	u2485
 10699   001CDE  90CD               	bcf	205,0,c	;volatile
 10700   001CE0  D001               	bra	u2486
 10701   001CE2                     u2485:
 10702   001CE2  80CD               	bsf	205,0,c	;volatile
 10703   001CE4                     u2486:
 10704                           
 10705                           ;mcc_generated_files/timer/src/tmr1.c: 134:     }
 10706   001CE4  EF78  F00E         	goto	l414
 10707   001CE8                     l3865:
 10708                           
 10709                           ;mcc_generated_files/timer/src/tmr1.c: 136:     {;mcc_generated_files/timer/src/tmr1.c: 
      +                          137:         TMR1H = (uint8_t)(timerVal >> 8U);
 10710   001CE8  5014               	movf	(TMR1_CounterSet@timerVal+1)^0,w,c
 10711   001CEA  6ECF               	movwf	207,c	;volatile
 10712   001CEC                     
 10713                           ;mcc_generated_files/timer/src/tmr1.c: 138:         TMR1L = (uint8_t)timerVal;
 10714   001CEC  C013  FFCE         	movff	TMR1_CounterSet@timerVal,4046	;volatile
 10715   001CF0                     l414:
 10716   001CF0  0012               	return		;funcret
 10717   001CF2                     __end_of_TMR1_CounterSet:
 10718                           	callstack 0
 10719                           
 10720 ;; *************** function _TMR0_CounterSet *****************
 10721 ;; Defined at:
 10722 ;;		line 102 in file "mcc_generated_files/timer/src/tmr0.c"
 10723 ;; Parameters:    Size  Location     Type
 10724 ;;  counterValue    2   17[COMRAM] unsigned short 
 10725 ;; Auto vars:     Size  Location     Type
 10726 ;;		None
 10727 ;; Return value:  Size  Location     Type
 10728 ;;                  1    wreg      void 
 10729 ;; Registers used:
 10730 ;;		wreg, status,2
 10731 ;; Tracked objects:
 10732 ;;		On entry : 0/0
 10733 ;;		On exit  : 0/0
 10734 ;;		Unchanged: 0/0
 10735 ;; Data sizes:     COMRAM   BANK0   BANK1   BANK2   BANK3   BANK4   BANK5
 10736 ;;      Params:         2       0       0       0       0       0       0
 10737 ;;      Locals:         0       0       0       0       0       0       0
 10738 ;;      Temps:          0       0       0       0       0       0       0
 10739 ;;      Totals:         2       0       0       0       0       0       0
 10740 ;;Total ram usage:        2 bytes
 10741 ;; Hardware stack levels used: 1
 10742 ;; Hardware stack levels required when called: 4
 10743 ;; This function calls:
 10744 ;;		Nothing
 10745 ;; This function is called by:
 10746 ;;		_main
 10747 ;; This function uses a non-reentrant model
 10748 ;;
 10749                           
 10750                           	psect	text26
 10751   00200E                     __ptext26:
 10752                           	callstack 0
 10753   00200E                     _TMR0_CounterSet:
 10754                           	callstack 26
 10755   00200E                     
 10756                           ;mcc_generated_files/timer/src/tmr0.c: 102: void TMR0_CounterSet(uint16_t counterValue);
      +                          mcc_generated_files/timer/src/tmr0.c: 103: {;mcc_generated_files/timer/src/tmr0.c: 104: 
      +                              TMR0H = (uint8_t)(counterValue >> 8);
 10757   00200E  5014               	movf	(TMR0_CounterSet@counterValue+1)^0,w,c
 10758   002010  6ED7               	movwf	215,c	;volatile
 10759   002012                     
 10760                           ;mcc_generated_files/timer/src/tmr0.c: 105:     TMR0L = (uint8_t)(counterValue);
 10761   002012  C013  FFD6         	movff	TMR0_CounterSet@counterValue,4054	;volatile
 10762   002016  0012               	return		;funcret
 10763   002018                     __end_of_TMR0_CounterSet:
 10764                           	callstack 0
 10765                           
 10766 ;; *************** function _SYSTEM_Initialize *****************
 10767 ;; Defined at:
 10768 ;;		line 39 in file "mcc_generated_files/system/src/system.c"
 10769 ;; Parameters:    Size  Location     Type
 10770 ;;		None
 10771 ;; Auto vars:     Size  Location     Type
 10772 ;;		None
 10773 ;; Return value:  Size  Location     Type
 10774 ;;                  1    wreg      void 
 10775 ;; Registers used:
 10776 ;;		wreg, status,2, status,0, cstack
 10777 ;; Tracked objects:
 10778 ;;		On entry : 0/0
 10779 ;;		On exit  : 0/0
 10780 ;;		Unchanged: 0/0
 10781 ;; Data sizes:     COMRAM   BANK0   BANK1   BANK2   BANK3   BANK4   BANK5
 10782 ;;      Params:         0       0       0       0       0       0       0
 10783 ;;      Locals:         0       0       0       0       0       0       0
 10784 ;;      Temps:          0       0       0       0       0       0       0
 10785 ;;      Totals:         0       0       0       0       0       0       0
 10786 ;;Total ram usage:        0 bytes
 10787 ;; Hardware stack levels used: 1
 10788 ;; Hardware stack levels required when called: 6
 10789 ;; This function calls:
 10790 ;;		_ADC_Initialize
 10791 ;;		_CCP5_Initialize
 10792 ;;		_CLOCK_Initialize
 10793 ;;		_EUSART1_Initialize
 10794 ;;		_INTERRUPT_Initialize
 10795 ;;		_PIN_MANAGER_Initialize
 10796 ;;		_SPI2_Initialize
 10797 ;;		_TMR0_Initialize
 10798 ;;		_TMR1_Initialize
 10799 ;; This function is called by:
 10800 ;;		_main
 10801 ;; This function uses a non-reentrant model
 10802 ;;
 10803                           
 10804                           	psect	text27
 10805   001EC4                     __ptext27:
 10806                           	callstack 0
 10807   001EC4                     _SYSTEM_Initialize:
 10808                           	callstack 24
 10809   001EC4                     
 10810                           ;mcc_generated_files/system/src/system.c: 41:     CLOCK_Initialize();
 10811   001EC4  EC00  F010         	call	_CLOCK_Initialize	;wreg free
 10812                           
 10813                           ;mcc_generated_files/system/src/system.c: 42:     PIN_MANAGER_Initialize();
 10814   001EC8  EC1F  F00F         	call	_PIN_MANAGER_Initialize	;wreg free
 10815   001ECC                     
 10816                           ;mcc_generated_files/system/src/system.c: 43:     CCP5_Initialize();
 10817   001ECC  EC25  F010         	call	_CCP5_Initialize	;wreg free
 10818   001ED0                     
 10819                           ;mcc_generated_files/system/src/system.c: 44:     TMR0_Initialize();
 10820   001ED0  EC75  F00F         	call	_TMR0_Initialize	;wreg free
 10821   001ED4                     
 10822                           ;mcc_generated_files/system/src/system.c: 45:     TMR1_Initialize();
 10823   001ED4  EC07  F00F         	call	_TMR1_Initialize	;wreg free
 10824   001ED8                     
 10825                           ;mcc_generated_files/system/src/system.c: 46:     ADC_Initialize();
 10826   001ED8  ECF1  F00F         	call	_ADC_Initialize	;wreg free
 10827   001EDC                     
 10828                           ;mcc_generated_files/system/src/system.c: 47:     EUSART1_Initialize();
 10829   001EDC  ECB8  F00E         	call	_EUSART1_Initialize	;wreg free
 10830   001EE0                     
 10831                           ;mcc_generated_files/system/src/system.c: 48:     SPI2_Initialize();
 10832   001EE0  ECF9  F00F         	call	_SPI2_Initialize	;wreg free
 10833                           
 10834                           ;mcc_generated_files/system/src/system.c: 49:     INTERRUPT_Initialize();
 10835   001EE4  ECED  F00E         	call	_INTERRUPT_Initialize	;wreg free
 10836   001EE8  0012               	return		;funcret
 10837   001EEA                     __end_of_SYSTEM_Initialize:
 10838                           	callstack 0
 10839                           
 10840 ;; *************** function _TMR1_Initialize *****************
 10841 ;; Defined at:
 10842 ;;		line 53 in file "mcc_generated_files/timer/src/tmr1.c"
 10843 ;; Parameters:    Size  Location     Type
 10844 ;;		None
 10845 ;; Auto vars:     Size  Location     Type
 10846 ;;		None
 10847 ;; Return value:  Size  Location     Type
 10848 ;;                  1    wreg      void 
 10849 ;; Registers used:
 10850 ;;		wreg, status,2, status,0
 10851 ;; Tracked objects:
 10852 ;;		On entry : 0/0
 10853 ;;		On exit  : 0/0
 10854 ;;		Unchanged: 0/0
 10855 ;; Data sizes:     COMRAM   BANK0   BANK1   BANK2   BANK3   BANK4   BANK5
 10856 ;;      Params:         0       0       0       0       0       0       0
 10857 ;;      Locals:         0       0       0       0       0       0       0
 10858 ;;      Temps:          2       0       0       0       0       0       0
 10859 ;;      Totals:         2       0       0       0       0       0       0
 10860 ;;Total ram usage:        2 bytes
 10861 ;; Hardware stack levels used: 1
 10862 ;; Hardware stack levels required when called: 4
 10863 ;; This function calls:
 10864 ;;		Nothing
 10865 ;; This function is called by:
 10866 ;;		_SYSTEM_Initialize
 10867 ;; This function uses a non-reentrant model
 10868 ;;
 10869                           
 10870                           	psect	text28
 10871   001E0E                     __ptext28:
 10872                           	callstack 0
 10873   001E0E                     _TMR1_Initialize:
 10874                           	callstack 25
 10875   001E0E                     
 10876                           ;mcc_generated_files/timer/src/tmr1.c: 55:     T1CONbits.TMR1ON = 0U;
 10877   001E0E  90CD               	bcf	205,0,c	;volatile
 10878                           
 10879                           ;mcc_generated_files/timer/src/tmr1.c: 57:     TMR1H = 0x0;
 10880   001E10  6ACF               	clrf	207,c	;volatile
 10881                           
 10882                           ;mcc_generated_files/timer/src/tmr1.c: 58:     TMR1L = 0x0;
 10883   001E12  6ACE               	clrf	206,c	;volatile
 10884   001E14                     
 10885                           ;mcc_generated_files/timer/src/tmr1.c: 60:     timer1ReloadVal=((uint16_t)TMR1H << 8U) |
      +                           TMR1L;
 10886   001E14  50CF               	movf	207,w,c	;volatile
 10887   001E16  6E13               	movwf	??_TMR1_Initialize^0,c
 10888   001E18  50CE               	movf	206,w,c	;volatile
 10889   001E1A  6E44               	movwf	_timer1ReloadVal^0,c	;volatile
 10890   001E1C  C013  F045         	movff	??_TMR1_Initialize,_timer1ReloadVal+1	;volatile
 10891   001E20                     
 10892                           ;mcc_generated_files/timer/src/tmr1.c: 62:     T1GCON = (0 << 0x0)
 10893   001E20  6ACC               	clrf	204,c	;volatile
 10894   001E22                     
 10895                           ;mcc_generated_files/timer/src/tmr1.c: 68:     TMR1_OverflowCallback =TMR1_DefaultOverfl
      +                          owCallback;
 10896   001E22  0E00               	movlw	0
 10897   001E24  0100               	movlb	0	; () banked
 10898   001E26  6FC1               	movwf	_TMR1_OverflowCallback& (0+255),b
 10899   001E28  0E00               	movlw	0
 10900   001E2A  6FC2               	movwf	(_TMR1_OverflowCallback+1)& (0+255),b
 10901   001E2C                     
 10902                           ; BSR set to: 0
 10903                           ;mcc_generated_files/timer/src/tmr1.c: 69:     TMR1_GateCallback = TMR1_DefaultGateCallb
      +                          ack;
 10904   001E2C  0E00               	movlw	0
 10905   001E2E  6FBF               	movwf	_TMR1_GateCallback& (0+255),b
 10906   001E30  0E00               	movlw	0
 10907   001E32  6FC0               	movwf	(_TMR1_GateCallback+1)& (0+255),b
 10908   001E34                     
 10909                           ; BSR set to: 0
 10910                           ;mcc_generated_files/timer/src/tmr1.c: 72:  PIR1bits.TMR1IF = 0U;
 10911   001E34  909E               	bcf	158,0,c	;volatile
 10912   001E36                     
 10913                           ; BSR set to: 0
 10914                           ;mcc_generated_files/timer/src/tmr1.c: 73:  PIR3bits.TMR1GIF = 0U;
 10915   001E36  90A4               	bcf	164,0,c	;volatile
 10916                           
 10917                           ;mcc_generated_files/timer/src/tmr1.c: 75:     T1CON = (1 << 0x0)
 10918   001E38  0E35               	movlw	53
 10919   001E3A  6ECD               	movwf	205,c	;volatile
 10920   001E3C                     
 10921                           ; BSR set to: 0
 10922   001E3C  0012               	return		;funcret
 10923   001E3E                     __end_of_TMR1_Initialize:
 10924                           	callstack 0
 10925                           
 10926 ;; *************** function _TMR0_Initialize *****************
 10927 ;; Defined at:
 10928 ;;		line 48 in file "mcc_generated_files/timer/src/tmr0.c"
 10929 ;; Parameters:    Size  Location     Type
 10930 ;;		None
 10931 ;; Auto vars:     Size  Location     Type
 10932 ;;		None
 10933 ;; Return value:  Size  Location     Type
 10934 ;;                  1    wreg      void 
 10935 ;; Registers used:
 10936 ;;		wreg, status,2, status,0, cstack
 10937 ;; Tracked objects:
 10938 ;;		On entry : 0/0
 10939 ;;		On exit  : 0/0
 10940 ;;		Unchanged: 0/0
 10941 ;; Data sizes:     COMRAM   BANK0   BANK1   BANK2   BANK3   BANK4   BANK5
 10942 ;;      Params:         0       0       0       0       0       0       0
 10943 ;;      Locals:         0       0       0       0       0       0       0
 10944 ;;      Temps:          0       0       0       0       0       0       0
 10945 ;;      Totals:         0       0       0       0       0       0       0
 10946 ;;Total ram usage:        0 bytes
 10947 ;; Hardware stack levels used: 1
 10948 ;; Hardware stack levels required when called: 5
 10949 ;; This function calls:
 10950 ;;		_TMR0_OverflowCallbackRegister
 10951 ;; This function is called by:
 10952 ;;		_SYSTEM_Initialize
 10953 ;; This function uses a non-reentrant model
 10954 ;;
 10955                           
 10956                           	psect	text29
 10957   001EEA                     __ptext29:
 10958                           	callstack 0
 10959   001EEA                     _TMR0_Initialize:
 10960                           	callstack 24
 10961   001EEA                     
 10962                           ;mcc_generated_files/timer/src/tmr0.c: 51:     T0CONbits.T08BIT = 0;
 10963   001EEA  9CD5               	bcf	213,6,c	;volatile
 10964                           
 10965                           ;mcc_generated_files/timer/src/tmr0.c: 52:     TMR0H = 0x0;
 10966   001EEC  6AD7               	clrf	215,c	;volatile
 10967                           
 10968                           ;mcc_generated_files/timer/src/tmr0.c: 53:     TMR0L = 0x0;
 10969   001EEE  6AD6               	clrf	214,c	;volatile
 10970   001EF0                     
 10971                           ;mcc_generated_files/timer/src/tmr0.c: 54:     tmr0PeriodCount = 0U;
 10972   001EF0  6A47               	clrf	(_tmr0PeriodCount+1)^0,c	;volatile
 10973   001EF2  0E00               	movlw	0
 10974   001EF4  6E46               	movwf	_tmr0PeriodCount^0,c	;volatile
 10975   001EF6                     
 10976                           ;mcc_generated_files/timer/src/tmr0.c: 55:     TMR0_OverflowCallbackRegister(TMR0_Defaul
      +                          tOverflowCallback);
 10977   001EF6  0E66               	movlw	low _TMR0_DefaultOverflowCallback
 10978   001EF8  6E13               	movwf	TMR0_OverflowCallbackRegister@callbackHandler^0,c
 10979   001EFA  0E20               	movlw	high _TMR0_DefaultOverflowCallback
 10980   001EFC  6E14               	movwf	(TMR0_OverflowCallbackRegister@callbackHandler+1)^0,c
 10981   001EFE  EC0C  F010         	call	_TMR0_OverflowCallbackRegister	;wreg free
 10982   001F02                     
 10983                           ;mcc_generated_files/timer/src/tmr0.c: 57:     INTCONbits.TMR0IF = 0;
 10984   001F02  94F2               	bcf	242,2,c	;volatile
 10985   001F04                     
 10986                           ;mcc_generated_files/timer/src/tmr0.c: 58:     INTCONbits.TMR0IE = 1;
 10987   001F04  8AF2               	bsf	242,5,c	;volatile
 10988   001F06                     
 10989                           ;mcc_generated_files/timer/src/tmr0.c: 60:     T0CON = (7 << 0x0)
 10990   001F06  0E9F               	movlw	159
 10991   001F08  6ED5               	movwf	213,c	;volatile
 10992   001F0A  0012               	return		;funcret
 10993   001F0C                     __end_of_TMR0_Initialize:
 10994                           	callstack 0
 10995                           
 10996 ;; *************** function _TMR0_OverflowCallbackRegister *****************
 10997 ;; Defined at:
 10998 ;;		line 154 in file "mcc_generated_files/timer/src/tmr0.c"
 10999 ;; Parameters:    Size  Location     Type
 11000 ;;  callbackHand    2   17[COMRAM] PTR FTN()void 
 11001 ;;		 -> myTMR0ISR(1), TMR0_DefaultOverflowCallback(1), 
 11002 ;; Auto vars:     Size  Location     Type
 11003 ;;		None
 11004 ;; Return value:  Size  Location     Type
 11005 ;;                  1    wreg      void 
 11006 ;; Registers used:
 11007 ;;		wreg, status,2, status,0
 11008 ;; Tracked objects:
 11009 ;;		On entry : 0/0
 11010 ;;		On exit  : 0/0
 11011 ;;		Unchanged: 0/0
 11012 ;; Data sizes:     COMRAM   BANK0   BANK1   BANK2   BANK3   BANK4   BANK5
 11013 ;;      Params:         2       0       0       0       0       0       0
 11014 ;;      Locals:         0       0       0       0       0       0       0
 11015 ;;      Temps:          0       0       0       0       0       0       0
 11016 ;;      Totals:         2       0       0       0       0       0       0
 11017 ;;Total ram usage:        2 bytes
 11018 ;; Hardware stack levels used: 1
 11019 ;; Hardware stack levels required when called: 4
 11020 ;; This function calls:
 11021 ;;		Nothing
 11022 ;; This function is called by:
 11023 ;;		_TMR0_Initialize
 11024 ;;		_main
 11025 ;; This function uses a non-reentrant model
 11026 ;;
 11027                           
 11028                           	psect	text30
 11029   002018                     __ptext30:
 11030                           	callstack 0
 11031   002018                     _TMR0_OverflowCallbackRegister:
 11032                           	callstack 24
 11033   002018                     
 11034                           ;mcc_generated_files/timer/src/tmr0.c: 154: void TMR0_OverflowCallbackRegister(void (* c
      +                          allbackHandler)(void));mcc_generated_files/timer/src/tmr0.c: 155: {;mcc_generated_files/
      +                          timer/src/tmr0.c: 156:     TMR0_OverflowCallback = callbackHandler;
 11035   002018  C013  F0C3         	movff	TMR0_OverflowCallbackRegister@callbackHandler,_TMR0_OverflowCallback
 11036   00201C  C014  F0C4         	movff	TMR0_OverflowCallbackRegister@callbackHandler+1,_TMR0_OverflowCallback+1
 11037   002020  0012               	return		;funcret
 11038   002022                     __end_of_TMR0_OverflowCallbackRegister:
 11039                           	callstack 0
 11040                           
 11041 ;; *************** function _SPI2_Initialize *****************
 11042 ;; Defined at:
 11043 ;;		line 61 in file "mcc_generated_files/spi/src/mssp2.c"
 11044 ;; Parameters:    Size  Location     Type
 11045 ;;		None
 11046 ;; Auto vars:     Size  Location     Type
 11047 ;;		None
 11048 ;; Return value:  Size  Location     Type
 11049 ;;                  1    wreg      void 
 11050 ;; Registers used:
 11051 ;;		None
 11052 ;; Tracked objects:
 11053 ;;		On entry : 0/0
 11054 ;;		On exit  : 0/0
 11055 ;;		Unchanged: 0/0
 11056 ;; Data sizes:     COMRAM   BANK0   BANK1   BANK2   BANK3   BANK4   BANK5
 11057 ;;      Params:         0       0       0       0       0       0       0
 11058 ;;      Locals:         0       0       0       0       0       0       0
 11059 ;;      Temps:          0       0       0       0       0       0       0
 11060 ;;      Totals:         0       0       0       0       0       0       0
 11061 ;;Total ram usage:        0 bytes
 11062 ;; Hardware stack levels used: 1
 11063 ;; Hardware stack levels required when called: 4
 11064 ;; This function calls:
 11065 ;;		Nothing
 11066 ;; This function is called by:
 11067 ;;		_SYSTEM_Initialize
 11068 ;; This function uses a non-reentrant model
 11069 ;;
 11070                           
 11071                           	psect	text31
 11072   001FF2                     __ptext31:
 11073                           	callstack 0
 11074   001FF2                     _SPI2_Initialize:
 11075                           	callstack 25
 11076   001FF2                     
 11077                           ;mcc_generated_files/spi/src/mssp2.c: 64:     PIE3bits.SSP2IE = 0;
 11078   001FF2  9EA3               	bcf	163,7,c	;volatile
 11079                           
 11080                           ;mcc_generated_files/spi/src/mssp2.c: 65:     PIR3bits.SSP2IF = 0;
 11081   001FF4  9EA4               	bcf	164,7,c	;volatile
 11082                           
 11083                           ;mcc_generated_files/spi/src/mssp2.c: 67:     SSP2STAT = 0x00;
 11084   001FF6  6A6D               	clrf	109,c	;volatile
 11085                           
 11086                           ;mcc_generated_files/spi/src/mssp2.c: 68:     SSP2CON1 = 0x00;
 11087   001FF8  6A6C               	clrf	108,c	;volatile
 11088                           
 11089                           ;mcc_generated_files/spi/src/mssp2.c: 69:     SSP2CON3 = 0x00;
 11090   001FFA  6A69               	clrf	105,c	;volatile
 11091                           
 11092                           ;mcc_generated_files/spi/src/mssp2.c: 70:     SSP2ADD = 0x00;
 11093   001FFC  6A6E               	clrf	110,c	;volatile
 11094   001FFE  0012               	return		;funcret
 11095   002000                     __end_of_SPI2_Initialize:
 11096                           	callstack 0
 11097                           
 11098 ;; *************** function _PIN_MANAGER_Initialize *****************
 11099 ;; Defined at:
 11100 ;;		line 38 in file "mcc_generated_files/system/src/pins.c"
 11101 ;; Parameters:    Size  Location     Type
 11102 ;;		None
 11103 ;; Auto vars:     Size  Location     Type
 11104 ;;		None
 11105 ;; Return value:  Size  Location     Type
 11106 ;;                  1    wreg      void 
 11107 ;; Registers used:
 11108 ;;		wreg, status,2
 11109 ;; Tracked objects:
 11110 ;;		On entry : 0/0
 11111 ;;		On exit  : 0/0
 11112 ;;		Unchanged: 0/0
 11113 ;; Data sizes:     COMRAM   BANK0   BANK1   BANK2   BANK3   BANK4   BANK5
 11114 ;;      Params:         0       0       0       0       0       0       0
 11115 ;;      Locals:         0       0       0       0       0       0       0
 11116 ;;      Temps:          0       0       0       0       0       0       0
 11117 ;;      Totals:         0       0       0       0       0       0       0
 11118 ;;Total ram usage:        0 bytes
 11119 ;; Hardware stack levels used: 1
 11120 ;; Hardware stack levels required when called: 4
 11121 ;; This function calls:
 11122 ;;		Nothing
 11123 ;; This function is called by:
 11124 ;;		_SYSTEM_Initialize
 11125 ;; This function uses a non-reentrant model
 11126 ;;
 11127                           
 11128                           	psect	text32
 11129   001E3E                     __ptext32:
 11130                           	callstack 0
 11131   001E3E                     _PIN_MANAGER_Initialize:
 11132                           	callstack 25
 11133   001E3E                     
 11134                           ;mcc_generated_files/system/src/pins.c: 43:     LATA = 0x0;
 11135   001E3E  6A89               	clrf	137,c	;volatile
 11136                           
 11137                           ;mcc_generated_files/system/src/pins.c: 44:     LATB = 0x0;
 11138   001E40  6A8A               	clrf	138,c	;volatile
 11139   001E42                     
 11140                           ;mcc_generated_files/system/src/pins.c: 45:     LATC = 0x40;
 11141   001E42  0E40               	movlw	64
 11142   001E44  6E8B               	movwf	139,c	;volatile
 11143                           
 11144                           ;mcc_generated_files/system/src/pins.c: 53:     TRISA = 0xBF;
 11145   001E46  0EBF               	movlw	191
 11146   001E48  6E92               	movwf	146,c	;volatile
 11147                           
 11148                           ;mcc_generated_files/system/src/pins.c: 54:     TRISB = 0xE5;
 11149   001E4A  0EE5               	movlw	229
 11150   001E4C  6E93               	movwf	147,c	;volatile
 11151                           
 11152                           ;mcc_generated_files/system/src/pins.c: 55:     TRISC = 0x8F;
 11153   001E4E  0E8F               	movlw	143
 11154   001E50  6E94               	movwf	148,c	;volatile
 11155                           
 11156                           ;mcc_generated_files/system/src/pins.c: 56:     TRISE = 0x80;
 11157   001E52  0E80               	movlw	128
 11158   001E54  6E96               	movwf	150,c	;volatile
 11159                           
 11160                           ;mcc_generated_files/system/src/pins.c: 61:     ANSELA = 0x2F;
 11161   001E56  0E2F               	movlw	47
 11162   001E58  010F               	movlb	15	; () banked
 11163   001E5A  6F38               	movwf	56,b	;volatile
 11164                           
 11165                           ;mcc_generated_files/system/src/pins.c: 62:     ANSELB = 0x21;
 11166   001E5C  0E21               	movlw	33
 11167   001E5E  6F39               	movwf	57,b	;volatile
 11168                           
 11169                           ;mcc_generated_files/system/src/pins.c: 63:     ANSELC = 0xC;
 11170   001E60  0E0C               	movlw	12
 11171   001E62  6F3A               	movwf	58,b	;volatile
 11172   001E64                     
 11173                           ; BSR set to: 15
 11174                           ;mcc_generated_files/system/src/pins.c: 68:     WPUB = 0xFF;
 11175   001E64  6861               	setf	97,c	;volatile
 11176                           
 11177                           ;mcc_generated_files/system/src/pins.c: 89:     IOCB = 0xF0;
 11178   001E66  0EF0               	movlw	240
 11179   001E68  6E62               	movwf	98,c	;volatile
 11180   001E6A                     
 11181                           ; BSR set to: 15
 11182                           ;mcc_generated_files/system/src/pins.c: 93:     INTCONbits.RBIE = 1;
 11183   001E6A  86F2               	bsf	242,3,c	;volatile
 11184   001E6C                     
 11185                           ; BSR set to: 15
 11186   001E6C  0012               	return		;funcret
 11187   001E6E                     __end_of_PIN_MANAGER_Initialize:
 11188                           	callstack 0
 11189                           
 11190 ;; *************** function _INTERRUPT_Initialize *****************
 11191 ;; Defined at:
 11192 ;;		line 42 in file "mcc_generated_files/system/src/interrupt.c"
 11193 ;; Parameters:    Size  Location     Type
 11194 ;;		None
 11195 ;; Auto vars:     Size  Location     Type
 11196 ;;		None
 11197 ;; Return value:  Size  Location     Type
 11198 ;;                  1    wreg      void 
 11199 ;; Registers used:
 11200 ;;		wreg, status,2, status,0, cstack
 11201 ;; Tracked objects:
 11202 ;;		On entry : 0/0
 11203 ;;		On exit  : 0/0
 11204 ;;		Unchanged: 0/0
 11205 ;; Data sizes:     COMRAM   BANK0   BANK1   BANK2   BANK3   BANK4   BANK5
 11206 ;;      Params:         0       0       0       0       0       0       0
 11207 ;;      Locals:         0       0       0       0       0       0       0
 11208 ;;      Temps:          0       0       0       0       0       0       0
 11209 ;;      Totals:         0       0       0       0       0       0       0
 11210 ;;Total ram usage:        0 bytes
 11211 ;; Hardware stack levels used: 1
 11212 ;; Hardware stack levels required when called: 5
 11213 ;; This function calls:
 11214 ;;		_INT0_SetInterruptHandler
 11215 ;;		_INT1_SetInterruptHandler
 11216 ;;		_INT2_SetInterruptHandler
 11217 ;; This function is called by:
 11218 ;;		_SYSTEM_Initialize
 11219 ;; This function uses a non-reentrant model
 11220 ;;
 11221                           
 11222                           	psect	text33
 11223   001DDA                     __ptext33:
 11224                           	callstack 0
 11225   001DDA                     _INTERRUPT_Initialize:
 11226                           	callstack 24
 11227   001DDA                     
 11228                           ;mcc_generated_files/system/src/interrupt.c: 45:     RCONbits.IPEN = 0;
 11229   001DDA  9ED0               	bcf	208,7,c	;volatile
 11230                           
 11231                           ;mcc_generated_files/system/src/interrupt.c: 49:     (INTCONbits.INT0IF = 0);
 11232   001DDC  92F2               	bcf	242,1,c	;volatile
 11233                           
 11234                           ;mcc_generated_files/system/src/interrupt.c: 50:     (INTCON2bits.INTEDG0 = 1);
 11235   001DDE  8CF1               	bsf	241,6,c	;volatile
 11236   001DE0                     
 11237                           ;mcc_generated_files/system/src/interrupt.c: 52:     INT0_SetInterruptHandler(INT0_Defau
      +                          ltInterruptHandler);
 11238   001DE0  0E00               	movlw	0
 11239   001DE2  6E13               	movwf	INT0_SetInterruptHandler@InterruptHandler^0,c
 11240   001DE4  0E00               	movlw	0
 11241   001DE6  6E14               	movwf	(INT0_SetInterruptHandler@InterruptHandler+1)^0,c
 11242   001DE8  EC1B  F010         	call	_INT0_SetInterruptHandler	;wreg free
 11243   001DEC                     
 11244                           ;mcc_generated_files/system/src/interrupt.c: 57:     (INTCON3bits.INT1IF = 0);
 11245   001DEC  90F0               	bcf	240,0,c	;volatile
 11246   001DEE                     
 11247                           ;mcc_generated_files/system/src/interrupt.c: 58:     (INTCON2bits.INTEDG1 = 1);
 11248   001DEE  8AF1               	bsf	241,5,c	;volatile
 11249                           
 11250                           ;mcc_generated_files/system/src/interrupt.c: 60:     INT1_SetInterruptHandler(INT1_Defau
      +                          ltInterruptHandler);
 11251   001DF0  0E00               	movlw	0
 11252   001DF2  6E13               	movwf	INT1_SetInterruptHandler@InterruptHandler^0,c
 11253   001DF4  0E00               	movlw	0
 11254   001DF6  6E14               	movwf	(INT1_SetInterruptHandler@InterruptHandler+1)^0,c
 11255   001DF8  EC16  F010         	call	_INT1_SetInterruptHandler	;wreg free
 11256   001DFC                     
 11257                           ;mcc_generated_files/system/src/interrupt.c: 65:     (INTCON3bits.INT2IF = 0);
 11258   001DFC  92F0               	bcf	240,1,c	;volatile
 11259   001DFE                     
 11260                           ;mcc_generated_files/system/src/interrupt.c: 66:     (INTCON2bits.INTEDG2 = 1);
 11261   001DFE  88F1               	bsf	241,4,c	;volatile
 11262                           
 11263                           ;mcc_generated_files/system/src/interrupt.c: 68:     INT2_SetInterruptHandler(INT2_Defau
      +                          ltInterruptHandler);
 11264   001E00  0E00               	movlw	0
 11265   001E02  6E13               	movwf	INT2_SetInterruptHandler@InterruptHandler^0,c
 11266   001E04  0E00               	movlw	0
 11267   001E06  6E14               	movwf	(INT2_SetInterruptHandler@InterruptHandler+1)^0,c
 11268   001E08  EC11  F010         	call	_INT2_SetInterruptHandler	;wreg free
 11269   001E0C  0012               	return		;funcret
 11270   001E0E                     __end_of_INTERRUPT_Initialize:
 11271                           	callstack 0
 11272                           
 11273 ;; *************** function _INT2_SetInterruptHandler *****************
 11274 ;; Defined at:
 11275 ;;		line 162 in file "mcc_generated_files/system/src/interrupt.c"
 11276 ;; Parameters:    Size  Location     Type
 11277 ;;  InterruptHan    2   17[COMRAM] PTR FTN()void 
 11278 ;;		 -> INT2_DefaultInterruptHandler(1), 
 11279 ;; Auto vars:     Size  Location     Type
 11280 ;;		None
 11281 ;; Return value:  Size  Location     Type
 11282 ;;                  1    wreg      void 
 11283 ;; Registers used:
 11284 ;;		wreg, status,2, status,0
 11285 ;; Tracked objects:
 11286 ;;		On entry : 0/0
 11287 ;;		On exit  : 0/0
 11288 ;;		Unchanged: 0/0
 11289 ;; Data sizes:     COMRAM   BANK0   BANK1   BANK2   BANK3   BANK4   BANK5
 11290 ;;      Params:         2       0       0       0       0       0       0
 11291 ;;      Locals:         0       0       0       0       0       0       0
 11292 ;;      Temps:          0       0       0       0       0       0       0
 11293 ;;      Totals:         2       0       0       0       0       0       0
 11294 ;;Total ram usage:        2 bytes
 11295 ;; Hardware stack levels used: 1
 11296 ;; Hardware stack levels required when called: 4
 11297 ;; This function calls:
 11298 ;;		Nothing
 11299 ;; This function is called by:
 11300 ;;		_INTERRUPT_Initialize
 11301 ;; This function uses a non-reentrant model
 11302 ;;
 11303                           
 11304                           	psect	text34
 11305   002022                     __ptext34:
 11306                           	callstack 0
 11307   002022                     _INT2_SetInterruptHandler:
 11308                           	callstack 24
 11309   002022                     
 11310                           ;mcc_generated_files/system/src/interrupt.c: 163:     INT2_InterruptHandler = InterruptH
      +                          andler;
 11311   002022  C013  F048         	movff	INT2_SetInterruptHandler@InterruptHandler,_INT2_InterruptHandler
 11312   002026  C014  F049         	movff	INT2_SetInterruptHandler@InterruptHandler+1,_INT2_InterruptHandler+1
 11313   00202A  0012               	return		;funcret
 11314   00202C                     __end_of_INT2_SetInterruptHandler:
 11315                           	callstack 0
 11316                           
 11317 ;; *************** function _INT1_SetInterruptHandler *****************
 11318 ;; Defined at:
 11319 ;;		line 136 in file "mcc_generated_files/system/src/interrupt.c"
 11320 ;; Parameters:    Size  Location     Type
 11321 ;;  InterruptHan    2   17[COMRAM] PTR FTN()void 
 11322 ;;		 -> INT1_DefaultInterruptHandler(1), 
 11323 ;; Auto vars:     Size  Location     Type
 11324 ;;		None
 11325 ;; Return value:  Size  Location     Type
 11326 ;;                  1    wreg      void 
 11327 ;; Registers used:
 11328 ;;		wreg, status,2, status,0
 11329 ;; Tracked objects:
 11330 ;;		On entry : 0/0
 11331 ;;		On exit  : 0/0
 11332 ;;		Unchanged: 0/0
 11333 ;; Data sizes:     COMRAM   BANK0   BANK1   BANK2   BANK3   BANK4   BANK5
 11334 ;;      Params:         2       0       0       0       0       0       0
 11335 ;;      Locals:         0       0       0       0       0       0       0
 11336 ;;      Temps:          0       0       0       0       0       0       0
 11337 ;;      Totals:         2       0       0       0       0       0       0
 11338 ;;Total ram usage:        2 bytes
 11339 ;; Hardware stack levels used: 1
 11340 ;; Hardware stack levels required when called: 4
 11341 ;; This function calls:
 11342 ;;		Nothing
 11343 ;; This function is called by:
 11344 ;;		_INTERRUPT_Initialize
 11345 ;; This function uses a non-reentrant model
 11346 ;;
 11347                           
 11348                           	psect	text35
 11349   00202C                     __ptext35:
 11350                           	callstack 0
 11351   00202C                     _INT1_SetInterruptHandler:
 11352                           	callstack 24
 11353   00202C                     
 11354                           ;mcc_generated_files/system/src/interrupt.c: 137:     INT1_InterruptHandler = InterruptH
      +                          andler;
 11355   00202C  C013  F04A         	movff	INT1_SetInterruptHandler@InterruptHandler,_INT1_InterruptHandler
 11356   002030  C014  F04B         	movff	INT1_SetInterruptHandler@InterruptHandler+1,_INT1_InterruptHandler+1
 11357   002034  0012               	return		;funcret
 11358   002036                     __end_of_INT1_SetInterruptHandler:
 11359                           	callstack 0
 11360                           
 11361 ;; *************** function _INT0_SetInterruptHandler *****************
 11362 ;; Defined at:
 11363 ;;		line 110 in file "mcc_generated_files/system/src/interrupt.c"
 11364 ;; Parameters:    Size  Location     Type
 11365 ;;  InterruptHan    2   17[COMRAM] PTR FTN()void 
 11366 ;;		 -> INT0_DefaultInterruptHandler(1), 
 11367 ;; Auto vars:     Size  Location     Type
 11368 ;;		None
 11369 ;; Return value:  Size  Location     Type
 11370 ;;                  1    wreg      void 
 11371 ;; Registers used:
 11372 ;;		wreg, status,2, status,0
 11373 ;; Tracked objects:
 11374 ;;		On entry : 0/0
 11375 ;;		On exit  : 0/0
 11376 ;;		Unchanged: 0/0
 11377 ;; Data sizes:     COMRAM   BANK0   BANK1   BANK2   BANK3   BANK4   BANK5
 11378 ;;      Params:         2       0       0       0       0       0       0
 11379 ;;      Locals:         0       0       0       0       0       0       0
 11380 ;;      Temps:          0       0       0       0       0       0       0
 11381 ;;      Totals:         2       0       0       0       0       0       0
 11382 ;;Total ram usage:        2 bytes
 11383 ;; Hardware stack levels used: 1
 11384 ;; Hardware stack levels required when called: 4
 11385 ;; This function calls:
 11386 ;;		Nothing
 11387 ;; This function is called by:
 11388 ;;		_INTERRUPT_Initialize
 11389 ;; This function uses a non-reentrant model
 11390 ;;
 11391                           
 11392                           	psect	text36
 11393   002036                     __ptext36:
 11394                           	callstack 0
 11395   002036                     _INT0_SetInterruptHandler:
 11396                           	callstack 24
 11397   002036                     
 11398                           ;mcc_generated_files/system/src/interrupt.c: 111:     INT0_InterruptHandler = InterruptH
      +                          andler;
 11399   002036  C013  F04C         	movff	INT0_SetInterruptHandler@InterruptHandler,_INT0_InterruptHandler
 11400   00203A  C014  F04D         	movff	INT0_SetInterruptHandler@InterruptHandler+1,_INT0_InterruptHandler+1
 11401   00203E  0012               	return		;funcret
 11402   002040                     __end_of_INT0_SetInterruptHandler:
 11403                           	callstack 0
 11404                           
 11405 ;; *************** function _EUSART1_Initialize *****************
 11406 ;; Defined at:
 11407 ;;		line 99 in file "mcc_generated_files/uart/src/eusart1.c"
 11408 ;; Parameters:    Size  Location     Type
 11409 ;;		None
 11410 ;; Auto vars:     Size  Location     Type
 11411 ;;		None
 11412 ;; Return value:  Size  Location     Type
 11413 ;;                  1    wreg      void 
 11414 ;; Registers used:
 11415 ;;		wreg, status,2, status,0, cstack
 11416 ;; Tracked objects:
 11417 ;;		On entry : 0/0
 11418 ;;		On exit  : 0/0
 11419 ;;		Unchanged: 0/0
 11420 ;; Data sizes:     COMRAM   BANK0   BANK1   BANK2   BANK3   BANK4   BANK5
 11421 ;;      Params:         0       0       0       0       0       0       0
 11422 ;;      Locals:         0       0       0       0       0       0       0
 11423 ;;      Temps:          0       0       0       0       0       0       0
 11424 ;;      Totals:         0       0       0       0       0       0       0
 11425 ;;Total ram usage:        0 bytes
 11426 ;; Hardware stack levels used: 1
 11427 ;; Hardware stack levels required when called: 5
 11428 ;; This function calls:
 11429 ;;		_EUSART1_FramingErrorCallbackRegister
 11430 ;;		_EUSART1_OverrunErrorCallbackRegister
 11431 ;; This function is called by:
 11432 ;;		_SYSTEM_Initialize
 11433 ;; This function uses a non-reentrant model
 11434 ;;
 11435                           
 11436                           	psect	text37
 11437   001D70                     __ptext37:
 11438                           	callstack 0
 11439   001D70                     _EUSART1_Initialize:
 11440                           	callstack 24
 11441   001D70                     
 11442                           ;mcc_generated_files/uart/src/eusart1.c: 104:     BAUDCON1 = 0x48;
 11443   001D70  0E48               	movlw	72
 11444   001D72  6EB8               	movwf	184,c	;volatile
 11445                           
 11446                           ;mcc_generated_files/uart/src/eusart1.c: 106:     RCSTA1 = 0x90;
 11447   001D74  0E90               	movlw	144
 11448   001D76  6EAB               	movwf	171,c	;volatile
 11449                           
 11450                           ;mcc_generated_files/uart/src/eusart1.c: 108:     TXSTA1 = 0x26;
 11451   001D78  0E26               	movlw	38
 11452   001D7A  6EAC               	movwf	172,c	;volatile
 11453                           
 11454                           ;mcc_generated_files/uart/src/eusart1.c: 110:     SPBRG1 = 0x82;
 11455   001D7C  0E82               	movlw	130
 11456   001D7E  6EAF               	movwf	175,c	;volatile
 11457                           
 11458                           ;mcc_generated_files/uart/src/eusart1.c: 112:     SPBRGH1 = 0x6;
 11459   001D80  0E06               	movlw	6
 11460   001D82  6EB0               	movwf	176,c	;volatile
 11461   001D84                     
 11462                           ;mcc_generated_files/uart/src/eusart1.c: 114:     EUSART1_FramingErrorCallbackRegister(E
      +                          USART1_DefaultFramingErrorCallback);
 11463   001D84  0E64               	movlw	low _EUSART1_DefaultFramingErrorCallback
 11464   001D86  6E13               	movwf	EUSART1_FramingErrorCallbackRegister@callbackHandler^0,c
 11465   001D88  0E20               	movlw	high _EUSART1_DefaultFramingErrorCallback
 11466   001D8A  6E14               	movwf	(EUSART1_FramingErrorCallbackRegister@callbackHandler+1)^0,c
 11467   001D8C  ECC3  F00F         	call	_EUSART1_FramingErrorCallbackRegister	;wreg free
 11468   001D90                     
 11469                           ;mcc_generated_files/uart/src/eusart1.c: 115:     EUSART1_OverrunErrorCallbackRegister(E
      +                          USART1_DefaultOverrunErrorCallback);
 11470   001D90  0E58               	movlw	low _EUSART1_DefaultOverrunErrorCallback
 11471   001D92  6E13               	movwf	EUSART1_OverrunErrorCallbackRegister@callbackHandler^0,c
 11472   001D94  0E20               	movlw	high _EUSART1_DefaultOverrunErrorCallback
 11473   001D96  6E14               	movwf	(EUSART1_OverrunErrorCallbackRegister@callbackHandler+1)^0,c
 11474   001D98  ECB5  F00F         	call	_EUSART1_OverrunErrorCallbackRegister	;wreg free
 11475                           
 11476                           ;mcc_generated_files/uart/src/eusart1.c: 116:     eusart1RxLastError.status = 0;
 11477   001D9C  0100               	movlb	0	; () banked
 11478   001D9E  6B9D               	clrf	(_eusart1RxLastError+1)& (0+255),b	;volatile
 11479   001DA0  0E00               	movlw	0
 11480   001DA2  6F9C               	movwf	_eusart1RxLastError& (0+255),b	;volatile
 11481   001DA4                     
 11482                           ; BSR set to: 0
 11483   001DA4  0012               	return		;funcret
 11484   001DA6                     __end_of_EUSART1_Initialize:
 11485                           	callstack 0
 11486                           
 11487 ;; *************** function _EUSART1_OverrunErrorCallbackRegister *****************
 11488 ;; Defined at:
 11489 ;;		line 283 in file "mcc_generated_files/uart/src/eusart1.c"
 11490 ;; Parameters:    Size  Location     Type
 11491 ;;  callbackHand    2   17[COMRAM] PTR FTN()void 
 11492 ;;		 -> EUSART1_DefaultOverrunErrorCallback(1), 
 11493 ;; Auto vars:     Size  Location     Type
 11494 ;;		None
 11495 ;; Return value:  Size  Location     Type
 11496 ;;                  1    wreg      void 
 11497 ;; Registers used:
 11498 ;;		wreg, status,2, status,0
 11499 ;; Tracked objects:
 11500 ;;		On entry : 0/0
 11501 ;;		On exit  : 0/0
 11502 ;;		Unchanged: 0/0
 11503 ;; Data sizes:     COMRAM   BANK0   BANK1   BANK2   BANK3   BANK4   BANK5
 11504 ;;      Params:         2       0       0       0       0       0       0
 11505 ;;      Locals:         0       0       0       0       0       0       0
 11506 ;;      Temps:          0       0       0       0       0       0       0
 11507 ;;      Totals:         2       0       0       0       0       0       0
 11508 ;;Total ram usage:        2 bytes
 11509 ;; Hardware stack levels used: 1
 11510 ;; Hardware stack levels required when called: 4
 11511 ;; This function calls:
 11512 ;;		Nothing
 11513 ;; This function is called by:
 11514 ;;		_EUSART1_Initialize
 11515 ;; This function uses a non-reentrant model
 11516 ;;
 11517                           
 11518                           	psect	text38
 11519   001F6A                     __ptext38:
 11520                           	callstack 0
 11521   001F6A                     _EUSART1_OverrunErrorCallbackRegister:
 11522                           	callstack 24
 11523   001F6A                     
 11524                           ;mcc_generated_files/uart/src/eusart1.c: 283: void EUSART1_OverrunErrorCallbackRegister(
      +                          void (* callbackHandler)(void));mcc_generated_files/uart/src/eusart1.c: 284: {;mcc_gener
      +                          ated_files/uart/src/eusart1.c: 285:     if(((void*)0) != callbackHandler)
 11525   001F6A  5013               	movf	EUSART1_OverrunErrorCallbackRegister@callbackHandler^0,w,c
 11526   001F6C  1014               	iorwf	(EUSART1_OverrunErrorCallbackRegister@callbackHandler+1)^0,w,c
 11527   001F6E  B4D8               	btfsc	status,2,c
 11528   001F70  EFBC  F00F         	goto	u2331
 11529   001F74  EFBE  F00F         	goto	u2330
 11530   001F78                     u2331:
 11531   001F78  EFC2  F00F         	goto	l619
 11532   001F7C                     u2330:
 11533   001F7C                     
 11534                           ;mcc_generated_files/uart/src/eusart1.c: 286:     {;mcc_generated_files/uart/src/eusart1
      +                          .c: 287:         EUSART1_OverrunErrorHandler = callbackHandler;
 11535   001F7C  C013  F040         	movff	EUSART1_OverrunErrorCallbackRegister@callbackHandler,_EUSART1_OverrunErrorHandler
 11536   001F80  C014  F041         	movff	EUSART1_OverrunErrorCallbackRegister@callbackHandler+1,_EUSART1_OverrunErrorHandl
      +                          er+1
 11537   001F84                     l619:
 11538   001F84  0012               	return		;funcret
 11539   001F86                     __end_of_EUSART1_OverrunErrorCallbackRegister:
 11540                           	callstack 0
 11541                           
 11542 ;; *************** function _EUSART1_FramingErrorCallbackRegister *****************
 11543 ;; Defined at:
 11544 ;;		line 275 in file "mcc_generated_files/uart/src/eusart1.c"
 11545 ;; Parameters:    Size  Location     Type
 11546 ;;  callbackHand    2   17[COMRAM] PTR FTN()void 
 11547 ;;		 -> EUSART1_DefaultFramingErrorCallback(1), 
 11548 ;; Auto vars:     Size  Location     Type
 11549 ;;		None
 11550 ;; Return value:  Size  Location     Type
 11551 ;;                  1    wreg      void 
 11552 ;; Registers used:
 11553 ;;		wreg, status,2, status,0
 11554 ;; Tracked objects:
 11555 ;;		On entry : 0/0
 11556 ;;		On exit  : 0/0
 11557 ;;		Unchanged: 0/0
 11558 ;; Data sizes:     COMRAM   BANK0   BANK1   BANK2   BANK3   BANK4   BANK5
 11559 ;;      Params:         2       0       0       0       0       0       0
 11560 ;;      Locals:         0       0       0       0       0       0       0
 11561 ;;      Temps:          0       0       0       0       0       0       0
 11562 ;;      Totals:         2       0       0       0       0       0       0
 11563 ;;Total ram usage:        2 bytes
 11564 ;; Hardware stack levels used: 1
 11565 ;; Hardware stack levels required when called: 4
 11566 ;; This function calls:
 11567 ;;		Nothing
 11568 ;; This function is called by:
 11569 ;;		_EUSART1_Initialize
 11570 ;; This function uses a non-reentrant model
 11571 ;;
 11572                           
 11573                           	psect	text39
 11574   001F86                     __ptext39:
 11575                           	callstack 0
 11576   001F86                     _EUSART1_FramingErrorCallbackRegister:
 11577                           	callstack 24
 11578   001F86                     
 11579                           ;mcc_generated_files/uart/src/eusart1.c: 275: void EUSART1_FramingErrorCallbackRegister(
      +                          void (* callbackHandler)(void));mcc_generated_files/uart/src/eusart1.c: 276: {;mcc_gener
      +                          ated_files/uart/src/eusart1.c: 277:     if(((void*)0) != callbackHandler)
 11580   001F86  5013               	movf	EUSART1_FramingErrorCallbackRegister@callbackHandler^0,w,c
 11581   001F88  1014               	iorwf	(EUSART1_FramingErrorCallbackRegister@callbackHandler+1)^0,w,c
 11582   001F8A  B4D8               	btfsc	status,2,c
 11583   001F8C  EFCA  F00F         	goto	u2321
 11584   001F90  EFCC  F00F         	goto	u2320
 11585   001F94                     u2321:
 11586   001F94  EFD0  F00F         	goto	l615
 11587   001F98                     u2320:
 11588   001F98                     
 11589                           ;mcc_generated_files/uart/src/eusart1.c: 278:     {;mcc_generated_files/uart/src/eusart1
      +                          .c: 279:         EUSART1_FramingErrorHandler = callbackHandler;
 11590   001F98  C013  F042         	movff	EUSART1_FramingErrorCallbackRegister@callbackHandler,_EUSART1_FramingErrorHandler
 11591   001F9C  C014  F043         	movff	EUSART1_FramingErrorCallbackRegister@callbackHandler+1,_EUSART1_FramingErrorHandl
      +                          er+1
 11592   001FA0                     l615:
 11593   001FA0  0012               	return		;funcret
 11594   001FA2                     __end_of_EUSART1_FramingErrorCallbackRegister:
 11595                           	callstack 0
 11596                           
 11597 ;; *************** function _CLOCK_Initialize *****************
 11598 ;; Defined at:
 11599 ;;		line 39 in file "mcc_generated_files/system/src/clock.c"
 11600 ;; Parameters:    Size  Location     Type
 11601 ;;		None
 11602 ;; Auto vars:     Size  Location     Type
 11603 ;;		None
 11604 ;; Return value:  Size  Location     Type
 11605 ;;                  1    wreg      void 
 11606 ;; Registers used:
 11607 ;;		wreg, status,2
 11608 ;; Tracked objects:
 11609 ;;		On entry : 0/0
 11610 ;;		On exit  : 0/0
 11611 ;;		Unchanged: 0/0
 11612 ;; Data sizes:     COMRAM   BANK0   BANK1   BANK2   BANK3   BANK4   BANK5
 11613 ;;      Params:         0       0       0       0       0       0       0
 11614 ;;      Locals:         0       0       0       0       0       0       0
 11615 ;;      Temps:          0       0       0       0       0       0       0
 11616 ;;      Totals:         0       0       0       0       0       0       0
 11617 ;;Total ram usage:        0 bytes
 11618 ;; Hardware stack levels used: 1
 11619 ;; Hardware stack levels required when called: 4
 11620 ;; This function calls:
 11621 ;;		Nothing
 11622 ;; This function is called by:
 11623 ;;		_SYSTEM_Initialize
 11624 ;; This function uses a non-reentrant model
 11625 ;;
 11626                           
 11627                           	psect	text40
 11628   002000                     __ptext40:
 11629                           	callstack 0
 11630   002000                     _CLOCK_Initialize:
 11631                           	callstack 25
 11632   002000                     
 11633                           ;mcc_generated_files/system/src/clock.c: 41:     OSCCON = (0 << 0x0)
 11634   002000  0E70               	movlw	112
 11635   002002  6ED3               	movwf	211,c	;volatile
 11636                           
 11637                           ;mcc_generated_files/system/src/clock.c: 44:     OSCCON2 = (1 << 0x2)
 11638   002004  0E04               	movlw	4
 11639   002006  6ED2               	movwf	210,c	;volatile
 11640                           
 11641                           ;mcc_generated_files/system/src/clock.c: 47:     OSCTUNE = (0 << 0x0)
 11642   002008  0E40               	movlw	64
 11643   00200A  6E9B               	movwf	155,c	;volatile
 11644   00200C  0012               	return		;funcret
 11645   00200E                     __end_of_CLOCK_Initialize:
 11646                           	callstack 0
 11647                           
 11648 ;; *************** function _CCP5_Initialize *****************
 11649 ;; Defined at:
 11650 ;;		line 44 in file "mcc_generated_files/capture/src/ccp5.c"
 11651 ;; Parameters:    Size  Location     Type
 11652 ;;		None
 11653 ;; Auto vars:     Size  Location     Type
 11654 ;;		None
 11655 ;; Return value:  Size  Location     Type
 11656 ;;                  1    wreg      void 
 11657 ;; Registers used:
 11658 ;;		None
 11659 ;; Tracked objects:
 11660 ;;		On entry : 0/0
 11661 ;;		On exit  : 0/0
 11662 ;;		Unchanged: 0/0
 11663 ;; Data sizes:     COMRAM   BANK0   BANK1   BANK2   BANK3   BANK4   BANK5
 11664 ;;      Params:         0       0       0       0       0       0       0
 11665 ;;      Locals:         0       0       0       0       0       0       0
 11666 ;;      Temps:          0       0       0       0       0       0       0
 11667 ;;      Totals:         0       0       0       0       0       0       0
 11668 ;;Total ram usage:        0 bytes
 11669 ;; Hardware stack levels used: 1
 11670 ;; Hardware stack levels required when called: 4
 11671 ;; This function calls:
 11672 ;;		Nothing
 11673 ;; This function is called by:
 11674 ;;		_SYSTEM_Initialize
 11675 ;; This function uses a non-reentrant model
 11676 ;;
 11677                           
 11678                           	psect	text41
 11679   00204A                     __ptext41:
 11680                           	callstack 0
 11681   00204A                     _CCP5_Initialize:
 11682                           	callstack 25
 11683   00204A                     
 11684                           ;mcc_generated_files/capture/src/ccp5.c: 47:     CCP5CON = 0x0;
 11685   00204A  010F               	movlb	15	; () banked
 11686   00204C  6B54               	clrf	84,b	;volatile
 11687                           
 11688                           ;mcc_generated_files/capture/src/ccp5.c: 50:     CCPR5L = 0x0;
 11689   00204E  6B55               	clrf	85,b	;volatile
 11690   002050                     
 11691                           ; BSR set to: 15
 11692   002050  0012               	return		;funcret
 11693   002052                     __end_of_CCP5_Initialize:
 11694                           	callstack 0
 11695                           
 11696 ;; *************** function _ADC_Initialize *****************
 11697 ;; Defined at:
 11698 ;;		line 53 in file "mcc_generated_files/adc/src/adc.c"
 11699 ;; Parameters:    Size  Location     Type
 11700 ;;		None
 11701 ;; Auto vars:     Size  Location     Type
 11702 ;;		None
 11703 ;; Return value:  Size  Location     Type
 11704 ;;                  1    wreg      void 
 11705 ;; Registers used:
 11706 ;;		wreg, status,2
 11707 ;; Tracked objects:
 11708 ;;		On entry : 0/0
 11709 ;;		On exit  : 0/0
 11710 ;;		Unchanged: 0/0
 11711 ;; Data sizes:     COMRAM   BANK0   BANK1   BANK2   BANK3   BANK4   BANK5
 11712 ;;      Params:         0       0       0       0       0       0       0
 11713 ;;      Locals:         0       0       0       0       0       0       0
 11714 ;;      Temps:          0       0       0       0       0       0       0
 11715 ;;      Totals:         0       0       0       0       0       0       0
 11716 ;;Total ram usage:        0 bytes
 11717 ;; Hardware stack levels used: 1
 11718 ;; Hardware stack levels required when called: 4
 11719 ;; This function calls:
 11720 ;;		Nothing
 11721 ;; This function is called by:
 11722 ;;		_SYSTEM_Initialize
 11723 ;; This function uses a non-reentrant model
 11724 ;;
 11725                           
 11726                           	psect	text42
 11727   001FE2                     __ptext42:
 11728                           	callstack 0
 11729   001FE2                     _ADC_Initialize:
 11730                           	callstack 25
 11731   001FE2                     
 11732                           ;mcc_generated_files/adc/src/adc.c: 56:     ADCON1 = 0x0;
 11733   001FE2  6AC1               	clrf	193,c	;volatile
 11734                           
 11735                           ;mcc_generated_files/adc/src/adc.c: 59:     ADCON2 = 0x0;
 11736   001FE4  6AC0               	clrf	192,c	;volatile
 11737                           
 11738                           ;mcc_generated_files/adc/src/adc.c: 62:     ADRESL = 0x0;
 11739   001FE6  6AC3               	clrf	195,c	;volatile
 11740                           
 11741                           ;mcc_generated_files/adc/src/adc.c: 65:     ADRESH = 0x0;
 11742   001FE8  6AC4               	clrf	196,c	;volatile
 11743   001FEA                     
 11744                           ;mcc_generated_files/adc/src/adc.c: 69:     ADCON0 = 0x3;
 11745   001FEA  0E03               	movlw	3
 11746   001FEC  6EC2               	movwf	194,c	;volatile
 11747   001FEE                     
 11748                           ;mcc_generated_files/adc/src/adc.c: 72:     PIR1bits.ADIF = 0;
 11749   001FEE  9C9E               	bcf	158,6,c	;volatile
 11750   001FF0  0012               	return		;funcret
 11751   001FF2                     __end_of_ADC_Initialize:
 11752                           	callstack 0
 11753                           
 11754 ;; *************** function _SDCARD_WriteBlock *****************
 11755 ;; Defined at:
 11756 ;;		line 48 in file "sdCard.c"
 11757 ;; Parameters:    Size  Location     Type
 11758 ;;  addr            4   18[COMRAM] unsigned long 
 11759 ;;  sdCardBuffer    2   22[COMRAM] PTR unsigned char 
 11760 ;;		 -> blueBuffer(512), 
 11761 ;; Auto vars:     Size  Location     Type
 11762 ;;  i               2   24[COMRAM] unsigned short 
 11763 ;; Return value:  Size  Location     Type
 11764 ;;                  1    wreg      void 
 11765 ;; Registers used:
 11766 ;;		wreg, fsr2l, fsr2h, status,2, status,0, cstack
 11767 ;; Tracked objects:
 11768 ;;		On entry : 0/0
 11769 ;;		On exit  : 0/0
 11770 ;;		Unchanged: 0/0
 11771 ;; Data sizes:     COMRAM   BANK0   BANK1   BANK2   BANK3   BANK4   BANK5
 11772 ;;      Params:         6       0       0       0       0       0       0
 11773 ;;      Locals:         2       0       0       0       0       0       0
 11774 ;;      Temps:          0       0       0       0       0       0       0
 11775 ;;      Totals:         8       0       0       0       0       0       0
 11776 ;;Total ram usage:        8 bytes
 11777 ;; Hardware stack levels used: 1
 11778 ;; Hardware stack levels required when called: 5
 11779 ;; This function calls:
 11780 ;;		_SPI2_ByteExchange
 11781 ;; This function is called by:
 11782 ;;		_main
 11783 ;; This function uses a non-reentrant model
 11784 ;;
 11785                           
 11786                           	psect	text43
 11787   001902                     __ptext43:
 11788                           	callstack 0
 11789   001902                     _SDCARD_WriteBlock:
 11790                           	callstack 25
 11791   001902  988A               	bcf	138,4,c	;volatile
 11792   001904                     
 11793                           ;sdCard.c: 54:     SPI2_ByteExchange(0xFF);
 11794   001904  0EFF               	movlw	255
 11795   001906  6E13               	movwf	SPI2_ByteExchange@byteData^0,c
 11796   001908  ECD1  F00F         	call	_SPI2_ByteExchange	;wreg free
 11797   00190C                     
 11798                           ;sdCard.c: 55: 
 11799   00190C  0E58               	movlw	88
 11800   00190E  6E13               	movwf	SPI2_ByteExchange@byteData^0,c
 11801   001910  ECD1  F00F         	call	_SPI2_ByteExchange	;wreg free
 11802   001914                     
 11803                           ;sdCard.c: 56: 
 11804   001914  C017  F013         	movff	SDCARD_WriteBlock@addr+3,SPI2_ByteExchange@byteData
 11805   001918  ECD1  F00F         	call	_SPI2_ByteExchange	;wreg free
 11806   00191C                     
 11807                           ;sdCard.c: 57:     while (SPI2_ByteExchange(0xFF) == 0xFF);
 11808   00191C  C016  F013         	movff	SDCARD_WriteBlock@addr+2,SPI2_ByteExchange@byteData
 11809   001920  ECD1  F00F         	call	_SPI2_ByteExchange	;wreg free
 11810   001924                     
 11811                           ;sdCard.c: 58: 
 11812   001924  C015  F013         	movff	SDCARD_WriteBlock@addr+1,SPI2_ByteExchange@byteData
 11813   001928  ECD1  F00F         	call	_SPI2_ByteExchange	;wreg free
 11814   00192C                     
 11815                           ;sdCard.c: 59: 
 11816   00192C  C014  F013         	movff	SDCARD_WriteBlock@addr,SPI2_ByteExchange@byteData
 11817   001930  ECD1  F00F         	call	_SPI2_ByteExchange	;wreg free
 11818   001934                     
 11819                           ;sdCard.c: 60:     SPI2_ByteExchange(0xFF);
 11820   001934  0EFF               	movlw	255
 11821   001936  6E13               	movwf	SPI2_ByteExchange@byteData^0,c
 11822   001938  ECD1  F00F         	call	_SPI2_ByteExchange	;wreg free
 11823   00193C                     l3919:
 11824   00193C  0EFF               	movlw	255
 11825   00193E  6E13               	movwf	SPI2_ByteExchange@byteData^0,c
 11826   001940  ECD1  F00F         	call	_SPI2_ByteExchange	;wreg free
 11827   001944  0AFF               	xorlw	255
 11828   001946  B4D8               	btfsc	status,2,c
 11829   001948  EFA8  F00C         	goto	u2561
 11830   00194C  EFAA  F00C         	goto	u2560
 11831   001950                     u2561:
 11832   001950  EF9E  F00C         	goto	l3919
 11833   001954                     u2560:
 11834   001954                     
 11835                           ;sdCard.c: 66: 
 11836   001954  0EFF               	movlw	255
 11837   001956  6E13               	movwf	SPI2_ByteExchange@byteData^0,c
 11838   001958  ECD1  F00F         	call	_SPI2_ByteExchange	;wreg free
 11839                           
 11840                           ;sdCard.c: 67: 
 11841   00195C  0EFF               	movlw	255
 11842   00195E  6E13               	movwf	SPI2_ByteExchange@byteData^0,c
 11843   001960  ECD1  F00F         	call	_SPI2_ByteExchange	;wreg free
 11844                           
 11845                           ;sdCard.c: 68:     for (i = 0; i < 512; i++)
 11846   001964  0EFF               	movlw	255
 11847   001966  6E13               	movwf	SPI2_ByteExchange@byteData^0,c
 11848   001968  ECD1  F00F         	call	_SPI2_ByteExchange	;wreg free
 11849                           
 11850                           ;sdCard.c: 71:     do { LATBbits.LATB4 = 1; } while(0);
 11851   00196C  0EFE               	movlw	254
 11852   00196E  6E13               	movwf	SPI2_ByteExchange@byteData^0,c
 11853   001970  ECD1  F00F         	call	_SPI2_ByteExchange	;wreg free
 11854   001974                     
 11855                           ;sdCard.c: 74: 
 11856   001974  6A1B               	clrf	(SDCARD_WriteBlock@i+1)^0,c
 11857   001976  0E00               	movlw	0
 11858   001978  6E1A               	movwf	SDCARD_WriteBlock@i^0,c
 11859   00197A                     l3929:
 11860                           
 11861                           ;sdCard.c: 75: 
 11862   00197A  501A               	movf	SDCARD_WriteBlock@i^0,w,c
 11863   00197C  2418               	addwf	SDCARD_WriteBlock@sdCardBuffer^0,w,c
 11864   00197E  6ED9               	movwf	fsr2l,c
 11865   001980  501B               	movf	(SDCARD_WriteBlock@i+1)^0,w,c
 11866   001982  2019               	addwfc	(SDCARD_WriteBlock@sdCardBuffer+1)^0,w,c
 11867   001984  6EDA               	movwf	fsr2h,c
 11868   001986  50DF               	movf	indf2,w,c
 11869   001988  6E13               	movwf	SPI2_ByteExchange@byteData^0,c
 11870   00198A  ECD1  F00F         	call	_SPI2_ByteExchange	;wreg free
 11871   00198E  4A1A               	infsnz	SDCARD_WriteBlock@i^0,f,c
 11872   001990  2A1B               	incf	(SDCARD_WriteBlock@i+1)^0,f,c
 11873   001992  0E02               	movlw	2
 11874   001994  5C1B               	subwf	(SDCARD_WriteBlock@i+1)^0,w,c
 11875   001996  A0D8               	btfss	status,0,c
 11876   001998  EFD0  F00C         	goto	u2571
 11877   00199C  EFD2  F00C         	goto	u2570
 11878   0019A0                     u2571:
 11879   0019A0  EFBD  F00C         	goto	l3929
 11880   0019A4                     u2570:
 11881   0019A4  888A               	bsf	138,4,c	;volatile
 11882   0019A6  0012               	return		;funcret
 11883   0019A8                     __end_of_SDCARD_WriteBlock:
 11884                           	callstack 0
 11885                           
 11886 ;; *************** function _SDCARD_ReadBlock *****************
 11887 ;; Defined at:
 11888 ;;		line 13 in file "sdCard.c"
 11889 ;; Parameters:    Size  Location     Type
 11890 ;;  addr            4   18[COMRAM] unsigned long 
 11891 ;;  sdCardBuffer    2   22[COMRAM] PTR unsigned char 
 11892 ;;		 -> blueBuffer(512), 
 11893 ;; Auto vars:     Size  Location     Type
 11894 ;;  i               2   24[COMRAM] unsigned short 
 11895 ;; Return value:  Size  Location     Type
 11896 ;;                  1    wreg      void 
 11897 ;; Registers used:
 11898 ;;		wreg, fsr2l, fsr2h, status,2, status,0, cstack
 11899 ;; Tracked objects:
 11900 ;;		On entry : 0/0
 11901 ;;		On exit  : 0/0
 11902 ;;		Unchanged: 0/0
 11903 ;; Data sizes:     COMRAM   BANK0   BANK1   BANK2   BANK3   BANK4   BANK5
 11904 ;;      Params:         6       0       0       0       0       0       0
 11905 ;;      Locals:         2       0       0       0       0       0       0
 11906 ;;      Temps:          0       0       0       0       0       0       0
 11907 ;;      Totals:         8       0       0       0       0       0       0
 11908 ;;Total ram usage:        8 bytes
 11909 ;; Hardware stack levels used: 1
 11910 ;; Hardware stack levels required when called: 5
 11911 ;; This function calls:
 11912 ;;		_SPI2_ByteExchange
 11913 ;; This function is called by:
 11914 ;;		_main
 11915 ;; This function uses a non-reentrant model
 11916 ;;
 11917                           
 11918                           	psect	text44
 11919   0016FA                     __ptext44:
 11920                           	callstack 0
 11921   0016FA                     _SDCARD_ReadBlock:
 11922                           	callstack 25
 11923   0016FA  988A               	bcf	138,4,c	;volatile
 11924   0016FC                     
 11925                           ;sdCard.c: 18:     SPI2_ByteExchange(0xFF);
 11926   0016FC  0EFF               	movlw	255
 11927   0016FE  6E13               	movwf	SPI2_ByteExchange@byteData^0,c
 11928   001700  ECD1  F00F         	call	_SPI2_ByteExchange	;wreg free
 11929   001704                     
 11930                           ;sdCard.c: 19: 
 11931   001704  0E51               	movlw	81
 11932   001706  6E13               	movwf	SPI2_ByteExchange@byteData^0,c
 11933   001708  ECD1  F00F         	call	_SPI2_ByteExchange	;wreg free
 11934   00170C                     
 11935                           ;sdCard.c: 20: 
 11936   00170C  C017  F013         	movff	SDCARD_ReadBlock@addr+3,SPI2_ByteExchange@byteData
 11937   001710  ECD1  F00F         	call	_SPI2_ByteExchange	;wreg free
 11938   001714                     
 11939                           ;sdCard.c: 21:     while (SPI2_ByteExchange(0xFF) == 0xFF);
 11940   001714  C016  F013         	movff	SDCARD_ReadBlock@addr+2,SPI2_ByteExchange@byteData
 11941   001718  ECD1  F00F         	call	_SPI2_ByteExchange	;wreg free
 11942   00171C                     
 11943                           ;sdCard.c: 22: 
 11944   00171C  C015  F013         	movff	SDCARD_ReadBlock@addr+1,SPI2_ByteExchange@byteData
 11945   001720  ECD1  F00F         	call	_SPI2_ByteExchange	;wreg free
 11946   001724                     
 11947                           ;sdCard.c: 23: 
 11948   001724  C014  F013         	movff	SDCARD_ReadBlock@addr,SPI2_ByteExchange@byteData
 11949   001728  ECD1  F00F         	call	_SPI2_ByteExchange	;wreg free
 11950   00172C                     
 11951                           ;sdCard.c: 24:     while (SPI2_ByteExchange(0xFF) == 0xFF);
 11952   00172C  0EFF               	movlw	255
 11953   00172E  6E13               	movwf	SPI2_ByteExchange@byteData^0,c
 11954   001730  ECD1  F00F         	call	_SPI2_ByteExchange	;wreg free
 11955   001734                     l3971:
 11956   001734  0EFF               	movlw	255
 11957   001736  6E13               	movwf	SPI2_ByteExchange@byteData^0,c
 11958   001738  ECD1  F00F         	call	_SPI2_ByteExchange	;wreg free
 11959   00173C  0AFF               	xorlw	255
 11960   00173E  B4D8               	btfsc	status,2,c
 11961   001740  EFA4  F00B         	goto	u2591
 11962   001744  EFA6  F00B         	goto	u2590
 11963   001748                     u2591:
 11964   001748  EF9A  F00B         	goto	l3971
 11965   00174C                     u2590:
 11966   00174C                     l3973:
 11967   00174C  0EFF               	movlw	255
 11968   00174E  6E13               	movwf	SPI2_ByteExchange@byteData^0,c
 11969   001750  ECD1  F00F         	call	_SPI2_ByteExchange	;wreg free
 11970   001754  0AFF               	xorlw	255
 11971   001756  B4D8               	btfsc	status,2,c
 11972   001758  EFB0  F00B         	goto	u2601
 11973   00175C  EFB2  F00B         	goto	u2600
 11974   001760                     u2601:
 11975   001760  EFA6  F00B         	goto	l3973
 11976   001764                     u2600:
 11977   001764                     
 11978                           ;sdCard.c: 33: 
 11979   001764  6A1B               	clrf	(SDCARD_ReadBlock@i+1)^0,c
 11980   001766  0E00               	movlw	0
 11981   001768  6E1A               	movwf	SDCARD_ReadBlock@i^0,c
 11982   00176A                     l3981:
 11983                           
 11984                           ;sdCard.c: 34:     do { LATBbits.LATB4 = 1; } while(0);
 11985   00176A  501A               	movf	SDCARD_ReadBlock@i^0,w,c
 11986   00176C  2418               	addwf	SDCARD_ReadBlock@sdCardBuffer^0,w,c
 11987   00176E  6ED9               	movwf	fsr2l,c
 11988   001770  501B               	movf	(SDCARD_ReadBlock@i+1)^0,w,c
 11989   001772  2019               	addwfc	(SDCARD_ReadBlock@sdCardBuffer+1)^0,w,c
 11990   001774  6EDA               	movwf	fsr2h,c
 11991   001776  0EFF               	movlw	255
 11992   001778  6E13               	movwf	SPI2_ByteExchange@byteData^0,c
 11993   00177A  ECD1  F00F         	call	_SPI2_ByteExchange	;wreg free
 11994   00177E  6EDF               	movwf	indf2,c
 11995   001780  4A1A               	infsnz	SDCARD_ReadBlock@i^0,f,c
 11996   001782  2A1B               	incf	(SDCARD_ReadBlock@i+1)^0,f,c
 11997   001784  0E02               	movlw	2
 11998   001786  5C1B               	subwf	(SDCARD_ReadBlock@i+1)^0,w,c
 11999   001788  A0D8               	btfss	status,0,c
 12000   00178A  EFC9  F00B         	goto	u2611
 12001   00178E  EFCB  F00B         	goto	u2610
 12002   001792                     u2611:
 12003   001792  EFB5  F00B         	goto	l3981
 12004   001796                     u2610:
 12005   001796                     
 12006                           ;sdCard.c: 37: 
 12007   001796  0EFF               	movlw	255
 12008   001798  6E13               	movwf	SPI2_ByteExchange@byteData^0,c
 12009   00179A  ECD1  F00F         	call	_SPI2_ByteExchange	;wreg free
 12010                           
 12011                           ;sdCard.c: 38: 
 12012   00179E  0EFF               	movlw	255
 12013   0017A0  6E13               	movwf	SPI2_ByteExchange@byteData^0,c
 12014   0017A2  ECD1  F00F         	call	_SPI2_ByteExchange	;wreg free
 12015   0017A6  888A               	bsf	138,4,c	;volatile
 12016   0017A8  0012               	return		;funcret
 12017   0017AA                     __end_of_SDCARD_ReadBlock:
 12018                           	callstack 0
 12019                           
 12020 ;; *************** function _SDCARD_PollWriteComplete *****************
 12021 ;; Defined at:
 12022 ;;		line 86 in file "sdCard.c"
 12023 ;; Parameters:    Size  Location     Type
 12024 ;;		None
 12025 ;; Auto vars:     Size  Location     Type
 12026 ;;  status          1   18[COMRAM] unsigned char 
 12027 ;; Return value:  Size  Location     Type
 12028 ;;                  1    wreg      unsigned char 
 12029 ;; Registers used:
 12030 ;;		wreg, status,2, status,0, cstack
 12031 ;; Tracked objects:
 12032 ;;		On entry : 0/0
 12033 ;;		On exit  : 0/0
 12034 ;;		Unchanged: 0/0
 12035 ;; Data sizes:     COMRAM   BANK0   BANK1   BANK2   BANK3   BANK4   BANK5
 12036 ;;      Params:         0       0       0       0       0       0       0
 12037 ;;      Locals:         1       0       0       0       0       0       0
 12038 ;;      Temps:          0       0       0       0       0       0       0
 12039 ;;      Totals:         1       0       0       0       0       0       0
 12040 ;;Total ram usage:        1 bytes
 12041 ;; Hardware stack levels used: 1
 12042 ;; Hardware stack levels required when called: 5
 12043 ;; This function calls:
 12044 ;;		_SPI2_ByteExchange
 12045 ;; This function is called by:
 12046 ;;		_main
 12047 ;; This function uses a non-reentrant model
 12048 ;;
 12049                           
 12050                           	psect	text45
 12051   001CF2                     __ptext45:
 12052                           	callstack 0
 12053   001CF2                     _SDCARD_PollWriteComplete:
 12054                           	callstack 25
 12055   001CF2  988A               	bcf	138,4,c	;volatile
 12056   001CF4                     
 12057                           ;sdCard.c: 91: 
 12058   001CF4  0E0D               	movlw	13
 12059   001CF6  6E13               	movwf	SPI2_ByteExchange@byteData^0,c
 12060   001CF8  ECD1  F00F         	call	_SPI2_ByteExchange	;wreg free
 12061   001CFC  6E14               	movwf	SDCARD_PollWriteComplete@status^0,c
 12062   001CFE  888A               	bsf	138,4,c	;volatile
 12063   001D00                     
 12064                           ;sdCard.c: 94:         (void) SPI2_ByteExchange(0xFF);
 12065   001D00  2814               	incf	SDCARD_PollWriteComplete@status^0,w,c
 12066   001D02  A4D8               	btfss	status,2,c
 12067   001D04  EF86  F00E         	goto	u2581
 12068   001D08  EF88  F00E         	goto	u2580
 12069   001D0C                     u2581:
 12070   001D0C  EF8B  F00E         	goto	l3947
 12071   001D10                     u2580:
 12072   001D10                     
 12073                           ;sdCard.c: 95:         return (status);
 12074   001D10  0EFF               	movlw	255
 12075   001D12  EF98  F00E         	goto	l825
 12076   001D16                     l3947:
 12077                           
 12078                           ;sdCard.c: 98: }
 12079   001D16  0EFF               	movlw	255
 12080   001D18  6E13               	movwf	SPI2_ByteExchange@byteData^0,c
 12081   001D1A  ECD1  F00F         	call	_SPI2_ByteExchange	;wreg free
 12082                           
 12083                           ;sdCard.c: 99: 
 12084   001D1E  0EFF               	movlw	255
 12085   001D20  6E13               	movwf	SPI2_ByteExchange@byteData^0,c
 12086   001D22  ECD1  F00F         	call	_SPI2_ByteExchange	;wreg free
 12087                           
 12088                           ;sdCard.c: 100: 
 12089   001D26  0EFF               	movlw	255
 12090   001D28  6E13               	movwf	SPI2_ByteExchange@byteData^0,c
 12091   001D2A  ECD1  F00F         	call	_SPI2_ByteExchange	;wreg free
 12092   001D2E                     
 12093                           ;sdCard.c: 101: 
 12094   001D2E  5014               	movf	SDCARD_PollWriteComplete@status^0,w,c
 12095   001D30                     l825:
 12096   001D30  0012               	return		;funcret
 12097   001D32                     __end_of_SDCARD_PollWriteComplete:
 12098                           	callstack 0
 12099                           
 12100 ;; *************** function _SPI2_ByteExchange *****************
 12101 ;; Defined at:
 12102 ;;		line 161 in file "mcc_generated_files/spi/src/mssp2.c"
 12103 ;; Parameters:    Size  Location     Type
 12104 ;;  byteData        1   17[COMRAM] unsigned char 
 12105 ;; Auto vars:     Size  Location     Type
 12106 ;;		None
 12107 ;; Return value:  Size  Location     Type
 12108 ;;                  1    wreg      unsigned char 
 12109 ;; Registers used:
 12110 ;;		wreg, status,2
 12111 ;; Tracked objects:
 12112 ;;		On entry : 0/0
 12113 ;;		On exit  : 0/0
 12114 ;;		Unchanged: 0/0
 12115 ;; Data sizes:     COMRAM   BANK0   BANK1   BANK2   BANK3   BANK4   BANK5
 12116 ;;      Params:         1       0       0       0       0       0       0
 12117 ;;      Locals:         0       0       0       0       0       0       0
 12118 ;;      Temps:          0       0       0       0       0       0       0
 12119 ;;      Totals:         1       0       0       0       0       0       0
 12120 ;;Total ram usage:        1 bytes
 12121 ;; Hardware stack levels used: 1
 12122 ;; Hardware stack levels required when called: 4
 12123 ;; This function calls:
 12124 ;;		Nothing
 12125 ;; This function is called by:
 12126 ;;		_SDCARD_ReadBlock
 12127 ;;		_SDCARD_WriteBlock
 12128 ;;		_SDCARD_PollWriteComplete
 12129 ;;		_SDCARD_Initialize
 12130 ;; This function uses a non-reentrant model
 12131 ;;
 12132                           
 12133                           	psect	text46
 12134   001FA2                     __ptext46:
 12135                           	callstack 0
 12136   001FA2                     _SPI2_ByteExchange:
 12137                           	callstack 24
 12138   001FA2                     
 12139                           ;mcc_generated_files/spi/src/mssp2.c: 161: uint8_t SPI2_ByteExchange(uint8_t byteData);m
      +                          cc_generated_files/spi/src/mssp2.c: 162: {;mcc_generated_files/spi/src/mssp2.c: 163:    
      +                           SSP2BUF = byteData;
 12140   001FA2  C013  FF6F         	movff	SPI2_ByteExchange@byteData,3951	;volatile
 12141   001FA6                     l135:
 12142                           
 12143                           ;mcc_generated_files/spi/src/mssp2.c: 164:     while (!PIR3bits.SSP2IF)
 12144   001FA6  AEA4               	btfss	164,7,c	;volatile
 12145   001FA8  EFD8  F00F         	goto	u2311
 12146   001FAC  EFDA  F00F         	goto	u2310
 12147   001FB0                     u2311:
 12148   001FB0  EFD3  F00F         	goto	l135
 12149   001FB4                     u2310:
 12150   001FB4                     
 12151                           ;mcc_generated_files/spi/src/mssp2.c: 168:     PIR3bits.SSP2IF = 0;
 12152   001FB4  9EA4               	bcf	164,7,c	;volatile
 12153   001FB6                     
 12154                           ;mcc_generated_files/spi/src/mssp2.c: 169:     return SSP2BUF;
 12155   001FB6  506F               	movf	111,w,c	;volatile
 12156   001FB8  0012               	return		;funcret
 12157   001FBA                     __end_of_SPI2_ByteExchange:
 12158                           	callstack 0
 12159                           
 12160 ;; *************** function _EUSART1_Read *****************
 12161 ;; Defined at:
 12162 ;;		line 218 in file "mcc_generated_files/uart/src/eusart1.c"
 12163 ;; Parameters:    Size  Location     Type
 12164 ;;		None
 12165 ;; Auto vars:     Size  Location     Type
 12166 ;;		None
 12167 ;; Return value:  Size  Location     Type
 12168 ;;                  1    wreg      unsigned char 
 12169 ;; Registers used:
 12170 ;;		wreg, status,2, status,0, pcl, pclath, pclatu, tosl, cstack
 12171 ;; Tracked objects:
 12172 ;;		On entry : 0/0
 12173 ;;		On exit  : 0/0
 12174 ;;		Unchanged: 0/0
 12175 ;; Data sizes:     COMRAM   BANK0   BANK1   BANK2   BANK3   BANK4   BANK5
 12176 ;;      Params:         0       0       0       0       0       0       0
 12177 ;;      Locals:         0       0       0       0       0       0       0
 12178 ;;      Temps:          0       0       0       0       0       0       0
 12179 ;;      Totals:         0       0       0       0       0       0       0
 12180 ;;Total ram usage:        0 bytes
 12181 ;; Hardware stack levels used: 1
 12182 ;; Hardware stack levels required when called: 5
 12183 ;; This function calls:
 12184 ;;		NULL
 12185 ;;		_EUSART1_DefaultFramingErrorCallback
 12186 ;;		_EUSART1_DefaultOverrunErrorCallback
 12187 ;; This function is called by:
 12188 ;;		_main
 12189 ;;		_getch
 12190 ;; This function uses a non-reentrant model
 12191 ;;
 12192                           
 12193                           	psect	text47
 12194   001ABE                     __ptext47:
 12195                           	callstack 0
 12196   001ABE                     _EUSART1_Read:
 12197                           	callstack 25
 12198   001ABE                     
 12199                           ;mcc_generated_files/uart/src/eusart1.c: 220:     eusart1RxLastError.status = 0;
 12200   001ABE  0100               	movlb	0	; () banked
 12201   001AC0  6B9D               	clrf	(_eusart1RxLastError+1)& (0+255),b	;volatile
 12202   001AC2  0E00               	movlw	0
 12203   001AC4  6F9C               	movwf	_eusart1RxLastError& (0+255),b	;volatile
 12204   001AC6                     
 12205                           ; BSR set to: 0
 12206                           ;mcc_generated_files/uart/src/eusart1.c: 221:     if(1 == RCSTA1bits.OERR)
 12207   001AC6  A2AB               	btfss	171,1,c	;volatile
 12208   001AC8  EF68  F00D         	goto	u2501
 12209   001ACC  EF6A  F00D         	goto	u2500
 12210   001AD0                     u2501:
 12211   001AD0  EF80  F00D         	goto	l3883
 12212   001AD4                     u2500:
 12213   001AD4                     
 12214                           ; BSR set to: 0
 12215                           ;mcc_generated_files/uart/src/eusart1.c: 222:     {;mcc_generated_files/uart/src/eusart1
      +                          .c: 223:         eusart1RxLastError.oerr = 1;
 12216   001AD4  859C               	bsf	_eusart1RxLastError& (0+255),2,b	;volatile
 12217   001AD6                     
 12218                           ; BSR set to: 0
 12219                           ;mcc_generated_files/uart/src/eusart1.c: 224:         if(((void*)0) != EUSART1_OverrunEr
      +                          rorHandler)
 12220   001AD6  5040               	movf	_EUSART1_OverrunErrorHandler^0,w,c
 12221   001AD8  1041               	iorwf	(_EUSART1_OverrunErrorHandler+1)^0,w,c
 12222   001ADA  B4D8               	btfsc	status,2,c
 12223   001ADC  EF72  F00D         	goto	u2511
 12224   001AE0  EF74  F00D         	goto	u2510
 12225   001AE4                     u2511:
 12226   001AE4  EF80  F00D         	goto	l3883
 12227   001AE8                     u2510:
 12228   001AE8                     
 12229                           ; BSR set to: 0
 12230                           ;mcc_generated_files/uart/src/eusart1.c: 225:         {;mcc_generated_files/uart/src/eus
      +                          art1.c: 226:             EUSART1_OverrunErrorHandler();
 12231   001AE8  D802               	call	u2528
 12232   001AEA  EF80  F00D         	goto	u2529
 12233   001AEE                     u2528:
 12234   001AEE  0005               	push	
 12235   001AF0  6EFA               	movwf	pclath,c
 12236   001AF2  5040               	movf	_EUSART1_OverrunErrorHandler^0,w,c
 12237   001AF4  6EFD               	movwf	tosl,c
 12238   001AF6  5041               	movf	(_EUSART1_OverrunErrorHandler+1)^0,w,c
 12239   001AF8  6EFE               	movwf	tosh,c
 12240   001AFA  6AFF               	clrf	tosu,c
 12241   001AFC  50FA               	movf	pclath,w,c
 12242   001AFE  0012               	return		;indir
 12243   001B00                     u2529:
 12244   001B00                     l3883:
 12245                           
 12246                           ;mcc_generated_files/uart/src/eusart1.c: 229:     if(1 == RCSTA1bits.FERR)
 12247   001B00  A4AB               	btfss	171,2,c	;volatile
 12248   001B02  EF85  F00D         	goto	u2531
 12249   001B06  EF87  F00D         	goto	u2530
 12250   001B0A                     u2531:
 12251   001B0A  EF9E  F00D         	goto	l3891
 12252   001B0E                     u2530:
 12253   001B0E                     
 12254                           ;mcc_generated_files/uart/src/eusart1.c: 230:     {;mcc_generated_files/uart/src/eusart1
      +                          .c: 231:         eusart1RxLastError.ferr = 1;
 12255   001B0E  0100               	movlb	0	; () banked
 12256   001B10  839C               	bsf	_eusart1RxLastError& (0+255),1,b	;volatile
 12257   001B12                     
 12258                           ; BSR set to: 0
 12259                           ;mcc_generated_files/uart/src/eusart1.c: 232:         if(((void*)0) != EUSART1_FramingEr
      +                          rorHandler)
 12260   001B12  5042               	movf	_EUSART1_FramingErrorHandler^0,w,c
 12261   001B14  1043               	iorwf	(_EUSART1_FramingErrorHandler+1)^0,w,c
 12262   001B16  B4D8               	btfsc	status,2,c
 12263   001B18  EF90  F00D         	goto	u2541
 12264   001B1C  EF92  F00D         	goto	u2540
 12265   001B20                     u2541:
 12266   001B20  EF9E  F00D         	goto	l3891
 12267   001B24                     u2540:
 12268   001B24                     
 12269                           ; BSR set to: 0
 12270                           ;mcc_generated_files/uart/src/eusart1.c: 233:         {;mcc_generated_files/uart/src/eus
      +                          art1.c: 234:             EUSART1_FramingErrorHandler();
 12271   001B24  D802               	call	u2558
 12272   001B26  EF9E  F00D         	goto	u2559
 12273   001B2A                     u2558:
 12274   001B2A  0005               	push	
 12275   001B2C  6EFA               	movwf	pclath,c
 12276   001B2E  5042               	movf	_EUSART1_FramingErrorHandler^0,w,c
 12277   001B30  6EFD               	movwf	tosl,c
 12278   001B32  5043               	movf	(_EUSART1_FramingErrorHandler+1)^0,w,c
 12279   001B34  6EFE               	movwf	tosh,c
 12280   001B36  6AFF               	clrf	tosu,c
 12281   001B38  50FA               	movf	pclath,w,c
 12282   001B3A  0012               	return		;indir
 12283   001B3C                     u2559:
 12284   001B3C                     l3891:
 12285                           
 12286                           ;mcc_generated_files/uart/src/eusart1.c: 237:     return RCREG1;
 12287   001B3C  50AE               	movf	174,w,c	;volatile
 12288   001B3E  0012               	return		;funcret
 12289   001B40                     __end_of_EUSART1_Read:
 12290                           	callstack 0
 12291                           
 12292 ;; *************** function _EUSART1_DefaultOverrunErrorCallback *****************
 12293 ;; Defined at:
 12294 ;;		line 268 in file "mcc_generated_files/uart/src/eusart1.c"
 12295 ;; Parameters:    Size  Location     Type
 12296 ;;		None
 12297 ;; Auto vars:     Size  Location     Type
 12298 ;;		None
 12299 ;; Return value:  Size  Location     Type
 12300 ;;                  1    wreg      void 
 12301 ;; Registers used:
 12302 ;;		None
 12303 ;; Tracked objects:
 12304 ;;		On entry : 0/0
 12305 ;;		On exit  : 0/0
 12306 ;;		Unchanged: 0/0
 12307 ;; Data sizes:     COMRAM   BANK0   BANK1   BANK2   BANK3   BANK4   BANK5
 12308 ;;      Params:         0       0       0       0       0       0       0
 12309 ;;      Locals:         0       0       0       0       0       0       0
 12310 ;;      Temps:          0       0       0       0       0       0       0
 12311 ;;      Totals:         0       0       0       0       0       0       0
 12312 ;;Total ram usage:        0 bytes
 12313 ;; Hardware stack levels used: 1
 12314 ;; Hardware stack levels required when called: 4
 12315 ;; This function calls:
 12316 ;;		Nothing
 12317 ;; This function is called by:
 12318 ;;		_EUSART1_Initialize
 12319 ;;		_EUSART1_Read
 12320 ;; This function uses a non-reentrant model
 12321 ;;
 12322                           
 12323                           	psect	text48
 12324   002058                     __ptext48:
 12325                           	callstack 0
 12326   002058                     _EUSART1_DefaultOverrunErrorCallback:
 12327                           	callstack 25
 12328   002058                     
 12329                           ;mcc_generated_files/uart/src/eusart1.c: 271:     RCSTA1bits.CREN = 0;
 12330   002058  98AB               	bcf	171,4,c	;volatile
 12331                           
 12332                           ;mcc_generated_files/uart/src/eusart1.c: 272:     RCSTA1bits.CREN = 1;
 12333   00205A  88AB               	bsf	171,4,c	;volatile
 12334   00205C  0012               	return		;funcret
 12335   00205E                     __end_of_EUSART1_DefaultOverrunErrorCallback:
 12336                           	callstack 0
 12337                           
 12338 ;; *************** function _EUSART1_DefaultFramingErrorCallback *****************
 12339 ;; Defined at:
 12340 ;;		line 263 in file "mcc_generated_files/uart/src/eusart1.c"
 12341 ;; Parameters:    Size  Location     Type
 12342 ;;		None
 12343 ;; Auto vars:     Size  Location     Type
 12344 ;;		None
 12345 ;; Return value:  Size  Location     Type
 12346 ;;                  1    wreg      void 
 12347 ;; Registers used:
 12348 ;;		None
 12349 ;; Tracked objects:
 12350 ;;		On entry : 0/0
 12351 ;;		On exit  : 0/0
 12352 ;;		Unchanged: 0/0
 12353 ;; Data sizes:     COMRAM   BANK0   BANK1   BANK2   BANK3   BANK4   BANK5
 12354 ;;      Params:         0       0       0       0       0       0       0
 12355 ;;      Locals:         0       0       0       0       0       0       0
 12356 ;;      Temps:          0       0       0       0       0       0       0
 12357 ;;      Totals:         0       0       0       0       0       0       0
 12358 ;;Total ram usage:        0 bytes
 12359 ;; Hardware stack levels used: 1
 12360 ;; Hardware stack levels required when called: 4
 12361 ;; This function calls:
 12362 ;;		Nothing
 12363 ;; This function is called by:
 12364 ;;		_EUSART1_Initialize
 12365 ;;		_EUSART1_Read
 12366 ;; This function uses a non-reentrant model
 12367 ;;
 12368                           
 12369                           	psect	text49
 12370   002064                     __ptext49:
 12371                           	callstack 0
 12372   002064                     _EUSART1_DefaultFramingErrorCallback:
 12373                           	callstack 25
 12374   002064  0012               	return		;funcret
 12375   002066                     __end_of_EUSART1_DefaultFramingErrorCallback:
 12376                           	callstack 0
 12377                           
 12378 ;; *************** function _EUSART1_IsRxReady *****************
 12379 ;; Defined at:
 12380 ;;		line 198 in file "mcc_generated_files/uart/src/eusart1.c"
 12381 ;; Parameters:    Size  Location     Type
 12382 ;;		None
 12383 ;; Auto vars:     Size  Location     Type
 12384 ;;		None
 12385 ;; Return value:  Size  Location     Type
 12386 ;;                  1    wreg      _Bool 
 12387 ;; Registers used:
 12388 ;;		wreg
 12389 ;; Tracked objects:
 12390 ;;		On entry : 0/0
 12391 ;;		On exit  : 0/0
 12392 ;;		Unchanged: 0/0
 12393 ;; Data sizes:     COMRAM   BANK0   BANK1   BANK2   BANK3   BANK4   BANK5
 12394 ;;      Params:         0       0       0       0       0       0       0
 12395 ;;      Locals:         0       0       0       0       0       0       0
 12396 ;;      Temps:          0       0       0       0       0       0       0
 12397 ;;      Totals:         0       0       0       0       0       0       0
 12398 ;;Total ram usage:        0 bytes
 12399 ;; Hardware stack levels used: 1
 12400 ;; Hardware stack levels required when called: 4
 12401 ;; This function calls:
 12402 ;;		Nothing
 12403 ;; This function is called by:
 12404 ;;		_main
 12405 ;;		_getch
 12406 ;; This function uses a non-reentrant model
 12407 ;;
 12408                           
 12409                           	psect	text50
 12410   001FCE                     __ptext50:
 12411                           	callstack 0
 12412   001FCE                     _EUSART1_IsRxReady:
 12413                           	callstack 26
 12414   001FCE                     
 12415                           ;mcc_generated_files/uart/src/eusart1.c: 200:     return (_Bool)(PIR1bits.RC1IF);
 12416   001FCE  BA9E               	btfsc	158,5,c	;volatile
 12417   001FD0  EFEC  F00F         	goto	u2491
 12418   001FD4  EFEF  F00F         	goto	u2490
 12419   001FD8                     u2491:
 12420   001FD8  0E01               	movlw	1
 12421   001FDA  EFF0  F00F         	goto	u2496
 12422   001FDE                     u2490:
 12423   001FDE  0E00               	movlw	0
 12424   001FE0                     u2496:
 12425   001FE0  0012               	return		;funcret
 12426   001FE2                     __end_of_EUSART1_IsRxReady:
 12427                           	callstack 0
 12428                           
 12429 ;; *************** function _INTERRUPT_InterruptManager *****************
 12430 ;; Defined at:
 12431 ;;		line 80 in file "mcc_generated_files/system/src/interrupt.c"
 12432 ;; Parameters:    Size  Location     Type
 12433 ;;		None
 12434 ;; Auto vars:     Size  Location     Type
 12435 ;;		None
 12436 ;; Return value:  Size  Location     Type
 12437 ;;                  1    wreg      void 
 12438 ;; Registers used:
 12439 ;;		wreg, fsr2l, fsr2h, status,2, status,0, pcl, pclath, pclatu, tosl, cstack
 12440 ;; Tracked objects:
 12441 ;;		On entry : 0/0
 12442 ;;		On exit  : 0/0
 12443 ;;		Unchanged: 0/0
 12444 ;; Data sizes:     COMRAM   BANK0   BANK1   BANK2   BANK3   BANK4   BANK5
 12445 ;;      Params:         0       0       0       0       0       0       0
 12446 ;;      Locals:         0       0       0       0       0       0       0
 12447 ;;      Temps:          4       0       0       0       0       0       0
 12448 ;;      Totals:         4       0       0       0       0       0       0
 12449 ;;Total ram usage:        4 bytes
 12450 ;; Hardware stack levels used: 1
 12451 ;; Hardware stack levels required when called: 3
 12452 ;; This function calls:
 12453 ;;		_TMR0_OverflowISR
 12454 ;; This function is called by:
 12455 ;;		Interrupt level 2
 12456 ;; This function uses a non-reentrant model
 12457 ;;
 12458                           
 12459                           	psect	intcode
 12460   000008                     __pintcode:
 12461                           	callstack 0
 12462   000008                     _INTERRUPT_InterruptManager:
 12463                           	callstack 16
 12464                           
 12465                           ;incstack = 0
 12466   000008  8201               	bsf	int$flags,1,c	;set compiler interrupt flag (level 2)
 12467   00000A  CFFA F00F          	movff	pclath,??_INTERRUPT_InterruptManager
 12468   00000E  CFFB F010          	movff	pclatu,??_INTERRUPT_InterruptManager+1
 12469   000012  CFD9 F011          	movff	fsr2l,??_INTERRUPT_InterruptManager+2
 12470   000016  CFDA F012          	movff	fsr2h,??_INTERRUPT_InterruptManager+3
 12471   00001A                     
 12472                           ;mcc_generated_files/system/src/interrupt.c: 83:     if(INTCONbits.PEIE == 1)
 12473   00001A  ACF2               	btfss	242,6,c	;volatile
 12474   00001C  EF12  F000         	goto	i2u271_41
 12475   000020  EF14  F000         	goto	i2u271_40
 12476   000024                     i2u271_41:
 12477   000024  EF24  F000         	goto	i2l199
 12478   000028                     i2u271_40:
 12479   000028                     
 12480                           ;mcc_generated_files/system/src/interrupt.c: 84:     {;mcc_generated_files/system/src/in
      +                          terrupt.c: 85:         if(INTCONbits.TMR0IE == 1 && INTCONbits.TMR0IF == 1)
 12481   000028  AAF2               	btfss	242,5,c	;volatile
 12482   00002A  EF19  F000         	goto	i2u272_41
 12483   00002E  EF1B  F000         	goto	i2u272_40
 12484   000032                     i2u272_41:
 12485   000032  EF24  F000         	goto	i2l199
 12486   000036                     i2u272_40:
 12487   000036  A4F2               	btfss	242,2,c	;volatile
 12488   000038  EF20  F000         	goto	i2u273_41
 12489   00003C  EF22  F000         	goto	i2u273_40
 12490   000040                     i2u273_41:
 12491   000040  EF24  F000         	goto	i2l199
 12492   000044                     i2u273_40:
 12493   000044                     
 12494                           ;mcc_generated_files/system/src/interrupt.c: 86:         {;mcc_generated_files/system/sr
      +                          c/interrupt.c: 87:             TMR0_OverflowISR();
 12495   000044  EC37  F00F         	call	_TMR0_OverflowISR	;wreg free
 12496   000048                     i2l199:
 12497   000048  C012  FFDA         	movff	??_INTERRUPT_InterruptManager+3,fsr2h
 12498   00004C  C011  FFD9         	movff	??_INTERRUPT_InterruptManager+2,fsr2l
 12499   000050  C010  FFFB         	movff	??_INTERRUPT_InterruptManager+1,pclatu
 12500   000054  C00F  FFFA         	movff	??_INTERRUPT_InterruptManager,pclath
 12501   000058  9201               	bcf	int$flags,1,c	;clear compiler interrupt flag (level 2)
 12502   00005A  0011               	retfie		f
 12503   00005C                     __end_of_INTERRUPT_InterruptManager:
 12504                           	callstack 0
 12505                           
 12506 ;; *************** function _TMR0_OverflowISR *****************
 12507 ;; Defined at:
 12508 ;;		line 139 in file "mcc_generated_files/timer/src/tmr0.c"
 12509 ;; Parameters:    Size  Location     Type
 12510 ;;		None
 12511 ;; Auto vars:     Size  Location     Type
 12512 ;;		None
 12513 ;; Return value:  Size  Location     Type
 12514 ;;                  1    wreg      void 
 12515 ;; Registers used:
 12516 ;;		wreg, fsr2l, fsr2h, status,2, status,0, pcl, pclath, pclatu, tosl, cstack
 12517 ;; Tracked objects:
 12518 ;;		On entry : 0/0
 12519 ;;		On exit  : 0/0
 12520 ;;		Unchanged: 0/0
 12521 ;; Data sizes:     COMRAM   BANK0   BANK1   BANK2   BANK3   BANK4   BANK5
 12522 ;;      Params:         0       0       0       0       0       0       0
 12523 ;;      Locals:         0       0       0       0       0       0       0
 12524 ;;      Temps:          0       0       0       0       0       0       0
 12525 ;;      Totals:         0       0       0       0       0       0       0
 12526 ;;Total ram usage:        0 bytes
 12527 ;; Hardware stack levels used: 1
 12528 ;; Hardware stack levels required when called: 2
 12529 ;; This function calls:
 12530 ;;		NULL
 12531 ;;		_TMR0_DefaultOverflowCallback
 12532 ;;		_myTMR0ISR
 12533 ;; This function is called by:
 12534 ;;		_INTERRUPT_InterruptManager
 12535 ;; This function uses a non-reentrant model
 12536 ;;
 12537                           
 12538                           	psect	text52
 12539   001E6E                     __ptext52:
 12540                           	callstack 0
 12541   001E6E                     _TMR0_OverflowISR:
 12542                           	callstack 16
 12543   001E6E                     
 12544                           ;mcc_generated_files/timer/src/tmr0.c: 147:     if(((void*)0) != TMR0_OverflowCallback)
 12545   001E6E  0100               	movlb	0	; () banked
 12546   001E70  51C3               	movf	_TMR0_OverflowCallback& (0+255),w,b
 12547   001E72  11C4               	iorwf	(_TMR0_OverflowCallback+1)& (0+255),w,b
 12548   001E74  B4D8               	btfsc	status,2,c
 12549   001E76  EF3F  F00F         	goto	i2u244_41
 12550   001E7A  EF41  F00F         	goto	i2u244_40
 12551   001E7E                     i2u244_41:
 12552   001E7E  EF4D  F00F         	goto	i2l3835
 12553   001E82                     i2u244_40:
 12554   001E82                     
 12555                           ; BSR set to: 0
 12556                           ;mcc_generated_files/timer/src/tmr0.c: 148:     {;mcc_generated_files/timer/src/tmr0.c: 
      +                          149:         TMR0_OverflowCallback();
 12557   001E82  D802               	call	i2u245_48
 12558   001E84  EF4D  F00F         	goto	i2u245_49
 12559   001E88                     i2u245_48:
 12560   001E88  0005               	push	
 12561   001E8A  6EFA               	movwf	pclath,c
 12562   001E8C  51C3               	movf	_TMR0_OverflowCallback& (0+255),w,b
 12563   001E8E  6EFD               	movwf	tosl,c
 12564   001E90  51C4               	movf	(_TMR0_OverflowCallback+1)& (0+255),w,b
 12565   001E92  6EFE               	movwf	tosh,c
 12566   001E94  6AFF               	clrf	tosu,c
 12567   001E96  50FA               	movf	pclath,w,c
 12568   001E98  0012               	return		;indir
 12569   001E9A                     i2u245_49:
 12570   001E9A                     i2l3835:
 12571                           
 12572                           ;mcc_generated_files/timer/src/tmr0.c: 151:     INTCONbits.TMR0IF = 0;
 12573   001E9A  94F2               	bcf	242,2,c	;volatile
 12574   001E9C  0012               	return		;funcret
 12575   001E9E                     __end_of_TMR0_OverflowISR:
 12576                           	callstack 0
 12577                           
 12578 ;; *************** function _TMR0_DefaultOverflowCallback *****************
 12579 ;; Defined at:
 12580 ;;		line 159 in file "mcc_generated_files/timer/src/tmr0.c"
 12581 ;; Parameters:    Size  Location     Type
 12582 ;;		None
 12583 ;; Auto vars:     Size  Location     Type
 12584 ;;		None
 12585 ;; Return value:  Size  Location     Type
 12586 ;;                  1    wreg      void 
 12587 ;; Registers used:
 12588 ;;		None
 12589 ;; Tracked objects:
 12590 ;;		On entry : 0/0
 12591 ;;		On exit  : 0/0
 12592 ;;		Unchanged: 0/0
 12593 ;; Data sizes:     COMRAM   BANK0   BANK1   BANK2   BANK3   BANK4   BANK5
 12594 ;;      Params:         0       0       0       0       0       0       0
 12595 ;;      Locals:         0       0       0       0       0       0       0
 12596 ;;      Temps:          0       0       0       0       0       0       0
 12597 ;;      Totals:         0       0       0       0       0       0       0
 12598 ;;Total ram usage:        0 bytes
 12599 ;; Hardware stack levels used: 1
 12600 ;; This function calls:
 12601 ;;		Nothing
 12602 ;; This function is called by:
 12603 ;;		_TMR0_Initialize
 12604 ;;		_TMR0_OverflowISR
 12605 ;; This function uses a non-reentrant model
 12606 ;;
 12607                           
 12608                           	psect	text53
 12609   002066                     __ptext53:
 12610                           	callstack 0
 12611   002066                     _TMR0_DefaultOverflowCallback:
 12612                           	callstack 17
 12613   002066  0012               	return		;funcret
 12614   002068                     __end_of_TMR0_DefaultOverflowCallback:
 12615                           	callstack 0
 12616                           
 12617 ;; *************** function _myTMR0ISR *****************
 12618 ;; Defined at:
 12619 ;;		line 378 in file "main.c"
 12620 ;; Parameters:    Size  Location     Type
 12621 ;;		None
 12622 ;; Auto vars:     Size  Location     Type
 12623 ;;  micReadInVal    1   12[COMRAM] unsigned char 
 12624 ;; Return value:  Size  Location     Type
 12625 ;;                  1    wreg      void 
 12626 ;; Registers used:
 12627 ;;		wreg, fsr2l, fsr2h, status,2, status,0, cstack
 12628 ;; Tracked objects:
 12629 ;;		On entry : 0/0
 12630 ;;		On exit  : 0/0
 12631 ;;		Unchanged: 0/0
 12632 ;; Data sizes:     COMRAM   BANK0   BANK1   BANK2   BANK3   BANK4   BANK5
 12633 ;;      Params:         0       0       0       0       0       0       0
 12634 ;;      Locals:         1       0       0       0       0       0       0
 12635 ;;      Temps:          2       0       0       0       0       0       0
 12636 ;;      Totals:         3       0       0       0       0       0       0
 12637 ;;Total ram usage:        3 bytes
 12638 ;; Hardware stack levels used: 1
 12639 ;; Hardware stack levels required when called: 1
 12640 ;; This function calls:
 12641 ;;		_TMR0_CounterGet
 12642 ;;		i2_TMR0_CounterSet
 12643 ;; This function is called by:
 12644 ;;		_main
 12645 ;;		_TMR0_OverflowISR
 12646 ;; This function uses a non-reentrant model
 12647 ;;
 12648                           
 12649                           	psect	text54
 12650   0013DA                     __ptext54:
 12651                           	callstack 0
 12652   0013DA                     _myTMR0ISR:
 12653                           	callstack 16
 12654   0013DA                     
 12655                           ;main.c: 379:     switch (systemState) {
 12656   0013DA  EF30  F00A         	goto	i2l3819
 12657   0013DE                     i2l779:
 12658                           
 12659                           ; BSR set to: 0
 12660                           ;main.c: 386:             ADCON0bits.GO_NOT_DONE = 1;
 12661   0013DE  82C2               	bsf	194,1,c	;volatile
 12662                           
 12663                           ;main.c: 387:             uint8_t micReadInVal = ADRESH;
 12664   0013E0  CFC4 F00E          	movff	4036,myTMR0ISR@micReadInVal	;volatile
 12665   0013E4                     
 12666                           ; BSR set to: 0
 12667                           ;main.c: 390:             if (systemState == R_FILL_B_WRITE) {
 12668   0013E4  059E               	decf	_systemState& (0+255),w,b
 12669   0013E6  A4D8               	btfss	status,2,c
 12670   0013E8  EFF8  F009         	goto	i2u241_41
 12671   0013EC  EFFA  F009         	goto	i2u241_40
 12672   0013F0                     i2u241_41:
 12673   0013F0  EF15  F00A         	goto	i2l3811
 12674   0013F4                     i2u241_40:
 12675   0013F4                     
 12676                           ; BSR set to: 0
 12677                           ;main.c: 391:                 redBuffer[redIdx] = micReadInVal;
 12678   0013F4  0EC7               	movlw	low _redBuffer
 12679   0013F6  259A               	addwf	_redIdx& (0+255),w,b
 12680   0013F8  6ED9               	movwf	fsr2l,c
 12681   0013FA  0E00               	movlw	high _redBuffer
 12682   0013FC  219B               	addwfc	(_redIdx+1)& (0+255),w,b
 12683   0013FE  6EDA               	movwf	fsr2h,c
 12684   001400  C00E  FFDF         	movff	myTMR0ISR@micReadInVal,indf2
 12685   001404                     
 12686                           ; BSR set to: 0
 12687                           ;main.c: 392:                 redIdx++;
 12688   001404  4B9A               	infsnz	_redIdx& (0+255),f,b
 12689   001406  2B9B               	incf	(_redIdx+1)& (0+255),f,b
 12690   001408                     
 12691                           ; BSR set to: 0
 12692                           ;main.c: 393:                 if (redIdx == 512) {
 12693   001408  0E02               	movlw	2
 12694   00140A  199B               	xorwf	(_redIdx+1)& (0+255),w,b
 12695   00140C  119A               	iorwf	_redIdx& (0+255),w,b
 12696   00140E  A4D8               	btfss	status,2,c
 12697   001410  EF0C  F00A         	goto	i2u242_41
 12698   001414  EF0E  F00A         	goto	i2u242_40
 12699   001418                     i2u242_41:
 12700   001418  EF4A  F00A         	goto	i2l3821
 12701   00141C                     i2u242_40:
 12702   00141C                     
 12703                           ; BSR set to: 0
 12704                           ;main.c: 395:                     redIdx = 0;
 12705   00141C  6B9B               	clrf	(_redIdx+1)& (0+255),b
 12706   00141E  0E00               	movlw	0
 12707   001420  6F9A               	movwf	_redIdx& (0+255),b
 12708                           
 12709                           ;main.c: 396:                     systemState = B_FILL_R_WRITE;
 12710   001422  0E02               	movlw	2
 12711   001424  6F9E               	movwf	_systemState& (0+255),b
 12712   001426  EF4A  F00A         	goto	i2l3821
 12713   00142A                     i2l3811:
 12714                           
 12715                           ; BSR set to: 0
 12716                           ;main.c: 400:                 blueBuffer[blueIdx] = micReadInVal;
 12717   00142A  0EC7               	movlw	low _blueBuffer
 12718   00142C  2598               	addwf	_blueIdx& (0+255),w,b
 12719   00142E  6ED9               	movwf	fsr2l,c
 12720   001430  0E02               	movlw	high _blueBuffer
 12721   001432  2199               	addwfc	(_blueIdx+1)& (0+255),w,b
 12722   001434  6EDA               	movwf	fsr2h,c
 12723   001436  C00E  FFDF         	movff	myTMR0ISR@micReadInVal,indf2
 12724   00143A                     
 12725                           ; BSR set to: 0
 12726                           ;main.c: 401:                 blueIdx++;
 12727   00143A  4B98               	infsnz	_blueIdx& (0+255),f,b
 12728   00143C  2B99               	incf	(_blueIdx+1)& (0+255),f,b
 12729   00143E                     
 12730                           ; BSR set to: 0
 12731                           ;main.c: 402:                 if (blueIdx == 512) {
 12732   00143E  0E02               	movlw	2
 12733   001440  1999               	xorwf	(_blueIdx+1)& (0+255),w,b
 12734   001442  1198               	iorwf	_blueIdx& (0+255),w,b
 12735   001444  A4D8               	btfss	status,2,c
 12736   001446  EF27  F00A         	goto	i2u243_41
 12737   00144A  EF29  F00A         	goto	i2u243_40
 12738   00144E                     i2u243_41:
 12739   00144E  EF4A  F00A         	goto	i2l3821
 12740   001452                     i2u243_40:
 12741   001452                     
 12742                           ; BSR set to: 0
 12743                           ;main.c: 404:                     blueIdx = 0;
 12744   001452  6B99               	clrf	(_blueIdx+1)& (0+255),b
 12745   001454  0E00               	movlw	0
 12746   001456  6F98               	movwf	_blueIdx& (0+255),b
 12747                           
 12748                           ;main.c: 405:                     systemState = R_FILL_B_WRITE;
 12749   001458  0E01               	movlw	1
 12750   00145A  6F9E               	movwf	_systemState& (0+255),b
 12751   00145C  EF4A  F00A         	goto	i2l3821
 12752   001460                     i2l3819:
 12753   001460  0100               	movlb	0	; () banked
 12754   001462  519E               	movf	_systemState& (0+255),w,b
 12755   001464  6E0C               	movwf	??_myTMR0ISR^0,c
 12756   001466  6A0D               	clrf	(??_myTMR0ISR+1)^0,c
 12757                           
 12758                           ; Switch on 2 bytes has been partitioned into a top level switch of size 1, and 1 sub-sw
      +                          itches
 12759                           ; Switch size 1, requested type "simple"
 12760                           ; Number of cases is 1, Range of values is 0 to 0
 12761                           ; switch strategies available:
 12762                           ; Name         Instructions Cycles
 12763                           ; simple_byte            4     3 (average)
 12764                           ;	Chosen strategy is simple_byte
 12765   001468  500D               	movf	(??_myTMR0ISR+1)^0,w,c
 12766   00146A  0A00               	xorlw	0	; case 0
 12767   00146C  B4D8               	btfsc	status,2,c
 12768   00146E  EF3B  F00A         	goto	i2l5225
 12769   001472  EF4A  F00A         	goto	i2l3821
 12770   001476                     i2l5225:
 12771                           
 12772                           ; BSR set to: 0
 12773                           ; Switch size 1, requested type "simple"
 12774                           ; Number of cases is 3, Range of values is 0 to 2
 12775                           ; switch strategies available:
 12776                           ; Name         Instructions Cycles
 12777                           ; simple_byte           10     6 (average)
 12778                           ;	Chosen strategy is simple_byte
 12779   001476  500C               	movf	??_myTMR0ISR^0,w,c
 12780   001478  0A00               	xorlw	0	; case 0
 12781   00147A  B4D8               	btfsc	status,2,c
 12782   00147C  EF4A  F00A         	goto	i2l3821
 12783   001480  0A01               	xorlw	1	; case 1
 12784   001482  B4D8               	btfsc	status,2,c
 12785   001484  EFEF  F009         	goto	i2l779
 12786   001488  0A03               	xorlw	3	; case 2
 12787   00148A  B4D8               	btfsc	status,2,c
 12788   00148C  EFEF  F009         	goto	i2l779
 12789   001490  EF4A  F00A         	goto	i2l3821
 12790   001494                     i2l3821:
 12791                           
 12792                           ; BSR set to: 0
 12793                           ;main.c: 411:     TMR0_CounterSet(TMR0_CounterGet() + (0x10000 - sampleRate));
 12794   001494  ECA6  F00F         	call	_TMR0_CounterGet	;wreg free
 12795   001498  0100               	movlb	0	; () banked
 12796   00149A  51C5               	movf	_sampleRate& (0+255),w,b
 12797   00149C  5C02               	subwf	?_TMR0_CounterGet^0,w,c
 12798   00149E  6E0A               	movwf	i2TMR0_CounterSet@counterValue^0,c
 12799   0014A0  51C6               	movf	(_sampleRate+1)& (0+255),w,b
 12800   0014A2  5803               	subwfb	(?_TMR0_CounterGet+1)^0,w,c
 12801   0014A4  6E0B               	movwf	(i2TMR0_CounterSet@counterValue+1)^0,c
 12802   0014A6  EC20  F010         	call	i2_TMR0_CounterSet	;wreg free
 12803   0014AA                     
 12804                           ;main.c: 412:     INTCONbits.TMR0IF = 0;
 12805   0014AA  94F2               	bcf	242,2,c	;volatile
 12806   0014AC  0012               	return		;funcret
 12807   0014AE                     __end_of_myTMR0ISR:
 12808                           	callstack 0
 12809                           
 12810 ;; *************** function i2_TMR0_CounterSet *****************
 12811 ;; Defined at:
 12812 ;;		line 102 in file "mcc_generated_files/timer/src/tmr0.c"
 12813 ;; Parameters:    Size  Location     Type
 12814 ;;  counterValue    2    8[COMRAM] unsigned short 
 12815 ;; Auto vars:     Size  Location     Type
 12816 ;;		None
 12817 ;; Return value:  Size  Location     Type
 12818 ;;                  1    wreg      void 
 12819 ;; Registers used:
 12820 ;;		wreg, status,2
 12821 ;; Tracked objects:
 12822 ;;		On entry : 0/0
 12823 ;;		On exit  : 0/0
 12824 ;;		Unchanged: 0/0
 12825 ;; Data sizes:     COMRAM   BANK0   BANK1   BANK2   BANK3   BANK4   BANK5
 12826 ;;      Params:         2       0       0       0       0       0       0
 12827 ;;      Locals:         0       0       0       0       0       0       0
 12828 ;;      Temps:          0       0       0       0       0       0       0
 12829 ;;      Totals:         2       0       0       0       0       0       0
 12830 ;;Total ram usage:        2 bytes
 12831 ;; Hardware stack levels used: 1
 12832 ;; This function calls:
 12833 ;;		Nothing
 12834 ;; This function is called by:
 12835 ;;		_myTMR0ISR
 12836 ;; This function uses a non-reentrant model
 12837 ;;
 12838                           
 12839                           	psect	text55
 12840   002040                     __ptext55:
 12841                           	callstack 0
 12842   002040                     i2_TMR0_CounterSet:
 12843                           	callstack 16
 12844   002040                     
 12845                           ;mcc_generated_files/timer/src/tmr0.c: 102: void TMR0_CounterSet(uint16_t counterValue);
      +                          mcc_generated_files/timer/src/tmr0.c: 103: {;mcc_generated_files/timer/src/tmr0.c: 104: 
      +                              TMR0H = (uint8_t)(counterValue >> 8);
 12846   002040  500B               	movf	(i2TMR0_CounterSet@counterValue+1)^0,w,c
 12847   002042  6ED7               	movwf	215,c	;volatile
 12848   002044                     
 12849                           ;mcc_generated_files/timer/src/tmr0.c: 105:     TMR0L = (uint8_t)(counterValue);
 12850   002044  C00A  FFD6         	movff	i2TMR0_CounterSet@counterValue,4054	;volatile
 12851   002048  0012               	return		;funcret
 12852   00204A                     __end_ofi2_TMR0_CounterSet:
 12853                           	callstack 0
 12854                           
 12855 ;; *************** function _TMR0_CounterGet *****************
 12856 ;; Defined at:
 12857 ;;		line 89 in file "mcc_generated_files/timer/src/tmr0.c"
 12858 ;; Parameters:    Size  Location     Type
 12859 ;;		None
 12860 ;; Auto vars:     Size  Location     Type
 12861 ;;  counterValue    2    4[COMRAM] unsigned short 
 12862 ;;  counterHighB    1    7[COMRAM] unsigned char 
 12863 ;;  counterLowBy    1    6[COMRAM] unsigned char 
 12864 ;; Return value:  Size  Location     Type
 12865 ;;                  2    0[COMRAM] unsigned short 
 12866 ;; Registers used:
 12867 ;;		wreg, status,2
 12868 ;; Tracked objects:
 12869 ;;		On entry : 0/0
 12870 ;;		On exit  : 0/0
 12871 ;;		Unchanged: 0/0
 12872 ;; Data sizes:     COMRAM   BANK0   BANK1   BANK2   BANK3   BANK4   BANK5
 12873 ;;      Params:         2       0       0       0       0       0       0
 12874 ;;      Locals:         4       0       0       0       0       0       0
 12875 ;;      Temps:          2       0       0       0       0       0       0
 12876 ;;      Totals:         8       0       0       0       0       0       0
 12877 ;;Total ram usage:        8 bytes
 12878 ;; Hardware stack levels used: 1
 12879 ;; This function calls:
 12880 ;;		Nothing
 12881 ;; This function is called by:
 12882 ;;		_myTMR0ISR
 12883 ;; This function uses a non-reentrant model
 12884 ;;
 12885                           
 12886                           	psect	text56
 12887   001F4C                     __ptext56:
 12888                           	callstack 0
 12889   001F4C                     _TMR0_CounterGet:
 12890                           	callstack 16
 12891   001F4C                     
 12892                           ;mcc_generated_files/timer/src/tmr0.c: 91:     uint16_t counterValue;;mcc_generated_file
      +                          s/timer/src/tmr0.c: 92:     uint8_t counterLowByte;;mcc_generated_files/timer/src/tmr0.c
      +                          : 93:     uint8_t counterHighByte;;mcc_generated_files/timer/src/tmr0.c: 95:     counter
      +                          LowByte = TMR0L;
 12893   001F4C  CFD6 F008          	movff	4054,TMR0_CounterGet@counterLowByte	;volatile
 12894                           
 12895                           ;mcc_generated_files/timer/src/tmr0.c: 96:     counterHighByte = TMR0H;
 12896   001F50  CFD7 F009          	movff	4055,TMR0_CounterGet@counterHighByte	;volatile
 12897   001F54                     
 12898                           ;mcc_generated_files/timer/src/tmr0.c: 97:     counterValue = ((uint16_t)counterHighByte
      +                           << 8) + counterLowByte;
 12899   001F54  5009               	movf	TMR0_CounterGet@counterHighByte^0,w,c
 12900   001F56  6E04               	movwf	??_TMR0_CounterGet^0,c
 12901   001F58  5008               	movf	TMR0_CounterGet@counterLowByte^0,w,c
 12902   001F5A  6E06               	movwf	TMR0_CounterGet@counterValue^0,c
 12903   001F5C  C004  F007         	movff	??_TMR0_CounterGet,TMR0_CounterGet@counterValue+1
 12904   001F60                     
 12905                           ;mcc_generated_files/timer/src/tmr0.c: 99:     return counterValue;
 12906   001F60  C006  F002         	movff	TMR0_CounterGet@counterValue,?_TMR0_CounterGet
 12907   001F64  C007  F003         	movff	TMR0_CounterGet@counterValue+1,?_TMR0_CounterGet+1
 12908   001F68  0012               	return		;funcret
 12909   001F6A                     __end_of_TMR0_CounterGet:
 12910                           	callstack 0
 12911                           
 12912                           	psect	rparam
 12913   000001                     ___rparam_used  equ	1
 12914   000000                     ___param_bank   equ	0
 12915   000000                     __Lparam        equ	__Lrparam
 12916   000000                     __Hparam        equ	__Hrparam
 12917   000001                     btemp           set	1	;btemp
 12918   000001                     int$flags       set	1
 12919   000001                     btemp0          set	1
 12920   000002                     btemp1          set	2
 12921                           
 12922                           	psect	config
 12923                           
 12924                           ; Padding undefined space
 12925   300000                     	org	3145728
 12926   300000  FF                 	db	255
 12927                           
 12928                           ;Config register CONFIG1H @ 0x300001
 12929                           ;	Oscillator Selection bits
 12930                           ;	FOSC = INTIO67, Internal oscillator block
 12931                           ;	4X PLL Enable
 12932                           ;	PLLCFG = OFF, Oscillator used directly
 12933                           ;	Primary clock enable bit
 12934                           ;	PRICLKEN = ON, Primary clock enabled
 12935                           ;	Fail-Safe Clock Monitor Enable bit
 12936                           ;	FCMEN = OFF, Fail-Safe Clock Monitor disabled
 12937                           ;	Internal/External Oscillator Switchover bit
 12938                           ;	IESO = OFF, Oscillator Switchover mode disabled
 12939   300001                     	org	3145729
 12940   300001  28                 	db	40
 12941                           
 12942                           ;Config register CONFIG2L @ 0x300002
 12943                           ;	Power-up Timer Enable bit
 12944                           ;	PWRTEN = OFF, Power up timer disabled
 12945                           ;	Brown-out Reset Enable bits
 12946                           ;	BOREN = SBORDIS, Brown-out Reset enabled in hardware only (SBOREN is disabled)
 12947                           ;	Brown Out Reset Voltage bits
 12948                           ;	BORV = 190, VBOR set to 1.90 V nominal
 12949   300002                     	org	3145730
 12950   300002  1F                 	db	31
 12951                           
 12952                           ;Config register CONFIG2H @ 0x300003
 12953                           ;	Watchdog Timer Enable bits
 12954                           ;	WDTEN = OFF, Watch dog timer is always disabled. SWDTEN has no effect.
 12955                           ;	Watchdog Timer Postscale Select bits
 12956                           ;	WDTPS = 32768, 1:32768
 12957   300003                     	org	3145731
 12958   300003  3C                 	db	60
 12959                           
 12960                           ; Padding undefined space
 12961   300004                     	org	3145732
 12962   300004  FF                 	db	255
 12963                           
 12964                           ;Config register CONFIG3H @ 0x300005
 12965                           ;	CCP2 MUX bit
 12966                           ;	CCP2MX = PORTC1, CCP2 input/output is multiplexed with RC1
 12967                           ;	PORTB A/D Enable bit
 12968                           ;	PBADEN = ON, PORTB<5:0> pins are configured as analog input channels on Reset
 12969                           ;	P3A/CCP3 Mux bit
 12970                           ;	CCP3MX = PORTB5, P3A/CCP3 input/output is multiplexed with RB5
 12971                           ;	HFINTOSC Fast Start-up
 12972                           ;	HFOFST = ON, HFINTOSC output and ready status are not delayed by the oscillator stable
      +                           status
 12973                           ;	Timer3 Clock input mux bit
 12974                           ;	T3CMX = PORTC0, T3CKI is on RC0
 12975                           ;	ECCP2 B output mux bit
 12976                           ;	P2BMX = PORTB5, P2B is on RB5
 12977                           ;	MCLR Pin Enable bit
 12978                           ;	MCLRE = EXTMCLR, MCLR pin enabled, RE3 input pin disabled
 12979   300005                     	org	3145733
 12980   300005  BF                 	db	191
 12981                           
 12982                           ;Config register CONFIG4L @ 0x300006
 12983                           ;	Stack Full/Underflow Reset Enable bit
 12984                           ;	STVREN = ON, Stack full/underflow will cause Reset
 12985                           ;	Single-Supply ICSP Enable bit
 12986                           ;	LVP = ON, Single-Supply ICSP enabled if MCLRE is also 1
 12987                           ;	Extended Instruction Set Enable bit
 12988                           ;	XINST = OFF, Instruction set extension and Indexed Addressing mode disabled (Legacy mo
      +                          de)
 12989                           ;	Background Debug
 12990                           ;	DEBUG = 0x1, unprogrammed default
 12991   300006                     	org	3145734
 12992   300006  85                 	db	133
 12993                           
 12994                           ; Padding undefined space
 12995   300007                     	org	3145735
 12996   300007  FF                 	db	255
 12997                           
 12998                           ;Config register CONFIG5L @ 0x300008
 12999                           ;	Code Protection Block 0
 13000                           ;	CP0 = OFF, Block 0 (000800-001FFFh) not code-protected
 13001                           ;	Code Protection Block 1
 13002                           ;	CP1 = OFF, Block 1 (002000-003FFFh) not code-protected
 13003                           ;	Code Protection Block 2
 13004                           ;	CP2 = OFF, Block 2 (004000-005FFFh) not code-protected
 13005                           ;	Code Protection Block 3
 13006                           ;	CP3 = OFF, Block 3 (006000-007FFFh) not code-protected
 13007   300008                     	org	3145736
 13008   300008  0F                 	db	15
 13009                           
 13010                           ;Config register CONFIG5H @ 0x300009
 13011                           ;	Boot Block Code Protection bit
 13012                           ;	CPB = OFF, Boot block (000000-0007FFh) not code-protected
 13013                           ;	Data EEPROM Code Protection bit
 13014                           ;	CPD = OFF, Data EEPROM not code-protected
 13015   300009                     	org	3145737
 13016   300009  C0                 	db	192
 13017                           
 13018                           ;Config register CONFIG6L @ 0x30000A
 13019                           ;	Write Protection Block 0
 13020                           ;	WRT0 = OFF, Block 0 (000800-001FFFh) not write-protected
 13021                           ;	Write Protection Block 1
 13022                           ;	WRT1 = OFF, Block 1 (002000-003FFFh) not write-protected
 13023                           ;	Write Protection Block 2
 13024                           ;	WRT2 = OFF, Block 2 (004000-005FFFh) not write-protected
 13025                           ;	Write Protection Block 3
 13026                           ;	WRT3 = OFF, Block 3 (006000-007FFFh) not write-protected
 13027   30000A                     	org	3145738
 13028   30000A  0F                 	db	15
 13029                           
 13030                           ;Config register CONFIG6H @ 0x30000B
 13031                           ;	Configuration Register Write Protection bit
 13032                           ;	WRTC = OFF, Configuration registers (300000-3000FFh) not write-protected
 13033                           ;	Boot Block Write Protection bit
 13034                           ;	WRTB = OFF, Boot Block (000000-0007FFh) not write-protected
 13035                           ;	Data EEPROM Write Protection bit
 13036                           ;	WRTD = OFF, Data EEPROM not write-protected
 13037   30000B                     	org	3145739
 13038   30000B  E0                 	db	224
 13039                           
 13040                           ;Config register CONFIG7L @ 0x30000C
 13041                           ;	Table Read Protection Block 0
 13042                           ;	EBTR0 = OFF, Block 0 (000800-001FFFh) not protected from table reads executed in other
      +                           blocks
 13043                           ;	Table Read Protection Block 1
 13044                           ;	EBTR1 = OFF, Block 1 (002000-003FFFh) not protected from table reads executed in other
      +                           blocks
 13045                           ;	Table Read Protection Block 2
 13046                           ;	EBTR2 = OFF, Block 2 (004000-005FFFh) not protected from table reads executed in other
      +                           blocks
 13047                           ;	Table Read Protection Block 3
 13048                           ;	EBTR3 = OFF, Block 3 (006000-007FFFh) not protected from table reads executed in other
      +                           blocks
 13049   30000C                     	org	3145740
 13050   30000C  0F                 	db	15
 13051                           
 13052                           ;Config register CONFIG7H @ 0x30000D
 13053                           ;	Boot Block Table Read Protection bit
 13054                           ;	EBTRB = OFF, Boot Block (000000-0007FFh) not protected from table reads executed in ot
      +                          her blocks
 13055   30000D                     	org	3145741
 13056   30000D  40                 	db	64
 13057                           tosu	equ	0xFFF
 13058                           tosh	equ	0xFFE
 13059                           tosl	equ	0xFFD
 13060                           stkptr	equ	0xFFC
 13061                           pclatu	equ	0xFFB
 13062                           pclath	equ	0xFFA
 13063                           pcl	equ	0xFF9
 13064                           tblptru	equ	0xFF8
 13065                           tblptrh	equ	0xFF7
 13066                           tblptrl	equ	0xFF6
 13067                           tablat	equ	0xFF5
 13068                           prodh	equ	0xFF4
 13069                           prodl	equ	0xFF3
 13070                           indf0	equ	0xFEF
 13071                           postinc0	equ	0xFEE
 13072                           postdec0	equ	0xFED
 13073                           preinc0	equ	0xFEC
 13074                           plusw0	equ	0xFEB
 13075                           fsr0h	equ	0xFEA
 13076                           fsr0l	equ	0xFE9
 13077                           wreg	equ	0xFE8
 13078                           indf1	equ	0xFE7
 13079                           postinc1	equ	0xFE6
 13080                           postdec1	equ	0xFE5
 13081                           preinc1	equ	0xFE4
 13082                           plusw1	equ	0xFE3
 13083                           fsr1h	equ	0xFE2
 13084                           fsr1l	equ	0xFE1
 13085                           bsr	equ	0xFE0
 13086                           indf2	equ	0xFDF
 13087                           postinc2	equ	0xFDE
 13088                           postdec2	equ	0xFDD
 13089                           preinc2	equ	0xFDC
 13090                           plusw2	equ	0xFDB
 13091                           fsr2h	equ	0xFDA
 13092                           fsr2l	equ	0xFD9
 13093                           status	equ	0xFD8

Data Sizes:
    Strings     1567
    Constant    117
    Data        2
    BSS         1082
    Persistent  6
    Stack       0

Auto Spaces:
    Space          Size  Autos    Used
    COMRAM           94     60      77
    BANK0           160     54     103
    BANK1           256      0       0
    BANK2           256      0       0
    BANK3           256      0       0
    BANK4           256      0       0
    BANK5           256      0       0

Pointer List with Targets:

    ctoa@fp	PTR struct _IO_FILE size(2) Largest target is 0
		 -> NULL(NULL[0]), 

    dtoa@fp	PTR struct _IO_FILE size(2) Largest target is 0
		 -> NULL(NULL[0]), 

    EUSART1_FramingErrorCallbackRegister@callbackHandler	PTR FTN()void  size(2) Largest target is 1
		 -> EUSART1_DefaultFramingErrorCallback(), 

    EUSART1_FramingErrorHandler	PTR FTN()void  size(2) Largest target is 1
		 -> EUSART1_DefaultFramingErrorCallback(), NULL(), 

    EUSART1_OverrunErrorCallbackRegister@callbackHandler	PTR FTN()void  size(2) Largest target is 1
		 -> EUSART1_DefaultOverrunErrorCallback(), 

    EUSART1_OverrunErrorHandler	PTR FTN()void  size(2) Largest target is 1
		 -> EUSART1_DefaultOverrunErrorCallback(), NULL(), 

    fputc@fp	PTR struct _IO_FILE size(2) Largest target is 0
		 -> NULL(NULL[0]), 

    fputc@fp$.$buffer	PTR unsigned char  size(2) Largest target is 0

    fputc@fp$.$source	PTR const unsigned char  size(2) Largest target is 0

    fputs@fp	PTR struct _IO_FILE size(2) Largest target is 0
		 -> NULL(NULL[0]), 

    fputs@s	PTR const unsigned char  size(1) Largest target is 32
		 -> dbuf(BANK0[32]), 

    hexDumpBuffer@sdCardBuffer	PTR unsigned char  size(2) Largest target is 512
		 -> blueBuffer(BIGRAM[512]), 

    INT0_InterruptHandler	PTR FTN()void  size(2) Largest target is 1
		 -> INT0_DefaultInterruptHandler(), NULL(), 

    INT0_SetInterruptHandler@InterruptHandler	PTR FTN()void  size(2) Largest target is 1
		 -> INT0_DefaultInterruptHandler(), 

    INT1_InterruptHandler	PTR FTN()void  size(2) Largest target is 1
		 -> INT1_DefaultInterruptHandler(), NULL(), 

    INT1_SetInterruptHandler@InterruptHandler	PTR FTN()void  size(2) Largest target is 1
		 -> INT1_DefaultInterruptHandler(), 

    INT2_InterruptHandler	PTR FTN()void  size(2) Largest target is 1
		 -> INT2_DefaultInterruptHandler(), NULL(), 

    INT2_SetInterruptHandler@InterruptHandler	PTR FTN()void  size(2) Largest target is 1
		 -> INT2_DefaultInterruptHandler(), 

    NULL$0	PTR FTN()void  size(2) Largest target is 0

    pad@buf	PTR unsigned char  size(1) Largest target is 32
		 -> dbuf(BANK0[32]), 

    pad@fp	PTR struct _IO_FILE size(2) Largest target is 0
		 -> NULL(NULL[0]), 

    printf@ap	PTR void [1] size(1) Largest target is 2
		 -> ?_printf(BANK0[2]), 

    printf@fmt	PTR const unsigned char  size(2) Largest target is 78
		 -> STR_1(CODE[11]), STR_10(CODE[52]), STR_11(CODE[15]), STR_12(CODE[7]), 
		 -> STR_13(CODE[21]), STR_14(CODE[24]), STR_15(CODE[52]), STR_16(CODE[24]), 
		 -> STR_17(CODE[52]), STR_18(CODE[37]), STR_19(CODE[43]), STR_2(CODE[18]), 
		 -> STR_20(CODE[52]), STR_21(CODE[52]), STR_22(CODE[50]), STR_23(CODE[44]), 
		 -> STR_24(CODE[32]), STR_25(CODE[52]), STR_26(CODE[8]), STR_27(CODE[2]), 
		 -> STR_28(CODE[2]), STR_29(CODE[30]), STR_3(CODE[9]), STR_30(CODE[20]), 
		 -> STR_31(CODE[28]), STR_32(CODE[20]), STR_33(CODE[19]), STR_34(CODE[5]), 
		 -> STR_35(CODE[2]), STR_36(CODE[5]), STR_37(CODE[3]), STR_38(CODE[31]), 
		 -> STR_39(CODE[38]), STR_4(CODE[54]), STR_40(CODE[43]), STR_41(CODE[17]), 
		 -> STR_42(CODE[5]), STR_43(CODE[2]), STR_44(CODE[5]), STR_45(CODE[3]), 
		 -> STR_46(CODE[23]), STR_47(CODE[38]), STR_48(CODE[15]), STR_49(CODE[17]), 
		 -> STR_5(CODE[19]), STR_50(CODE[5]), STR_51(CODE[2]), STR_52(CODE[5]), 
		 -> STR_53(CODE[3]), STR_54(CODE[32]), STR_55(CODE[41]), STR_56(CODE[78]), 
		 -> STR_57(CODE[17]), STR_58(CODE[19]), STR_59(CODE[58]), STR_6(CODE[5]), 
		 -> STR_60(CODE[68]), STR_61(CODE[58]), STR_62(CODE[29]), STR_63(CODE[18]), 
		 -> STR_64(CODE[46]), STR_65(CODE[73]), STR_66(CODE[14]), STR_67(CODE[25]), 
		 -> STR_68(CODE[5]), STR_69(CODE[49]), STR_7(CODE[2]), STR_70(CODE[58]), 
		 -> STR_71(CODE[29]), STR_72(CODE[18]), STR_73(CODE[32]), STR_74(CODE[16]), 
		 -> STR_75(CODE[17]), STR_76(CODE[27]), STR_77(CODE[26]), STR_78(CODE[28]), 
		 -> STR_79(CODE[4]), STR_8(CODE[5]), STR_80(CODE[2]), STR_81(CODE[3]), 
		 -> STR_82(CODE[2]), STR_83(CODE[3]), STR_84(CODE[3]), STR_85(CODE[6]), 
		 -> STR_86(CODE[4]), STR_87(CODE[2]), STR_88(CODE[3]), STR_89(CODE[3]), 
		 -> STR_9(CODE[3]), 

    read_prec_or_width@ap	PTR PTR void [1] size(1) Largest target is 1
		 -> printf@ap(COMRAM[1]), 

    read_prec_or_width@fmt	PTR PTR const unsigned char  size(1) Largest target is 2
		 -> vfprintf@cfmt(BANK0[2]), 

    S1288$20$0	PTR FTN()void  size(2) Largest target is 1
		 -> EUSART1_DefaultFramingErrorCallback(), 

    S1288$21$0	PTR FTN()void  size(2) Largest target is 1
		 -> EUSART1_DefaultOverrunErrorCallback(), 

    S1288$AutoBaudEventEnableGet	PTR FTN()_Bool  size(2) Largest target is 1
		 -> NULL(), 

    S1288$AutoBaudQuery	PTR FTN()_Bool  size(2) Largest target is 1
		 -> EUSART1_AutoBaudQuery(), 

    S1288$AutoBaudSet	PTR FTN(_Bool ,)void  size(2) Largest target is 1
		 -> EUSART1_AutoBaudSet(), 

    S1288$BaudRateGet	PTR FTN()unsigned long  size(2) Largest target is 1
		 -> NULL(), 

    S1288$BaudRateSet	PTR FTN(unsigned long ,)void  size(2) Largest target is 1
		 -> NULL(), 

    S1288$BRGCountGet	PTR FTN()unsigned long  size(2) Largest target is 1
		 -> NULL(), 

    S1288$BRGCountSet	PTR FTN(unsigned long ,)void  size(2) Largest target is 1
		 -> NULL(), 

    S1288$Deinitialize	PTR FTN()void  size(2) Largest target is 1
		 -> EUSART1_Deinitialize(), 

    S1288$ErrorGet	PTR FTN()unsigned int  size(2) Largest target is 2
		 -> EUSART1_ErrorGet(), 

    S1288$EventCallbackRegister	PTR FTN(PTR FTN()void ,)void  size(2) Largest target is 1
		 -> NULL(), 

    S1288$FramingErrorCallbackRegister	PTR FTN(PTR FTN()void ,)void  size(2) Largest target is 1
		 -> EUSART1_FramingErrorCallbackRegister(), 

    S1288$Initialize	PTR FTN()void  size(2) Largest target is 1
		 -> EUSART1_Initialize(), 

    S1288$IsRxReady	PTR FTN()_Bool  size(2) Largest target is 1
		 -> EUSART1_IsRxReady(), 

    S1288$IsTxDone	PTR FTN()_Bool  size(2) Largest target is 1
		 -> EUSART1_IsTxDone(), 

    S1288$IsTxReady	PTR FTN()_Bool  size(2) Largest target is 1
		 -> EUSART1_IsTxReady(), 

    S1288$OverrunErrorCallbackRegister	PTR FTN(PTR FTN()void ,)void  size(2) Largest target is 1
		 -> EUSART1_OverrunErrorCallbackRegister(), 

    S1288$ParityErrorCallbackRegister	PTR FTN(PTR FTN()void ,)void  size(2) Largest target is 1
		 -> NULL(), 

    S1288$Read	PTR FTN()unsigned char  size(2) Largest target is 1
		 -> EUSART1_Read(), 

    S1288$RxCompleteCallbackRegister	PTR FTN(PTR FTN()void ,)void  size(2) Largest target is 1
		 -> NULL(), 

    S1288$TransmitDisable	PTR FTN()void  size(2) Largest target is 1
		 -> EUSART1_TransmitDisable(), 

    S1288$TransmitEnable	PTR FTN()void  size(2) Largest target is 1
		 -> EUSART1_TransmitEnable(), 

    S1288$TxCollisionCallbackRegister	PTR FTN(PTR FTN()void ,)void  size(2) Largest target is 1
		 -> NULL(), 

    S1288$TxCompleteCallbackRegister	PTR FTN(PTR FTN()void ,)void  size(2) Largest target is 1
		 -> NULL(), 

    S1288$Write	PTR FTN(unsigned char ,)void  size(2) Largest target is 1
		 -> EUSART1_Write(), 

    S179$4$0	PTR void  size(2) Largest target is 0

    S179$5$0	PTR void  size(2) Largest target is 0

    S179$6$0	PTR void  size(2) Largest target is 0

    S179SPI_INTERFACE$BufferExchange	PTR FTN(PTR void ,unsigned int ,)void  size(2) Largest target is 1
		 -> SPI2_BufferExchange(), 

    S179SPI_INTERFACE$BufferRead	PTR FTN(PTR void ,unsigned int ,)void  size(2) Largest target is 1
		 -> SPI2_BufferRead(), 

    S179SPI_INTERFACE$BufferWrite	PTR FTN(PTR void ,unsigned int ,)void  size(2) Largest target is 1
		 -> SPI2_BufferWrite(), 

    S179SPI_INTERFACE$ByteExchange	PTR FTN(unsigned char ,)unsigned char  size(2) Largest target is 1
		 -> SPI2_ByteExchange(), 

    S179SPI_INTERFACE$ByteRead	PTR FTN()unsigned char  size(2) Largest target is 1
		 -> SPI2_ByteRead(), 

    S179SPI_INTERFACE$ByteWrite	PTR FTN(unsigned char ,)void  size(2) Largest target is 1
		 -> SPI2_ByteWrite(), 

    S179SPI_INTERFACE$Close	PTR FTN()void  size(2) Largest target is 1
		 -> SPI2_Close(), 

    S179SPI_INTERFACE$Deinitialize	PTR FTN()void  size(2) Largest target is 1
		 -> SPI2_Deinitialize(), 

    S179SPI_INTERFACE$Initialize	PTR FTN()void  size(2) Largest target is 1
		 -> SPI2_Initialize(), 

    S179SPI_INTERFACE$IsRxReady	PTR FTN()_Bool  size(2) Largest target is 1
		 -> SPI2_IsRxReady(), 

    S179SPI_INTERFACE$IsTxReady	PTR FTN()_Bool  size(2) Largest target is 1
		 -> SPI2_IsTxReady(), 

    S179SPI_INTERFACE$Open	PTR FTN(unsigned char ,)_Bool  size(2) Largest target is 1
		 -> SPI2_Open(), 

    S179SPI_INTERFACE$RxCompleteCallbackRegister	PTR FTN(PTR FTN()void ,)void  size(2) Largest target is 1
		 -> NULL(), 

    S179SPI_INTERFACE$TxCompleteCallbackRegister	PTR FTN(PTR FTN()void ,)void  size(2) Largest target is 1
		 -> NULL(), 

    S2773$buffer	PTR unsigned char  size(2) Largest target is 0

    S2773$source	PTR const unsigned char  size(2) Largest target is 0

    SDCARD_ReadBlock@sdCardBuffer	PTR unsigned char  size(2) Largest target is 512
		 -> blueBuffer(BIGRAM[512]), 

    SDCARD_WriteBlock@sdCardBuffer	PTR unsigned char  size(2) Largest target is 512
		 -> blueBuffer(BIGRAM[512]), 

    SPI2_Host$BufferExchange	PTR FTN(PTR void ,unsigned int ,)void  size(2) Largest target is 1
		 -> SPI2_BufferExchange(), 

    SPI2_Host$BufferRead	PTR FTN(PTR void ,unsigned int ,)void  size(2) Largest target is 1
		 -> SPI2_BufferRead(), 

    SPI2_Host$BufferWrite	PTR FTN(PTR void ,unsigned int ,)void  size(2) Largest target is 1
		 -> SPI2_BufferWrite(), 

    SPI2_Host$ByteExchange	PTR FTN(unsigned char ,)unsigned char  size(2) Largest target is 1
		 -> SPI2_ByteExchange(), 

    SPI2_Host$ByteRead	PTR FTN()unsigned char  size(2) Largest target is 1
		 -> SPI2_ByteRead(), 

    SPI2_Host$ByteWrite	PTR FTN(unsigned char ,)void  size(2) Largest target is 1
		 -> SPI2_ByteWrite(), 

    SPI2_Host$Close	PTR FTN()void  size(2) Largest target is 1
		 -> SPI2_Close(), 

    SPI2_Host$Deinitialize	PTR FTN()void  size(2) Largest target is 1
		 -> SPI2_Deinitialize(), 

    SPI2_Host$Initialize	PTR FTN()void  size(2) Largest target is 1
		 -> SPI2_Initialize(), 

    SPI2_Host$IsRxReady	PTR FTN()_Bool  size(2) Largest target is 1
		 -> SPI2_IsRxReady(), 

    SPI2_Host$IsTxReady	PTR FTN()_Bool  size(2) Largest target is 1
		 -> SPI2_IsTxReady(), 

    SPI2_Host$Open	PTR FTN(unsigned char ,)_Bool  size(2) Largest target is 1
		 -> SPI2_Open(), 

    SPI2_Host$RxCompleteCallbackRegister	PTR FTN(PTR FTN()void ,)void  size(2) Largest target is 1
		 -> NULL(), 

    SPI2_Host$TxCompleteCallbackRegister	PTR FTN(PTR FTN()void ,)void  size(2) Largest target is 1
		 -> NULL(), 

    TMR0_OverflowCallback	PTR FTN()void  size(2) Largest target is 1
		 -> myTMR0ISR(), TMR0_DefaultOverflowCallback(), NULL(), 

    TMR0_OverflowCallbackRegister@callbackHandler	PTR FTN()void  size(2) Largest target is 1
		 -> myTMR0ISR(), TMR0_DefaultOverflowCallback(), 

    TMR1_GateCallback	PTR FTN()void  size(2) Largest target is 1
		 -> TMR1_DefaultGateCallback(), NULL(), 

    TMR1_OverflowCallback	PTR FTN()void  size(2) Largest target is 1
		 -> TMR1_DefaultOverflowCallback(), NULL(), 

    UART1$AutoBaudEventEnableGet	PTR FTN()_Bool  size(2) Largest target is 1
		 -> NULL(), 

    UART1$AutoBaudQuery	PTR FTN()_Bool  size(2) Largest target is 1
		 -> EUSART1_AutoBaudQuery(), 

    UART1$AutoBaudSet	PTR FTN(_Bool ,)void  size(2) Largest target is 1
		 -> EUSART1_AutoBaudSet(), 

    UART1$BaudRateGet	PTR FTN()unsigned long  size(2) Largest target is 1
		 -> NULL(), 

    UART1$BaudRateSet	PTR FTN(unsigned long ,)void  size(2) Largest target is 1
		 -> NULL(), 

    UART1$BRGCountGet	PTR FTN()unsigned long  size(2) Largest target is 1
		 -> NULL(), 

    UART1$BRGCountSet	PTR FTN(unsigned long ,)void  size(2) Largest target is 1
		 -> NULL(), 

    UART1$Deinitialize	PTR FTN()void  size(2) Largest target is 1
		 -> EUSART1_Deinitialize(), 

    UART1$ErrorGet	PTR FTN()unsigned int  size(2) Largest target is 2
		 -> EUSART1_ErrorGet(), 

    UART1$EventCallbackRegister	PTR FTN(PTR FTN()void ,)void  size(2) Largest target is 1
		 -> NULL(), 

    UART1$FramingErrorCallbackRegister	PTR FTN(PTR FTN()void ,)void  size(2) Largest target is 1
		 -> EUSART1_FramingErrorCallbackRegister(), 

    UART1$Initialize	PTR FTN()void  size(2) Largest target is 1
		 -> EUSART1_Initialize(), 

    UART1$IsRxReady	PTR FTN()_Bool  size(2) Largest target is 1
		 -> EUSART1_IsRxReady(), 

    UART1$IsTxDone	PTR FTN()_Bool  size(2) Largest target is 1
		 -> EUSART1_IsTxDone(), 

    UART1$IsTxReady	PTR FTN()_Bool  size(2) Largest target is 1
		 -> EUSART1_IsTxReady(), 

    UART1$OverrunErrorCallbackRegister	PTR FTN(PTR FTN()void ,)void  size(2) Largest target is 1
		 -> EUSART1_OverrunErrorCallbackRegister(), 

    UART1$ParityErrorCallbackRegister	PTR FTN(PTR FTN()void ,)void  size(2) Largest target is 1
		 -> NULL(), 

    UART1$Read	PTR FTN()unsigned char  size(2) Largest target is 1
		 -> EUSART1_Read(), 

    UART1$RxCompleteCallbackRegister	PTR FTN(PTR FTN()void ,)void  size(2) Largest target is 1
		 -> NULL(), 

    UART1$TransmitDisable	PTR FTN()void  size(2) Largest target is 1
		 -> EUSART1_TransmitDisable(), 

    UART1$TransmitEnable	PTR FTN()void  size(2) Largest target is 1
		 -> EUSART1_TransmitEnable(), 

    UART1$TxCollisionCallbackRegister	PTR FTN(PTR FTN()void ,)void  size(2) Largest target is 1
		 -> NULL(), 

    UART1$TxCompleteCallbackRegister	PTR FTN(PTR FTN()void ,)void  size(2) Largest target is 1
		 -> NULL(), 

    UART1$Write	PTR FTN(unsigned char ,)void  size(2) Largest target is 1
		 -> EUSART1_Write(), 

    utoa@fp	PTR struct _IO_FILE size(2) Largest target is 0
		 -> NULL(NULL[0]), 

    vfpfcnvrt@ap	PTR PTR void  size(1) Largest target is 1
		 -> printf@ap(COMRAM[1]), 

    vfpfcnvrt@cp	PTR unsigned char  size(2) Largest target is 78
		 -> STR_1(CODE[11]), STR_10(CODE[52]), STR_11(CODE[15]), STR_12(CODE[7]), 
		 -> STR_13(CODE[21]), STR_14(CODE[24]), STR_15(CODE[52]), STR_16(CODE[24]), 
		 -> STR_17(CODE[52]), STR_18(CODE[37]), STR_19(CODE[43]), STR_2(CODE[18]), 
		 -> STR_20(CODE[52]), STR_21(CODE[52]), STR_22(CODE[50]), STR_23(CODE[44]), 
		 -> STR_24(CODE[32]), STR_25(CODE[52]), STR_26(CODE[8]), STR_27(CODE[2]), 
		 -> STR_28(CODE[2]), STR_29(CODE[30]), STR_3(CODE[9]), STR_30(CODE[20]), 
		 -> STR_31(CODE[28]), STR_32(CODE[20]), STR_33(CODE[19]), STR_34(CODE[5]), 
		 -> STR_35(CODE[2]), STR_36(CODE[5]), STR_37(CODE[3]), STR_38(CODE[31]), 
		 -> STR_39(CODE[38]), STR_4(CODE[54]), STR_40(CODE[43]), STR_41(CODE[17]), 
		 -> STR_42(CODE[5]), STR_43(CODE[2]), STR_44(CODE[5]), STR_45(CODE[3]), 
		 -> STR_46(CODE[23]), STR_47(CODE[38]), STR_48(CODE[15]), STR_49(CODE[17]), 
		 -> STR_5(CODE[19]), STR_50(CODE[5]), STR_51(CODE[2]), STR_52(CODE[5]), 
		 -> STR_53(CODE[3]), STR_54(CODE[32]), STR_55(CODE[41]), STR_56(CODE[78]), 
		 -> STR_57(CODE[17]), STR_58(CODE[19]), STR_59(CODE[58]), STR_6(CODE[5]), 
		 -> STR_60(CODE[68]), STR_61(CODE[58]), STR_62(CODE[29]), STR_63(CODE[18]), 
		 -> STR_64(CODE[46]), STR_65(CODE[73]), STR_66(CODE[14]), STR_67(CODE[25]), 
		 -> STR_68(CODE[5]), STR_69(CODE[49]), STR_7(CODE[2]), STR_70(CODE[58]), 
		 -> STR_71(CODE[29]), STR_72(CODE[18]), STR_73(CODE[32]), STR_74(CODE[16]), 
		 -> STR_75(CODE[17]), STR_76(CODE[27]), STR_77(CODE[26]), STR_78(CODE[28]), 
		 -> STR_79(CODE[4]), STR_8(CODE[5]), STR_80(CODE[2]), STR_81(CODE[3]), 
		 -> STR_82(CODE[2]), STR_83(CODE[3]), STR_84(CODE[3]), STR_85(CODE[6]), 
		 -> STR_86(CODE[4]), STR_87(CODE[2]), STR_88(CODE[3]), STR_89(CODE[3]), 
		 -> STR_9(CODE[3]), 

    vfpfcnvrt@fmt	PTR PTR unsigned char  size(1) Largest target is 2
		 -> vfprintf@cfmt(BANK0[2]), 

    vfpfcnvrt@fp	PTR struct _IO_FILE size(2) Largest target is 0
		 -> NULL(NULL[0]), 

    vfprintf@ap	PTR PTR void  size(1) Largest target is 1
		 -> printf@ap(COMRAM[1]), 

    vfprintf@cfmt	PTR unsigned char  size(2) Largest target is 78
		 -> STR_1(CODE[11]), STR_10(CODE[52]), STR_11(CODE[15]), STR_12(CODE[7]), 
		 -> STR_13(CODE[21]), STR_14(CODE[24]), STR_15(CODE[52]), STR_16(CODE[24]), 
		 -> STR_17(CODE[52]), STR_18(CODE[37]), STR_19(CODE[43]), STR_2(CODE[18]), 
		 -> STR_20(CODE[52]), STR_21(CODE[52]), STR_22(CODE[50]), STR_23(CODE[44]), 
		 -> STR_24(CODE[32]), STR_25(CODE[52]), STR_26(CODE[8]), STR_27(CODE[2]), 
		 -> STR_28(CODE[2]), STR_29(CODE[30]), STR_3(CODE[9]), STR_30(CODE[20]), 
		 -> STR_31(CODE[28]), STR_32(CODE[20]), STR_33(CODE[19]), STR_34(CODE[5]), 
		 -> STR_35(CODE[2]), STR_36(CODE[5]), STR_37(CODE[3]), STR_38(CODE[31]), 
		 -> STR_39(CODE[38]), STR_4(CODE[54]), STR_40(CODE[43]), STR_41(CODE[17]), 
		 -> STR_42(CODE[5]), STR_43(CODE[2]), STR_44(CODE[5]), STR_45(CODE[3]), 
		 -> STR_46(CODE[23]), STR_47(CODE[38]), STR_48(CODE[15]), STR_49(CODE[17]), 
		 -> STR_5(CODE[19]), STR_50(CODE[5]), STR_51(CODE[2]), STR_52(CODE[5]), 
		 -> STR_53(CODE[3]), STR_54(CODE[32]), STR_55(CODE[41]), STR_56(CODE[78]), 
		 -> STR_57(CODE[17]), STR_58(CODE[19]), STR_59(CODE[58]), STR_6(CODE[5]), 
		 -> STR_60(CODE[68]), STR_61(CODE[58]), STR_62(CODE[29]), STR_63(CODE[18]), 
		 -> STR_64(CODE[46]), STR_65(CODE[73]), STR_66(CODE[14]), STR_67(CODE[25]), 
		 -> STR_68(CODE[5]), STR_69(CODE[49]), STR_7(CODE[2]), STR_70(CODE[58]), 
		 -> STR_71(CODE[29]), STR_72(CODE[18]), STR_73(CODE[32]), STR_74(CODE[16]), 
		 -> STR_75(CODE[17]), STR_76(CODE[27]), STR_77(CODE[26]), STR_78(CODE[28]), 
		 -> STR_79(CODE[4]), STR_8(CODE[5]), STR_80(CODE[2]), STR_81(CODE[3]), 
		 -> STR_82(CODE[2]), STR_83(CODE[3]), STR_84(CODE[3]), STR_85(CODE[6]), 
		 -> STR_86(CODE[4]), STR_87(CODE[2]), STR_88(CODE[3]), STR_89(CODE[3]), 
		 -> STR_9(CODE[3]), 

    vfprintf@fmt	PTR const unsigned char  size(2) Largest target is 78
		 -> STR_1(CODE[11]), STR_10(CODE[52]), STR_11(CODE[15]), STR_12(CODE[7]), 
		 -> STR_13(CODE[21]), STR_14(CODE[24]), STR_15(CODE[52]), STR_16(CODE[24]), 
		 -> STR_17(CODE[52]), STR_18(CODE[37]), STR_19(CODE[43]), STR_2(CODE[18]), 
		 -> STR_20(CODE[52]), STR_21(CODE[52]), STR_22(CODE[50]), STR_23(CODE[44]), 
		 -> STR_24(CODE[32]), STR_25(CODE[52]), STR_26(CODE[8]), STR_27(CODE[2]), 
		 -> STR_28(CODE[2]), STR_29(CODE[30]), STR_3(CODE[9]), STR_30(CODE[20]), 
		 -> STR_31(CODE[28]), STR_32(CODE[20]), STR_33(CODE[19]), STR_34(CODE[5]), 
		 -> STR_35(CODE[2]), STR_36(CODE[5]), STR_37(CODE[3]), STR_38(CODE[31]), 
		 -> STR_39(CODE[38]), STR_4(CODE[54]), STR_40(CODE[43]), STR_41(CODE[17]), 
		 -> STR_42(CODE[5]), STR_43(CODE[2]), STR_44(CODE[5]), STR_45(CODE[3]), 
		 -> STR_46(CODE[23]), STR_47(CODE[38]), STR_48(CODE[15]), STR_49(CODE[17]), 
		 -> STR_5(CODE[19]), STR_50(CODE[5]), STR_51(CODE[2]), STR_52(CODE[5]), 
		 -> STR_53(CODE[3]), STR_54(CODE[32]), STR_55(CODE[41]), STR_56(CODE[78]), 
		 -> STR_57(CODE[17]), STR_58(CODE[19]), STR_59(CODE[58]), STR_6(CODE[5]), 
		 -> STR_60(CODE[68]), STR_61(CODE[58]), STR_62(CODE[29]), STR_63(CODE[18]), 
		 -> STR_64(CODE[46]), STR_65(CODE[73]), STR_66(CODE[14]), STR_67(CODE[25]), 
		 -> STR_68(CODE[5]), STR_69(CODE[49]), STR_7(CODE[2]), STR_70(CODE[58]), 
		 -> STR_71(CODE[29]), STR_72(CODE[18]), STR_73(CODE[32]), STR_74(CODE[16]), 
		 -> STR_75(CODE[17]), STR_76(CODE[27]), STR_77(CODE[26]), STR_78(CODE[28]), 
		 -> STR_79(CODE[4]), STR_8(CODE[5]), STR_80(CODE[2]), STR_81(CODE[3]), 
		 -> STR_82(CODE[2]), STR_83(CODE[3]), STR_84(CODE[3]), STR_85(CODE[6]), 
		 -> STR_86(CODE[4]), STR_87(CODE[2]), STR_88(CODE[3]), STR_89(CODE[3]), 
		 -> STR_9(CODE[3]), 

    vfprintf@fp	PTR struct _IO_FILE size(2) Largest target is 0
		 -> NULL(NULL[0]), 

    xtoa@fp	PTR struct _IO_FILE size(2) Largest target is 0
		 -> NULL(NULL[0]), 


Critical Paths under _main in COMRAM

    _main->_printf
    _SDCARD_Initialize->_printf
    _hexDumpBuffer->_printf
    _vfprintf->_vfpfcnvrt
    _vfpfcnvrt->_xtoa
    _xtoa->_pad
    _utoa->_pad
    _dtoa->_pad
    _pad->_fputs
    _fputs->_fputc
    _abs->___awmod
    _ctoa->_fputc
    _fputc->_putch
    _putch->_EUSART1_IsTxReady
    _putch->_EUSART1_Write
    _SYSTEM_Initialize->_TMR1_Initialize
    _TMR0_Initialize->_TMR0_OverflowCallbackRegister
    _INTERRUPT_Initialize->_INT0_SetInterruptHandler
    _INTERRUPT_Initialize->_INT1_SetInterruptHandler
    _INTERRUPT_Initialize->_INT2_SetInterruptHandler
    _EUSART1_Initialize->_EUSART1_FramingErrorCallbackRegister
    _EUSART1_Initialize->_EUSART1_OverrunErrorCallbackRegister
    _SDCARD_WriteBlock->_SPI2_ByteExchange
    _SDCARD_ReadBlock->_SPI2_ByteExchange
    _SDCARD_PollWriteComplete->_SPI2_ByteExchange

Critical Paths under _INTERRUPT_InterruptManager in COMRAM

    _TMR0_OverflowISR->_myTMR0ISR
    _myTMR0ISR->i2_TMR0_CounterSet
    i2_TMR0_CounterSet->_TMR0_CounterGet

Critical Paths under _main in BANK0

    _main->_hexDumpBuffer
    _initSDCard->_SDCARD_Initialize
    _SDCARD_Initialize->_printf
    _hexDumpBuffer->_printf
    _printf->_vfprintf
    _vfprintf->_vfpfcnvrt

Critical Paths under _INTERRUPT_InterruptManager in BANK0

    None.

Critical Paths under _main in BANK1

    None.

Critical Paths under _INTERRUPT_InterruptManager in BANK1

    None.

Critical Paths under _main in BANK2

    None.

Critical Paths under _INTERRUPT_InterruptManager in BANK2

    None.

Critical Paths under _main in BANK3

    None.

Critical Paths under _INTERRUPT_InterruptManager in BANK3

    None.

Critical Paths under _main in BANK4

    None.

Critical Paths under _INTERRUPT_InterruptManager in BANK4

    None.

Critical Paths under _main in BANK5

    None.

Critical Paths under _INTERRUPT_InterruptManager in BANK5

    None.

Call Graph Tables:

 ---------------------------------------------------------------------------------
 (Depth) Function   	        Calls       Base Space   Used Autos Params    Refs
 ---------------------------------------------------------------------------------
 (0) _main                                                24    24      0   45430
                                             33 BANK0     21    21      0
                  _EUSART1_IsRxReady
                       _EUSART1_Read
                  _SDCARD_Initialize
           _SDCARD_PollWriteComplete
                   _SDCARD_ReadBlock
                  _SDCARD_WriteBlock
                         _SPI2_Close
                          _SPI2_Open
                  _SYSTEM_Initialize
                    _TMR0_CounterSet
      _TMR0_OverflowCallbackRegister
                    _TMR1_CounterSet
                            ___awmod
                      _hexDumpBuffer
                         _initSDCard
                             _printf
 ---------------------------------------------------------------------------------
 (1) _initSDCard                                           0     0      0   10739
                  _SDCARD_Initialize
                         _SPI2_Close
                          _SPI2_Open
 ---------------------------------------------------------------------------------
 (2) _SPI2_Open                                            2     1      1     100
                                             17 COMRAM     1     0      1
 ---------------------------------------------------------------------------------
 (2) _SPI2_Close                                           0     0      0       0
 ---------------------------------------------------------------------------------
 (2) _SDCARD_Initialize                                    4     4      0   10639
                                             23 BANK0      4     4      0
                  _SPI2_ByteExchange
                             _printf
 ---------------------------------------------------------------------------------
 (1) _hexDumpBuffer                                       10     8      2   10890
                                             23 BANK0     10     8      2
                             _printf
 ---------------------------------------------------------------------------------
 (3) _printf                                               9     3      6   10187
                                             59 COMRAM     1     1      0
                                             17 BANK0      6     0      6
                           _vfprintf
 ---------------------------------------------------------------------------------
 (4) _vfprintf                                             7     2      5    9821
                                             10 BANK0      7     2      5
                          _vfpfcnvrt
 ---------------------------------------------------------------------------------
 (5) _vfpfcnvrt                                           14    10      4    9579
                                             55 COMRAM     4     0      4
                                              0 BANK0     10    10      0
                               _ctoa
                               _dtoa
                              _fputc
                 _read_prec_or_width
                               _utoa
                               _xtoa
 ---------------------------------------------------------------------------------
 (6) _xtoa                                                13     9      4    1817
                                             42 COMRAM    13     9      4
                                _pad
 ---------------------------------------------------------------------------------
 (6) _utoa                                                 9     5      4    2231
                                             42 COMRAM     9     5      4
                            ___lwdiv
                            ___lwmod
                                _pad
 ---------------------------------------------------------------------------------
 (7) ___lwmod                                              5     1      4     238
                                             17 COMRAM     5     1      4
 ---------------------------------------------------------------------------------
 (7) ___lwdiv                                              7     3      4     247
                                             17 COMRAM     7     3      4
 ---------------------------------------------------------------------------------
 (6) _read_prec_or_width                                   7     5      2     266
                                             17 COMRAM     7     5      2
 ---------------------------------------------------------------------------------
 (6) _dtoa                                                12     8      4    2973
                                             42 COMRAM    12     8      4
                            ___awdiv
                            ___awmod
                                _abs
                                _pad
 ---------------------------------------------------------------------------------
 (7) _pad                                                  8     3      5    1378
                                             34 COMRAM     8     3      5
                              _fputc
                              _fputs
 ---------------------------------------------------------------------------------
 (8) _fputs                                                6     3      3     623
                                             28 COMRAM     6     3      3
                              _fputc
 ---------------------------------------------------------------------------------
 (7) _abs                                                  4     2      2      96
                                             23 COMRAM     4     2      2
                            ___awmod (ARG)
 ---------------------------------------------------------------------------------
 (7) ___awmod                                              6     2      4     445
                                             17 COMRAM     6     2      4
 ---------------------------------------------------------------------------------
 (7) ___awdiv                                              8     4      4     451
                                             17 COMRAM     8     4      4
 ---------------------------------------------------------------------------------
 (6) _ctoa                                                 8     5      3     740
                                             28 COMRAM     8     5      3
                              _fputc
 ---------------------------------------------------------------------------------
 (9) _fputc                                                9     5      4     471
                                             19 COMRAM     9     5      4
                              _putch
 ---------------------------------------------------------------------------------
 (10) _putch                                               1     1      0     118
                                             18 COMRAM     1     1      0
                  _EUSART1_IsTxReady
                      _EUSART1_Write
 ---------------------------------------------------------------------------------
 (11) _EUSART1_Write                                       1     0      1      34
                                             17 COMRAM     1     0      1
 ---------------------------------------------------------------------------------
 (11) _EUSART1_IsTxReady                                   1     1      0      37
                                             17 COMRAM     1     1      0
 ---------------------------------------------------------------------------------
 (1) _TMR1_CounterSet                                      3     1      2     114
                                             17 COMRAM     3     1      2
 ---------------------------------------------------------------------------------
 (1) _TMR0_CounterSet                                      2     0      2      45
                                             17 COMRAM     2     0      2
 ---------------------------------------------------------------------------------
 (1) _SYSTEM_Initialize                                    0     0      0     183
                     _ADC_Initialize
                    _CCP5_Initialize
                   _CLOCK_Initialize
                 _EUSART1_Initialize
               _INTERRUPT_Initialize
             _PIN_MANAGER_Initialize
                    _SPI2_Initialize
                    _TMR0_Initialize
                    _TMR1_Initialize
 ---------------------------------------------------------------------------------
 (2) _TMR1_Initialize                                      2     2      0       0
                                             17 COMRAM     2     2      0
 ---------------------------------------------------------------------------------
 (2) _TMR0_Initialize                                      0     0      0      24
      _TMR0_OverflowCallbackRegister
 ---------------------------------------------------------------------------------
 (3) _TMR0_OverflowCallbackRegister                        2     0      2      24
                                             17 COMRAM     2     0      2
 ---------------------------------------------------------------------------------
 (2) _SPI2_Initialize                                      0     0      0       0
 ---------------------------------------------------------------------------------
 (2) _PIN_MANAGER_Initialize                               0     0      0       0
 ---------------------------------------------------------------------------------
 (2) _INTERRUPT_Initialize                                 0     0      0      69
           _INT0_SetInterruptHandler
           _INT1_SetInterruptHandler
           _INT2_SetInterruptHandler
 ---------------------------------------------------------------------------------
 (3) _INT2_SetInterruptHandler                             2     0      2      23
                                             17 COMRAM     2     0      2
 ---------------------------------------------------------------------------------
 (3) _INT1_SetInterruptHandler                             2     0      2      23
                                             17 COMRAM     2     0      2
 ---------------------------------------------------------------------------------
 (3) _INT0_SetInterruptHandler                             2     0      2      23
                                             17 COMRAM     2     0      2
 ---------------------------------------------------------------------------------
 (2) _EUSART1_Initialize                                   0     0      0      90
_EUSART1_FramingErrorCallbackRegiste
_EUSART1_OverrunErrorCallbackRegiste
 ---------------------------------------------------------------------------------
 (3) _EUSART1_OverrunErrorCallbackRegister                 2     0      2      45
                                             17 COMRAM     2     0      2
 ---------------------------------------------------------------------------------
 (3) _EUSART1_FramingErrorCallbackRegister                 2     0      2      45
                                             17 COMRAM     2     0      2
 ---------------------------------------------------------------------------------
 (2) _CLOCK_Initialize                                     0     0      0       0
 ---------------------------------------------------------------------------------
 (2) _CCP5_Initialize                                      0     0      0       0
 ---------------------------------------------------------------------------------
 (2) _ADC_Initialize                                       0     0      0       0
 ---------------------------------------------------------------------------------
 (1) _SDCARD_WriteBlock                                    8     2      6     262
                                             18 COMRAM     8     2      6
                  _SPI2_ByteExchange
 ---------------------------------------------------------------------------------
 (1) _SDCARD_ReadBlock                                     8     2      6     262
                                             18 COMRAM     8     2      6
                  _SPI2_ByteExchange
 ---------------------------------------------------------------------------------
 (1) _SDCARD_PollWriteComplete                             1     1      0     124
                                             18 COMRAM     1     1      0
                  _SPI2_ByteExchange
 ---------------------------------------------------------------------------------
 (3) _SPI2_ByteExchange                                    1     0      1      79
                                             17 COMRAM     1     0      1
 ---------------------------------------------------------------------------------
 (1) _EUSART1_Read                                         0     0      0       0
                                NULL *
_EUSART1_DefaultFramingErrorCallback *
_EUSART1_DefaultOverrunErrorCallback *
 ---------------------------------------------------------------------------------
 (2) _EUSART1_DefaultOverrunErrorCallback                  0     0      0       0
 ---------------------------------------------------------------------------------
 (2) _EUSART1_DefaultFramingErrorCallback                  0     0      0       0
 ---------------------------------------------------------------------------------
 (14) NULL(Fake)                                           0     0      0       0
 ---------------------------------------------------------------------------------
 (1) _EUSART1_IsRxReady                                    0     0      0       0
 ---------------------------------------------------------------------------------
 Estimated maximum stack depth 14
 ---------------------------------------------------------------------------------
 (Depth) Function   	        Calls       Base Space   Used Autos Params    Refs
 ---------------------------------------------------------------------------------
 (12) _INTERRUPT_InterruptManager                          4     4      0     159
                                             13 COMRAM     4     4      0
                   _TMR0_OverflowISR
 ---------------------------------------------------------------------------------
 (13) _TMR0_OverflowISR                                    0     0      0     159
                                NULL *
       _TMR0_DefaultOverflowCallback *
                          _myTMR0ISR *
 ---------------------------------------------------------------------------------
 (14) _myTMR0ISR                                           3     3      0     159
                                             10 COMRAM     3     3      0
                    _TMR0_CounterGet
                  i2_TMR0_CounterSet
 ---------------------------------------------------------------------------------
 (15) i2_TMR0_CounterSet                                   2     0      2      45
                                              8 COMRAM     2     0      2
                    _TMR0_CounterGet (ARG)
 ---------------------------------------------------------------------------------
 (15) _TMR0_CounterGet                                     8     6      2      69
                                              0 COMRAM     8     6      2
 ---------------------------------------------------------------------------------
 (14) _TMR0_DefaultOverflowCallback                        0     0      0       0
 ---------------------------------------------------------------------------------
 (14) NULL(Fake)                                           0     0      0       0
 ---------------------------------------------------------------------------------
 Estimated maximum stack depth 15
 ---------------------------------------------------------------------------------

 Call Graph Graphs:

 _main (ROOT)
   _EUSART1_IsRxReady
   _EUSART1_Read
     NULL(Fake) *
     _EUSART1_DefaultFramingErrorCallback *
     _EUSART1_DefaultOverrunErrorCallback *
   _SDCARD_Initialize
     _SPI2_ByteExchange
     _printf
       _vfprintf
         _vfpfcnvrt
           _ctoa
             _fputc
               _putch
                 _EUSART1_IsTxReady
                 _EUSART1_Write
           _dtoa
             ___awdiv
             ___awmod
             _abs
               ___awmod (ARG)
             _pad
               _fputc
               _fputs
                 _fputc
           _fputc
           _read_prec_or_width
           _utoa
             ___lwdiv
             ___lwmod
             _pad
           _xtoa
             _pad
   _SDCARD_PollWriteComplete
     _SPI2_ByteExchange
   _SDCARD_ReadBlock
     _SPI2_ByteExchange
   _SDCARD_WriteBlock
     _SPI2_ByteExchange
   _SPI2_Close
   _SPI2_Open
   _SYSTEM_Initialize
     _ADC_Initialize
     _CCP5_Initialize
     _CLOCK_Initialize
     _EUSART1_Initialize
       _EUSART1_FramingErrorCallbackRegister
       _EUSART1_OverrunErrorCallbackRegister
     _INTERRUPT_Initialize
       _INT0_SetInterruptHandler
       _INT1_SetInterruptHandler
       _INT2_SetInterruptHandler
     _PIN_MANAGER_Initialize
     _SPI2_Initialize
     _TMR0_Initialize
       _TMR0_OverflowCallbackRegister
     _TMR1_Initialize
   _TMR0_CounterSet
   _TMR0_OverflowCallbackRegister
   _TMR1_CounterSet
   ___awmod
   _hexDumpBuffer
     _printf
   _initSDCard
     _SDCARD_Initialize
     _SPI2_Close
     _SPI2_Open
   _printf

 _INTERRUPT_InterruptManager (ROOT)
   _TMR0_OverflowISR
     NULL(Fake) *
     _TMR0_DefaultOverflowCallback *
     _myTMR0ISR *
       _TMR0_CounterGet
       i2_TMR0_CounterSet
         _TMR0_CounterGet (ARG)

Address spaces:
Name               Size   Autos  Total    Usage
BIGRAM            1535      0    1024     66.7%
BITBANK5           256      0       0      0.0%
BANK5              256      0       0      0.0%
BITBANK4           256      0       0      0.0%
BANK4              256      0       0      0.0%
BITBANK3           256      0       0      0.0%
BANK3              256      0       0      0.0%
BITBANK2           256      0       0      0.0%
BANK2              256      0       0      0.0%
BITBANK1           256      0       0      0.0%
BANK1              256      0       0      0.0%
BITBANK0           160      0       0      0.0%
BANK0              160     54     103     64.4%
BITCOMRAM           94      0       0      0.0%
COMRAM              94     60      77     81.9%
BITBIGSFRh          58      0       0      0.0%
BITBIGSFRlllh       54      0       0      0.0%
BITBIGSFRllllll     25      0       0      0.0%
BITBIGSFRlh         21      0       0      0.0%
BITBIGSFRllllll     13      0       0      0.0%
BITBIGSFRllh         8      0       0      0.0%
BITBIGSFRlllllh      6      0       0      0.0%
BITBIGSFRllllh       2      0       0      0.0%
STACK                0      0       0      0.0%
DATA                 0      0    1204      0.0%


Microchip Technology PIC18 Macro Assembler V3.10 build 20250813170317 
Symbol Table                                                                                   Wed Nov  5 20:56:30 2025

                                   _SPI2_BufferWrite 0000                                                   l19 1FF0  
                                                 l47 2050                                                   l94 1FFE  
                                       ___awdiv@sign 0018                                 SDCARD_ReadBlock@addr 0014  
                                     hexDumpBuffer@i 007F                                       hexDumpBuffer@j 007B  
                                                l100 1ABC                                                  l102 1ABC  
                                                l105 2060                                                  l222 2034  
                                                l135 1FA6                                                  l137 1FB4  
                                                l209 203E                                                  l321 1F0A  
                                                l138 1FB8                                                  l235 202A  
                                                l414 1CF0                                                  l247 200C  
                                                l192 1E0C                                                  l336 2016  
                                                l361 2020                                                  l611 205C  
                                                l268 1EE8                                                  l605 1F4A  
                                                l615 1FA0                                                  l608 2064  
                                                l528 1DA4                                                  l720 04A2  
                                                l297 1E6C                                                  l619 1F84  
                                                l715 046C                                                  l572 1FE0  
                                                l820 1CF2                                                  l708 03A0  
                                                l805 17A8                                                  l397 1E3C  
                                                l590 1B3E                                                  l815 19A4  
                                                l831 0F32                                                  l735 06AA  
                                                l727 05E8                                                  l576 1EC0  
                                                l825 1D30                                                  l817 19A6  
                                                l577 1EC2                                                  l593 2056  
                                                l850 10A8                                                  l666 1FCC  
                                                l687 0084                                                  l856 0E2A  
                                                l698 029C                                                  l867 0EFA  
                         ??_INT0_SetInterruptHandler 0015                                      _timer1ReloadVal 0044  
                                                _abs 1DA6                                                  _pad 19A8  
                                                _sin 79B7                                         ___awmod@sign 0018  
                                _SPI2_BufferExchange 0000                                                  tosl 0FFD  
                                                wreg 0FE8                                           _TXSTA1bits 0FAC  
                                    _CCP5_Initialize 204A                                                 l1211 16F8  
                                               ?_abs 0019                                                 l1224 1856  
                                               l1702 1104                                                 l1471 1BA8  
                                               l1801 1D6E                                                 l1481 1C0C  
                                               l5001 02D8                                                 l1715 1206  
                                               l5011 032A                                                 l5003 02E0  
                                               l1741 18F8                                                 l1725 13D8  
                                               l5101 06EC                                                 l5021 0394  
                                               l5013 0340                                                 l5005 02EA  
                                               l1478 1BB0                                                 l5111 072A  
                                               l5023 040E                                                 l5007 02FC  
                                               l5015 0350                                                 l1488 1C14  
                                               l1681 1A18                                                 l1745 1900  
                                               l1737 12FE                                                 l5121 0788  
                                               l5113 074C                                                 l5105 06F4  
                                               l5041 046E                                                 l5025 041A  
                                               l5017 0372                                                 l5009 031E  
                                               l1658 1F2A                                                 l4411 163A  
                                               l4403 1D32                                                 l1683 1A36  
                                               l5131 07AE                                                 l5123 0790  
                                               l5115 0758                                                 l5107 070C  
                                               l5051 0540                                                 l5043 048A  
                                               l5035 0444                                                 l5027 0430  
                                               l5019 037E                                                 l3613 2036  
                                               l3701 1E0E                                                 l4421 1664  
                                               l4413 163C                                                 l1781 1DD8  
                                               l4405 1D3C                                                 l4501 1B76  
                                               l5141 0826                                                 l5133 07C0  
                                               l5125 079C                                                 l5117 0768  
                                               l5109 071E                                                 l5061 0594  
                                               l5053 055C                                                 l5045 04A4  
                                               l5037 0456                                                 l5029 043C  
                                               l1694 15DA                                                 l1678 19DA  
                                               l1758 0D10                                                 l1774 1CAC  
                                               l3607 1FA2                                                 l3631 1F98  
                                               l3615 202C                                                 l3711 1E34  
                                               l3703 1E14                                                 l4431 1690  
                                               l4423 166C                                                 l4415 164A  
                                               l4407 1D4E                                                 l4511 1BA2  
                                               l4503 1B7C                                                 l5151 0866  
                                               l5143 0836                                                 l5135 07E2  
                                               l5127 07A4                                                 l5119 0774  
                                               l5071 05F6                                                 l5063 05A2  
                                               l5055 055E                                                 l5047 0532  
                                               l5039 045A                                                 l3721 2058  
                                               l3609 1FB6                                                 l3633 1F6A  
                                               l3617 2022                                                 l3713 1E36  
                                               l3705 1E20                                                 l1793 1576  
                                               l1697 1618                                                 l4441 16CA  
                                               l4433 1698                                                 l4425 1670  
                                               l4417 1652                                                 l4409 1D52  
                                               l4601 114C                                                 l4505 1B92  
                                               l4521 1BE2                                                 l4513 1BB2  
                                               l5153 08E2                                                 l5145 084A  
                                               l5137 07F2                                                 l5129 07AA  
                                               l5081 0628                                                 l5065 05C8  
                                               l5057 056C                                                 l5049 053E  
                                               l1778 1DC0                                                 l3651 1FEE  
                                               l3635 1F7C                                                 l3715 1D70  
                                               l3619 2018                                                 l3707 1E22  
                                               l4371 1E9E                                                 l1699 1638  
                                               l4451 16F0                                                 l4443 16CC  
                                               l4435 16A6                                                 l4427 1676  
                                               l4419 1656                                                 l4531 19B6  
                                               l4611 11BC                                                 l4603 1166  
                                               l4507 1B9A                                                 l4523 1BF8  
                                               l4515 1BC4                                                 l5171 095E  
                                               l5163 091E                                                 l5155 08F6  
                                               l5147 0852                                                 l5139 0804  
                                               l5091 0686                                                 l5083 0646  
                                               l5075 060C                                                 l5067 05D6  
                                               l5059 057A                                                 l3901 1902  
                                               l3653 204A                                                 l3629 1F86  
                                               l3717 1D84                                                 l3709 1E2C  
                                               l4373 1EAE                                                 l4381 1F2E  
                                               l4445 16D2                                                 l4437 16AC  
                                               l4429 1688                                                 l4461 17C2  
                                               l4541 19FA                                                 l4533 19C6  
                                               l4605 1180                                                 l4613 11CA  
                                               l4701 18C6                                                 l4509 1B9C  
                                               l4525 1C00                                                 l4517 1BCC  
                                               l3661 1AB6                                                 l5165 093A  
                                               l5157 08FE                                                 l5149 085E  
                                               l5093 069E                                                 l5085 0662  
                                               l5077 0612                                                 l5069 05EA  
                                               ?_pad 0024                                                 l3911 191C  
                                               l3903 1902                                                 l3647 1FE2  
                                               l3719 1D90                                                 l3671 1DEC  
                                               l3655 1FF2                                                 l4375 1EBC  
                                               l4383 1F2E                                                 l4391 14C0  
                                               l4551 158A                                                 l4439 16C2  
                                               l4447 16D8                                                 l4471 17F6  
                                               l4463 17C6                                                 l4455 17AA  
                                               l4543 1A26                                                 l4535 19D4  
                                               l4615 11DA                                                 l4607 1192  
                                               l4703 18D2                                                 l4527 1C06  
                                               l4519 1BD4                                                 l4631 1320  
                                               l4623 1300                                                 l4711 0AB0  
                                               l3663 1AB8                                                 l5175 0960  
                                               l5167 094C                                                 l5159 0904  
                                               l5095 06A8                                                 l3921 1954  
                                               l3913 1924                                                 l3905 1904  
                                               l3649 1FEA                                                 l3673 1DEE  
                                               l3681 1E3E                                                 l3841 1ED0  
                                               l4385 1F42                                                 l4393 14D2  
                                               l4553 1596                                                 l4449 16E8  
                                               l4481 1830                                                 l4473 17FE  
                                               l4465 17D4                                                 l4457 17AC  
                                               l4545 1DA6                                                 l4537 19E4  
                                               l4529 19A8                                                 l4617 11E0  
                                               l4609 11A2                                                 l4641 1374  
                                               l4633 1340                                                 l4625 1304  
                                               l4713 0AB6                                                 l4705 0A78  
                                               l3665 205E                                                 l3657 1A38  
                                               l5177 0982                                                 l5169 095E  
                                               l5097 06B8                                                 l5089 066A  
                                               l5193 09F6                                                 l3931 198E  
                                               l3923 1974                                                 l3915 192C  
                                               l3907 190C                                                 l3675 1DFC  
                                               l3667 1DDA                                                 l3683 1E42  
                                               l3691 1EF0                                                 l3843 1ED4  
                                               l3851 200E                                                 l4379 2052  
                                               l4395 14DC                                                 l4571 1626  
                                               l4563 15D4                                                 l4555 15A2  
                                               l4475 180C                                                 l4483 1836  
                                               l4467 17DC                                                 l4459 17BA  
                                               l4547 1DB4                                                 l4539 19F6  
                                               l4619 11EC                                                 l4491 1B40  
                                               l4643 1386                                                 l4635 1342  
                                               l4627 1312                                                 l4731 0B26  
                                               l4723 0AD6                                                 l4715 0ABC  
                                               l4707 0A9A                                                 l4811 0F10  
                                               l4803 0F00                                                 l3659 1A46  
                                               l5187 098A                                                 l5099 06DC  
                                               l3941 1D10                                                 l3933 1992  
                                               l3917 1934                                                 l3909 1914  
                                               l3677 1DFE                                                 l3669 1DE0  
                                               l3685 1E64                                                 l3693 1EF6  
                                               l3845 1ED8                                                 l3837 1EC4  
                                               l3853 2012                                                 l3861 1CD6  
                                               l4397 14FA                                                 l4389 14AE  
                                               l4565 15E4                                                 l4557 15B0  
                                               l4549 1578                                                 l4485 1846  
                                               l4477 1822                                                 l4469 17EE  
                                               l4581 10DA                                                 l4573 10AA  
                                               l4493 1B46                                                 l4645 1396  
                                               l4637 1348                                                 l4629 131A  
                                               l4661 1228                                                 l4653 1208  
                                               l4733 0B30                                                 l4717 0ABE  
                                               l4725 0AF4                                                 l4709 0AA6  
                                               l4901 0D78                                                 l4821 0F92  
                                               l4813 0F16                                                 l5189 09E0  
                                               l3935 1CF4                                                 l3919 193C  
                                               l3679 2000                                                 l3687 1E6A  
                                               l3695 1F02                                                 l3847 1EDC  
                                               l3839 1ECC                                                 l3863 1CDA  
                                               l3855 1CAE                                                 l4399 1530  
                                               l4567 15F6                                                 l4559 15C2  
                                               l4487 184E                                                 l4479 182A  
                                               l4591 110A                                                 l4583 10E0  
                                               l4575 10AE                                                 l4495 1B58  
                                               l4647 13B0                                                 l4639 1362  
                                               l4671 1256                                                 l4663 122E  
                                               l4655 120C                                                 l4751 0BE6  
                                               l4735 0B52                                                 l4743 0B88  
                                               l4727 0B04                                                 l4719 0ACE  
                                               l4911 0DE0                                                 l4903 0D96  
                                               l4831 0FBE                                                 l4823 0FA4  
                                               l4815 0F34                                                 l3881 1AE8  
                                               l3873 1ABE                                                 l3937 1CFE  
                                               l3961 170C                                                 l3953 16FA  
                                               l3929 197A                                                 l3697 1F04  
                                               l3689 1EEA                                                 l3849 1EE0  
                                               l3857 1CBC                                                 l3865 1CE8  
                                               l4569 15FA                                                 l4593 1112  
                                               l4585 10F0                                                 l4577 10C2  
                                               l4497 1B60                                                 l4649 13BE  
                                               l4681 12AC                                                 l4673 1258  
                                               l4665 123E                                                 l4657 121A  
                                               l4761 0C52                                                 l4753 0C02  
                                               l4745 0B96                                                 l4737 0B5E  
                                               l4729 0B18                                                 l4921 0E54  
                                               l4913 0E02                                                 l4905 0DA2  
                                               l4841 0FE6                                                 l4833 0FC6  
                                               l4825 0FA6                                                 l4817 0F80  
                                               l4809 0F08                                                 l3891 1B3C  
                                               l3883 1B00                                                 l3875 1AC6  
                                               l3947 1D16                                                 l3939 1D00  
                                               l3971 1734                                                 l3963 1714  
                                               l3955 16FA                                                 l3699 1F06  
                                               l3867 1CEC                                                 l3859 1CD0  
                                               l4595 1118                                                 l4587 10FA  
                                               l4579 10CA                                                 l4691 1858  
                                               l4499 1B68                                                 l4683 12BC  
                                               l4675 125E                                                 l4667 1246  
                                               l4659 1222                                                 l4763 0C6A  
                                               l4747 0BB2                                                 l4739 0B74  
                                               l4931 0EB0                                                 l4923 0E66  
                                               l4907 0DB4                                                 l4915 0E08  
                                               l4851 1026                                                 l4843 0FF2  
                                               l4835 0FCE                                                 l4827 0FAE  
                                               l4819 0F82                                                 l3869 1FCE  
                                               l3885 1B0E                                                 l3877 1AD4  
                                               l3949 1D2E                                                 l3981 176A  
                                               l3973 174C                                                 l3965 171C  
                                               l3957 16FC                                                 l4597 1144  
                                               l4589 1100                                                 l4693 185E  
                                               l4685 12D6                                                 l4669 124A  
                                               l4677 127E                                                 l4765 0C8A  
                                               l4757 0C1A                                                 l4749 0BCE  
                                               l4781 0CEA                                                 l4933 0ED2  
                                               l4925 0E72                                                 l4917 0E1E  
                                               l4909 0DD0                                                 l4861 1048  
                                               l4853 1028                                                 l4845 0FF4  
                                               l4837 0FD6                                                 l4829 0FB6  
                                               l4941 0072                                                 l3887 1B12  
                                               l3879 1AD6                                                 l3983 1780  
                                               l3975 1764                                                 l3967 1724  
                                               l3959 1704                                                 l4599 1146  
                                               l4695 1880                                                 l4679 129A  
                                               l4687 12E4                                                 l4775 0CBA  
                                               l4759 0C36                                                 l4791 1C88  
                                               l4927 0E84                                                 l4935 0ED8  
                                               l4919 0E4E                                                 l4871 1074  
                                               l4863 1050                                                 l4855 1030  
                                               l4847 1004                                                 l4839 0FDE  
                                               l4951 009E                                                 l4943 0076  
                                               l3889 1B24                                                 l3985 1784  
                                               l3969 172C                                                 l4697 188C  
                                               l4769 0CA2                                                 l4777 0CDA  
                                               l4793 1CA4                                                 l4937 0EEE  
                                               l4929 0EA0                                                 l4873 1076  
                                               l4865 1058                                                 l4857 1038  
                                               l4849 1014                                                 l4881 1FBE  
                                               l4961 00CC                                                 l4953 00A0  
                                               l4945 0078                                                 l3987 1796  
                                               l4699 18A8                                                 l4787 1C68  
                                               l4875 1086                                                 l4867 1060  
                                               l4859 1040                                                 l4883 1FC6  
                                               l4971 00FC                                                 l4963 00D0  
                                               l4955 00A2                                                 l4947 0082  
                                               l4939 0060                                                 l3989 17A6  
                                               l4789 1C74                                                 l4797 1F0C  
                                               l4893 0D28                                                 l4885 0D12  
                                               l4877 1096                                                 l4869 1068  
                                               l4981 0274                                                 l4973 025E  
                                               l4965 00D8                                                 l4957 00B0  
                                               l4949 0092                                                 l4799 1F10  
                                               l4895 0D3A                                                 l4887 0D20  
                                               l4879 1FBA                                                 l4983 0280  
                                               l4975 026E                                                 l4967 00DC  
                                               l4959 00BE                                                 l4897 0D58  
                                               l4993 02A8                                                 l4985 0286  
                                               l4969 00F0                                                 l4899 0D64  
                                               l4995 02B4                                                 l4987 02A2  
                                               l4997 02BA                                                 l4999 02D4  
                                               STR_1 7FC3                                                 STR_2 7F42  
                                               STR_3 7FCE                                                 STR_4 7B2F  
                                               STR_5 7F0A                                                 STR_6 7FF1  
                                               STR_7 7FFD                                                 STR_8 7FF1  
                                               STR_9 7BF9                                                 u3100 14D2  
                                               _IOCB 0F62                                                 u3101 14CE  
                                               _LATA 0F89                                                 u2310 1FB4  
                                               u3110 14FA                                                 _LATB 0F8A  
                                               u2311 1FB0                                                 u3111 14F6  
                                               _LATC 0F8B                                                 u2320 1F98  
                                               u3120 1530                                                 u3200 17BA  
                                               u4000 0624                                                 u2321 1F94  
                                               u3121 152C                                                 u3201 17B6  
                                               u4001 0620                                                 u2330 1F7C  
                                               u3210 17D4                                                 u3130 1D6E  
                                               u4010 069E                                                 u2331 1F78  
                                               u3211 17D0                                                 u3131 1D6A  
                                               u4011 069A                                                 u2500 1AD4  
                                               u3060 1EAE                                                 u3140 164A  
                                               u3220 17EE                                                 u3300 1BE2  
                                               u2340 1A46                                                 u4100 0826  
                                               u4020 06B8                                                 u2501 1AD0  
                                               u3061 1EAA                                                 u3141 1646  
                                               u3221 17EA                                                 u3301 1BDE  
                                               u2341 1A42                                                 u4101 0822  
                                               u4021 06B4                                                 u2510 1AE8  
                                               u3070 1EBC                                                 u3150 1664  
                                               u3230 180C                                                 u3310 1BF8  
                                               u4110 084A                                                 u4030 06DC  
                                               u2511 1AE4                                                 u3071 1EB8  
                                               u3151 1660                                                 u3231 1808  
                                               u3311 1BF4                                                 u4111 0846  
                                               u4031 06D8                                                 u2600 1764  
                                               u3080 1F42                                                 u3400 1618  
                                               u3160 1688                                                 u3240 1822  
                                               u3320 19B6                                                 u4120 08F6  
                                               u4040 071E                                                 u2601 1760  
                                               u3081 1F3E                                                 u3401 1614  
                                               u3161 1684                                                 u3241 181E  
                                               u3321 19B2                                                 u4121 08F2  
                                               u4041 071A                                                 u2530 1B0E  
                                               u2610 1796                                                 u3090 14C0  
                                               u3410 1626                                                 u3170 16A6  
                                               u3250 1846                                                 u3330 19D4  
                                               u4130 091A                                                 u4050 074C  
                                               u2531 1B0A                                                 u2611 1792  
                                               u3091 14BC                                                 u3411 1622  
                                               u3171 16A2                                                 u3251 1842  
                                               u3331 19D0                                                 u4131 0916  
                                               u4051 0748                                                 u2540 1B24  
                                               u2460 1CBC                                                 u3180 16C2  
                                               u3340 1A18                                                 u3500 11CA  
                                               u3420 10BE                                                 u3260 1B58  
                                               u4140 095E                                                 u4060 0788  
                                               u2541 1B20                                                 u2461 1CB8  
                                               u3181 16BE                                                 u3341 1A14  
                                               u3501 11C6                                                 u3421 10B8  
                                               u3261 1B54                                                 u4141 095A  
                                               u4061 0784                                                 u2470 1CCC  
                                               u3190 16E8                                                 u3350 1A26  
                                               u3510 11DA                                                 u3430 10C0  
                                               u3270 1B76                                                 u4070 07C0  
                                               u2471 1CC6                                                 u3191 16E4  
                                               u3351 1A22                                                 u3511 11D6  
                                               u3271 1B72                                                 u4071 07BC  
                                               u2528 1AEE                                                 u2560 1954  
                                               u3360 1DB4                                                 u3440 10DA  
                                               u3280 1B92                                                 u3520 1374  
                                               u3600 12AC                                                 u4080 07E2  
                                               u2529 1B00                                                 u2561 1950  
                                               u3361 1DB0                                                 u3441 10D6  
                                               u3281 1B8E                                                 u3521 1370  
                                               u3601 12A8                                                 u4081 07DE  
                                               u2490 1FDE                                                 u2570 19A4  
                                               u3370 158A                                                 u3450 10F0  
                                               u3290 1BC4                                                 u3530 1386  
                                               u3610 12BC                                                 u4090 0804  
                                               u2491 1FD8                                                 u2571 19A0  
                                               u3371 1586                                                 u3451 10EC  
                                               u3291 1BC0                                                 u3531 1382  
                                               u3611 12B8                                                 u4091 0800  
                                               u2580 1D10                                                 u2476 1CCE  
                                               u3380 15B0                                                 u3460 1180  
                                               u3540 1396                                                 u3620 12D6  
                                               u3700 0BB2                                                 u2581 1D0C  
                                               u2485 1CE2                                                 u3381 15AC  
                                               u3461 117C                                                 u3541 1392  
                                               u3621 12D2                                                 u3701 0BAE  
                                               u2558 1B2A                                                 u2590 174C  
                                               u2486 1CE4                                                 u3390 15D0  
                                               u3470 1192                                                 u3550 13B0  
                                               u3630 12E4                                                 u3710 0BCE  
                                               u2559 1B3C                                                 u2591 1748  
                                               u3391 15CC                                                 u3471 118E  
                                               u3551 13AC                                                 u3631 12E0  
                                               u3711 0BCA                                                 u2496 1FE0  
                                               u3480 11A2                                                 u3640 1880  
                                               u3560 13BE                                                 u3720 0C36  
                                               u3800 1096                                                 u3481 119E  
                                               u3641 187C                                                 u3561 13BA  
                                               u3721 0C32                                                 u3801 1092  
                                               u3490 11BC                                                 u3650 18F8  
                                               u3570 123E                                                 u3730 0C52  
                                               u3810 0D3A                                                 u3491 11B8  
                                               u3651 18F4                                                 u3571 123A  
                                               u3731 0C4E                                                 u3811 0D36  
                                               u3660 0A9A                                                 u3740 1CA4  
                                               u3820 0D58                                                 u3900 0092  
                                               u3661 0A96                                                 u3741 1CA0  
                                               u3821 0D54                                                 u3901 008E  
                                               u3590 129A                                                 u3670 0B04  
                                               u3830 0D78                                                 u3750 0F32  
                                               u3910 00F0                                                 u3591 1296  
                                               u3671 0B00                                                 u3831 0D74  
                                               u3751 0F2E                                                 u3911 00EC  
                                               u3680 0B26                                                 u3840 0D96  
                                               u3760 0F92                                                 u3920 029C  
                                               u3585 126A                                                 u3681 0B22  
                                               u3841 0D92                                                 u3761 0F8E  
                                               u3921 0298                                                 u3690 0B52  
                                               u3850 0DD0                                                 u3770 1004  
                                               u3930 02D0                                                 u3691 0B4E  
                                               u3851 0DCC                                                 u3771 1000  
                                               u3931 02CC                                                 u3860 0E1E  
                                               u3780 1014                                                 u3940 02FC  
                                               u3861 0E1A                                                 u3781 1010  
                                               u3941 02F8                                                 u3870 0E66  
                                               u3790 1086                                                 u3950 031E  
                                               u3871 0E62                                                 u3791 1082  
                                               u3951 031A                                                 u3880 0EA0  
                                               u3960 0372                                                 u3881 0E9C  
                                               u3961 036E                                                 u3890 0EEE  
                                               u3970 046C                                                 u3891 0EEA  
                                               u3971 0468                                                 u3980 04A2  
                                               u3981 049E                                                 u3990 0608  
                                               u3991 0604                                                 _WPUB 0F61  
                                      _EUSART1_Write 2052                                                 abs@a 0019  
                                               _dbuf 009F                                                 _ctoa 1578  
                                               _main 0060                                                 _dtoa 10AA  
                                        main@sineIdx 008A                                        ?_EUSART1_Read 0002  
                                               _prec 0096                                                 pad@i 002A  
                                               pad@p 0027                                                 fsr1h 0FE2  
                                               fsr2h 0FDA                                                 indf2 0FDF  
                                               fsr1l 0FE1                                                 fsr2l 0FD9  
                                               btemp 0001                                                 _utoa 1300  
                                               _xtoa 1208                              __end_of_TMR0_CounterGet 1F6A  
                            __end_of_TMR0_CounterSet 2018                        i2TMR0_CounterSet@counterValue 000A  
                          ?_INT2_SetInterruptHandler 0013                                                 prodh 0FF4  
                                               prodl 0FF3                                      ??_hexDumpBuffer 0079  
                                               start 005C                                         ___param_bank 0000  
                              myTMR0ISR@micReadInVal 000E                                     _TMR0_OverflowISR 1E6E  
                                              ??_abs 001B                                                ??_pad 0029  
                            __end_of_TMR0_Initialize 1F0C                                         _BAUDCON1bits 0FB8  
                                        ?_SPI2_Close 0002                                                ?_ctoa 001E  
                                              ?_main 0002                                                ?_dtoa 002C  
                                    __end_of___awdiv 16FA                                                STR_10 7B31  
                                              STR_11 7FA6                                                STR_12 7FDF  
                                              STR_20 7B65                                                STR_21 7B31  
                                              STR_13 7ECD                                                STR_30 7EE2  
                                              STR_14 7E9E                                                STR_22 7B99  
                                              STR_15 7B31                                                STR_31 7E1C  
                                              STR_23 7C2A                                                STR_32 7EF6  
                                              STR_16 7E86                                                STR_24 7D46  
                                              STR_40 7C56                                                STR_25 7B31  
                                              STR_17 7B31                                                STR_33 7F0A  
                                              STR_41 7F65                                                STR_50 7FF1  
                                              STR_42 7FF1                                                STR_34 7FF1  
                                              STR_26 7FD7                                                STR_18 7D21  
                                              STR_27 7FF8                                                STR_51 7FFD  
                                              STR_43 7FFD                                                STR_35 7FFD  
                                              STR_19 7C81                                                STR_28 7FF8  
                                              STR_52 7FF1                                                STR_44 7FF1  
                                              STR_36 7FF1                                                STR_60 7A77  
                                    __end_of___awmod 1858                                                STR_53 7BF9  
                                              STR_45 7BF9                                                STR_37 7BF9  
                                              STR_29 7DC5                                                STR_61 7AF5  
                                              STR_70 7AF5                                                STR_46 7EB6  
                                              STR_62 7DE3                                                STR_38 7DA6  
                                              STR_54 7D86                                                STR_71 7DE3  
                                              STR_63 7F30                                                STR_47 7CFB  
                                              STR_39 7CD5                                                STR_55 7CAC  
                                              STR_72 7F30                                                STR_80 7F74  
                                              STR_48 7F97                                                STR_64 7BFC  
                                              STR_56 79E0                                                STR_81 7F73  
                                              STR_49 7F65                                                STR_57 7F76  
                                              STR_73 7D66                                                STR_65 7A2E  
                                              STR_82 7F85                                                STR_66 7FB5  
                                              STR_74 7F87                                                STR_58 7F1D  
                                              STR_83 7FFA                                                STR_75 7F54  
                                              STR_67 7E6D                                                STR_59 7ABB  
                                              STR_84 7BF9                                                STR_68 7FEC  
                                              STR_76 7E38                                                STR_85 7FE6  
                                              STR_77 7E53                                                STR_69 7BCB  
                                              STR_86 7F72                                                STR_78 7E00  
                                              STR_87 7F85                                                STR_79 7FF6  
                                              STR_88 7FFA                                                STR_89 7BF9  
                                              ?_utoa 002C                                                _T0CON 0FD5  
                                    ___awdiv@divisor 0015                                                ?_xtoa 002C  
                                              _T1CON 0FCD                                      __end_of___lwdiv 1BB2  
                                    __end_of___lwmod 1C16                              __end_of_TMR1_CounterSet 1CF2  
                                              i2l333 1F68                                                i2l336 2048  
                                              i2l364 2066                                                i2l358 1E9C  
                                              i2l199 0048                                                i2l784 14AC  
                                              i2l779 13DE                                      ___awdiv@counter 0017  
                                              _UART1 796B                                         vfpfcnvrt@fmt 003B  
                                              _TMR0H 0FD7                                                _TMR1H 0FCF  
                                              _TMR0L 0FD6                                                _TMR1L 0FCE  
                                              _TRISA 0F92                                                _TRISB 0F93  
                                              _TRISC 0F94                                                _TRISE 0F96  
       __end_of_EUSART1_FramingErrorCallbackRegister 1FA2               ??_EUSART1_FramingErrorCallbackRegister 0015  
              ?_EUSART1_FramingErrorCallbackRegister 0013                 _EUSART1_FramingErrorCallbackRegister 1F86  
                                              _flags 004E                                  read_prec_or_width@c 0017  
                                read_prec_or_width@n 0018                                                _fputc 14AE  
                                              _fputs 1D32                                                btemp0 0001  
                                              pad@fp 0024                                                btemp1 0002  
                                              _width 003E                                                ctoa@c 0020  
                                              _putch 1F2C                                                ctoa@l 0022  
                                              main@_ 0084                                                ctoa@w 0024  
                                              main@i 0090                                                main@j 0087  
                                              dtoa@d 002E                                                dtoa@i 0036  
                                              dtoa@p 0032                                                dtoa@s 0035  
                                              dtoa@w 0033                             _INT1_SetInterruptHandler 202C  
                                     ?_EUSART1_Write 0013                              __end_of_TMR1_Initialize 1E3E  
                                              pclath 0FFA                                                pclatu 0FFB  
                                    _tmr0PeriodCount 0046                                                tablat 0FF5  
                                     ??_EUSART1_Read 0013                                _EUSART1_AutoBaudQuery 0000  
                                              utoa@d 002E                                                utoa@i 0033  
                                              utoa@p 0030                                                utoa@w 0031  
                                              status 0FD8                                                xtoa@c 0036  
                                              xtoa@d 002E                                                xtoa@i 0037  
                                              xtoa@p 0033                                                xtoa@w 0034  
                                    __initialization 1C16                                          _systemState 009E  
                       SDCARD_ReadBlock@sdCardBuffer 0018                                         __end_of_ctoa 163A  
                         __end_of_EUSART1_Initialize 1DA6                                         __end_of_main 0A78  
                                       __end_of_dtoa 1208                                    _SPI2_ByteExchange 1FA2  
                                       __end_of_utoa 13DA                                         __end_of_xtoa 1300  
                          ?_SDCARD_PollWriteComplete 0002                          ?_INTERRUPT_InterruptManager 0002  
                                 ?_SPI2_ByteExchange 0013                                               ??_ctoa 0021  
                                             ??_main 0081                                               ??_dtoa 0030  
                            __end_of_CCP5_Initialize 2052                                               ??_utoa 0030  
                                             ??_xtoa 0030                                        __activetblptr 0002  
                         __end_of_read_prec_or_width 1902                                  ??_SPI2_ByteExchange 0014  
EUSART1_OverrunErrorCallbackRegister@callbackHandler 0013  EUSART1_FramingErrorCallbackRegister@callbackHandler 0013  
       TMR0_OverflowCallbackRegister@callbackHandler 0013                                               _ADCON0 0FC2  
                                             _ADCON1 0FC1                                               _ADCON2 0FC0  
                                             ?_fputc 0015                                               ?_fputs 001E  
                                             _ADRESH 0FC4                                               _ADRESL 0FC3  
                                             _CCPR5L 0F55                                     ___awdiv@dividend 0013  
                                             _ANSELA 0F38                                               ?_putch 0002  
                                             _ANSELB 0F39                                               _ANSELC 0F3A  
                                             _T1GCON 0FCC                                               i2l4051 0044  
                                             i2l4045 001A                                               i2l4047 0028  
                                             i2l4049 0036                                               i2l3621 1F4C  
                                             i2l3623 1F54                                               i2l3625 1F60  
                                             i2l5225 1476                                               i2l3801 13E4  
                                             i2l3643 2040                                               i2l3803 13F4  
                                             i2l3811 142A                                               i2l3645 2044  
                                             i2l3813 143A                                               i2l3821 1494  
                                             i2l3805 1404                                               i2l3823 14AA  
                                             i2l3815 143E                                               i2l3807 1408  
                                             i2l3831 1E6E                                               i2l3817 1452  
                                             i2l3809 141C                                               i2l3833 1E82  
                                             i2l3819 1460                                               i2l3835 1E9A  
                                             i2l3799 13DA                                               _RCREG1 0FAE  
                                             _RCSTA1 0FAB                                               _OSCCON 0FD3  
                                      vfpfcnvrt@done 0063                                               _SPBRG1 0FAF  
                                             _TXREG1 0FAD                                               _TXSTA1 0FAC  
                                   ?_TMR0_CounterGet 0002                                     ?_TMR0_CounterSet 0013  
                                  __end_of_SPI2_Host 79B7                            __end_of_SPI2_ByteExchange 1FBA  
                                  __end_of_SPI2_Open 1ABE                                         vfprintf@cfmt 006F  
                        TMR0_CounterSet@counterValue 0013                                            ??___awdiv 0017  
                                          ??___awmod 0017                                            ??___lwdiv 0017  
                                          ??___lwmod 0017                                               _redIdx 009A  
                                   ?_TMR0_Initialize 0002                                 read_prec_or_width@ap 0014  
                                             clear_0 1C36                                               clear_1 1C48  
                                             clear_2 1C54                                     ___awdiv@quotient 0019  
                                    ___awmod@divisor 0015                                               isa$std 0001  
                                    ___awmod@counter 0017                                               _printf 1F0C  
                                             pad@buf 0026                                               ctoa@fp 001E  
                                             dtoa@fp 002C                                    ?_CLOCK_Initialize 0002  
                                             fputc@c 0015                                     ?_TMR1_CounterSet 0013  
                       _INT2_DefaultInterruptHandler 0000                                               fputs@c 0021  
                                             fputs@i 0022                                               fputs@s 001E  
                                 ??_CLOCK_Initialize 0013                                         __mediumconst 796A  
                                             tblptrh 0FF7                                               tblptrl 0FF6  
                                             tblptru 0FF8         __end_of_EUSART1_OverrunErrorCallbackRegister 1F86  
             ??_EUSART1_OverrunErrorCallbackRegister 0015                ?_EUSART1_OverrunErrorCallbackRegister 0013  
               _EUSART1_OverrunErrorCallbackRegister 1F6A                                     __end_of_vfprintf 1CAE  
                                    ??_EUSART1_Write 0014                                               utoa@fp 002C  
           INT2_SetInterruptHandler@InterruptHandler 0013             INT1_SetInterruptHandler@InterruptHandler 0013  
           INT0_SetInterruptHandler@InterruptHandler 0013                                               xtoa@fp 002C  
                                   ?_TMR1_Initialize 0002                                    _SYSTEM_Initialize 1EC4  
                                         __accesstop 0060                              __end_of__initialization 1C5A  
                          SPI2_ByteExchange@byteData 0013                                   ?_SYSTEM_Initialize 0002  
                                      ___rparam_used 0001                                       _SPI2_IsRxReady 0000  
                                     _SPI2_IsTxReady 0000                                        __end_of_UART1 799B  
                                   _SDCARD_ReadBlock 16FA                           __end_of_spi2_configuration 79E0  
                                     __pcstackCOMRAM 0002                                         __pidataBANK0 2062  
                                     _SPI2_ByteWrite 0000                                  ??_SYSTEM_Initialize 0015  
                                      __end_of_fputc 1578                                        __end_of_fputs 1D70  
                                      __end_of_putch 1F4C                                 __end_of_EUSART1_Read 1B40  
                                   ?_CCP5_Initialize 0002                     __end_of_INT2_SetInterruptHandler 202C  
                           __end_of_TMR0_OverflowISR 1E9E                                              ??_fputc 0019  
                          __end_of_SYSTEM_Initialize 1EEA                                              ??_fputs 0021  
                                            ??_putch 0014                                   SDCARD_WriteBlock@i 001A  
                                  ??_SPI2_Initialize 0013                                           __pbssBANK0 0096  
                              _INT0_InterruptHandler 004C                                _TMR0_OverflowCallback 00C3  
                            SPI2_Open@spiConfigIndex 0013                                           _blueBuffer 02C7  
                                            _CCP5CON 0F54                                     _EUSART1_IsTxDone 0000  
                             _EUSART1_IsTxReady$1760 0013                                              ?_printf 0071  
                                       ??_SPI2_Close 0013                                     _EUSART1_ErrorGet 0000  
                         ??_INT1_SetInterruptHandler 0015                                              _OSCCON2 0FD2  
                                            _OSCTUNE 0F9B                                              _SPBRGH1 0FB0  
                                            _SSP2ADD 0F6E                                              _SSP2BUF 0F6F  
                                  SDCARD_ReadBlock@i 001A                     __end_of_SDCARD_PollWriteComplete 1D32  
                          ?_INT0_SetInterruptHandler 0013                                 _EUSART1_Deinitialize 0000  
                                         _initSDCard 1FBA                               _EUSART1_TransmitEnable 0000  
                                 __end_of_SPI2_Close 2062                                              __Hparam 0000  
                                            __Lparam 0000                                __end_of_hexDumpBuffer 0EFC  
                          SDCARD_Initialize@response 007A                                              ___awdiv 163A  
                                            ___awmod 17AA                                              ___lwdiv 1B40  
                                  __end_of_myTMR0ISR 14AE                                              ___lwmod 1BB2  
                                          ?_vfprintf 006A                                              __pcinit 1C16  
                                            __ramtop 0600                                              _blueIdx 0098  
                                            __ptext0 0060                                              __ptext1 1FBA  
                                            __ptext2 1A38                                              __ptext3 205E  
                                            __ptext4 0EFC                                              __ptext5 0D12  
                                            __ptext6 1F0C                                              __ptext7 1C68  
                                            __ptext8 0A78                                              __ptext9 1208  
                                          _T0CONbits 0FD5                                            _T1CONbits 0FCD  
                              read_prec_or_width@fmt 0013                               TMR1_CounterSet@onState 0015  
                                   ___awmod@dividend 0013                                   _EUSART1_Initialize 1D70  
                           ??_PIN_MANAGER_Initialize 0013                                              main@cmd 008F  
                               end_of_initialization 1C5A                             _INT2_SetInterruptHandler 2022  
                                ?_EUSART1_Initialize 0002                                           _sampleRate 00C5  
                                            fputc@fp 0017                                        __Lmediumconst 796A  
                        _EUSART1_OverrunErrorHandler 0040                                              fputs@fp 001F  
                                 _read_prec_or_width 1858                        SDCARD_WriteBlock@sdCardBuffer 0018  
                                  __end_of_vfpfcnvrt 0D12                                              postdec1 0FE5  
                                            postdec2 0FDD                                  ?_read_prec_or_width 0013  
                                            postinc0 0FEE                                              postinc1 0FE6  
                                            postinc2 0FDE                                     vfpfcnvrt@convarg 0064  
                                         ??_vfprintf 003D                                            _SPI2_Host 799B  
                                          _SPI2_Open 1A38                                 ??_EUSART1_Initialize 0015  
                              SDCARD_WriteBlock@addr 0014                                _INT1_InterruptHandler 004A  
                              _TMR1_OverflowCallback 00C1                __end_of_TMR0_OverflowCallbackRegister 2022  
                      _TMR0_OverflowCallbackRegister 2018                             __end_of_SDCARD_ReadBlock 17AA  
                                         main@__2109 0085                                      _SPI2_BufferRead 0000  
                               ??_read_prec_or_width 0015                                           main@i_2110 0088  
                                         main@i_2092 008B                       SDCARD_PollWriteComplete@status 0014  
                                EUSART1_Write@txData 0013                                         _EUSART1_Read 1ABE  
               __end_of_TMR0_DefaultOverflowCallback 2068                         _TMR0_DefaultOverflowCallback 2066  
                                        ?_initSDCard 0002                                           main@status 0086  
                           _SDCARD_PollWriteComplete 1CF2                         __end_of_INTERRUPT_Initialize 1E0E  
                                  _SDCARD_Initialize 0EFC                         _INT0_DefaultInterruptHandler 0000  
                                         ?_SPI2_Open 0013                                          vfpfcnvrt@ap 003C  
                                        vfpfcnvrt@cp 0068                                          vfpfcnvrt@fp 0039  
                                 ?_SDCARD_Initialize 0002                                       _ADC_Initialize 1FE2  
                                    _SPI2_Initialize 1FF2                                       __end_of_printf 1F2C  
                                 _spi2_configuration 79D1                                  start_initialization 1C16  
                                ??_SDCARD_Initialize 003E                                          __end_of_abs 1DDA  
                                        __end_of_pad 1A38                                          __end_of_sin 79D1  
                                  ?_TMR0_OverflowISR 0002                                          putch@txData 0014  
                              __end_of_EUSART1_Write 2058                                   ??_TMR0_OverflowISR 000F  
                                  main@sdCardAddress 0092                        ?_TMR0_DefaultOverflowCallback 0002  
                          __end_of_SDCARD_Initialize 10AA                                          vfprintf@fmt 006C  
                     TMR0_CounterGet@counterHighByte 0009                             _TMR1_DefaultGateCallback 0000  
                             __end_of_ADC_Initialize 1FF2                                          __pdataBANK0 00C5  
                                  i2_TMR0_CounterSet 2040                                             ??_printf 003D  
                                 ?i2_TMR0_CounterSet 000A                                          __pbssBIGRAM 00C7  
                                        __pbssCOMRAM 003E                     __end_of_INT0_SetInterruptHandler 2040  
                                      __pcstackBANK0 0060                                  hexDumpBuffer@j_2178 007D  
                                      _SPI2_ByteRead 0000                                  ??i2_TMR0_CounterSet 000C  
                     ?_TMR0_OverflowCallbackRegister 0013                                    _TMR1_GateCallback 00BF  
                              _INT2_InterruptHandler 0048                                            __pnvBANK0 00BF  
                                   ___lwdiv@dividend 0013                               _PIN_MANAGER_Initialize 1E3E  
                                          _dtoa$2843 0030                                    _SDCARD_WriteBlock 1902  
                                          __pintcode 0008                                        __pmediumconst 796A  
                            __end_of_SPI2_Initialize 2000                            __end_ofi2_TMR0_CounterSet 204A  
                                           ?___awdiv 0013                                             ?___awmod 0013  
                                 ?_SDCARD_WriteBlock 0014                                             ?___lwdiv 0013  
                                           ?___lwmod 0013                                      ?_ADC_Initialize 0002  
                                        ??_SPI2_Open 0014                         ??_INTERRUPT_InterruptManager 000F  
                                          _myTMR0ISR 13DA                                          __smallconst 796A  
                                ??_SDCARD_WriteBlock 001A                           ??_INT2_SetInterruptHandler 0015  
                                           _BAUDCON1 0FB8                                    ??_TMR0_CounterGet 0004  
                                  ??_TMR0_CounterSet 0015                                    _EUSART1_IsRxReady 1FCE  
                                          _redBuffer 00C7                                    _EUSART1_IsTxReady 1E9E  
                        TMR0_CounterGet@counterValue 0006                                     ___lwdiv@quotient 0018  
                                 ?_EUSART1_IsRxReady 0002                                   ?_EUSART1_IsTxReady 0002  
                               _INTERRUPT_Initialize 1DDA                                     _CLOCK_Initialize 2000  
                                  ??_TMR0_Initialize 0015                                             _LATBbits 0F8A  
                                           _LATCbits 0F8B                                  ??_EUSART1_IsRxReady 0013  
                                ??_EUSART1_IsTxReady 0013                            ?_INT1_SetInterruptHandler 0013  
                                           _PIE1bits 0F9D                            __end_of_SDCARD_WriteBlock 19A8  
                                           _PIE3bits 0FA3                                    ??_TMR1_CounterSet 0015  
                                           i2u241_40 13F4                                             i2u241_41 13F0  
                                           i2u242_40 141C                                             i2u242_41 1418  
                                           i2u243_40 1452                                             i2u243_41 144E  
                                           i2u244_40 1E82                                             i2u244_41 1E7E  
                                           i2u245_48 1E88                                             i2u245_49 1E9A  
                                           i2u271_40 0028                                             i2u271_41 0024  
                                           i2u272_40 0036                                             i2u272_41 0032  
                                           i2u273_40 0044                                             i2u273_41 0040  
                                           _PIR1bits 0F9E                                  main@blockCount_2091 008D  
                                           _PIR3bits 0FA4                                             _RCONbits 0FD0  
                                           _SSP2CON1 0F6C                                             _SSP2CON3 0F69  
                                           _SSP2STAT 0F6D                       ??_TMR0_DefaultOverflowCallback 0002  
                                          _vfpfcnvrt 0A78                                    ??_TMR1_Initialize 0013  
                                         _ADCON0bits 0FC2                            __end_of_EUSART1_IsRxReady 1FE2  
                                         ?_myTMR0ISR 0002                            __end_of_EUSART1_IsTxReady 1EC4  
                                  ?_SDCARD_ReadBlock 0014                                           vfpfcnvrt@c 0062  
                                        _INTCON2bits 0FF1                                          _INTCON3bits 0FF0  
                              ?_INTERRUPT_Initialize 0002                                   ??_SDCARD_ReadBlock 001A  
                           _INT0_SetInterruptHandler 2036                           ??_SDCARD_PollWriteComplete 0014  
                                _EUSART1_AutoBaudSet 0000                              _EUSART1_TransmitDisable 0000  
                                       ??_initSDCard 003E                                    ??_CCP5_Initialize 0013  
                                           __Hrparam 0000                                           vfprintf@ap 006E  
                                           __Lrparam 0000                                           vfprintf@fp 006A  
                                   ?_SPI2_Initialize 0002                                   SDCARD_Initialize@i 0077  
                      TMR0_CounterGet@counterLowByte 0008                                           ?_vfpfcnvrt 0039  
        __end_of_EUSART1_DefaultFramingErrorCallback 2066                ??_EUSART1_DefaultFramingErrorCallback 0013  
               ?_EUSART1_DefaultFramingErrorCallback 0002                  _EUSART1_DefaultFramingErrorCallback 2064  
                                 __end_of_initSDCard 1FCE                                      ___lwdiv@divisor 0015  
                                    ___lwdiv@counter 0017                                             __ptext10 1300  
                                           __ptext11 1BB2                                             __ptext20 1578  
                                           __ptext12 1B40                                             __ptext21 14AE  
                                           __ptext13 1858                                           _T1GCONbits 0FCC  
                                           __ptext30 2018                                             __ptext22 1F2C  
                                           __ptext14 10AA                                             __ptext31 1FF2  
                                           __ptext23 2052                                             __ptext15 19A8  
                                           __ptext40 2000                                             __ptext32 1E3E  
                                           __ptext24 1E9E                                             __ptext16 1D32  
                                           __ptext41 204A                                             __ptext33 1DDA  
                                           __ptext25 1CAE                                             __ptext17 1DA6  
                                           __ptext50 1FCE                                             __ptext42 1FE2  
                                           __ptext34 2022                                             __ptext26 200E  
                                           __ptext18 17AA                                             __ptext43 1902  
                                           __ptext35 202C                                             __ptext27 1EC4  
                                           __ptext19 163A                                             __ptext52 1E6E  
                                           __ptext44 16FA                                             __ptext36 2036  
                                           __ptext28 1E0E                                             __ptext53 2066  
                                           __ptext45 1CF2                                             __ptext37 1D70  
                                           __ptext29 1EEA                                             __ptext54 13DA  
                                           __ptext46 1FA2                                             __ptext38 1F6A  
                                           __ptext55 2040                                             __ptext47 1ABE  
                                           __ptext39 1F86                                             __ptext56 1F4C  
                                           __ptext48 2058                                             __ptext49 2064  
                                       _SSP2CON1bits 0F6C                         _TMR1_DefaultOverflowCallback 0000  
                                           isa$xinst 0000                                        _hexDumpBuffer 0D12  
                            TMR1_CounterSet@timerVal 0013                                             int$flags 0001  
                                           _vfprintf 1C68                   __end_of_INTERRUPT_InterruptManager 005C  
                         _INTERRUPT_InterruptManager 0008                                            printf@fmt 0071  
                                           main@uuuu 0083                          _EUSART1_FramingErrorHandler 0042  
                       _INT1_DefaultInterruptHandler 0000                                          ??_myTMR0ISR 000C  
                                  _SPI2_Deinitialize 0000                                           _INTCONbits 0FF2  
                             ??_INTERRUPT_Initialize 0015                             SDCARD_Initialize@verbose 0079  
                                           intlevel2 0000                                     ___lwmod@dividend 0013  
                            ?_PIN_MANAGER_Initialize 0002                                           _RCSTA1bits 0FAB  
                                   ??_ADC_Initialize 0013                                       ?_hexDumpBuffer 0077  
                    ??_TMR0_OverflowCallbackRegister 0015                                      _TMR0_CounterGet 1F4C  
                                           printf@ap 003D                                      _TMR0_CounterSet 200E  
                                        ??_vfpfcnvrt 0060                                   _eusart1RxLastError 009C  
                           __end_of_CLOCK_Initialize 200E                                           _SPI2_Close 205E  
                                    ___lwmod@divisor 0015                                      _TMR0_Initialize 1EEA  
                                    ___lwmod@counter 0017                     __end_of_INT1_SetInterruptHandler 2036  
        __end_of_EUSART1_DefaultOverrunErrorCallback 205E                ??_EUSART1_DefaultOverrunErrorCallback 0013  
               ?_EUSART1_DefaultOverrunErrorCallback 0002                  _EUSART1_DefaultOverrunErrorCallback 2058  
                                    _TMR1_CounterSet 1CAE                       __end_of_PIN_MANAGER_Initialize 1E6E  
                          hexDumpBuffer@sdCardBuffer 0077                                      _TMR1_Initialize 1E0E  
