

Microchip MPLAB XC8 Assembler V3.00 build 20241204225717 
                                                                                               Thu Oct 23 17:49:59 2025

Microchip MPLAB XC8 C Compiler v3.00 (Free license) build 20241204225717 Og1 
     1                           	processor	18F25K22
     2                           	fnconf	rparam,??,?,0
     3                           	pagewidth 120
     4                           	opt	flic
     5                           	psect	mediumconst,global,reloc=2,class=MEDIUMCONST,space=0,delta=1,noexec
     6                           	psect	nvCOMRAM,global,class=COMRAM,space=1,delta=1,lowdata,noexec
     7                           	psect	cinit,global,reloc=2,class=CODE,space=0,delta=1
     8                           	psect	bssCOMRAM,global,class=COMRAM,space=1,delta=1,lowdata,noexec
     9                           	psect	bssBANK0,global,class=BANK0,space=1,delta=1,lowdata,noexec
    10                           	psect	cstackCOMRAM,global,class=COMRAM,space=1,delta=1,lowdata,noexec
    11                           	psect	text0,global,reloc=2,class=CODE,space=0,delta=1
    12                           	psect	text1,global,reloc=2,class=CODE,space=0,delta=1,group=3
    13                           	psect	text2,global,reloc=2,class=CODE,space=0,delta=1,group=1
    14                           	psect	text3,global,reloc=2,class=CODE,space=0,delta=1,group=1
    15                           	psect	text4,global,reloc=2,class=CODE,space=0,delta=1,group=3
    16                           	psect	text5,global,reloc=2,class=CODE,space=0,delta=1
    17                           	psect	text6,global,reloc=2,class=CODE,space=0,delta=1
    18                           	psect	text7,global,reloc=2,class=CODE,space=0,delta=1
    19                           	psect	text8,global,reloc=2,class=CODE,space=0,delta=1,group=3
    20                           	psect	text9,global,reloc=2,class=CODE,space=0,delta=1,group=2
    21                           	psect	text10,global,reloc=2,class=CODE,space=0,delta=1,group=2
    22                           	psect	text11,global,reloc=2,class=CODE,space=0,delta=1
    23                           	psect	text12,global,reloc=2,class=CODE,space=0,delta=1
    24                           	psect	text13,global,reloc=2,class=CODE,space=0,delta=1
    25                           	psect	text14,global,reloc=2,class=CODE,space=0,delta=1
    26                           	psect	text15,global,reloc=2,class=CODE,space=0,delta=1
    27                           	psect	text16,global,reloc=2,class=CODE,space=0,delta=1
    28                           	psect	text17,global,reloc=2,class=CODE,space=0,delta=1
    29                           	psect	text18,global,reloc=2,class=CODE,space=0,delta=1
    30                           	psect	text19,global,reloc=2,class=CODE,space=0,delta=1
    31                           	psect	text20,global,reloc=2,class=CODE,space=0,delta=1
    32                           	psect	text21,global,reloc=2,class=CODE,space=0,delta=1
    33                           	psect	text22,global,reloc=2,class=CODE,space=0,delta=1
    34                           	psect	text23,global,reloc=2,class=CODE,space=0,delta=1
    35                           	psect	text24,global,reloc=2,class=CODE,space=0,delta=1
    36                           	psect	text25,global,reloc=2,class=CODE,space=0,delta=1
    37                           	psect	text26,global,reloc=2,class=CODE,space=0,delta=1
    38                           	psect	text27,global,reloc=2,class=CODE,space=0,delta=1
    39                           	psect	text28,global,reloc=2,class=CODE,space=0,delta=1
    40                           	psect	text29,global,reloc=2,class=CODE,space=0,delta=1
    41                           	psect	text30,global,reloc=2,class=CODE,space=0,delta=1
    42                           	psect	intcode,global,reloc=2,class=CODE,space=0,delta=1
    43                           	psect	text32,global,reloc=2,class=CODE,space=0,delta=1
    44                           	psect	text33,global,reloc=2,class=CODE,space=0,delta=1
    45                           	psect	text34,global,reloc=2,class=CODE,space=0,delta=1
    46                           	psect	intsave_regs,global,class=BIGRAM,space=1,delta=1,noexec
    47                           	psect	rparam,global,class=COMRAM,space=1,delta=1,noexec
    48                           	psect	temp,global,ovrld,common,class=COMRAM,space=1,delta=1,lowdata
    49                           	psect	config,global,abs,ovrld,class=CONFIG,space=4,delta=1,noexec
    50   000000                     
    51                           ; Generated 13/12/2024 GMT
    52                           ; 
    53                           ; Copyright © 2024, Microchip Technology Inc. and its subsidiaries ("Microchip")
    54                           ; All rights reserved.
    55                           ; 
    56                           ; This software is developed by Microchip Technology Inc. and its subsidiaries ("Microch
      +                          ip").
    57                           ; 
    58                           ; Redistribution and use in source and binary forms, with or without modification, are
    59                           ; permitted provided that the following conditions are met:
    60                           ; 
    61                           ;     1. Redistributions of source code must retain the above copyright notice, this lis
      +                          t of
    62                           ;        conditions and the following disclaimer.
    63                           ; 
    64                           ;     2. Redistributions in binary form must reproduce the above copyright notice, this 
      +                          list
    65                           ;        of conditions and the following disclaimer in the documentation and/or other
    66                           ;        materials provided with the distribution. Publication is not required when
    67                           ;        this file is used in an embedded application.
    68                           ; 
    69                           ;     3. Microchip's name may not be used to endorse or promote products derived from th
      +                          is
    70                           ;        software without specific prior written permission.
    71                           ; 
    72                           ; THIS SOFTWARE IS PROVIDED BY MICROCHIP "AS IS" AND ANY EXPRESS OR IMPLIED WARRANTIES,
    73                           ; INCLUDING, BUT NOT LIMITED TO, THE IMPLIED WARRANTIES OF MERCHANTABILITY AND FITNESS F
      +                          OR
    74                           ; PURPOSE ARE DISCLAIMED.  IN NO EVENT SHALL MICROCHIP BE LIABLE FOR ANY DIRECT, INDIREC
      +                          T,
    75                           ; INCIDENTAL, SPECIAL, EXEMPLARY, OR CONSEQUENTIAL DAMAGES (INCLUDING BUT NOT LIMITED TO
    76                           ; PROCUREMENT OF SUBSTITUTE GOODS OR SERVICES; LOSS OF USE, DATA OR PROFITS; OR BUSINESS
    77                           ; INTERRUPTION) HOWSOEVER CAUSED AND ON ANY THEORY OF LIABILITY, WHETHER IN CONTRACT, ST
      +                          RICT
    78                           ; LIABILITY, OR TORT (INCLUDING NEGLIGENCE OR OTHERWISE) ARISING IN ANY WAY OUT OF THE U
      +                          SE OF
    79                           ; THIS SOFTWARE, EVEN IF ADVISED OF THE POSSIBILITY OF SUCH DAMAGE.
    80                           ; 
    81                           ; 
    82                           ; Code-generator required, PIC18F25K22 Definitions
    83                           ; 
    84                           ; SFR Addresses
    85   000FE0                     bsr             equ	4064
    86   000FE9                     fsr0            equ	4073
    87   000FEA                     fsr0h           equ	4074
    88   000FE9                     fsr0l           equ	4073
    89   000FE1                     fsr1            equ	4065
    90   000FE2                     fsr1h           equ	4066
    91   000FE1                     fsr1l           equ	4065
    92   000FD9                     fsr2            equ	4057
    93   000FDA                     fsr2h           equ	4058
    94   000FD9                     fsr2l           equ	4057
    95   000FEF                     indf0           equ	4079
    96   000FE7                     indf1           equ	4071
    97   000FDF                     indf2           equ	4063
    98   000FF2                     intcon          equ	4082
    99   000000                     nvmcon          equ	0
   100   000FF9                     pcl             equ	4089
   101   000FFA                     pclath          equ	4090
   102   000FFB                     pclatu          equ	4091
   103   000FEB                     plusw0          equ	4075
   104   000FE3                     plusw1          equ	4067
   105   000FDB                     plusw2          equ	4059
   106   000FED                     postdec0        equ	4077
   107   000FE5                     postdec1        equ	4069
   108   000FDD                     postdec2        equ	4061
   109   000FEE                     postinc0        equ	4078
   110   000FE6                     postinc1        equ	4070
   111   000FDE                     postinc2        equ	4062
   112   000FEC                     preinc0         equ	4076
   113   000FE4                     preinc1         equ	4068
   114   000FDC                     preinc2         equ	4060
   115   000FF3                     prod            equ	4083
   116   000FF4                     prodh           equ	4084
   117   000FF3                     prodl           equ	4083
   118   000FD8                     status          equ	4056
   119   000FF5                     tablat          equ	4085
   120   000FF6                     tblptr          equ	4086
   121   000FF7                     tblptrh         equ	4087
   122   000FF6                     tblptrl         equ	4086
   123   000FF8                     tblptru         equ	4088
   124   000FFD                     tosl            equ	4093
   125   000FE8                     wreg            equ	4072
   126   000F38                     ANSELA          equ	3896	;# 
   127   000F39                     ANSELB          equ	3897	;# 
   128   000F3A                     ANSELC          equ	3898	;# 
   129   000F3D                     PMD2            equ	3901	;# 
   130   000F3E                     PMD1            equ	3902	;# 
   131   000F3F                     PMD0            equ	3903	;# 
   132   000F40                     VREFCON2        equ	3904	;# 
   133   000F40                     DACCON1         equ	3904	;# 
   134   000F41                     VREFCON1        equ	3905	;# 
   135   000F41                     DACCON0         equ	3905	;# 
   136   000F42                     VREFCON0        equ	3906	;# 
   137   000F42                     FVRCON          equ	3906	;# 
   138   000F43                     CTMUICON        equ	3907	;# 
   139   000F43                     CTMUICONH       equ	3907	;# 
   140   000F44                     CTMUCONL        equ	3908	;# 
   141   000F44                     CTMUCON1        equ	3908	;# 
   142   000F45                     CTMUCONH        equ	3909	;# 
   143   000F45                     CTMUCON0        equ	3909	;# 
   144   000F46                     SRCON1          equ	3910	;# 
   145   000F47                     SRCON0          equ	3911	;# 
   146   000F48                     CCPTMRS1        equ	3912	;# 
   147   000F49                     CCPTMRS0        equ	3913	;# 
   148   000F4A                     T6CON           equ	3914	;# 
   149   000F4B                     PR6             equ	3915	;# 
   150   000F4C                     TMR6            equ	3916	;# 
   151   000F4D                     T5GCON          equ	3917	;# 
   152   000F4E                     T5CON           equ	3918	;# 
   153   000F4F                     TMR5            equ	3919	;# 
   154   000F4F                     TMR5L           equ	3919	;# 
   155   000F50                     TMR5H           equ	3920	;# 
   156   000F51                     T4CON           equ	3921	;# 
   157   000F52                     PR4             equ	3922	;# 
   158   000F53                     TMR4            equ	3923	;# 
   159   000F54                     CCP5CON         equ	3924	;# 
   160   000F55                     CCPR5           equ	3925	;# 
   161   000F55                     CCPR5L          equ	3925	;# 
   162   000F56                     CCPR5H          equ	3926	;# 
   163   000F57                     CCP4CON         equ	3927	;# 
   164   000F58                     CCPR4           equ	3928	;# 
   165   000F58                     CCPR4L          equ	3928	;# 
   166   000F59                     CCPR4H          equ	3929	;# 
   167   000F5A                     PSTR3CON        equ	3930	;# 
   168   000F5B                     ECCP3AS         equ	3931	;# 
   169   000F5B                     CCP3AS          equ	3931	;# 
   170   000F5C                     PWM3CON         equ	3932	;# 
   171   000F5D                     CCP3CON         equ	3933	;# 
   172   000F5E                     CCPR3           equ	3934	;# 
   173   000F5E                     CCPR3L          equ	3934	;# 
   174   000F5F                     CCPR3H          equ	3935	;# 
   175   000F60                     SLRCON          equ	3936	;# 
   176   000F61                     WPUB            equ	3937	;# 
   177   000F62                     IOCB            equ	3938	;# 
   178   000F63                     PSTR2CON        equ	3939	;# 
   179   000F64                     ECCP2AS         equ	3940	;# 
   180   000F64                     CCP2AS          equ	3940	;# 
   181   000F65                     PWM2CON         equ	3941	;# 
   182   000F66                     CCP2CON         equ	3942	;# 
   183   000F67                     CCPR2           equ	3943	;# 
   184   000F67                     CCPR2L          equ	3943	;# 
   185   000F68                     CCPR2H          equ	3944	;# 
   186   000F69                     SSP2CON3        equ	3945	;# 
   187   000F6A                     SSP2MSK         equ	3946	;# 
   188   000F6B                     SSP2CON2        equ	3947	;# 
   189   000F6C                     SSP2CON1        equ	3948	;# 
   190   000F6D                     SSP2STAT        equ	3949	;# 
   191   000F6E                     SSP2ADD         equ	3950	;# 
   192   000F6F                     SSP2BUF         equ	3951	;# 
   193   000F70                     BAUDCON2        equ	3952	;# 
   194   000F70                     BAUD2CON        equ	3952	;# 
   195   000F71                     RCSTA2          equ	3953	;# 
   196   000F71                     RC2STA          equ	3953	;# 
   197   000F72                     TXSTA2          equ	3954	;# 
   198   000F72                     TX2STA          equ	3954	;# 
   199   000F73                     TXREG2          equ	3955	;# 
   200   000F73                     TX2REG          equ	3955	;# 
   201   000F74                     RCREG2          equ	3956	;# 
   202   000F74                     RC2REG          equ	3956	;# 
   203   000F75                     SPBRG2          equ	3957	;# 
   204   000F75                     SP2BRG          equ	3957	;# 
   205   000F76                     SPBRGH2         equ	3958	;# 
   206   000F76                     SP2BRGH         equ	3958	;# 
   207   000F77                     CM2CON1         equ	3959	;# 
   208   000F77                     CM12CON         equ	3959	;# 
   209   000F78                     CM2CON0         equ	3960	;# 
   210   000F78                     CM2CON          equ	3960	;# 
   211   000F79                     CM1CON0         equ	3961	;# 
   212   000F79                     CM1CON          equ	3961	;# 
   213   000F7A                     PIE4            equ	3962	;# 
   214   000F7B                     PIR4            equ	3963	;# 
   215   000F7C                     IPR4            equ	3964	;# 
   216   000F7D                     PIE5            equ	3965	;# 
   217   000F7E                     PIR5            equ	3966	;# 
   218   000F7F                     IPR5            equ	3967	;# 
   219   000F80                     PORTA           equ	3968	;# 
   220   000F81                     PORTB           equ	3969	;# 
   221   000F82                     PORTC           equ	3970	;# 
   222   000F84                     PORTE           equ	3972	;# 
   223   000F89                     LATA            equ	3977	;# 
   224   000F8A                     LATB            equ	3978	;# 
   225   000F8B                     LATC            equ	3979	;# 
   226   000F92                     TRISA           equ	3986	;# 
   227   000F92                     DDRA            equ	3986	;# 
   228   000F93                     TRISB           equ	3987	;# 
   229   000F93                     DDRB            equ	3987	;# 
   230   000F94                     TRISC           equ	3988	;# 
   231   000F94                     DDRC            equ	3988	;# 
   232   000F96                     TRISE           equ	3990	;# 
   233   000F9B                     OSCTUNE         equ	3995	;# 
   234   000F9C                     HLVDCON         equ	3996	;# 
   235   000F9C                     LVDCON          equ	3996	;# 
   236   000F9D                     PIE1            equ	3997	;# 
   237   000F9E                     PIR1            equ	3998	;# 
   238   000F9F                     IPR1            equ	3999	;# 
   239   000FA0                     PIE2            equ	4000	;# 
   240   000FA1                     PIR2            equ	4001	;# 
   241   000FA2                     IPR2            equ	4002	;# 
   242   000FA3                     PIE3            equ	4003	;# 
   243   000FA4                     PIR3            equ	4004	;# 
   244   000FA5                     IPR3            equ	4005	;# 
   245   000FA6                     EECON1          equ	4006	;# 
   246   000FA7                     EECON2          equ	4007	;# 
   247   000FA8                     EEDATA          equ	4008	;# 
   248   000FA9                     EEADR           equ	4009	;# 
   249   000FAB                     RCSTA1          equ	4011	;# 
   250   000FAB                     RCSTA           equ	4011	;# 
   251   000FAB                     RC1STA          equ	4011	;# 
   252   000FAC                     TXSTA1          equ	4012	;# 
   253   000FAC                     TXSTA           equ	4012	;# 
   254   000FAC                     TX1STA          equ	4012	;# 
   255   000FAD                     TXREG1          equ	4013	;# 
   256   000FAD                     TXREG           equ	4013	;# 
   257   000FAD                     TX1REG          equ	4013	;# 
   258   000FAE                     RCREG1          equ	4014	;# 
   259   000FAE                     RCREG           equ	4014	;# 
   260   000FAE                     RC1REG          equ	4014	;# 
   261   000FAF                     SPBRG1          equ	4015	;# 
   262   000FAF                     SPBRG           equ	4015	;# 
   263   000FAF                     SP1BRG          equ	4015	;# 
   264   000FB0                     SPBRGH1         equ	4016	;# 
   265   000FB0                     SPBRGH          equ	4016	;# 
   266   000FB0                     SP1BRGH         equ	4016	;# 
   267   000FB1                     T3CON           equ	4017	;# 
   268   000FB2                     TMR3            equ	4018	;# 
   269   000FB2                     TMR3L           equ	4018	;# 
   270   000FB3                     TMR3H           equ	4019	;# 
   271   000FB4                     T3GCON          equ	4020	;# 
   272   000FB6                     ECCP1AS         equ	4022	;# 
   273   000FB6                     ECCPAS          equ	4022	;# 
   274   000FB7                     PWM1CON         equ	4023	;# 
   275   000FB7                     PWMCON          equ	4023	;# 
   276   000FB8                     BAUDCON1        equ	4024	;# 
   277   000FB8                     BAUDCON         equ	4024	;# 
   278   000FB8                     BAUDCTL         equ	4024	;# 
   279   000FB8                     BAUD1CON        equ	4024	;# 
   280   000FB9                     PSTR1CON        equ	4025	;# 
   281   000FB9                     PSTRCON         equ	4025	;# 
   282   000FBA                     T2CON           equ	4026	;# 
   283   000FBB                     PR2             equ	4027	;# 
   284   000FBC                     TMR2            equ	4028	;# 
   285   000FBD                     CCP1CON         equ	4029	;# 
   286   000FBE                     CCPR1           equ	4030	;# 
   287   000FBE                     CCPR1L          equ	4030	;# 
   288   000FBF                     CCPR1H          equ	4031	;# 
   289   000FC0                     ADCON2          equ	4032	;# 
   290   000FC1                     ADCON1          equ	4033	;# 
   291   000FC2                     ADCON0          equ	4034	;# 
   292   000FC3                     ADRES           equ	4035	;# 
   293   000FC3                     ADRESL          equ	4035	;# 
   294   000FC4                     ADRESH          equ	4036	;# 
   295   000FC5                     SSP1CON2        equ	4037	;# 
   296   000FC5                     SSPCON2         equ	4037	;# 
   297   000FC6                     SSP1CON1        equ	4038	;# 
   298   000FC6                     SSPCON1         equ	4038	;# 
   299   000FC7                     SSP1STAT        equ	4039	;# 
   300   000FC7                     SSPSTAT         equ	4039	;# 
   301   000FC8                     SSP1ADD         equ	4040	;# 
   302   000FC8                     SSPADD          equ	4040	;# 
   303   000FC9                     SSP1BUF         equ	4041	;# 
   304   000FC9                     SSPBUF          equ	4041	;# 
   305   000FCA                     SSP1MSK         equ	4042	;# 
   306   000FCA                     SSPMSK          equ	4042	;# 
   307   000FCB                     SSP1CON3        equ	4043	;# 
   308   000FCB                     SSPCON3         equ	4043	;# 
   309   000FCC                     T1GCON          equ	4044	;# 
   310   000FCD                     T1CON           equ	4045	;# 
   311   000FCE                     TMR1            equ	4046	;# 
   312   000FCE                     TMR1L           equ	4046	;# 
   313   000FCF                     TMR1H           equ	4047	;# 
   314   000FD0                     RCON            equ	4048	;# 
   315   000FD1                     WDTCON          equ	4049	;# 
   316   000FD2                     OSCCON2         equ	4050	;# 
   317   000FD3                     OSCCON          equ	4051	;# 
   318   000FD5                     T0CON           equ	4053	;# 
   319   000FD6                     TMR0            equ	4054	;# 
   320   000FD6                     TMR0L           equ	4054	;# 
   321   000FD7                     TMR0H           equ	4055	;# 
   322   000FD8                     STATUS          equ	4056	;# 
   323   000FD9                     FSR2            equ	4057	;# 
   324   000FD9                     FSR2L           equ	4057	;# 
   325   000FDA                     FSR2H           equ	4058	;# 
   326   000FDB                     PLUSW2          equ	4059	;# 
   327   000FDC                     PREINC2         equ	4060	;# 
   328   000FDD                     POSTDEC2        equ	4061	;# 
   329   000FDE                     POSTINC2        equ	4062	;# 
   330   000FDF                     INDF2           equ	4063	;# 
   331   000FE0                     BSR             equ	4064	;# 
   332   000FE1                     FSR1            equ	4065	;# 
   333   000FE1                     FSR1L           equ	4065	;# 
   334   000FE2                     FSR1H           equ	4066	;# 
   335   000FE3                     PLUSW1          equ	4067	;# 
   336   000FE4                     PREINC1         equ	4068	;# 
   337   000FE5                     POSTDEC1        equ	4069	;# 
   338   000FE6                     POSTINC1        equ	4070	;# 
   339   000FE7                     INDF1           equ	4071	;# 
   340   000FE8                     WREG            equ	4072	;# 
   341   000FE9                     FSR0            equ	4073	;# 
   342   000FE9                     FSR0L           equ	4073	;# 
   343   000FEA                     FSR0H           equ	4074	;# 
   344   000FEB                     PLUSW0          equ	4075	;# 
   345   000FEC                     PREINC0         equ	4076	;# 
   346   000FED                     POSTDEC0        equ	4077	;# 
   347   000FEE                     POSTINC0        equ	4078	;# 
   348   000FEF                     INDF0           equ	4079	;# 
   349   000FF0                     INTCON3         equ	4080	;# 
   350   000FF1                     INTCON2         equ	4081	;# 
   351   000FF2                     INTCON          equ	4082	;# 
   352   000FF3                     PROD            equ	4083	;# 
   353   000FF3                     PRODL           equ	4083	;# 
   354   000FF4                     PRODH           equ	4084	;# 
   355   000FF5                     TABLAT          equ	4085	;# 
   356   000FF6                     TBLPTR          equ	4086	;# 
   357   000FF6                     TBLPTRL         equ	4086	;# 
   358   000FF7                     TBLPTRH         equ	4087	;# 
   359   000FF8                     TBLPTRU         equ	4088	;# 
   360   000FF9                     PCLAT           equ	4089	;# 
   361   000FF9                     PC              equ	4089	;# 
   362   000FF9                     PCL             equ	4089	;# 
   363   000FFA                     PCLATH          equ	4090	;# 
   364   000FFB                     PCLATU          equ	4091	;# 
   365   000FFC                     STKPTR          equ	4092	;# 
   366   000FFD                     TOS             equ	4093	;# 
   367   000FFD                     TOSL            equ	4093	;# 
   368   000FFE                     TOSH            equ	4094	;# 
   369   000FFF                     TOSU            equ	4095	;# 
   370   000F38                     ANSELA          equ	3896	;# 
   371   000F39                     ANSELB          equ	3897	;# 
   372   000F3A                     ANSELC          equ	3898	;# 
   373   000F3D                     PMD2            equ	3901	;# 
   374   000F3E                     PMD1            equ	3902	;# 
   375   000F3F                     PMD0            equ	3903	;# 
   376   000F40                     VREFCON2        equ	3904	;# 
   377   000F40                     DACCON1         equ	3904	;# 
   378   000F41                     VREFCON1        equ	3905	;# 
   379   000F41                     DACCON0         equ	3905	;# 
   380   000F42                     VREFCON0        equ	3906	;# 
   381   000F42                     FVRCON          equ	3906	;# 
   382   000F43                     CTMUICON        equ	3907	;# 
   383   000F43                     CTMUICONH       equ	3907	;# 
   384   000F44                     CTMUCONL        equ	3908	;# 
   385   000F44                     CTMUCON1        equ	3908	;# 
   386   000F45                     CTMUCONH        equ	3909	;# 
   387   000F45                     CTMUCON0        equ	3909	;# 
   388   000F46                     SRCON1          equ	3910	;# 
   389   000F47                     SRCON0          equ	3911	;# 
   390   000F48                     CCPTMRS1        equ	3912	;# 
   391   000F49                     CCPTMRS0        equ	3913	;# 
   392   000F4A                     T6CON           equ	3914	;# 
   393   000F4B                     PR6             equ	3915	;# 
   394   000F4C                     TMR6            equ	3916	;# 
   395   000F4D                     T5GCON          equ	3917	;# 
   396   000F4E                     T5CON           equ	3918	;# 
   397   000F4F                     TMR5            equ	3919	;# 
   398   000F4F                     TMR5L           equ	3919	;# 
   399   000F50                     TMR5H           equ	3920	;# 
   400   000F51                     T4CON           equ	3921	;# 
   401   000F52                     PR4             equ	3922	;# 
   402   000F53                     TMR4            equ	3923	;# 
   403   000F54                     CCP5CON         equ	3924	;# 
   404   000F55                     CCPR5           equ	3925	;# 
   405   000F55                     CCPR5L          equ	3925	;# 
   406   000F56                     CCPR5H          equ	3926	;# 
   407   000F57                     CCP4CON         equ	3927	;# 
   408   000F58                     CCPR4           equ	3928	;# 
   409   000F58                     CCPR4L          equ	3928	;# 
   410   000F59                     CCPR4H          equ	3929	;# 
   411   000F5A                     PSTR3CON        equ	3930	;# 
   412   000F5B                     ECCP3AS         equ	3931	;# 
   413   000F5B                     CCP3AS          equ	3931	;# 
   414   000F5C                     PWM3CON         equ	3932	;# 
   415   000F5D                     CCP3CON         equ	3933	;# 
   416   000F5E                     CCPR3           equ	3934	;# 
   417   000F5E                     CCPR3L          equ	3934	;# 
   418   000F5F                     CCPR3H          equ	3935	;# 
   419   000F60                     SLRCON          equ	3936	;# 
   420   000F61                     WPUB            equ	3937	;# 
   421   000F62                     IOCB            equ	3938	;# 
   422   000F63                     PSTR2CON        equ	3939	;# 
   423   000F64                     ECCP2AS         equ	3940	;# 
   424   000F64                     CCP2AS          equ	3940	;# 
   425   000F65                     PWM2CON         equ	3941	;# 
   426   000F66                     CCP2CON         equ	3942	;# 
   427   000F67                     CCPR2           equ	3943	;# 
   428   000F67                     CCPR2L          equ	3943	;# 
   429   000F68                     CCPR2H          equ	3944	;# 
   430   000F69                     SSP2CON3        equ	3945	;# 
   431   000F6A                     SSP2MSK         equ	3946	;# 
   432   000F6B                     SSP2CON2        equ	3947	;# 
   433   000F6C                     SSP2CON1        equ	3948	;# 
   434   000F6D                     SSP2STAT        equ	3949	;# 
   435   000F6E                     SSP2ADD         equ	3950	;# 
   436   000F6F                     SSP2BUF         equ	3951	;# 
   437   000F70                     BAUDCON2        equ	3952	;# 
   438   000F70                     BAUD2CON        equ	3952	;# 
   439   000F71                     RCSTA2          equ	3953	;# 
   440   000F71                     RC2STA          equ	3953	;# 
   441   000F72                     TXSTA2          equ	3954	;# 
   442   000F72                     TX2STA          equ	3954	;# 
   443   000F73                     TXREG2          equ	3955	;# 
   444   000F73                     TX2REG          equ	3955	;# 
   445   000F74                     RCREG2          equ	3956	;# 
   446   000F74                     RC2REG          equ	3956	;# 
   447   000F75                     SPBRG2          equ	3957	;# 
   448   000F75                     SP2BRG          equ	3957	;# 
   449   000F76                     SPBRGH2         equ	3958	;# 
   450   000F76                     SP2BRGH         equ	3958	;# 
   451   000F77                     CM2CON1         equ	3959	;# 
   452   000F77                     CM12CON         equ	3959	;# 
   453   000F78                     CM2CON0         equ	3960	;# 
   454   000F78                     CM2CON          equ	3960	;# 
   455   000F79                     CM1CON0         equ	3961	;# 
   456   000F79                     CM1CON          equ	3961	;# 
   457   000F7A                     PIE4            equ	3962	;# 
   458   000F7B                     PIR4            equ	3963	;# 
   459   000F7C                     IPR4            equ	3964	;# 
   460   000F7D                     PIE5            equ	3965	;# 
   461   000F7E                     PIR5            equ	3966	;# 
   462   000F7F                     IPR5            equ	3967	;# 
   463   000F80                     PORTA           equ	3968	;# 
   464   000F81                     PORTB           equ	3969	;# 
   465   000F82                     PORTC           equ	3970	;# 
   466   000F84                     PORTE           equ	3972	;# 
   467   000F89                     LATA            equ	3977	;# 
   468   000F8A                     LATB            equ	3978	;# 
   469   000F8B                     LATC            equ	3979	;# 
   470   000F92                     TRISA           equ	3986	;# 
   471   000F92                     DDRA            equ	3986	;# 
   472   000F93                     TRISB           equ	3987	;# 
   473   000F93                     DDRB            equ	3987	;# 
   474   000F94                     TRISC           equ	3988	;# 
   475   000F94                     DDRC            equ	3988	;# 
   476   000F96                     TRISE           equ	3990	;# 
   477   000F9B                     OSCTUNE         equ	3995	;# 
   478   000F9C                     HLVDCON         equ	3996	;# 
   479   000F9C                     LVDCON          equ	3996	;# 
   480   000F9D                     PIE1            equ	3997	;# 
   481   000F9E                     PIR1            equ	3998	;# 
   482   000F9F                     IPR1            equ	3999	;# 
   483   000FA0                     PIE2            equ	4000	;# 
   484   000FA1                     PIR2            equ	4001	;# 
   485   000FA2                     IPR2            equ	4002	;# 
   486   000FA3                     PIE3            equ	4003	;# 
   487   000FA4                     PIR3            equ	4004	;# 
   488   000FA5                     IPR3            equ	4005	;# 
   489   000FA6                     EECON1          equ	4006	;# 
   490   000FA7                     EECON2          equ	4007	;# 
   491   000FA8                     EEDATA          equ	4008	;# 
   492   000FA9                     EEADR           equ	4009	;# 
   493   000FAB                     RCSTA1          equ	4011	;# 
   494   000FAB                     RCSTA           equ	4011	;# 
   495   000FAB                     RC1STA          equ	4011	;# 
   496   000FAC                     TXSTA1          equ	4012	;# 
   497   000FAC                     TXSTA           equ	4012	;# 
   498   000FAC                     TX1STA          equ	4012	;# 
   499   000FAD                     TXREG1          equ	4013	;# 
   500   000FAD                     TXREG           equ	4013	;# 
   501   000FAD                     TX1REG          equ	4013	;# 
   502   000FAE                     RCREG1          equ	4014	;# 
   503   000FAE                     RCREG           equ	4014	;# 
   504   000FAE                     RC1REG          equ	4014	;# 
   505   000FAF                     SPBRG1          equ	4015	;# 
   506   000FAF                     SPBRG           equ	4015	;# 
   507   000FAF                     SP1BRG          equ	4015	;# 
   508   000FB0                     SPBRGH1         equ	4016	;# 
   509   000FB0                     SPBRGH          equ	4016	;# 
   510   000FB0                     SP1BRGH         equ	4016	;# 
   511   000FB1                     T3CON           equ	4017	;# 
   512   000FB2                     TMR3            equ	4018	;# 
   513   000FB2                     TMR3L           equ	4018	;# 
   514   000FB3                     TMR3H           equ	4019	;# 
   515   000FB4                     T3GCON          equ	4020	;# 
   516   000FB6                     ECCP1AS         equ	4022	;# 
   517   000FB6                     ECCPAS          equ	4022	;# 
   518   000FB7                     PWM1CON         equ	4023	;# 
   519   000FB7                     PWMCON          equ	4023	;# 
   520   000FB8                     BAUDCON1        equ	4024	;# 
   521   000FB8                     BAUDCON         equ	4024	;# 
   522   000FB8                     BAUDCTL         equ	4024	;# 
   523   000FB8                     BAUD1CON        equ	4024	;# 
   524   000FB9                     PSTR1CON        equ	4025	;# 
   525   000FB9                     PSTRCON         equ	4025	;# 
   526   000FBA                     T2CON           equ	4026	;# 
   527   000FBB                     PR2             equ	4027	;# 
   528   000FBC                     TMR2            equ	4028	;# 
   529   000FBD                     CCP1CON         equ	4029	;# 
   530   000FBE                     CCPR1           equ	4030	;# 
   531   000FBE                     CCPR1L          equ	4030	;# 
   532   000FBF                     CCPR1H          equ	4031	;# 
   533   000FC0                     ADCON2          equ	4032	;# 
   534   000FC1                     ADCON1          equ	4033	;# 
   535   000FC2                     ADCON0          equ	4034	;# 
   536   000FC3                     ADRES           equ	4035	;# 
   537   000FC3                     ADRESL          equ	4035	;# 
   538   000FC4                     ADRESH          equ	4036	;# 
   539   000FC5                     SSP1CON2        equ	4037	;# 
   540   000FC5                     SSPCON2         equ	4037	;# 
   541   000FC6                     SSP1CON1        equ	4038	;# 
   542   000FC6                     SSPCON1         equ	4038	;# 
   543   000FC7                     SSP1STAT        equ	4039	;# 
   544   000FC7                     SSPSTAT         equ	4039	;# 
   545   000FC8                     SSP1ADD         equ	4040	;# 
   546   000FC8                     SSPADD          equ	4040	;# 
   547   000FC9                     SSP1BUF         equ	4041	;# 
   548   000FC9                     SSPBUF          equ	4041	;# 
   549   000FCA                     SSP1MSK         equ	4042	;# 
   550   000FCA                     SSPMSK          equ	4042	;# 
   551   000FCB                     SSP1CON3        equ	4043	;# 
   552   000FCB                     SSPCON3         equ	4043	;# 
   553   000FCC                     T1GCON          equ	4044	;# 
   554   000FCD                     T1CON           equ	4045	;# 
   555   000FCE                     TMR1            equ	4046	;# 
   556   000FCE                     TMR1L           equ	4046	;# 
   557   000FCF                     TMR1H           equ	4047	;# 
   558   000FD0                     RCON            equ	4048	;# 
   559   000FD1                     WDTCON          equ	4049	;# 
   560   000FD2                     OSCCON2         equ	4050	;# 
   561   000FD3                     OSCCON          equ	4051	;# 
   562   000FD5                     T0CON           equ	4053	;# 
   563   000FD6                     TMR0            equ	4054	;# 
   564   000FD6                     TMR0L           equ	4054	;# 
   565   000FD7                     TMR0H           equ	4055	;# 
   566   000FD8                     STATUS          equ	4056	;# 
   567   000FD9                     FSR2            equ	4057	;# 
   568   000FD9                     FSR2L           equ	4057	;# 
   569   000FDA                     FSR2H           equ	4058	;# 
   570   000FDB                     PLUSW2          equ	4059	;# 
   571   000FDC                     PREINC2         equ	4060	;# 
   572   000FDD                     POSTDEC2        equ	4061	;# 
   573   000FDE                     POSTINC2        equ	4062	;# 
   574   000FDF                     INDF2           equ	4063	;# 
   575   000FE0                     BSR             equ	4064	;# 
   576   000FE1                     FSR1            equ	4065	;# 
   577   000FE1                     FSR1L           equ	4065	;# 
   578   000FE2                     FSR1H           equ	4066	;# 
   579   000FE3                     PLUSW1          equ	4067	;# 
   580   000FE4                     PREINC1         equ	4068	;# 
   581   000FE5                     POSTDEC1        equ	4069	;# 
   582   000FE6                     POSTINC1        equ	4070	;# 
   583   000FE7                     INDF1           equ	4071	;# 
   584   000FE8                     WREG            equ	4072	;# 
   585   000FE9                     FSR0            equ	4073	;# 
   586   000FE9                     FSR0L           equ	4073	;# 
   587   000FEA                     FSR0H           equ	4074	;# 
   588   000FEB                     PLUSW0          equ	4075	;# 
   589   000FEC                     PREINC0         equ	4076	;# 
   590   000FED                     POSTDEC0        equ	4077	;# 
   591   000FEE                     POSTINC0        equ	4078	;# 
   592   000FEF                     INDF0           equ	4079	;# 
   593   000FF0                     INTCON3         equ	4080	;# 
   594   000FF1                     INTCON2         equ	4081	;# 
   595   000FF2                     INTCON          equ	4082	;# 
   596   000FF3                     PROD            equ	4083	;# 
   597   000FF3                     PRODL           equ	4083	;# 
   598   000FF4                     PRODH           equ	4084	;# 
   599   000FF5                     TABLAT          equ	4085	;# 
   600   000FF6                     TBLPTR          equ	4086	;# 
   601   000FF6                     TBLPTRL         equ	4086	;# 
   602   000FF7                     TBLPTRH         equ	4087	;# 
   603   000FF8                     TBLPTRU         equ	4088	;# 
   604   000FF9                     PCLAT           equ	4089	;# 
   605   000FF9                     PC              equ	4089	;# 
   606   000FF9                     PCL             equ	4089	;# 
   607   000FFA                     PCLATH          equ	4090	;# 
   608   000FFB                     PCLATU          equ	4091	;# 
   609   000FFC                     STKPTR          equ	4092	;# 
   610   000FFD                     TOS             equ	4093	;# 
   611   000FFD                     TOSL            equ	4093	;# 
   612   000FFE                     TOSH            equ	4094	;# 
   613   000FFF                     TOSU            equ	4095	;# 
   614   000F38                     ANSELA          equ	3896	;# 
   615   000F39                     ANSELB          equ	3897	;# 
   616   000F3A                     ANSELC          equ	3898	;# 
   617   000F3D                     PMD2            equ	3901	;# 
   618   000F3E                     PMD1            equ	3902	;# 
   619   000F3F                     PMD0            equ	3903	;# 
   620   000F40                     VREFCON2        equ	3904	;# 
   621   000F40                     DACCON1         equ	3904	;# 
   622   000F41                     VREFCON1        equ	3905	;# 
   623   000F41                     DACCON0         equ	3905	;# 
   624   000F42                     VREFCON0        equ	3906	;# 
   625   000F42                     FVRCON          equ	3906	;# 
   626   000F43                     CTMUICON        equ	3907	;# 
   627   000F43                     CTMUICONH       equ	3907	;# 
   628   000F44                     CTMUCONL        equ	3908	;# 
   629   000F44                     CTMUCON1        equ	3908	;# 
   630   000F45                     CTMUCONH        equ	3909	;# 
   631   000F45                     CTMUCON0        equ	3909	;# 
   632   000F46                     SRCON1          equ	3910	;# 
   633   000F47                     SRCON0          equ	3911	;# 
   634   000F48                     CCPTMRS1        equ	3912	;# 
   635   000F49                     CCPTMRS0        equ	3913	;# 
   636   000F4A                     T6CON           equ	3914	;# 
   637   000F4B                     PR6             equ	3915	;# 
   638   000F4C                     TMR6            equ	3916	;# 
   639   000F4D                     T5GCON          equ	3917	;# 
   640   000F4E                     T5CON           equ	3918	;# 
   641   000F4F                     TMR5            equ	3919	;# 
   642   000F4F                     TMR5L           equ	3919	;# 
   643   000F50                     TMR5H           equ	3920	;# 
   644   000F51                     T4CON           equ	3921	;# 
   645   000F52                     PR4             equ	3922	;# 
   646   000F53                     TMR4            equ	3923	;# 
   647   000F54                     CCP5CON         equ	3924	;# 
   648   000F55                     CCPR5           equ	3925	;# 
   649   000F55                     CCPR5L          equ	3925	;# 
   650   000F56                     CCPR5H          equ	3926	;# 
   651   000F57                     CCP4CON         equ	3927	;# 
   652   000F58                     CCPR4           equ	3928	;# 
   653   000F58                     CCPR4L          equ	3928	;# 
   654   000F59                     CCPR4H          equ	3929	;# 
   655   000F5A                     PSTR3CON        equ	3930	;# 
   656   000F5B                     ECCP3AS         equ	3931	;# 
   657   000F5B                     CCP3AS          equ	3931	;# 
   658   000F5C                     PWM3CON         equ	3932	;# 
   659   000F5D                     CCP3CON         equ	3933	;# 
   660   000F5E                     CCPR3           equ	3934	;# 
   661   000F5E                     CCPR3L          equ	3934	;# 
   662   000F5F                     CCPR3H          equ	3935	;# 
   663   000F60                     SLRCON          equ	3936	;# 
   664   000F61                     WPUB            equ	3937	;# 
   665   000F62                     IOCB            equ	3938	;# 
   666   000F63                     PSTR2CON        equ	3939	;# 
   667   000F64                     ECCP2AS         equ	3940	;# 
   668   000F64                     CCP2AS          equ	3940	;# 
   669   000F65                     PWM2CON         equ	3941	;# 
   670   000F66                     CCP2CON         equ	3942	;# 
   671   000F67                     CCPR2           equ	3943	;# 
   672   000F67                     CCPR2L          equ	3943	;# 
   673   000F68                     CCPR2H          equ	3944	;# 
   674   000F69                     SSP2CON3        equ	3945	;# 
   675   000F6A                     SSP2MSK         equ	3946	;# 
   676   000F6B                     SSP2CON2        equ	3947	;# 
   677   000F6C                     SSP2CON1        equ	3948	;# 
   678   000F6D                     SSP2STAT        equ	3949	;# 
   679   000F6E                     SSP2ADD         equ	3950	;# 
   680   000F6F                     SSP2BUF         equ	3951	;# 
   681   000F70                     BAUDCON2        equ	3952	;# 
   682   000F70                     BAUD2CON        equ	3952	;# 
   683   000F71                     RCSTA2          equ	3953	;# 
   684   000F71                     RC2STA          equ	3953	;# 
   685   000F72                     TXSTA2          equ	3954	;# 
   686   000F72                     TX2STA          equ	3954	;# 
   687   000F73                     TXREG2          equ	3955	;# 
   688   000F73                     TX2REG          equ	3955	;# 
   689   000F74                     RCREG2          equ	3956	;# 
   690   000F74                     RC2REG          equ	3956	;# 
   691   000F75                     SPBRG2          equ	3957	;# 
   692   000F75                     SP2BRG          equ	3957	;# 
   693   000F76                     SPBRGH2         equ	3958	;# 
   694   000F76                     SP2BRGH         equ	3958	;# 
   695   000F77                     CM2CON1         equ	3959	;# 
   696   000F77                     CM12CON         equ	3959	;# 
   697   000F78                     CM2CON0         equ	3960	;# 
   698   000F78                     CM2CON          equ	3960	;# 
   699   000F79                     CM1CON0         equ	3961	;# 
   700   000F79                     CM1CON          equ	3961	;# 
   701   000F7A                     PIE4            equ	3962	;# 
   702   000F7B                     PIR4            equ	3963	;# 
   703   000F7C                     IPR4            equ	3964	;# 
   704   000F7D                     PIE5            equ	3965	;# 
   705   000F7E                     PIR5            equ	3966	;# 
   706   000F7F                     IPR5            equ	3967	;# 
   707   000F80                     PORTA           equ	3968	;# 
   708   000F81                     PORTB           equ	3969	;# 
   709   000F82                     PORTC           equ	3970	;# 
   710   000F84                     PORTE           equ	3972	;# 
   711   000F89                     LATA            equ	3977	;# 
   712   000F8A                     LATB            equ	3978	;# 
   713   000F8B                     LATC            equ	3979	;# 
   714   000F92                     TRISA           equ	3986	;# 
   715   000F92                     DDRA            equ	3986	;# 
   716   000F93                     TRISB           equ	3987	;# 
   717   000F93                     DDRB            equ	3987	;# 
   718   000F94                     TRISC           equ	3988	;# 
   719   000F94                     DDRC            equ	3988	;# 
   720   000F96                     TRISE           equ	3990	;# 
   721   000F9B                     OSCTUNE         equ	3995	;# 
   722   000F9C                     HLVDCON         equ	3996	;# 
   723   000F9C                     LVDCON          equ	3996	;# 
   724   000F9D                     PIE1            equ	3997	;# 
   725   000F9E                     PIR1            equ	3998	;# 
   726   000F9F                     IPR1            equ	3999	;# 
   727   000FA0                     PIE2            equ	4000	;# 
   728   000FA1                     PIR2            equ	4001	;# 
   729   000FA2                     IPR2            equ	4002	;# 
   730   000FA3                     PIE3            equ	4003	;# 
   731   000FA4                     PIR3            equ	4004	;# 
   732   000FA5                     IPR3            equ	4005	;# 
   733   000FA6                     EECON1          equ	4006	;# 
   734   000FA7                     EECON2          equ	4007	;# 
   735   000FA8                     EEDATA          equ	4008	;# 
   736   000FA9                     EEADR           equ	4009	;# 
   737   000FAB                     RCSTA1          equ	4011	;# 
   738   000FAB                     RCSTA           equ	4011	;# 
   739   000FAB                     RC1STA          equ	4011	;# 
   740   000FAC                     TXSTA1          equ	4012	;# 
   741   000FAC                     TXSTA           equ	4012	;# 
   742   000FAC                     TX1STA          equ	4012	;# 
   743   000FAD                     TXREG1          equ	4013	;# 
   744   000FAD                     TXREG           equ	4013	;# 
   745   000FAD                     TX1REG          equ	4013	;# 
   746   000FAE                     RCREG1          equ	4014	;# 
   747   000FAE                     RCREG           equ	4014	;# 
   748   000FAE                     RC1REG          equ	4014	;# 
   749   000FAF                     SPBRG1          equ	4015	;# 
   750   000FAF                     SPBRG           equ	4015	;# 
   751   000FAF                     SP1BRG          equ	4015	;# 
   752   000FB0                     SPBRGH1         equ	4016	;# 
   753   000FB0                     SPBRGH          equ	4016	;# 
   754   000FB0                     SP1BRGH         equ	4016	;# 
   755   000FB1                     T3CON           equ	4017	;# 
   756   000FB2                     TMR3            equ	4018	;# 
   757   000FB2                     TMR3L           equ	4018	;# 
   758   000FB3                     TMR3H           equ	4019	;# 
   759   000FB4                     T3GCON          equ	4020	;# 
   760   000FB6                     ECCP1AS         equ	4022	;# 
   761   000FB6                     ECCPAS          equ	4022	;# 
   762   000FB7                     PWM1CON         equ	4023	;# 
   763   000FB7                     PWMCON          equ	4023	;# 
   764   000FB8                     BAUDCON1        equ	4024	;# 
   765   000FB8                     BAUDCON         equ	4024	;# 
   766   000FB8                     BAUDCTL         equ	4024	;# 
   767   000FB8                     BAUD1CON        equ	4024	;# 
   768   000FB9                     PSTR1CON        equ	4025	;# 
   769   000FB9                     PSTRCON         equ	4025	;# 
   770   000FBA                     T2CON           equ	4026	;# 
   771   000FBB                     PR2             equ	4027	;# 
   772   000FBC                     TMR2            equ	4028	;# 
   773   000FBD                     CCP1CON         equ	4029	;# 
   774   000FBE                     CCPR1           equ	4030	;# 
   775   000FBE                     CCPR1L          equ	4030	;# 
   776   000FBF                     CCPR1H          equ	4031	;# 
   777   000FC0                     ADCON2          equ	4032	;# 
   778   000FC1                     ADCON1          equ	4033	;# 
   779   000FC2                     ADCON0          equ	4034	;# 
   780   000FC3                     ADRES           equ	4035	;# 
   781   000FC3                     ADRESL          equ	4035	;# 
   782   000FC4                     ADRESH          equ	4036	;# 
   783   000FC5                     SSP1CON2        equ	4037	;# 
   784   000FC5                     SSPCON2         equ	4037	;# 
   785   000FC6                     SSP1CON1        equ	4038	;# 
   786   000FC6                     SSPCON1         equ	4038	;# 
   787   000FC7                     SSP1STAT        equ	4039	;# 
   788   000FC7                     SSPSTAT         equ	4039	;# 
   789   000FC8                     SSP1ADD         equ	4040	;# 
   790   000FC8                     SSPADD          equ	4040	;# 
   791   000FC9                     SSP1BUF         equ	4041	;# 
   792   000FC9                     SSPBUF          equ	4041	;# 
   793   000FCA                     SSP1MSK         equ	4042	;# 
   794   000FCA                     SSPMSK          equ	4042	;# 
   795   000FCB                     SSP1CON3        equ	4043	;# 
   796   000FCB                     SSPCON3         equ	4043	;# 
   797   000FCC                     T1GCON          equ	4044	;# 
   798   000FCD                     T1CON           equ	4045	;# 
   799   000FCE                     TMR1            equ	4046	;# 
   800   000FCE                     TMR1L           equ	4046	;# 
   801   000FCF                     TMR1H           equ	4047	;# 
   802   000FD0                     RCON            equ	4048	;# 
   803   000FD1                     WDTCON          equ	4049	;# 
   804   000FD2                     OSCCON2         equ	4050	;# 
   805   000FD3                     OSCCON          equ	4051	;# 
   806   000FD5                     T0CON           equ	4053	;# 
   807   000FD6                     TMR0            equ	4054	;# 
   808   000FD6                     TMR0L           equ	4054	;# 
   809   000FD7                     TMR0H           equ	4055	;# 
   810   000FD8                     STATUS          equ	4056	;# 
   811   000FD9                     FSR2            equ	4057	;# 
   812   000FD9                     FSR2L           equ	4057	;# 
   813   000FDA                     FSR2H           equ	4058	;# 
   814   000FDB                     PLUSW2          equ	4059	;# 
   815   000FDC                     PREINC2         equ	4060	;# 
   816   000FDD                     POSTDEC2        equ	4061	;# 
   817   000FDE                     POSTINC2        equ	4062	;# 
   818   000FDF                     INDF2           equ	4063	;# 
   819   000FE0                     BSR             equ	4064	;# 
   820   000FE1                     FSR1            equ	4065	;# 
   821   000FE1                     FSR1L           equ	4065	;# 
   822   000FE2                     FSR1H           equ	4066	;# 
   823   000FE3                     PLUSW1          equ	4067	;# 
   824   000FE4                     PREINC1         equ	4068	;# 
   825   000FE5                     POSTDEC1        equ	4069	;# 
   826   000FE6                     POSTINC1        equ	4070	;# 
   827   000FE7                     INDF1           equ	4071	;# 
   828   000FE8                     WREG            equ	4072	;# 
   829   000FE9                     FSR0            equ	4073	;# 
   830   000FE9                     FSR0L           equ	4073	;# 
   831   000FEA                     FSR0H           equ	4074	;# 
   832   000FEB                     PLUSW0          equ	4075	;# 
   833   000FEC                     PREINC0         equ	4076	;# 
   834   000FED                     POSTDEC0        equ	4077	;# 
   835   000FEE                     POSTINC0        equ	4078	;# 
   836   000FEF                     INDF0           equ	4079	;# 
   837   000FF0                     INTCON3         equ	4080	;# 
   838   000FF1                     INTCON2         equ	4081	;# 
   839   000FF2                     INTCON          equ	4082	;# 
   840   000FF3                     PROD            equ	4083	;# 
   841   000FF3                     PRODL           equ	4083	;# 
   842   000FF4                     PRODH           equ	4084	;# 
   843   000FF5                     TABLAT          equ	4085	;# 
   844   000FF6                     TBLPTR          equ	4086	;# 
   845   000FF6                     TBLPTRL         equ	4086	;# 
   846   000FF7                     TBLPTRH         equ	4087	;# 
   847   000FF8                     TBLPTRU         equ	4088	;# 
   848   000FF9                     PCLAT           equ	4089	;# 
   849   000FF9                     PC              equ	4089	;# 
   850   000FF9                     PCL             equ	4089	;# 
   851   000FFA                     PCLATH          equ	4090	;# 
   852   000FFB                     PCLATU          equ	4091	;# 
   853   000FFC                     STKPTR          equ	4092	;# 
   854   000FFD                     TOS             equ	4093	;# 
   855   000FFD                     TOSL            equ	4093	;# 
   856   000FFE                     TOSH            equ	4094	;# 
   857   000FFF                     TOSU            equ	4095	;# 
   858   000F38                     ANSELA          equ	3896	;# 
   859   000F39                     ANSELB          equ	3897	;# 
   860   000F3A                     ANSELC          equ	3898	;# 
   861   000F3D                     PMD2            equ	3901	;# 
   862   000F3E                     PMD1            equ	3902	;# 
   863   000F3F                     PMD0            equ	3903	;# 
   864   000F40                     VREFCON2        equ	3904	;# 
   865   000F40                     DACCON1         equ	3904	;# 
   866   000F41                     VREFCON1        equ	3905	;# 
   867   000F41                     DACCON0         equ	3905	;# 
   868   000F42                     VREFCON0        equ	3906	;# 
   869   000F42                     FVRCON          equ	3906	;# 
   870   000F43                     CTMUICON        equ	3907	;# 
   871   000F43                     CTMUICONH       equ	3907	;# 
   872   000F44                     CTMUCONL        equ	3908	;# 
   873   000F44                     CTMUCON1        equ	3908	;# 
   874   000F45                     CTMUCONH        equ	3909	;# 
   875   000F45                     CTMUCON0        equ	3909	;# 
   876   000F46                     SRCON1          equ	3910	;# 
   877   000F47                     SRCON0          equ	3911	;# 
   878   000F48                     CCPTMRS1        equ	3912	;# 
   879   000F49                     CCPTMRS0        equ	3913	;# 
   880   000F4A                     T6CON           equ	3914	;# 
   881   000F4B                     PR6             equ	3915	;# 
   882   000F4C                     TMR6            equ	3916	;# 
   883   000F4D                     T5GCON          equ	3917	;# 
   884   000F4E                     T5CON           equ	3918	;# 
   885   000F4F                     TMR5            equ	3919	;# 
   886   000F4F                     TMR5L           equ	3919	;# 
   887   000F50                     TMR5H           equ	3920	;# 
   888   000F51                     T4CON           equ	3921	;# 
   889   000F52                     PR4             equ	3922	;# 
   890   000F53                     TMR4            equ	3923	;# 
   891   000F54                     CCP5CON         equ	3924	;# 
   892   000F55                     CCPR5           equ	3925	;# 
   893   000F55                     CCPR5L          equ	3925	;# 
   894   000F56                     CCPR5H          equ	3926	;# 
   895   000F57                     CCP4CON         equ	3927	;# 
   896   000F58                     CCPR4           equ	3928	;# 
   897   000F58                     CCPR4L          equ	3928	;# 
   898   000F59                     CCPR4H          equ	3929	;# 
   899   000F5A                     PSTR3CON        equ	3930	;# 
   900   000F5B                     ECCP3AS         equ	3931	;# 
   901   000F5B                     CCP3AS          equ	3931	;# 
   902   000F5C                     PWM3CON         equ	3932	;# 
   903   000F5D                     CCP3CON         equ	3933	;# 
   904   000F5E                     CCPR3           equ	3934	;# 
   905   000F5E                     CCPR3L          equ	3934	;# 
   906   000F5F                     CCPR3H          equ	3935	;# 
   907   000F60                     SLRCON          equ	3936	;# 
   908   000F61                     WPUB            equ	3937	;# 
   909   000F62                     IOCB            equ	3938	;# 
   910   000F63                     PSTR2CON        equ	3939	;# 
   911   000F64                     ECCP2AS         equ	3940	;# 
   912   000F64                     CCP2AS          equ	3940	;# 
   913   000F65                     PWM2CON         equ	3941	;# 
   914   000F66                     CCP2CON         equ	3942	;# 
   915   000F67                     CCPR2           equ	3943	;# 
   916   000F67                     CCPR2L          equ	3943	;# 
   917   000F68                     CCPR2H          equ	3944	;# 
   918   000F69                     SSP2CON3        equ	3945	;# 
   919   000F6A                     SSP2MSK         equ	3946	;# 
   920   000F6B                     SSP2CON2        equ	3947	;# 
   921   000F6C                     SSP2CON1        equ	3948	;# 
   922   000F6D                     SSP2STAT        equ	3949	;# 
   923   000F6E                     SSP2ADD         equ	3950	;# 
   924   000F6F                     SSP2BUF         equ	3951	;# 
   925   000F70                     BAUDCON2        equ	3952	;# 
   926   000F70                     BAUD2CON        equ	3952	;# 
   927   000F71                     RCSTA2          equ	3953	;# 
   928   000F71                     RC2STA          equ	3953	;# 
   929   000F72                     TXSTA2          equ	3954	;# 
   930   000F72                     TX2STA          equ	3954	;# 
   931   000F73                     TXREG2          equ	3955	;# 
   932   000F73                     TX2REG          equ	3955	;# 
   933   000F74                     RCREG2          equ	3956	;# 
   934   000F74                     RC2REG          equ	3956	;# 
   935   000F75                     SPBRG2          equ	3957	;# 
   936   000F75                     SP2BRG          equ	3957	;# 
   937   000F76                     SPBRGH2         equ	3958	;# 
   938   000F76                     SP2BRGH         equ	3958	;# 
   939   000F77                     CM2CON1         equ	3959	;# 
   940   000F77                     CM12CON         equ	3959	;# 
   941   000F78                     CM2CON0         equ	3960	;# 
   942   000F78                     CM2CON          equ	3960	;# 
   943   000F79                     CM1CON0         equ	3961	;# 
   944   000F79                     CM1CON          equ	3961	;# 
   945   000F7A                     PIE4            equ	3962	;# 
   946   000F7B                     PIR4            equ	3963	;# 
   947   000F7C                     IPR4            equ	3964	;# 
   948   000F7D                     PIE5            equ	3965	;# 
   949   000F7E                     PIR5            equ	3966	;# 
   950   000F7F                     IPR5            equ	3967	;# 
   951   000F80                     PORTA           equ	3968	;# 
   952   000F81                     PORTB           equ	3969	;# 
   953   000F82                     PORTC           equ	3970	;# 
   954   000F84                     PORTE           equ	3972	;# 
   955   000F89                     LATA            equ	3977	;# 
   956   000F8A                     LATB            equ	3978	;# 
   957   000F8B                     LATC            equ	3979	;# 
   958   000F92                     TRISA           equ	3986	;# 
   959   000F92                     DDRA            equ	3986	;# 
   960   000F93                     TRISB           equ	3987	;# 
   961   000F93                     DDRB            equ	3987	;# 
   962   000F94                     TRISC           equ	3988	;# 
   963   000F94                     DDRC            equ	3988	;# 
   964   000F96                     TRISE           equ	3990	;# 
   965   000F9B                     OSCTUNE         equ	3995	;# 
   966   000F9C                     HLVDCON         equ	3996	;# 
   967   000F9C                     LVDCON          equ	3996	;# 
   968   000F9D                     PIE1            equ	3997	;# 
   969   000F9E                     PIR1            equ	3998	;# 
   970   000F9F                     IPR1            equ	3999	;# 
   971   000FA0                     PIE2            equ	4000	;# 
   972   000FA1                     PIR2            equ	4001	;# 
   973   000FA2                     IPR2            equ	4002	;# 
   974   000FA3                     PIE3            equ	4003	;# 
   975   000FA4                     PIR3            equ	4004	;# 
   976   000FA5                     IPR3            equ	4005	;# 
   977   000FA6                     EECON1          equ	4006	;# 
   978   000FA7                     EECON2          equ	4007	;# 
   979   000FA8                     EEDATA          equ	4008	;# 
   980   000FA9                     EEADR           equ	4009	;# 
   981   000FAB                     RCSTA1          equ	4011	;# 
   982   000FAB                     RCSTA           equ	4011	;# 
   983   000FAB                     RC1STA          equ	4011	;# 
   984   000FAC                     TXSTA1          equ	4012	;# 
   985   000FAC                     TXSTA           equ	4012	;# 
   986   000FAC                     TX1STA          equ	4012	;# 
   987   000FAD                     TXREG1          equ	4013	;# 
   988   000FAD                     TXREG           equ	4013	;# 
   989   000FAD                     TX1REG          equ	4013	;# 
   990   000FAE                     RCREG1          equ	4014	;# 
   991   000FAE                     RCREG           equ	4014	;# 
   992   000FAE                     RC1REG          equ	4014	;# 
   993   000FAF                     SPBRG1          equ	4015	;# 
   994   000FAF                     SPBRG           equ	4015	;# 
   995   000FAF                     SP1BRG          equ	4015	;# 
   996   000FB0                     SPBRGH1         equ	4016	;# 
   997   000FB0                     SPBRGH          equ	4016	;# 
   998   000FB0                     SP1BRGH         equ	4016	;# 
   999   000FB1                     T3CON           equ	4017	;# 
  1000   000FB2                     TMR3            equ	4018	;# 
  1001   000FB2                     TMR3L           equ	4018	;# 
  1002   000FB3                     TMR3H           equ	4019	;# 
  1003   000FB4                     T3GCON          equ	4020	;# 
  1004   000FB6                     ECCP1AS         equ	4022	;# 
  1005   000FB6                     ECCPAS          equ	4022	;# 
  1006   000FB7                     PWM1CON         equ	4023	;# 
  1007   000FB7                     PWMCON          equ	4023	;# 
  1008   000FB8                     BAUDCON1        equ	4024	;# 
  1009   000FB8                     BAUDCON         equ	4024	;# 
  1010   000FB8                     BAUDCTL         equ	4024	;# 
  1011   000FB8                     BAUD1CON        equ	4024	;# 
  1012   000FB9                     PSTR1CON        equ	4025	;# 
  1013   000FB9                     PSTRCON         equ	4025	;# 
  1014   000FBA                     T2CON           equ	4026	;# 
  1015   000FBB                     PR2             equ	4027	;# 
  1016   000FBC                     TMR2            equ	4028	;# 
  1017   000FBD                     CCP1CON         equ	4029	;# 
  1018   000FBE                     CCPR1           equ	4030	;# 
  1019   000FBE                     CCPR1L          equ	4030	;# 
  1020   000FBF                     CCPR1H          equ	4031	;# 
  1021   000FC0                     ADCON2          equ	4032	;# 
  1022   000FC1                     ADCON1          equ	4033	;# 
  1023   000FC2                     ADCON0          equ	4034	;# 
  1024   000FC3                     ADRES           equ	4035	;# 
  1025   000FC3                     ADRESL          equ	4035	;# 
  1026   000FC4                     ADRESH          equ	4036	;# 
  1027   000FC5                     SSP1CON2        equ	4037	;# 
  1028   000FC5                     SSPCON2         equ	4037	;# 
  1029   000FC6                     SSP1CON1        equ	4038	;# 
  1030   000FC6                     SSPCON1         equ	4038	;# 
  1031   000FC7                     SSP1STAT        equ	4039	;# 
  1032   000FC7                     SSPSTAT         equ	4039	;# 
  1033   000FC8                     SSP1ADD         equ	4040	;# 
  1034   000FC8                     SSPADD          equ	4040	;# 
  1035   000FC9                     SSP1BUF         equ	4041	;# 
  1036   000FC9                     SSPBUF          equ	4041	;# 
  1037   000FCA                     SSP1MSK         equ	4042	;# 
  1038   000FCA                     SSPMSK          equ	4042	;# 
  1039   000FCB                     SSP1CON3        equ	4043	;# 
  1040   000FCB                     SSPCON3         equ	4043	;# 
  1041   000FCC                     T1GCON          equ	4044	;# 
  1042   000FCD                     T1CON           equ	4045	;# 
  1043   000FCE                     TMR1            equ	4046	;# 
  1044   000FCE                     TMR1L           equ	4046	;# 
  1045   000FCF                     TMR1H           equ	4047	;# 
  1046   000FD0                     RCON            equ	4048	;# 
  1047   000FD1                     WDTCON          equ	4049	;# 
  1048   000FD2                     OSCCON2         equ	4050	;# 
  1049   000FD3                     OSCCON          equ	4051	;# 
  1050   000FD5                     T0CON           equ	4053	;# 
  1051   000FD6                     TMR0            equ	4054	;# 
  1052   000FD6                     TMR0L           equ	4054	;# 
  1053   000FD7                     TMR0H           equ	4055	;# 
  1054   000FD8                     STATUS          equ	4056	;# 
  1055   000FD9                     FSR2            equ	4057	;# 
  1056   000FD9                     FSR2L           equ	4057	;# 
  1057   000FDA                     FSR2H           equ	4058	;# 
  1058   000FDB                     PLUSW2          equ	4059	;# 
  1059   000FDC                     PREINC2         equ	4060	;# 
  1060   000FDD                     POSTDEC2        equ	4061	;# 
  1061   000FDE                     POSTINC2        equ	4062	;# 
  1062   000FDF                     INDF2           equ	4063	;# 
  1063   000FE0                     BSR             equ	4064	;# 
  1064   000FE1                     FSR1            equ	4065	;# 
  1065   000FE1                     FSR1L           equ	4065	;# 
  1066   000FE2                     FSR1H           equ	4066	;# 
  1067   000FE3                     PLUSW1          equ	4067	;# 
  1068   000FE4                     PREINC1         equ	4068	;# 
  1069   000FE5                     POSTDEC1        equ	4069	;# 
  1070   000FE6                     POSTINC1        equ	4070	;# 
  1071   000FE7                     INDF1           equ	4071	;# 
  1072   000FE8                     WREG            equ	4072	;# 
  1073   000FE9                     FSR0            equ	4073	;# 
  1074   000FE9                     FSR0L           equ	4073	;# 
  1075   000FEA                     FSR0H           equ	4074	;# 
  1076   000FEB                     PLUSW0          equ	4075	;# 
  1077   000FEC                     PREINC0         equ	4076	;# 
  1078   000FED                     POSTDEC0        equ	4077	;# 
  1079   000FEE                     POSTINC0        equ	4078	;# 
  1080   000FEF                     INDF0           equ	4079	;# 
  1081   000FF0                     INTCON3         equ	4080	;# 
  1082   000FF1                     INTCON2         equ	4081	;# 
  1083   000FF2                     INTCON          equ	4082	;# 
  1084   000FF3                     PROD            equ	4083	;# 
  1085   000FF3                     PRODL           equ	4083	;# 
  1086   000FF4                     PRODH           equ	4084	;# 
  1087   000FF5                     TABLAT          equ	4085	;# 
  1088   000FF6                     TBLPTR          equ	4086	;# 
  1089   000FF6                     TBLPTRL         equ	4086	;# 
  1090   000FF7                     TBLPTRH         equ	4087	;# 
  1091   000FF8                     TBLPTRU         equ	4088	;# 
  1092   000FF9                     PCLAT           equ	4089	;# 
  1093   000FF9                     PC              equ	4089	;# 
  1094   000FF9                     PCL             equ	4089	;# 
  1095   000FFA                     PCLATH          equ	4090	;# 
  1096   000FFB                     PCLATU          equ	4091	;# 
  1097   000FFC                     STKPTR          equ	4092	;# 
  1098   000FFD                     TOS             equ	4093	;# 
  1099   000FFD                     TOSL            equ	4093	;# 
  1100   000FFE                     TOSH            equ	4094	;# 
  1101   000FFF                     TOSU            equ	4095	;# 
  1102   000F38                     ANSELA          equ	3896	;# 
  1103   000F39                     ANSELB          equ	3897	;# 
  1104   000F3A                     ANSELC          equ	3898	;# 
  1105   000F3D                     PMD2            equ	3901	;# 
  1106   000F3E                     PMD1            equ	3902	;# 
  1107   000F3F                     PMD0            equ	3903	;# 
  1108   000F40                     VREFCON2        equ	3904	;# 
  1109   000F40                     DACCON1         equ	3904	;# 
  1110   000F41                     VREFCON1        equ	3905	;# 
  1111   000F41                     DACCON0         equ	3905	;# 
  1112   000F42                     VREFCON0        equ	3906	;# 
  1113   000F42                     FVRCON          equ	3906	;# 
  1114   000F43                     CTMUICON        equ	3907	;# 
  1115   000F43                     CTMUICONH       equ	3907	;# 
  1116   000F44                     CTMUCONL        equ	3908	;# 
  1117   000F44                     CTMUCON1        equ	3908	;# 
  1118   000F45                     CTMUCONH        equ	3909	;# 
  1119   000F45                     CTMUCON0        equ	3909	;# 
  1120   000F46                     SRCON1          equ	3910	;# 
  1121   000F47                     SRCON0          equ	3911	;# 
  1122   000F48                     CCPTMRS1        equ	3912	;# 
  1123   000F49                     CCPTMRS0        equ	3913	;# 
  1124   000F4A                     T6CON           equ	3914	;# 
  1125   000F4B                     PR6             equ	3915	;# 
  1126   000F4C                     TMR6            equ	3916	;# 
  1127   000F4D                     T5GCON          equ	3917	;# 
  1128   000F4E                     T5CON           equ	3918	;# 
  1129   000F4F                     TMR5            equ	3919	;# 
  1130   000F4F                     TMR5L           equ	3919	;# 
  1131   000F50                     TMR5H           equ	3920	;# 
  1132   000F51                     T4CON           equ	3921	;# 
  1133   000F52                     PR4             equ	3922	;# 
  1134   000F53                     TMR4            equ	3923	;# 
  1135   000F54                     CCP5CON         equ	3924	;# 
  1136   000F55                     CCPR5           equ	3925	;# 
  1137   000F55                     CCPR5L          equ	3925	;# 
  1138   000F56                     CCPR5H          equ	3926	;# 
  1139   000F57                     CCP4CON         equ	3927	;# 
  1140   000F58                     CCPR4           equ	3928	;# 
  1141   000F58                     CCPR4L          equ	3928	;# 
  1142   000F59                     CCPR4H          equ	3929	;# 
  1143   000F5A                     PSTR3CON        equ	3930	;# 
  1144   000F5B                     ECCP3AS         equ	3931	;# 
  1145   000F5B                     CCP3AS          equ	3931	;# 
  1146   000F5C                     PWM3CON         equ	3932	;# 
  1147   000F5D                     CCP3CON         equ	3933	;# 
  1148   000F5E                     CCPR3           equ	3934	;# 
  1149   000F5E                     CCPR3L          equ	3934	;# 
  1150   000F5F                     CCPR3H          equ	3935	;# 
  1151   000F60                     SLRCON          equ	3936	;# 
  1152   000F61                     WPUB            equ	3937	;# 
  1153   000F62                     IOCB            equ	3938	;# 
  1154   000F63                     PSTR2CON        equ	3939	;# 
  1155   000F64                     ECCP2AS         equ	3940	;# 
  1156   000F64                     CCP2AS          equ	3940	;# 
  1157   000F65                     PWM2CON         equ	3941	;# 
  1158   000F66                     CCP2CON         equ	3942	;# 
  1159   000F67                     CCPR2           equ	3943	;# 
  1160   000F67                     CCPR2L          equ	3943	;# 
  1161   000F68                     CCPR2H          equ	3944	;# 
  1162   000F69                     SSP2CON3        equ	3945	;# 
  1163   000F6A                     SSP2MSK         equ	3946	;# 
  1164   000F6B                     SSP2CON2        equ	3947	;# 
  1165   000F6C                     SSP2CON1        equ	3948	;# 
  1166   000F6D                     SSP2STAT        equ	3949	;# 
  1167   000F6E                     SSP2ADD         equ	3950	;# 
  1168   000F6F                     SSP2BUF         equ	3951	;# 
  1169   000F70                     BAUDCON2        equ	3952	;# 
  1170   000F70                     BAUD2CON        equ	3952	;# 
  1171   000F71                     RCSTA2          equ	3953	;# 
  1172   000F71                     RC2STA          equ	3953	;# 
  1173   000F72                     TXSTA2          equ	3954	;# 
  1174   000F72                     TX2STA          equ	3954	;# 
  1175   000F73                     TXREG2          equ	3955	;# 
  1176   000F73                     TX2REG          equ	3955	;# 
  1177   000F74                     RCREG2          equ	3956	;# 
  1178   000F74                     RC2REG          equ	3956	;# 
  1179   000F75                     SPBRG2          equ	3957	;# 
  1180   000F75                     SP2BRG          equ	3957	;# 
  1181   000F76                     SPBRGH2         equ	3958	;# 
  1182   000F76                     SP2BRGH         equ	3958	;# 
  1183   000F77                     CM2CON1         equ	3959	;# 
  1184   000F77                     CM12CON         equ	3959	;# 
  1185   000F78                     CM2CON0         equ	3960	;# 
  1186   000F78                     CM2CON          equ	3960	;# 
  1187   000F79                     CM1CON0         equ	3961	;# 
  1188   000F79                     CM1CON          equ	3961	;# 
  1189   000F7A                     PIE4            equ	3962	;# 
  1190   000F7B                     PIR4            equ	3963	;# 
  1191   000F7C                     IPR4            equ	3964	;# 
  1192   000F7D                     PIE5            equ	3965	;# 
  1193   000F7E                     PIR5            equ	3966	;# 
  1194   000F7F                     IPR5            equ	3967	;# 
  1195   000F80                     PORTA           equ	3968	;# 
  1196   000F81                     PORTB           equ	3969	;# 
  1197   000F82                     PORTC           equ	3970	;# 
  1198   000F84                     PORTE           equ	3972	;# 
  1199   000F89                     LATA            equ	3977	;# 
  1200   000F8A                     LATB            equ	3978	;# 
  1201   000F8B                     LATC            equ	3979	;# 
  1202   000F92                     TRISA           equ	3986	;# 
  1203   000F92                     DDRA            equ	3986	;# 
  1204   000F93                     TRISB           equ	3987	;# 
  1205   000F93                     DDRB            equ	3987	;# 
  1206   000F94                     TRISC           equ	3988	;# 
  1207   000F94                     DDRC            equ	3988	;# 
  1208   000F96                     TRISE           equ	3990	;# 
  1209   000F9B                     OSCTUNE         equ	3995	;# 
  1210   000F9C                     HLVDCON         equ	3996	;# 
  1211   000F9C                     LVDCON          equ	3996	;# 
  1212   000F9D                     PIE1            equ	3997	;# 
  1213   000F9E                     PIR1            equ	3998	;# 
  1214   000F9F                     IPR1            equ	3999	;# 
  1215   000FA0                     PIE2            equ	4000	;# 
  1216   000FA1                     PIR2            equ	4001	;# 
  1217   000FA2                     IPR2            equ	4002	;# 
  1218   000FA3                     PIE3            equ	4003	;# 
  1219   000FA4                     PIR3            equ	4004	;# 
  1220   000FA5                     IPR3            equ	4005	;# 
  1221   000FA6                     EECON1          equ	4006	;# 
  1222   000FA7                     EECON2          equ	4007	;# 
  1223   000FA8                     EEDATA          equ	4008	;# 
  1224   000FA9                     EEADR           equ	4009	;# 
  1225   000FAB                     RCSTA1          equ	4011	;# 
  1226   000FAB                     RCSTA           equ	4011	;# 
  1227   000FAB                     RC1STA          equ	4011	;# 
  1228   000FAC                     TXSTA1          equ	4012	;# 
  1229   000FAC                     TXSTA           equ	4012	;# 
  1230   000FAC                     TX1STA          equ	4012	;# 
  1231   000FAD                     TXREG1          equ	4013	;# 
  1232   000FAD                     TXREG           equ	4013	;# 
  1233   000FAD                     TX1REG          equ	4013	;# 
  1234   000FAE                     RCREG1          equ	4014	;# 
  1235   000FAE                     RCREG           equ	4014	;# 
  1236   000FAE                     RC1REG          equ	4014	;# 
  1237   000FAF                     SPBRG1          equ	4015	;# 
  1238   000FAF                     SPBRG           equ	4015	;# 
  1239   000FAF                     SP1BRG          equ	4015	;# 
  1240   000FB0                     SPBRGH1         equ	4016	;# 
  1241   000FB0                     SPBRGH          equ	4016	;# 
  1242   000FB0                     SP1BRGH         equ	4016	;# 
  1243   000FB1                     T3CON           equ	4017	;# 
  1244   000FB2                     TMR3            equ	4018	;# 
  1245   000FB2                     TMR3L           equ	4018	;# 
  1246   000FB3                     TMR3H           equ	4019	;# 
  1247   000FB4                     T3GCON          equ	4020	;# 
  1248   000FB6                     ECCP1AS         equ	4022	;# 
  1249   000FB6                     ECCPAS          equ	4022	;# 
  1250   000FB7                     PWM1CON         equ	4023	;# 
  1251   000FB7                     PWMCON          equ	4023	;# 
  1252   000FB8                     BAUDCON1        equ	4024	;# 
  1253   000FB8                     BAUDCON         equ	4024	;# 
  1254   000FB8                     BAUDCTL         equ	4024	;# 
  1255   000FB8                     BAUD1CON        equ	4024	;# 
  1256   000FB9                     PSTR1CON        equ	4025	;# 
  1257   000FB9                     PSTRCON         equ	4025	;# 
  1258   000FBA                     T2CON           equ	4026	;# 
  1259   000FBB                     PR2             equ	4027	;# 
  1260   000FBC                     TMR2            equ	4028	;# 
  1261   000FBD                     CCP1CON         equ	4029	;# 
  1262   000FBE                     CCPR1           equ	4030	;# 
  1263   000FBE                     CCPR1L          equ	4030	;# 
  1264   000FBF                     CCPR1H          equ	4031	;# 
  1265   000FC0                     ADCON2          equ	4032	;# 
  1266   000FC1                     ADCON1          equ	4033	;# 
  1267   000FC2                     ADCON0          equ	4034	;# 
  1268   000FC3                     ADRES           equ	4035	;# 
  1269   000FC3                     ADRESL          equ	4035	;# 
  1270   000FC4                     ADRESH          equ	4036	;# 
  1271   000FC5                     SSP1CON2        equ	4037	;# 
  1272   000FC5                     SSPCON2         equ	4037	;# 
  1273   000FC6                     SSP1CON1        equ	4038	;# 
  1274   000FC6                     SSPCON1         equ	4038	;# 
  1275   000FC7                     SSP1STAT        equ	4039	;# 
  1276   000FC7                     SSPSTAT         equ	4039	;# 
  1277   000FC8                     SSP1ADD         equ	4040	;# 
  1278   000FC8                     SSPADD          equ	4040	;# 
  1279   000FC9                     SSP1BUF         equ	4041	;# 
  1280   000FC9                     SSPBUF          equ	4041	;# 
  1281   000FCA                     SSP1MSK         equ	4042	;# 
  1282   000FCA                     SSPMSK          equ	4042	;# 
  1283   000FCB                     SSP1CON3        equ	4043	;# 
  1284   000FCB                     SSPCON3         equ	4043	;# 
  1285   000FCC                     T1GCON          equ	4044	;# 
  1286   000FCD                     T1CON           equ	4045	;# 
  1287   000FCE                     TMR1            equ	4046	;# 
  1288   000FCE                     TMR1L           equ	4046	;# 
  1289   000FCF                     TMR1H           equ	4047	;# 
  1290   000FD0                     RCON            equ	4048	;# 
  1291   000FD1                     WDTCON          equ	4049	;# 
  1292   000FD2                     OSCCON2         equ	4050	;# 
  1293   000FD3                     OSCCON          equ	4051	;# 
  1294   000FD5                     T0CON           equ	4053	;# 
  1295   000FD6                     TMR0            equ	4054	;# 
  1296   000FD6                     TMR0L           equ	4054	;# 
  1297   000FD7                     TMR0H           equ	4055	;# 
  1298   000FD8                     STATUS          equ	4056	;# 
  1299   000FD9                     FSR2            equ	4057	;# 
  1300   000FD9                     FSR2L           equ	4057	;# 
  1301   000FDA                     FSR2H           equ	4058	;# 
  1302   000FDB                     PLUSW2          equ	4059	;# 
  1303   000FDC                     PREINC2         equ	4060	;# 
  1304   000FDD                     POSTDEC2        equ	4061	;# 
  1305   000FDE                     POSTINC2        equ	4062	;# 
  1306   000FDF                     INDF2           equ	4063	;# 
  1307   000FE0                     BSR             equ	4064	;# 
  1308   000FE1                     FSR1            equ	4065	;# 
  1309   000FE1                     FSR1L           equ	4065	;# 
  1310   000FE2                     FSR1H           equ	4066	;# 
  1311   000FE3                     PLUSW1          equ	4067	;# 
  1312   000FE4                     PREINC1         equ	4068	;# 
  1313   000FE5                     POSTDEC1        equ	4069	;# 
  1314   000FE6                     POSTINC1        equ	4070	;# 
  1315   000FE7                     INDF1           equ	4071	;# 
  1316   000FE8                     WREG            equ	4072	;# 
  1317   000FE9                     FSR0            equ	4073	;# 
  1318   000FE9                     FSR0L           equ	4073	;# 
  1319   000FEA                     FSR0H           equ	4074	;# 
  1320   000FEB                     PLUSW0          equ	4075	;# 
  1321   000FEC                     PREINC0         equ	4076	;# 
  1322   000FED                     POSTDEC0        equ	4077	;# 
  1323   000FEE                     POSTINC0        equ	4078	;# 
  1324   000FEF                     INDF0           equ	4079	;# 
  1325   000FF0                     INTCON3         equ	4080	;# 
  1326   000FF1                     INTCON2         equ	4081	;# 
  1327   000FF2                     INTCON          equ	4082	;# 
  1328   000FF3                     PROD            equ	4083	;# 
  1329   000FF3                     PRODL           equ	4083	;# 
  1330   000FF4                     PRODH           equ	4084	;# 
  1331   000FF5                     TABLAT          equ	4085	;# 
  1332   000FF6                     TBLPTR          equ	4086	;# 
  1333   000FF6                     TBLPTRL         equ	4086	;# 
  1334   000FF7                     TBLPTRH         equ	4087	;# 
  1335   000FF8                     TBLPTRU         equ	4088	;# 
  1336   000FF9                     PCLAT           equ	4089	;# 
  1337   000FF9                     PC              equ	4089	;# 
  1338   000FF9                     PCL             equ	4089	;# 
  1339   000FFA                     PCLATH          equ	4090	;# 
  1340   000FFB                     PCLATU          equ	4091	;# 
  1341   000FFC                     STKPTR          equ	4092	;# 
  1342   000FFD                     TOS             equ	4093	;# 
  1343   000FFD                     TOSL            equ	4093	;# 
  1344   000FFE                     TOSH            equ	4094	;# 
  1345   000FFF                     TOSU            equ	4095	;# 
  1346   000F38                     ANSELA          equ	3896	;# 
  1347   000F39                     ANSELB          equ	3897	;# 
  1348   000F3A                     ANSELC          equ	3898	;# 
  1349   000F3D                     PMD2            equ	3901	;# 
  1350   000F3E                     PMD1            equ	3902	;# 
  1351   000F3F                     PMD0            equ	3903	;# 
  1352   000F40                     VREFCON2        equ	3904	;# 
  1353   000F40                     DACCON1         equ	3904	;# 
  1354   000F41                     VREFCON1        equ	3905	;# 
  1355   000F41                     DACCON0         equ	3905	;# 
  1356   000F42                     VREFCON0        equ	3906	;# 
  1357   000F42                     FVRCON          equ	3906	;# 
  1358   000F43                     CTMUICON        equ	3907	;# 
  1359   000F43                     CTMUICONH       equ	3907	;# 
  1360   000F44                     CTMUCONL        equ	3908	;# 
  1361   000F44                     CTMUCON1        equ	3908	;# 
  1362   000F45                     CTMUCONH        equ	3909	;# 
  1363   000F45                     CTMUCON0        equ	3909	;# 
  1364   000F46                     SRCON1          equ	3910	;# 
  1365   000F47                     SRCON0          equ	3911	;# 
  1366   000F48                     CCPTMRS1        equ	3912	;# 
  1367   000F49                     CCPTMRS0        equ	3913	;# 
  1368   000F4A                     T6CON           equ	3914	;# 
  1369   000F4B                     PR6             equ	3915	;# 
  1370   000F4C                     TMR6            equ	3916	;# 
  1371   000F4D                     T5GCON          equ	3917	;# 
  1372   000F4E                     T5CON           equ	3918	;# 
  1373   000F4F                     TMR5            equ	3919	;# 
  1374   000F4F                     TMR5L           equ	3919	;# 
  1375   000F50                     TMR5H           equ	3920	;# 
  1376   000F51                     T4CON           equ	3921	;# 
  1377   000F52                     PR4             equ	3922	;# 
  1378   000F53                     TMR4            equ	3923	;# 
  1379   000F54                     CCP5CON         equ	3924	;# 
  1380   000F55                     CCPR5           equ	3925	;# 
  1381   000F55                     CCPR5L          equ	3925	;# 
  1382   000F56                     CCPR5H          equ	3926	;# 
  1383   000F57                     CCP4CON         equ	3927	;# 
  1384   000F58                     CCPR4           equ	3928	;# 
  1385   000F58                     CCPR4L          equ	3928	;# 
  1386   000F59                     CCPR4H          equ	3929	;# 
  1387   000F5A                     PSTR3CON        equ	3930	;# 
  1388   000F5B                     ECCP3AS         equ	3931	;# 
  1389   000F5B                     CCP3AS          equ	3931	;# 
  1390   000F5C                     PWM3CON         equ	3932	;# 
  1391   000F5D                     CCP3CON         equ	3933	;# 
  1392   000F5E                     CCPR3           equ	3934	;# 
  1393   000F5E                     CCPR3L          equ	3934	;# 
  1394   000F5F                     CCPR3H          equ	3935	;# 
  1395   000F60                     SLRCON          equ	3936	;# 
  1396   000F61                     WPUB            equ	3937	;# 
  1397   000F62                     IOCB            equ	3938	;# 
  1398   000F63                     PSTR2CON        equ	3939	;# 
  1399   000F64                     ECCP2AS         equ	3940	;# 
  1400   000F64                     CCP2AS          equ	3940	;# 
  1401   000F65                     PWM2CON         equ	3941	;# 
  1402   000F66                     CCP2CON         equ	3942	;# 
  1403   000F67                     CCPR2           equ	3943	;# 
  1404   000F67                     CCPR2L          equ	3943	;# 
  1405   000F68                     CCPR2H          equ	3944	;# 
  1406   000F69                     SSP2CON3        equ	3945	;# 
  1407   000F6A                     SSP2MSK         equ	3946	;# 
  1408   000F6B                     SSP2CON2        equ	3947	;# 
  1409   000F6C                     SSP2CON1        equ	3948	;# 
  1410   000F6D                     SSP2STAT        equ	3949	;# 
  1411   000F6E                     SSP2ADD         equ	3950	;# 
  1412   000F6F                     SSP2BUF         equ	3951	;# 
  1413   000F70                     BAUDCON2        equ	3952	;# 
  1414   000F70                     BAUD2CON        equ	3952	;# 
  1415   000F71                     RCSTA2          equ	3953	;# 
  1416   000F71                     RC2STA          equ	3953	;# 
  1417   000F72                     TXSTA2          equ	3954	;# 
  1418   000F72                     TX2STA          equ	3954	;# 
  1419   000F73                     TXREG2          equ	3955	;# 
  1420   000F73                     TX2REG          equ	3955	;# 
  1421   000F74                     RCREG2          equ	3956	;# 
  1422   000F74                     RC2REG          equ	3956	;# 
  1423   000F75                     SPBRG2          equ	3957	;# 
  1424   000F75                     SP2BRG          equ	3957	;# 
  1425   000F76                     SPBRGH2         equ	3958	;# 
  1426   000F76                     SP2BRGH         equ	3958	;# 
  1427   000F77                     CM2CON1         equ	3959	;# 
  1428   000F77                     CM12CON         equ	3959	;# 
  1429   000F78                     CM2CON0         equ	3960	;# 
  1430   000F78                     CM2CON          equ	3960	;# 
  1431   000F79                     CM1CON0         equ	3961	;# 
  1432   000F79                     CM1CON          equ	3961	;# 
  1433   000F7A                     PIE4            equ	3962	;# 
  1434   000F7B                     PIR4            equ	3963	;# 
  1435   000F7C                     IPR4            equ	3964	;# 
  1436   000F7D                     PIE5            equ	3965	;# 
  1437   000F7E                     PIR5            equ	3966	;# 
  1438   000F7F                     IPR5            equ	3967	;# 
  1439   000F80                     PORTA           equ	3968	;# 
  1440   000F81                     PORTB           equ	3969	;# 
  1441   000F82                     PORTC           equ	3970	;# 
  1442   000F84                     PORTE           equ	3972	;# 
  1443   000F89                     LATA            equ	3977	;# 
  1444   000F8A                     LATB            equ	3978	;# 
  1445   000F8B                     LATC            equ	3979	;# 
  1446   000F92                     TRISA           equ	3986	;# 
  1447   000F92                     DDRA            equ	3986	;# 
  1448   000F93                     TRISB           equ	3987	;# 
  1449   000F93                     DDRB            equ	3987	;# 
  1450   000F94                     TRISC           equ	3988	;# 
  1451   000F94                     DDRC            equ	3988	;# 
  1452   000F96                     TRISE           equ	3990	;# 
  1453   000F9B                     OSCTUNE         equ	3995	;# 
  1454   000F9C                     HLVDCON         equ	3996	;# 
  1455   000F9C                     LVDCON          equ	3996	;# 
  1456   000F9D                     PIE1            equ	3997	;# 
  1457   000F9E                     PIR1            equ	3998	;# 
  1458   000F9F                     IPR1            equ	3999	;# 
  1459   000FA0                     PIE2            equ	4000	;# 
  1460   000FA1                     PIR2            equ	4001	;# 
  1461   000FA2                     IPR2            equ	4002	;# 
  1462   000FA3                     PIE3            equ	4003	;# 
  1463   000FA4                     PIR3            equ	4004	;# 
  1464   000FA5                     IPR3            equ	4005	;# 
  1465   000FA6                     EECON1          equ	4006	;# 
  1466   000FA7                     EECON2          equ	4007	;# 
  1467   000FA8                     EEDATA          equ	4008	;# 
  1468   000FA9                     EEADR           equ	4009	;# 
  1469   000FAB                     RCSTA1          equ	4011	;# 
  1470   000FAB                     RCSTA           equ	4011	;# 
  1471   000FAB                     RC1STA          equ	4011	;# 
  1472   000FAC                     TXSTA1          equ	4012	;# 
  1473   000FAC                     TXSTA           equ	4012	;# 
  1474   000FAC                     TX1STA          equ	4012	;# 
  1475   000FAD                     TXREG1          equ	4013	;# 
  1476   000FAD                     TXREG           equ	4013	;# 
  1477   000FAD                     TX1REG          equ	4013	;# 
  1478   000FAE                     RCREG1          equ	4014	;# 
  1479   000FAE                     RCREG           equ	4014	;# 
  1480   000FAE                     RC1REG          equ	4014	;# 
  1481   000FAF                     SPBRG1          equ	4015	;# 
  1482   000FAF                     SPBRG           equ	4015	;# 
  1483   000FAF                     SP1BRG          equ	4015	;# 
  1484   000FB0                     SPBRGH1         equ	4016	;# 
  1485   000FB0                     SPBRGH          equ	4016	;# 
  1486   000FB0                     SP1BRGH         equ	4016	;# 
  1487   000FB1                     T3CON           equ	4017	;# 
  1488   000FB2                     TMR3            equ	4018	;# 
  1489   000FB2                     TMR3L           equ	4018	;# 
  1490   000FB3                     TMR3H           equ	4019	;# 
  1491   000FB4                     T3GCON          equ	4020	;# 
  1492   000FB6                     ECCP1AS         equ	4022	;# 
  1493   000FB6                     ECCPAS          equ	4022	;# 
  1494   000FB7                     PWM1CON         equ	4023	;# 
  1495   000FB7                     PWMCON          equ	4023	;# 
  1496   000FB8                     BAUDCON1        equ	4024	;# 
  1497   000FB8                     BAUDCON         equ	4024	;# 
  1498   000FB8                     BAUDCTL         equ	4024	;# 
  1499   000FB8                     BAUD1CON        equ	4024	;# 
  1500   000FB9                     PSTR1CON        equ	4025	;# 
  1501   000FB9                     PSTRCON         equ	4025	;# 
  1502   000FBA                     T2CON           equ	4026	;# 
  1503   000FBB                     PR2             equ	4027	;# 
  1504   000FBC                     TMR2            equ	4028	;# 
  1505   000FBD                     CCP1CON         equ	4029	;# 
  1506   000FBE                     CCPR1           equ	4030	;# 
  1507   000FBE                     CCPR1L          equ	4030	;# 
  1508   000FBF                     CCPR1H          equ	4031	;# 
  1509   000FC0                     ADCON2          equ	4032	;# 
  1510   000FC1                     ADCON1          equ	4033	;# 
  1511   000FC2                     ADCON0          equ	4034	;# 
  1512   000FC3                     ADRES           equ	4035	;# 
  1513   000FC3                     ADRESL          equ	4035	;# 
  1514   000FC4                     ADRESH          equ	4036	;# 
  1515   000FC5                     SSP1CON2        equ	4037	;# 
  1516   000FC5                     SSPCON2         equ	4037	;# 
  1517   000FC6                     SSP1CON1        equ	4038	;# 
  1518   000FC6                     SSPCON1         equ	4038	;# 
  1519   000FC7                     SSP1STAT        equ	4039	;# 
  1520   000FC7                     SSPSTAT         equ	4039	;# 
  1521   000FC8                     SSP1ADD         equ	4040	;# 
  1522   000FC8                     SSPADD          equ	4040	;# 
  1523   000FC9                     SSP1BUF         equ	4041	;# 
  1524   000FC9                     SSPBUF          equ	4041	;# 
  1525   000FCA                     SSP1MSK         equ	4042	;# 
  1526   000FCA                     SSPMSK          equ	4042	;# 
  1527   000FCB                     SSP1CON3        equ	4043	;# 
  1528   000FCB                     SSPCON3         equ	4043	;# 
  1529   000FCC                     T1GCON          equ	4044	;# 
  1530   000FCD                     T1CON           equ	4045	;# 
  1531   000FCE                     TMR1            equ	4046	;# 
  1532   000FCE                     TMR1L           equ	4046	;# 
  1533   000FCF                     TMR1H           equ	4047	;# 
  1534   000FD0                     RCON            equ	4048	;# 
  1535   000FD1                     WDTCON          equ	4049	;# 
  1536   000FD2                     OSCCON2         equ	4050	;# 
  1537   000FD3                     OSCCON          equ	4051	;# 
  1538   000FD5                     T0CON           equ	4053	;# 
  1539   000FD6                     TMR0            equ	4054	;# 
  1540   000FD6                     TMR0L           equ	4054	;# 
  1541   000FD7                     TMR0H           equ	4055	;# 
  1542   000FD8                     STATUS          equ	4056	;# 
  1543   000FD9                     FSR2            equ	4057	;# 
  1544   000FD9                     FSR2L           equ	4057	;# 
  1545   000FDA                     FSR2H           equ	4058	;# 
  1546   000FDB                     PLUSW2          equ	4059	;# 
  1547   000FDC                     PREINC2         equ	4060	;# 
  1548   000FDD                     POSTDEC2        equ	4061	;# 
  1549   000FDE                     POSTINC2        equ	4062	;# 
  1550   000FDF                     INDF2           equ	4063	;# 
  1551   000FE0                     BSR             equ	4064	;# 
  1552   000FE1                     FSR1            equ	4065	;# 
  1553   000FE1                     FSR1L           equ	4065	;# 
  1554   000FE2                     FSR1H           equ	4066	;# 
  1555   000FE3                     PLUSW1          equ	4067	;# 
  1556   000FE4                     PREINC1         equ	4068	;# 
  1557   000FE5                     POSTDEC1        equ	4069	;# 
  1558   000FE6                     POSTINC1        equ	4070	;# 
  1559   000FE7                     INDF1           equ	4071	;# 
  1560   000FE8                     WREG            equ	4072	;# 
  1561   000FE9                     FSR0            equ	4073	;# 
  1562   000FE9                     FSR0L           equ	4073	;# 
  1563   000FEA                     FSR0H           equ	4074	;# 
  1564   000FEB                     PLUSW0          equ	4075	;# 
  1565   000FEC                     PREINC0         equ	4076	;# 
  1566   000FED                     POSTDEC0        equ	4077	;# 
  1567   000FEE                     POSTINC0        equ	4078	;# 
  1568   000FEF                     INDF0           equ	4079	;# 
  1569   000FF0                     INTCON3         equ	4080	;# 
  1570   000FF1                     INTCON2         equ	4081	;# 
  1571   000FF2                     INTCON          equ	4082	;# 
  1572   000FF3                     PROD            equ	4083	;# 
  1573   000FF3                     PRODL           equ	4083	;# 
  1574   000FF4                     PRODH           equ	4084	;# 
  1575   000FF5                     TABLAT          equ	4085	;# 
  1576   000FF6                     TBLPTR          equ	4086	;# 
  1577   000FF6                     TBLPTRL         equ	4086	;# 
  1578   000FF7                     TBLPTRH         equ	4087	;# 
  1579   000FF8                     TBLPTRU         equ	4088	;# 
  1580   000FF9                     PCLAT           equ	4089	;# 
  1581   000FF9                     PC              equ	4089	;# 
  1582   000FF9                     PCL             equ	4089	;# 
  1583   000FFA                     PCLATH          equ	4090	;# 
  1584   000FFB                     PCLATU          equ	4091	;# 
  1585   000FFC                     STKPTR          equ	4092	;# 
  1586   000FFD                     TOS             equ	4093	;# 
  1587   000FFD                     TOSL            equ	4093	;# 
  1588   000FFE                     TOSH            equ	4094	;# 
  1589   000FFF                     TOSU            equ	4095	;# 
  1590   000F38                     ANSELA          equ	3896	;# 
  1591   000F39                     ANSELB          equ	3897	;# 
  1592   000F3A                     ANSELC          equ	3898	;# 
  1593   000F3D                     PMD2            equ	3901	;# 
  1594   000F3E                     PMD1            equ	3902	;# 
  1595   000F3F                     PMD0            equ	3903	;# 
  1596   000F40                     VREFCON2        equ	3904	;# 
  1597   000F40                     DACCON1         equ	3904	;# 
  1598   000F41                     VREFCON1        equ	3905	;# 
  1599   000F41                     DACCON0         equ	3905	;# 
  1600   000F42                     VREFCON0        equ	3906	;# 
  1601   000F42                     FVRCON          equ	3906	;# 
  1602   000F43                     CTMUICON        equ	3907	;# 
  1603   000F43                     CTMUICONH       equ	3907	;# 
  1604   000F44                     CTMUCONL        equ	3908	;# 
  1605   000F44                     CTMUCON1        equ	3908	;# 
  1606   000F45                     CTMUCONH        equ	3909	;# 
  1607   000F45                     CTMUCON0        equ	3909	;# 
  1608   000F46                     SRCON1          equ	3910	;# 
  1609   000F47                     SRCON0          equ	3911	;# 
  1610   000F48                     CCPTMRS1        equ	3912	;# 
  1611   000F49                     CCPTMRS0        equ	3913	;# 
  1612   000F4A                     T6CON           equ	3914	;# 
  1613   000F4B                     PR6             equ	3915	;# 
  1614   000F4C                     TMR6            equ	3916	;# 
  1615   000F4D                     T5GCON          equ	3917	;# 
  1616   000F4E                     T5CON           equ	3918	;# 
  1617   000F4F                     TMR5            equ	3919	;# 
  1618   000F4F                     TMR5L           equ	3919	;# 
  1619   000F50                     TMR5H           equ	3920	;# 
  1620   000F51                     T4CON           equ	3921	;# 
  1621   000F52                     PR4             equ	3922	;# 
  1622   000F53                     TMR4            equ	3923	;# 
  1623   000F54                     CCP5CON         equ	3924	;# 
  1624   000F55                     CCPR5           equ	3925	;# 
  1625   000F55                     CCPR5L          equ	3925	;# 
  1626   000F56                     CCPR5H          equ	3926	;# 
  1627   000F57                     CCP4CON         equ	3927	;# 
  1628   000F58                     CCPR4           equ	3928	;# 
  1629   000F58                     CCPR4L          equ	3928	;# 
  1630   000F59                     CCPR4H          equ	3929	;# 
  1631   000F5A                     PSTR3CON        equ	3930	;# 
  1632   000F5B                     ECCP3AS         equ	3931	;# 
  1633   000F5B                     CCP3AS          equ	3931	;# 
  1634   000F5C                     PWM3CON         equ	3932	;# 
  1635   000F5D                     CCP3CON         equ	3933	;# 
  1636   000F5E                     CCPR3           equ	3934	;# 
  1637   000F5E                     CCPR3L          equ	3934	;# 
  1638   000F5F                     CCPR3H          equ	3935	;# 
  1639   000F60                     SLRCON          equ	3936	;# 
  1640   000F61                     WPUB            equ	3937	;# 
  1641   000F62                     IOCB            equ	3938	;# 
  1642   000F63                     PSTR2CON        equ	3939	;# 
  1643   000F64                     ECCP2AS         equ	3940	;# 
  1644   000F64                     CCP2AS          equ	3940	;# 
  1645   000F65                     PWM2CON         equ	3941	;# 
  1646   000F66                     CCP2CON         equ	3942	;# 
  1647   000F67                     CCPR2           equ	3943	;# 
  1648   000F67                     CCPR2L          equ	3943	;# 
  1649   000F68                     CCPR2H          equ	3944	;# 
  1650   000F69                     SSP2CON3        equ	3945	;# 
  1651   000F6A                     SSP2MSK         equ	3946	;# 
  1652   000F6B                     SSP2CON2        equ	3947	;# 
  1653   000F6C                     SSP2CON1        equ	3948	;# 
  1654   000F6D                     SSP2STAT        equ	3949	;# 
  1655   000F6E                     SSP2ADD         equ	3950	;# 
  1656   000F6F                     SSP2BUF         equ	3951	;# 
  1657   000F70                     BAUDCON2        equ	3952	;# 
  1658   000F70                     BAUD2CON        equ	3952	;# 
  1659   000F71                     RCSTA2          equ	3953	;# 
  1660   000F71                     RC2STA          equ	3953	;# 
  1661   000F72                     TXSTA2          equ	3954	;# 
  1662   000F72                     TX2STA          equ	3954	;# 
  1663   000F73                     TXREG2          equ	3955	;# 
  1664   000F73                     TX2REG          equ	3955	;# 
  1665   000F74                     RCREG2          equ	3956	;# 
  1666   000F74                     RC2REG          equ	3956	;# 
  1667   000F75                     SPBRG2          equ	3957	;# 
  1668   000F75                     SP2BRG          equ	3957	;# 
  1669   000F76                     SPBRGH2         equ	3958	;# 
  1670   000F76                     SP2BRGH         equ	3958	;# 
  1671   000F77                     CM2CON1         equ	3959	;# 
  1672   000F77                     CM12CON         equ	3959	;# 
  1673   000F78                     CM2CON0         equ	3960	;# 
  1674   000F78                     CM2CON          equ	3960	;# 
  1675   000F79                     CM1CON0         equ	3961	;# 
  1676   000F79                     CM1CON          equ	3961	;# 
  1677   000F7A                     PIE4            equ	3962	;# 
  1678   000F7B                     PIR4            equ	3963	;# 
  1679   000F7C                     IPR4            equ	3964	;# 
  1680   000F7D                     PIE5            equ	3965	;# 
  1681   000F7E                     PIR5            equ	3966	;# 
  1682   000F7F                     IPR5            equ	3967	;# 
  1683   000F80                     PORTA           equ	3968	;# 
  1684   000F81                     PORTB           equ	3969	;# 
  1685   000F82                     PORTC           equ	3970	;# 
  1686   000F84                     PORTE           equ	3972	;# 
  1687   000F89                     LATA            equ	3977	;# 
  1688   000F8A                     LATB            equ	3978	;# 
  1689   000F8B                     LATC            equ	3979	;# 
  1690   000F92                     TRISA           equ	3986	;# 
  1691   000F92                     DDRA            equ	3986	;# 
  1692   000F93                     TRISB           equ	3987	;# 
  1693   000F93                     DDRB            equ	3987	;# 
  1694   000F94                     TRISC           equ	3988	;# 
  1695   000F94                     DDRC            equ	3988	;# 
  1696   000F96                     TRISE           equ	3990	;# 
  1697   000F9B                     OSCTUNE         equ	3995	;# 
  1698   000F9C                     HLVDCON         equ	3996	;# 
  1699   000F9C                     LVDCON          equ	3996	;# 
  1700   000F9D                     PIE1            equ	3997	;# 
  1701   000F9E                     PIR1            equ	3998	;# 
  1702   000F9F                     IPR1            equ	3999	;# 
  1703   000FA0                     PIE2            equ	4000	;# 
  1704   000FA1                     PIR2            equ	4001	;# 
  1705   000FA2                     IPR2            equ	4002	;# 
  1706   000FA3                     PIE3            equ	4003	;# 
  1707   000FA4                     PIR3            equ	4004	;# 
  1708   000FA5                     IPR3            equ	4005	;# 
  1709   000FA6                     EECON1          equ	4006	;# 
  1710   000FA7                     EECON2          equ	4007	;# 
  1711   000FA8                     EEDATA          equ	4008	;# 
  1712   000FA9                     EEADR           equ	4009	;# 
  1713   000FAB                     RCSTA1          equ	4011	;# 
  1714   000FAB                     RCSTA           equ	4011	;# 
  1715   000FAB                     RC1STA          equ	4011	;# 
  1716   000FAC                     TXSTA1          equ	4012	;# 
  1717   000FAC                     TXSTA           equ	4012	;# 
  1718   000FAC                     TX1STA          equ	4012	;# 
  1719   000FAD                     TXREG1          equ	4013	;# 
  1720   000FAD                     TXREG           equ	4013	;# 
  1721   000FAD                     TX1REG          equ	4013	;# 
  1722   000FAE                     RCREG1          equ	4014	;# 
  1723   000FAE                     RCREG           equ	4014	;# 
  1724   000FAE                     RC1REG          equ	4014	;# 
  1725   000FAF                     SPBRG1          equ	4015	;# 
  1726   000FAF                     SPBRG           equ	4015	;# 
  1727   000FAF                     SP1BRG          equ	4015	;# 
  1728   000FB0                     SPBRGH1         equ	4016	;# 
  1729   000FB0                     SPBRGH          equ	4016	;# 
  1730   000FB0                     SP1BRGH         equ	4016	;# 
  1731   000FB1                     T3CON           equ	4017	;# 
  1732   000FB2                     TMR3            equ	4018	;# 
  1733   000FB2                     TMR3L           equ	4018	;# 
  1734   000FB3                     TMR3H           equ	4019	;# 
  1735   000FB4                     T3GCON          equ	4020	;# 
  1736   000FB6                     ECCP1AS         equ	4022	;# 
  1737   000FB6                     ECCPAS          equ	4022	;# 
  1738   000FB7                     PWM1CON         equ	4023	;# 
  1739   000FB7                     PWMCON          equ	4023	;# 
  1740   000FB8                     BAUDCON1        equ	4024	;# 
  1741   000FB8                     BAUDCON         equ	4024	;# 
  1742   000FB8                     BAUDCTL         equ	4024	;# 
  1743   000FB8                     BAUD1CON        equ	4024	;# 
  1744   000FB9                     PSTR1CON        equ	4025	;# 
  1745   000FB9                     PSTRCON         equ	4025	;# 
  1746   000FBA                     T2CON           equ	4026	;# 
  1747   000FBB                     PR2             equ	4027	;# 
  1748   000FBC                     TMR2            equ	4028	;# 
  1749   000FBD                     CCP1CON         equ	4029	;# 
  1750   000FBE                     CCPR1           equ	4030	;# 
  1751   000FBE                     CCPR1L          equ	4030	;# 
  1752   000FBF                     CCPR1H          equ	4031	;# 
  1753   000FC0                     ADCON2          equ	4032	;# 
  1754   000FC1                     ADCON1          equ	4033	;# 
  1755   000FC2                     ADCON0          equ	4034	;# 
  1756   000FC3                     ADRES           equ	4035	;# 
  1757   000FC3                     ADRESL          equ	4035	;# 
  1758   000FC4                     ADRESH          equ	4036	;# 
  1759   000FC5                     SSP1CON2        equ	4037	;# 
  1760   000FC5                     SSPCON2         equ	4037	;# 
  1761   000FC6                     SSP1CON1        equ	4038	;# 
  1762   000FC6                     SSPCON1         equ	4038	;# 
  1763   000FC7                     SSP1STAT        equ	4039	;# 
  1764   000FC7                     SSPSTAT         equ	4039	;# 
  1765   000FC8                     SSP1ADD         equ	4040	;# 
  1766   000FC8                     SSPADD          equ	4040	;# 
  1767   000FC9                     SSP1BUF         equ	4041	;# 
  1768   000FC9                     SSPBUF          equ	4041	;# 
  1769   000FCA                     SSP1MSK         equ	4042	;# 
  1770   000FCA                     SSPMSK          equ	4042	;# 
  1771   000FCB                     SSP1CON3        equ	4043	;# 
  1772   000FCB                     SSPCON3         equ	4043	;# 
  1773   000FCC                     T1GCON          equ	4044	;# 
  1774   000FCD                     T1CON           equ	4045	;# 
  1775   000FCE                     TMR1            equ	4046	;# 
  1776   000FCE                     TMR1L           equ	4046	;# 
  1777   000FCF                     TMR1H           equ	4047	;# 
  1778   000FD0                     RCON            equ	4048	;# 
  1779   000FD1                     WDTCON          equ	4049	;# 
  1780   000FD2                     OSCCON2         equ	4050	;# 
  1781   000FD3                     OSCCON          equ	4051	;# 
  1782   000FD5                     T0CON           equ	4053	;# 
  1783   000FD6                     TMR0            equ	4054	;# 
  1784   000FD6                     TMR0L           equ	4054	;# 
  1785   000FD7                     TMR0H           equ	4055	;# 
  1786   000FD8                     STATUS          equ	4056	;# 
  1787   000FD9                     FSR2            equ	4057	;# 
  1788   000FD9                     FSR2L           equ	4057	;# 
  1789   000FDA                     FSR2H           equ	4058	;# 
  1790   000FDB                     PLUSW2          equ	4059	;# 
  1791   000FDC                     PREINC2         equ	4060	;# 
  1792   000FDD                     POSTDEC2        equ	4061	;# 
  1793   000FDE                     POSTINC2        equ	4062	;# 
  1794   000FDF                     INDF2           equ	4063	;# 
  1795   000FE0                     BSR             equ	4064	;# 
  1796   000FE1                     FSR1            equ	4065	;# 
  1797   000FE1                     FSR1L           equ	4065	;# 
  1798   000FE2                     FSR1H           equ	4066	;# 
  1799   000FE3                     PLUSW1          equ	4067	;# 
  1800   000FE4                     PREINC1         equ	4068	;# 
  1801   000FE5                     POSTDEC1        equ	4069	;# 
  1802   000FE6                     POSTINC1        equ	4070	;# 
  1803   000FE7                     INDF1           equ	4071	;# 
  1804   000FE8                     WREG            equ	4072	;# 
  1805   000FE9                     FSR0            equ	4073	;# 
  1806   000FE9                     FSR0L           equ	4073	;# 
  1807   000FEA                     FSR0H           equ	4074	;# 
  1808   000FEB                     PLUSW0          equ	4075	;# 
  1809   000FEC                     PREINC0         equ	4076	;# 
  1810   000FED                     POSTDEC0        equ	4077	;# 
  1811   000FEE                     POSTINC0        equ	4078	;# 
  1812   000FEF                     INDF0           equ	4079	;# 
  1813   000FF0                     INTCON3         equ	4080	;# 
  1814   000FF1                     INTCON2         equ	4081	;# 
  1815   000FF2                     INTCON          equ	4082	;# 
  1816   000FF3                     PROD            equ	4083	;# 
  1817   000FF3                     PRODL           equ	4083	;# 
  1818   000FF4                     PRODH           equ	4084	;# 
  1819   000FF5                     TABLAT          equ	4085	;# 
  1820   000FF6                     TBLPTR          equ	4086	;# 
  1821   000FF6                     TBLPTRL         equ	4086	;# 
  1822   000FF7                     TBLPTRH         equ	4087	;# 
  1823   000FF8                     TBLPTRU         equ	4088	;# 
  1824   000FF9                     PCLAT           equ	4089	;# 
  1825   000FF9                     PC              equ	4089	;# 
  1826   000FF9                     PCL             equ	4089	;# 
  1827   000FFA                     PCLATH          equ	4090	;# 
  1828   000FFB                     PCLATU          equ	4091	;# 
  1829   000FFC                     STKPTR          equ	4092	;# 
  1830   000FFD                     TOS             equ	4093	;# 
  1831   000FFD                     TOSL            equ	4093	;# 
  1832   000FFE                     TOSH            equ	4094	;# 
  1833   000FFF                     TOSU            equ	4095	;# 
  1834   000F38                     ANSELA          equ	3896	;# 
  1835   000F39                     ANSELB          equ	3897	;# 
  1836   000F3A                     ANSELC          equ	3898	;# 
  1837   000F3D                     PMD2            equ	3901	;# 
  1838   000F3E                     PMD1            equ	3902	;# 
  1839   000F3F                     PMD0            equ	3903	;# 
  1840   000F40                     VREFCON2        equ	3904	;# 
  1841   000F40                     DACCON1         equ	3904	;# 
  1842   000F41                     VREFCON1        equ	3905	;# 
  1843   000F41                     DACCON0         equ	3905	;# 
  1844   000F42                     VREFCON0        equ	3906	;# 
  1845   000F42                     FVRCON          equ	3906	;# 
  1846   000F43                     CTMUICON        equ	3907	;# 
  1847   000F43                     CTMUICONH       equ	3907	;# 
  1848   000F44                     CTMUCONL        equ	3908	;# 
  1849   000F44                     CTMUCON1        equ	3908	;# 
  1850   000F45                     CTMUCONH        equ	3909	;# 
  1851   000F45                     CTMUCON0        equ	3909	;# 
  1852   000F46                     SRCON1          equ	3910	;# 
  1853   000F47                     SRCON0          equ	3911	;# 
  1854   000F48                     CCPTMRS1        equ	3912	;# 
  1855   000F49                     CCPTMRS0        equ	3913	;# 
  1856   000F4A                     T6CON           equ	3914	;# 
  1857   000F4B                     PR6             equ	3915	;# 
  1858   000F4C                     TMR6            equ	3916	;# 
  1859   000F4D                     T5GCON          equ	3917	;# 
  1860   000F4E                     T5CON           equ	3918	;# 
  1861   000F4F                     TMR5            equ	3919	;# 
  1862   000F4F                     TMR5L           equ	3919	;# 
  1863   000F50                     TMR5H           equ	3920	;# 
  1864   000F51                     T4CON           equ	3921	;# 
  1865   000F52                     PR4             equ	3922	;# 
  1866   000F53                     TMR4            equ	3923	;# 
  1867   000F54                     CCP5CON         equ	3924	;# 
  1868   000F55                     CCPR5           equ	3925	;# 
  1869   000F55                     CCPR5L          equ	3925	;# 
  1870   000F56                     CCPR5H          equ	3926	;# 
  1871   000F57                     CCP4CON         equ	3927	;# 
  1872   000F58                     CCPR4           equ	3928	;# 
  1873   000F58                     CCPR4L          equ	3928	;# 
  1874   000F59                     CCPR4H          equ	3929	;# 
  1875   000F5A                     PSTR3CON        equ	3930	;# 
  1876   000F5B                     ECCP3AS         equ	3931	;# 
  1877   000F5B                     CCP3AS          equ	3931	;# 
  1878   000F5C                     PWM3CON         equ	3932	;# 
  1879   000F5D                     CCP3CON         equ	3933	;# 
  1880   000F5E                     CCPR3           equ	3934	;# 
  1881   000F5E                     CCPR3L          equ	3934	;# 
  1882   000F5F                     CCPR3H          equ	3935	;# 
  1883   000F60                     SLRCON          equ	3936	;# 
  1884   000F61                     WPUB            equ	3937	;# 
  1885   000F62                     IOCB            equ	3938	;# 
  1886   000F63                     PSTR2CON        equ	3939	;# 
  1887   000F64                     ECCP2AS         equ	3940	;# 
  1888   000F64                     CCP2AS          equ	3940	;# 
  1889   000F65                     PWM2CON         equ	3941	;# 
  1890   000F66                     CCP2CON         equ	3942	;# 
  1891   000F67                     CCPR2           equ	3943	;# 
  1892   000F67                     CCPR2L          equ	3943	;# 
  1893   000F68                     CCPR2H          equ	3944	;# 
  1894   000F69                     SSP2CON3        equ	3945	;# 
  1895   000F6A                     SSP2MSK         equ	3946	;# 
  1896   000F6B                     SSP2CON2        equ	3947	;# 
  1897   000F6C                     SSP2CON1        equ	3948	;# 
  1898   000F6D                     SSP2STAT        equ	3949	;# 
  1899   000F6E                     SSP2ADD         equ	3950	;# 
  1900   000F6F                     SSP2BUF         equ	3951	;# 
  1901   000F70                     BAUDCON2        equ	3952	;# 
  1902   000F70                     BAUD2CON        equ	3952	;# 
  1903   000F71                     RCSTA2          equ	3953	;# 
  1904   000F71                     RC2STA          equ	3953	;# 
  1905   000F72                     TXSTA2          equ	3954	;# 
  1906   000F72                     TX2STA          equ	3954	;# 
  1907   000F73                     TXREG2          equ	3955	;# 
  1908   000F73                     TX2REG          equ	3955	;# 
  1909   000F74                     RCREG2          equ	3956	;# 
  1910   000F74                     RC2REG          equ	3956	;# 
  1911   000F75                     SPBRG2          equ	3957	;# 
  1912   000F75                     SP2BRG          equ	3957	;# 
  1913   000F76                     SPBRGH2         equ	3958	;# 
  1914   000F76                     SP2BRGH         equ	3958	;# 
  1915   000F77                     CM2CON1         equ	3959	;# 
  1916   000F77                     CM12CON         equ	3959	;# 
  1917   000F78                     CM2CON0         equ	3960	;# 
  1918   000F78                     CM2CON          equ	3960	;# 
  1919   000F79                     CM1CON0         equ	3961	;# 
  1920   000F79                     CM1CON          equ	3961	;# 
  1921   000F7A                     PIE4            equ	3962	;# 
  1922   000F7B                     PIR4            equ	3963	;# 
  1923   000F7C                     IPR4            equ	3964	;# 
  1924   000F7D                     PIE5            equ	3965	;# 
  1925   000F7E                     PIR5            equ	3966	;# 
  1926   000F7F                     IPR5            equ	3967	;# 
  1927   000F80                     PORTA           equ	3968	;# 
  1928   000F81                     PORTB           equ	3969	;# 
  1929   000F82                     PORTC           equ	3970	;# 
  1930   000F84                     PORTE           equ	3972	;# 
  1931   000F89                     LATA            equ	3977	;# 
  1932   000F8A                     LATB            equ	3978	;# 
  1933   000F8B                     LATC            equ	3979	;# 
  1934   000F92                     TRISA           equ	3986	;# 
  1935   000F92                     DDRA            equ	3986	;# 
  1936   000F93                     TRISB           equ	3987	;# 
  1937   000F93                     DDRB            equ	3987	;# 
  1938   000F94                     TRISC           equ	3988	;# 
  1939   000F94                     DDRC            equ	3988	;# 
  1940   000F96                     TRISE           equ	3990	;# 
  1941   000F9B                     OSCTUNE         equ	3995	;# 
  1942   000F9C                     HLVDCON         equ	3996	;# 
  1943   000F9C                     LVDCON          equ	3996	;# 
  1944   000F9D                     PIE1            equ	3997	;# 
  1945   000F9E                     PIR1            equ	3998	;# 
  1946   000F9F                     IPR1            equ	3999	;# 
  1947   000FA0                     PIE2            equ	4000	;# 
  1948   000FA1                     PIR2            equ	4001	;# 
  1949   000FA2                     IPR2            equ	4002	;# 
  1950   000FA3                     PIE3            equ	4003	;# 
  1951   000FA4                     PIR3            equ	4004	;# 
  1952   000FA5                     IPR3            equ	4005	;# 
  1953   000FA6                     EECON1          equ	4006	;# 
  1954   000FA7                     EECON2          equ	4007	;# 
  1955   000FA8                     EEDATA          equ	4008	;# 
  1956   000FA9                     EEADR           equ	4009	;# 
  1957   000FAB                     RCSTA1          equ	4011	;# 
  1958   000FAB                     RCSTA           equ	4011	;# 
  1959   000FAB                     RC1STA          equ	4011	;# 
  1960   000FAC                     TXSTA1          equ	4012	;# 
  1961   000FAC                     TXSTA           equ	4012	;# 
  1962   000FAC                     TX1STA          equ	4012	;# 
  1963   000FAD                     TXREG1          equ	4013	;# 
  1964   000FAD                     TXREG           equ	4013	;# 
  1965   000FAD                     TX1REG          equ	4013	;# 
  1966   000FAE                     RCREG1          equ	4014	;# 
  1967   000FAE                     RCREG           equ	4014	;# 
  1968   000FAE                     RC1REG          equ	4014	;# 
  1969   000FAF                     SPBRG1          equ	4015	;# 
  1970   000FAF                     SPBRG           equ	4015	;# 
  1971   000FAF                     SP1BRG          equ	4015	;# 
  1972   000FB0                     SPBRGH1         equ	4016	;# 
  1973   000FB0                     SPBRGH          equ	4016	;# 
  1974   000FB0                     SP1BRGH         equ	4016	;# 
  1975   000FB1                     T3CON           equ	4017	;# 
  1976   000FB2                     TMR3            equ	4018	;# 
  1977   000FB2                     TMR3L           equ	4018	;# 
  1978   000FB3                     TMR3H           equ	4019	;# 
  1979   000FB4                     T3GCON          equ	4020	;# 
  1980   000FB6                     ECCP1AS         equ	4022	;# 
  1981   000FB6                     ECCPAS          equ	4022	;# 
  1982   000FB7                     PWM1CON         equ	4023	;# 
  1983   000FB7                     PWMCON          equ	4023	;# 
  1984   000FB8                     BAUDCON1        equ	4024	;# 
  1985   000FB8                     BAUDCON         equ	4024	;# 
  1986   000FB8                     BAUDCTL         equ	4024	;# 
  1987   000FB8                     BAUD1CON        equ	4024	;# 
  1988   000FB9                     PSTR1CON        equ	4025	;# 
  1989   000FB9                     PSTRCON         equ	4025	;# 
  1990   000FBA                     T2CON           equ	4026	;# 
  1991   000FBB                     PR2             equ	4027	;# 
  1992   000FBC                     TMR2            equ	4028	;# 
  1993   000FBD                     CCP1CON         equ	4029	;# 
  1994   000FBE                     CCPR1           equ	4030	;# 
  1995   000FBE                     CCPR1L          equ	4030	;# 
  1996   000FBF                     CCPR1H          equ	4031	;# 
  1997   000FC0                     ADCON2          equ	4032	;# 
  1998   000FC1                     ADCON1          equ	4033	;# 
  1999   000FC2                     ADCON0          equ	4034	;# 
  2000   000FC3                     ADRES           equ	4035	;# 
  2001   000FC3                     ADRESL          equ	4035	;# 
  2002   000FC4                     ADRESH          equ	4036	;# 
  2003   000FC5                     SSP1CON2        equ	4037	;# 
  2004   000FC5                     SSPCON2         equ	4037	;# 
  2005   000FC6                     SSP1CON1        equ	4038	;# 
  2006   000FC6                     SSPCON1         equ	4038	;# 
  2007   000FC7                     SSP1STAT        equ	4039	;# 
  2008   000FC7                     SSPSTAT         equ	4039	;# 
  2009   000FC8                     SSP1ADD         equ	4040	;# 
  2010   000FC8                     SSPADD          equ	4040	;# 
  2011   000FC9                     SSP1BUF         equ	4041	;# 
  2012   000FC9                     SSPBUF          equ	4041	;# 
  2013   000FCA                     SSP1MSK         equ	4042	;# 
  2014   000FCA                     SSPMSK          equ	4042	;# 
  2015   000FCB                     SSP1CON3        equ	4043	;# 
  2016   000FCB                     SSPCON3         equ	4043	;# 
  2017   000FCC                     T1GCON          equ	4044	;# 
  2018   000FCD                     T1CON           equ	4045	;# 
  2019   000FCE                     TMR1            equ	4046	;# 
  2020   000FCE                     TMR1L           equ	4046	;# 
  2021   000FCF                     TMR1H           equ	4047	;# 
  2022   000FD0                     RCON            equ	4048	;# 
  2023   000FD1                     WDTCON          equ	4049	;# 
  2024   000FD2                     OSCCON2         equ	4050	;# 
  2025   000FD3                     OSCCON          equ	4051	;# 
  2026   000FD5                     T0CON           equ	4053	;# 
  2027   000FD6                     TMR0            equ	4054	;# 
  2028   000FD6                     TMR0L           equ	4054	;# 
  2029   000FD7                     TMR0H           equ	4055	;# 
  2030   000FD8                     STATUS          equ	4056	;# 
  2031   000FD9                     FSR2            equ	4057	;# 
  2032   000FD9                     FSR2L           equ	4057	;# 
  2033   000FDA                     FSR2H           equ	4058	;# 
  2034   000FDB                     PLUSW2          equ	4059	;# 
  2035   000FDC                     PREINC2         equ	4060	;# 
  2036   000FDD                     POSTDEC2        equ	4061	;# 
  2037   000FDE                     POSTINC2        equ	4062	;# 
  2038   000FDF                     INDF2           equ	4063	;# 
  2039   000FE0                     BSR             equ	4064	;# 
  2040   000FE1                     FSR1            equ	4065	;# 
  2041   000FE1                     FSR1L           equ	4065	;# 
  2042   000FE2                     FSR1H           equ	4066	;# 
  2043   000FE3                     PLUSW1          equ	4067	;# 
  2044   000FE4                     PREINC1         equ	4068	;# 
  2045   000FE5                     POSTDEC1        equ	4069	;# 
  2046   000FE6                     POSTINC1        equ	4070	;# 
  2047   000FE7                     INDF1           equ	4071	;# 
  2048   000FE8                     WREG            equ	4072	;# 
  2049   000FE9                     FSR0            equ	4073	;# 
  2050   000FE9                     FSR0L           equ	4073	;# 
  2051   000FEA                     FSR0H           equ	4074	;# 
  2052   000FEB                     PLUSW0          equ	4075	;# 
  2053   000FEC                     PREINC0         equ	4076	;# 
  2054   000FED                     POSTDEC0        equ	4077	;# 
  2055   000FEE                     POSTINC0        equ	4078	;# 
  2056   000FEF                     INDF0           equ	4079	;# 
  2057   000FF0                     INTCON3         equ	4080	;# 
  2058   000FF1                     INTCON2         equ	4081	;# 
  2059   000FF2                     INTCON          equ	4082	;# 
  2060   000FF3                     PROD            equ	4083	;# 
  2061   000FF3                     PRODL           equ	4083	;# 
  2062   000FF4                     PRODH           equ	4084	;# 
  2063   000FF5                     TABLAT          equ	4085	;# 
  2064   000FF6                     TBLPTR          equ	4086	;# 
  2065   000FF6                     TBLPTRL         equ	4086	;# 
  2066   000FF7                     TBLPTRH         equ	4087	;# 
  2067   000FF8                     TBLPTRU         equ	4088	;# 
  2068   000FF9                     PCLAT           equ	4089	;# 
  2069   000FF9                     PC              equ	4089	;# 
  2070   000FF9                     PCL             equ	4089	;# 
  2071   000FFA                     PCLATH          equ	4090	;# 
  2072   000FFB                     PCLATU          equ	4091	;# 
  2073   000FFC                     STKPTR          equ	4092	;# 
  2074   000FFD                     TOS             equ	4093	;# 
  2075   000FFD                     TOSL            equ	4093	;# 
  2076   000FFE                     TOSH            equ	4094	;# 
  2077   000FFF                     TOSU            equ	4095	;# 
  2078   000F38                     ANSELA          equ	3896	;# 
  2079   000F39                     ANSELB          equ	3897	;# 
  2080   000F3A                     ANSELC          equ	3898	;# 
  2081   000F3D                     PMD2            equ	3901	;# 
  2082   000F3E                     PMD1            equ	3902	;# 
  2083   000F3F                     PMD0            equ	3903	;# 
  2084   000F40                     VREFCON2        equ	3904	;# 
  2085   000F40                     DACCON1         equ	3904	;# 
  2086   000F41                     VREFCON1        equ	3905	;# 
  2087   000F41                     DACCON0         equ	3905	;# 
  2088   000F42                     VREFCON0        equ	3906	;# 
  2089   000F42                     FVRCON          equ	3906	;# 
  2090   000F43                     CTMUICON        equ	3907	;# 
  2091   000F43                     CTMUICONH       equ	3907	;# 
  2092   000F44                     CTMUCONL        equ	3908	;# 
  2093   000F44                     CTMUCON1        equ	3908	;# 
  2094   000F45                     CTMUCONH        equ	3909	;# 
  2095   000F45                     CTMUCON0        equ	3909	;# 
  2096   000F46                     SRCON1          equ	3910	;# 
  2097   000F47                     SRCON0          equ	3911	;# 
  2098   000F48                     CCPTMRS1        equ	3912	;# 
  2099   000F49                     CCPTMRS0        equ	3913	;# 
  2100   000F4A                     T6CON           equ	3914	;# 
  2101   000F4B                     PR6             equ	3915	;# 
  2102   000F4C                     TMR6            equ	3916	;# 
  2103   000F4D                     T5GCON          equ	3917	;# 
  2104   000F4E                     T5CON           equ	3918	;# 
  2105   000F4F                     TMR5            equ	3919	;# 
  2106   000F4F                     TMR5L           equ	3919	;# 
  2107   000F50                     TMR5H           equ	3920	;# 
  2108   000F51                     T4CON           equ	3921	;# 
  2109   000F52                     PR4             equ	3922	;# 
  2110   000F53                     TMR4            equ	3923	;# 
  2111   000F54                     CCP5CON         equ	3924	;# 
  2112   000F55                     CCPR5           equ	3925	;# 
  2113   000F55                     CCPR5L          equ	3925	;# 
  2114   000F56                     CCPR5H          equ	3926	;# 
  2115   000F57                     CCP4CON         equ	3927	;# 
  2116   000F58                     CCPR4           equ	3928	;# 
  2117   000F58                     CCPR4L          equ	3928	;# 
  2118   000F59                     CCPR4H          equ	3929	;# 
  2119   000F5A                     PSTR3CON        equ	3930	;# 
  2120   000F5B                     ECCP3AS         equ	3931	;# 
  2121   000F5B                     CCP3AS          equ	3931	;# 
  2122   000F5C                     PWM3CON         equ	3932	;# 
  2123   000F5D                     CCP3CON         equ	3933	;# 
  2124   000F5E                     CCPR3           equ	3934	;# 
  2125   000F5E                     CCPR3L          equ	3934	;# 
  2126   000F5F                     CCPR3H          equ	3935	;# 
  2127   000F60                     SLRCON          equ	3936	;# 
  2128   000F61                     WPUB            equ	3937	;# 
  2129   000F62                     IOCB            equ	3938	;# 
  2130   000F63                     PSTR2CON        equ	3939	;# 
  2131   000F64                     ECCP2AS         equ	3940	;# 
  2132   000F64                     CCP2AS          equ	3940	;# 
  2133   000F65                     PWM2CON         equ	3941	;# 
  2134   000F66                     CCP2CON         equ	3942	;# 
  2135   000F67                     CCPR2           equ	3943	;# 
  2136   000F67                     CCPR2L          equ	3943	;# 
  2137   000F68                     CCPR2H          equ	3944	;# 
  2138   000F69                     SSP2CON3        equ	3945	;# 
  2139   000F6A                     SSP2MSK         equ	3946	;# 
  2140   000F6B                     SSP2CON2        equ	3947	;# 
  2141   000F6C                     SSP2CON1        equ	3948	;# 
  2142   000F6D                     SSP2STAT        equ	3949	;# 
  2143   000F6E                     SSP2ADD         equ	3950	;# 
  2144   000F6F                     SSP2BUF         equ	3951	;# 
  2145   000F70                     BAUDCON2        equ	3952	;# 
  2146   000F70                     BAUD2CON        equ	3952	;# 
  2147   000F71                     RCSTA2          equ	3953	;# 
  2148   000F71                     RC2STA          equ	3953	;# 
  2149   000F72                     TXSTA2          equ	3954	;# 
  2150   000F72                     TX2STA          equ	3954	;# 
  2151   000F73                     TXREG2          equ	3955	;# 
  2152   000F73                     TX2REG          equ	3955	;# 
  2153   000F74                     RCREG2          equ	3956	;# 
  2154   000F74                     RC2REG          equ	3956	;# 
  2155   000F75                     SPBRG2          equ	3957	;# 
  2156   000F75                     SP2BRG          equ	3957	;# 
  2157   000F76                     SPBRGH2         equ	3958	;# 
  2158   000F76                     SP2BRGH         equ	3958	;# 
  2159   000F77                     CM2CON1         equ	3959	;# 
  2160   000F77                     CM12CON         equ	3959	;# 
  2161   000F78                     CM2CON0         equ	3960	;# 
  2162   000F78                     CM2CON          equ	3960	;# 
  2163   000F79                     CM1CON0         equ	3961	;# 
  2164   000F79                     CM1CON          equ	3961	;# 
  2165   000F7A                     PIE4            equ	3962	;# 
  2166   000F7B                     PIR4            equ	3963	;# 
  2167   000F7C                     IPR4            equ	3964	;# 
  2168   000F7D                     PIE5            equ	3965	;# 
  2169   000F7E                     PIR5            equ	3966	;# 
  2170   000F7F                     IPR5            equ	3967	;# 
  2171   000F80                     PORTA           equ	3968	;# 
  2172   000F81                     PORTB           equ	3969	;# 
  2173   000F82                     PORTC           equ	3970	;# 
  2174   000F84                     PORTE           equ	3972	;# 
  2175   000F89                     LATA            equ	3977	;# 
  2176   000F8A                     LATB            equ	3978	;# 
  2177   000F8B                     LATC            equ	3979	;# 
  2178   000F92                     TRISA           equ	3986	;# 
  2179   000F92                     DDRA            equ	3986	;# 
  2180   000F93                     TRISB           equ	3987	;# 
  2181   000F93                     DDRB            equ	3987	;# 
  2182   000F94                     TRISC           equ	3988	;# 
  2183   000F94                     DDRC            equ	3988	;# 
  2184   000F96                     TRISE           equ	3990	;# 
  2185   000F9B                     OSCTUNE         equ	3995	;# 
  2186   000F9C                     HLVDCON         equ	3996	;# 
  2187   000F9C                     LVDCON          equ	3996	;# 
  2188   000F9D                     PIE1            equ	3997	;# 
  2189   000F9E                     PIR1            equ	3998	;# 
  2190   000F9F                     IPR1            equ	3999	;# 
  2191   000FA0                     PIE2            equ	4000	;# 
  2192   000FA1                     PIR2            equ	4001	;# 
  2193   000FA2                     IPR2            equ	4002	;# 
  2194   000FA3                     PIE3            equ	4003	;# 
  2195   000FA4                     PIR3            equ	4004	;# 
  2196   000FA5                     IPR3            equ	4005	;# 
  2197   000FA6                     EECON1          equ	4006	;# 
  2198   000FA7                     EECON2          equ	4007	;# 
  2199   000FA8                     EEDATA          equ	4008	;# 
  2200   000FA9                     EEADR           equ	4009	;# 
  2201   000FAB                     RCSTA1          equ	4011	;# 
  2202   000FAB                     RCSTA           equ	4011	;# 
  2203   000FAB                     RC1STA          equ	4011	;# 
  2204   000FAC                     TXSTA1          equ	4012	;# 
  2205   000FAC                     TXSTA           equ	4012	;# 
  2206   000FAC                     TX1STA          equ	4012	;# 
  2207   000FAD                     TXREG1          equ	4013	;# 
  2208   000FAD                     TXREG           equ	4013	;# 
  2209   000FAD                     TX1REG          equ	4013	;# 
  2210   000FAE                     RCREG1          equ	4014	;# 
  2211   000FAE                     RCREG           equ	4014	;# 
  2212   000FAE                     RC1REG          equ	4014	;# 
  2213   000FAF                     SPBRG1          equ	4015	;# 
  2214   000FAF                     SPBRG           equ	4015	;# 
  2215   000FAF                     SP1BRG          equ	4015	;# 
  2216   000FB0                     SPBRGH1         equ	4016	;# 
  2217   000FB0                     SPBRGH          equ	4016	;# 
  2218   000FB0                     SP1BRGH         equ	4016	;# 
  2219   000FB1                     T3CON           equ	4017	;# 
  2220   000FB2                     TMR3            equ	4018	;# 
  2221   000FB2                     TMR3L           equ	4018	;# 
  2222   000FB3                     TMR3H           equ	4019	;# 
  2223   000FB4                     T3GCON          equ	4020	;# 
  2224   000FB6                     ECCP1AS         equ	4022	;# 
  2225   000FB6                     ECCPAS          equ	4022	;# 
  2226   000FB7                     PWM1CON         equ	4023	;# 
  2227   000FB7                     PWMCON          equ	4023	;# 
  2228   000FB8                     BAUDCON1        equ	4024	;# 
  2229   000FB8                     BAUDCON         equ	4024	;# 
  2230   000FB8                     BAUDCTL         equ	4024	;# 
  2231   000FB8                     BAUD1CON        equ	4024	;# 
  2232   000FB9                     PSTR1CON        equ	4025	;# 
  2233   000FB9                     PSTRCON         equ	4025	;# 
  2234   000FBA                     T2CON           equ	4026	;# 
  2235   000FBB                     PR2             equ	4027	;# 
  2236   000FBC                     TMR2            equ	4028	;# 
  2237   000FBD                     CCP1CON         equ	4029	;# 
  2238   000FBE                     CCPR1           equ	4030	;# 
  2239   000FBE                     CCPR1L          equ	4030	;# 
  2240   000FBF                     CCPR1H          equ	4031	;# 
  2241   000FC0                     ADCON2          equ	4032	;# 
  2242   000FC1                     ADCON1          equ	4033	;# 
  2243   000FC2                     ADCON0          equ	4034	;# 
  2244   000FC3                     ADRES           equ	4035	;# 
  2245   000FC3                     ADRESL          equ	4035	;# 
  2246   000FC4                     ADRESH          equ	4036	;# 
  2247   000FC5                     SSP1CON2        equ	4037	;# 
  2248   000FC5                     SSPCON2         equ	4037	;# 
  2249   000FC6                     SSP1CON1        equ	4038	;# 
  2250   000FC6                     SSPCON1         equ	4038	;# 
  2251   000FC7                     SSP1STAT        equ	4039	;# 
  2252   000FC7                     SSPSTAT         equ	4039	;# 
  2253   000FC8                     SSP1ADD         equ	4040	;# 
  2254   000FC8                     SSPADD          equ	4040	;# 
  2255   000FC9                     SSP1BUF         equ	4041	;# 
  2256   000FC9                     SSPBUF          equ	4041	;# 
  2257   000FCA                     SSP1MSK         equ	4042	;# 
  2258   000FCA                     SSPMSK          equ	4042	;# 
  2259   000FCB                     SSP1CON3        equ	4043	;# 
  2260   000FCB                     SSPCON3         equ	4043	;# 
  2261   000FCC                     T1GCON          equ	4044	;# 
  2262   000FCD                     T1CON           equ	4045	;# 
  2263   000FCE                     TMR1            equ	4046	;# 
  2264   000FCE                     TMR1L           equ	4046	;# 
  2265   000FCF                     TMR1H           equ	4047	;# 
  2266   000FD0                     RCON            equ	4048	;# 
  2267   000FD1                     WDTCON          equ	4049	;# 
  2268   000FD2                     OSCCON2         equ	4050	;# 
  2269   000FD3                     OSCCON          equ	4051	;# 
  2270   000FD5                     T0CON           equ	4053	;# 
  2271   000FD6                     TMR0            equ	4054	;# 
  2272   000FD6                     TMR0L           equ	4054	;# 
  2273   000FD7                     TMR0H           equ	4055	;# 
  2274   000FD8                     STATUS          equ	4056	;# 
  2275   000FD9                     FSR2            equ	4057	;# 
  2276   000FD9                     FSR2L           equ	4057	;# 
  2277   000FDA                     FSR2H           equ	4058	;# 
  2278   000FDB                     PLUSW2          equ	4059	;# 
  2279   000FDC                     PREINC2         equ	4060	;# 
  2280   000FDD                     POSTDEC2        equ	4061	;# 
  2281   000FDE                     POSTINC2        equ	4062	;# 
  2282   000FDF                     INDF2           equ	4063	;# 
  2283   000FE0                     BSR             equ	4064	;# 
  2284   000FE1                     FSR1            equ	4065	;# 
  2285   000FE1                     FSR1L           equ	4065	;# 
  2286   000FE2                     FSR1H           equ	4066	;# 
  2287   000FE3                     PLUSW1          equ	4067	;# 
  2288   000FE4                     PREINC1         equ	4068	;# 
  2289   000FE5                     POSTDEC1        equ	4069	;# 
  2290   000FE6                     POSTINC1        equ	4070	;# 
  2291   000FE7                     INDF1           equ	4071	;# 
  2292   000FE8                     WREG            equ	4072	;# 
  2293   000FE9                     FSR0            equ	4073	;# 
  2294   000FE9                     FSR0L           equ	4073	;# 
  2295   000FEA                     FSR0H           equ	4074	;# 
  2296   000FEB                     PLUSW0          equ	4075	;# 
  2297   000FEC                     PREINC0         equ	4076	;# 
  2298   000FED                     POSTDEC0        equ	4077	;# 
  2299   000FEE                     POSTINC0        equ	4078	;# 
  2300   000FEF                     INDF0           equ	4079	;# 
  2301   000FF0                     INTCON3         equ	4080	;# 
  2302   000FF1                     INTCON2         equ	4081	;# 
  2303   000FF2                     INTCON          equ	4082	;# 
  2304   000FF3                     PROD            equ	4083	;# 
  2305   000FF3                     PRODL           equ	4083	;# 
  2306   000FF4                     PRODH           equ	4084	;# 
  2307   000FF5                     TABLAT          equ	4085	;# 
  2308   000FF6                     TBLPTR          equ	4086	;# 
  2309   000FF6                     TBLPTRL         equ	4086	;# 
  2310   000FF7                     TBLPTRH         equ	4087	;# 
  2311   000FF8                     TBLPTRU         equ	4088	;# 
  2312   000FF9                     PCLAT           equ	4089	;# 
  2313   000FF9                     PC              equ	4089	;# 
  2314   000FF9                     PCL             equ	4089	;# 
  2315   000FFA                     PCLATH          equ	4090	;# 
  2316   000FFB                     PCLATU          equ	4091	;# 
  2317   000FFC                     STKPTR          equ	4092	;# 
  2318   000FFD                     TOS             equ	4093	;# 
  2319   000FFD                     TOSL            equ	4093	;# 
  2320   000FFE                     TOSH            equ	4094	;# 
  2321   000FFF                     TOSU            equ	4095	;# 
  2322                           
  2323 ;; Function _INT0_DefaultInterruptHandler is unused but had its address taken
  2324   000000                     _INT0_DefaultInterruptHandler equ	0
  2325                           
  2326 ;; Function _INT1_DefaultInterruptHandler is unused but had its address taken
  2327   000000                     _INT1_DefaultInterruptHandler equ	0
  2328                           
  2329 ;; Function _INT2_DefaultInterruptHandler is unused but had its address taken
  2330   000000                     _INT2_DefaultInterruptHandler equ	0
  2331                           
  2332 ;; Function _EUSART1_Deinitialize is unused but had its address taken
  2333   000000                     _EUSART1_Deinitialize equ	0
  2334                           
  2335 ;; Function _EUSART1_TransmitEnable is unused but had its address taken
  2336   000000                     _EUSART1_TransmitEnable equ	0
  2337                           
  2338 ;; Function _EUSART1_TransmitDisable is unused but had its address taken
  2339   000000                     _EUSART1_TransmitDisable equ	0
  2340                           
  2341 ;; Function _EUSART1_AutoBaudSet is unused but had its address taken
  2342   000000                     _EUSART1_AutoBaudSet equ	0
  2343                           
  2344 ;; Function _EUSART1_AutoBaudQuery is unused but had its address taken
  2345   000000                     _EUSART1_AutoBaudQuery equ	0
  2346                           
  2347 ;; Function _EUSART1_IsTxDone is unused but had its address taken
  2348   000000                     _EUSART1_IsTxDone equ	0
  2349                           
  2350 ;; Function _EUSART1_ErrorGet is unused but had its address taken
  2351   000000                     _EUSART1_ErrorGet equ	0
  2352                           
  2353                           	psect	mediumconst
  2354   007E88                     __pmediumconst:
  2355                           	callstack 0
  2356   007E88  00                 	db	0
  2357   007E89                     _UART1:
  2358                           	callstack 0
  2359   007E89  44                 	db	low _EUSART1_Initialize
  2360   007E8A  08                 	db	high _EUSART1_Initialize
  2361   007E8B  00                 	db	0
  2362   007E8C  00                 	db	0
  2363   007E8D  42                 	db	low _EUSART1_Read
  2364   007E8E  07                 	db	high _EUSART1_Read
  2365   007E8F  9E                 	db	low _EUSART1_Write
  2366   007E90  0A                 	db	high _EUSART1_Write
  2367   007E91  2C                 	db	low _EUSART1_IsRxReady
  2368   007E92  0A                 	db	high _EUSART1_IsRxReady
  2369   007E93  5E                 	db	low _EUSART1_IsTxReady
  2370   007E94  09                 	db	high _EUSART1_IsTxReady
  2371   007E95  00                 	db	0
  2372   007E96  00                 	db	0
  2373   007E97  00                 	db	0
  2374   007E98  00                 	db	0
  2375   007E99  00                 	db	0
  2376   007E9A  00                 	db	0
  2377   007E9B  00                 	db	0
  2378   007E9C  00                 	db	0
  2379   007E9D  00                 	db	0
  2380   007E9E  00                 	db	0
  2381   007E9F  00                 	db	0
  2382   007EA0  00                 	db	0
  2383   007EA1  00                 	db	0
  2384   007EA2  00                 	db	0
  2385   007EA3  00                 	db	0
  2386   007EA4  00                 	db	0
  2387   007EA5  00                 	db	0
  2388   007EA6  00                 	db	0
  2389   007EA7  00                 	db	0
  2390   007EA8  00                 	db	0
  2391   007EA9  00                 	db	0
  2392   007EAA  00                 	db	0
  2393   007EAB  00                 	db	0
  2394   007EAC  00                 	db	0
  2395   007EAD  00                 	db	0
  2396   007EAE  00                 	db	0
  2397   007EAF  00                 	db	0
  2398   007EB0  00                 	db	0
  2399   007EB1  FA                 	db	low _EUSART1_FramingErrorCallbackRegister
  2400   007EB2  09                 	db	high _EUSART1_FramingErrorCallbackRegister
  2401   007EB3  DE                 	db	low _EUSART1_OverrunErrorCallbackRegister
  2402   007EB4  09                 	db	high _EUSART1_OverrunErrorCallbackRegister
  2403   007EB5  00                 	db	0
  2404   007EB6  00                 	db	0
  2405   007EB7  00                 	db	0
  2406   007EB8  00                 	db	0
  2407   007EB9                     __end_of_UART1:
  2408                           	callstack 0
  2409   007EB9                     STR_16:
  2410   007EB9  54                 	db	84	;'T'
  2411   007EBA  68                 	db	104	;'h'
  2412   007EBB  65                 	db	101	;'e'
  2413   007EBC  20                 	db	32
  2414   007EBD  6C                 	db	108	;'l'
  2415   007EBE  61                 	db	97	;'a'
  2416   007EBF  73                 	db	115	;'s'
  2417   007EC0  74                 	db	116	;'t'
  2418   007EC1  20                 	db	32
  2419   007EC2  25                 	db	37
  2420   007EC3  64                 	db	100	;'d'
  2421   007EC4  20                 	db	32
  2422   007EC5  41                 	db	65	;'A'
  2423   007EC6  44                 	db	68	;'D'
  2424   007EC7  43                 	db	67	;'C'
  2425   007EC8  20                 	db	32
  2426   007EC9  73                 	db	115	;'s'
  2427   007ECA  61                 	db	97	;'a'
  2428   007ECB  6D                 	db	109	;'m'
  2429   007ECC  70                 	db	112	;'p'
  2430   007ECD  6C                 	db	108	;'l'
  2431   007ECE  65                 	db	101	;'e'
  2432   007ECF  73                 	db	115	;'s'
  2433   007ED0  20                 	db	32
  2434   007ED1  66                 	db	102	;'f'
  2435   007ED2  72                 	db	114	;'r'
  2436   007ED3  6F                 	db	111	;'o'
  2437   007ED4  6D                 	db	109	;'m'
  2438   007ED5  20                 	db	32
  2439   007ED6  74                 	db	116	;'t'
  2440   007ED7  68                 	db	104	;'h'
  2441   007ED8  65                 	db	101	;'e'
  2442   007ED9  20                 	db	32
  2443   007EDA  6D                 	db	109	;'m'
  2444   007EDB  69                 	db	105	;'i'
  2445   007EDC  63                 	db	99	;'c'
  2446   007EDD  72                 	db	114	;'r'
  2447   007EDE  6F                 	db	111	;'o'
  2448   007EDF  70                 	db	112	;'p'
  2449   007EE0  68                 	db	104	;'h'
  2450   007EE1  6F                 	db	111	;'o'
  2451   007EE2  6E                 	db	110	;'n'
  2452   007EE3  65                 	db	101	;'e'
  2453   007EE4  20                 	db	32
  2454   007EE5  61                 	db	97	;'a'
  2455   007EE6  72                 	db	114	;'r'
  2456   007EE7  65                 	db	101	;'e'
  2457   007EE8  3A                 	db	58	;':'
  2458   007EE9  0D                 	db	13
  2459   007EEA  0A                 	db	10
  2460   007EEB  00                 	db	0
  2461   007EEC                     STR_11:
  2462   007EEC  30                 	db	48	;'0'
  2463   007EED  2D                 	db	45
  2464   007EEE  39                 	db	57	;'9'
  2465   007EEF  3A                 	db	58	;':'
  2466   007EF0  20                 	db	32
  2467   007EF1  73                 	db	115	;'s'
  2468   007EF2  77                 	db	119	;'w'
  2469   007EF3  69                 	db	105	;'i'
  2470   007EF4  74                 	db	116	;'t'
  2471   007EF5  63                 	db	99	;'c'
  2472   007EF6  68                 	db	104	;'h'
  2473   007EF7  20                 	db	32
  2474   007EF8  73                 	db	115	;'s'
  2475   007EF9  61                 	db	97	;'a'
  2476   007EFA  6D                 	db	109	;'m'
  2477   007EFB  70                 	db	112	;'p'
  2478   007EFC  6C                 	db	108	;'l'
  2479   007EFD  65                 	db	101	;'e'
  2480   007EFE  64                 	db	100	;'d'
  2481   007EFF  20                 	db	32
  2482   007F00  63                 	db	99	;'c'
  2483   007F01  68                 	db	104	;'h'
  2484   007F02  61                 	db	97	;'a'
  2485   007F03  6E                 	db	110	;'n'
  2486   007F04  6E                 	db	110	;'n'
  2487   007F05  65                 	db	101	;'e'
  2488   007F06  6C                 	db	108	;'l'
  2489   007F07  20                 	db	32
  2490   007F08  74                 	db	116	;'t'
  2491   007F09  6F                 	db	111	;'o'
  2492   007F0A  20                 	db	32
  2493   007F0B  41                 	db	65	;'A'
  2494   007F0C  4E                 	db	78	;'N'
  2495   007F0D  78                 	db	120	;'x'
  2496   007F0E  0D                 	db	13
  2497   007F0F  0A                 	db	10
  2498   007F10  00                 	db	0
  2499   007F11                     STR_5:
  2500   007F11  2D                 	db	45
  2501   007F12  2D                 	db	45
  2502   007F13  2D                 	db	45
  2503   007F14  2D                 	db	45
  2504   007F15  2D                 	db	45
  2505   007F16  2D                 	db	45
  2506   007F17  2D                 	db	45
  2507   007F18  2D                 	db	45
  2508   007F19  2D                 	db	45
  2509   007F1A  2D                 	db	45
  2510   007F1B  2D                 	db	45
  2511   007F1C  2D                 	db	45
  2512   007F1D  2D                 	db	45
  2513   007F1E  2D                 	db	45
  2514   007F1F  2D                 	db	45
  2515   007F20  2D                 	db	45
  2516   007F21  2D                 	db	45
  2517   007F22  2D                 	db	45
  2518   007F23  2D                 	db	45
  2519   007F24  2D                 	db	45
  2520   007F25  2D                 	db	45
  2521   007F26  2D                 	db	45
  2522   007F27  2D                 	db	45
  2523   007F28  2D                 	db	45
  2524   007F29  2D                 	db	45
  2525   007F2A  2D                 	db	45
  2526   007F2B  2D                 	db	45
  2527   007F2C  2D                 	db	45
  2528   007F2D  2D                 	db	45
  2529   007F2E  2D                 	db	45
  2530   007F2F  0D                 	db	13
  2531   007F30  0A                 	db	10
  2532   007F31  00                 	db	0
  2533   007F32                     STR_10:
  2534   007F32  73                 	db	115	;'s'
  2535   007F33  3A                 	db	58	;':'
  2536   007F34  20                 	db	32
  2537   007F35  67                 	db	103	;'g'
  2538   007F36  61                 	db	97	;'a'
  2539   007F37  74                 	db	116	;'t'
  2540   007F38  68                 	db	104	;'h'
  2541   007F39  65                 	db	101	;'e'
  2542   007F3A  72                 	db	114	;'r'
  2543   007F3B  20                 	db	32
  2544   007F3C  25                 	db	37
  2545   007F3D  64                 	db	100	;'d'
  2546   007F3E  20                 	db	32
  2547   007F3F  73                 	db	115	;'s'
  2548   007F40  61                 	db	97	;'a'
  2549   007F41  6D                 	db	109	;'m'
  2550   007F42  70                 	db	112	;'p'
  2551   007F43  6C                 	db	108	;'l'
  2552   007F44  65                 	db	101	;'e'
  2553   007F45  73                 	db	115	;'s'
  2554   007F46  20                 	db	32
  2555   007F47  66                 	db	102	;'f'
  2556   007F48  72                 	db	114	;'r'
  2557   007F49  6F                 	db	111	;'o'
  2558   007F4A  6D                 	db	109	;'m'
  2559   007F4B  20                 	db	32
  2560   007F4C  41                 	db	65	;'A'
  2561   007F4D  44                 	db	68	;'D'
  2562   007F4E  43                 	db	67	;'C'
  2563   007F4F  0D                 	db	13
  2564   007F50  0A                 	db	10
  2565   007F51  00                 	db	0
  2566   007F52                     STR_19:
  2567   007F52  54                 	db	84	;'T'
  2568   007F53  68                 	db	104	;'h'
  2569   007F54  65                 	db	101	;'e'
  2570   007F55  20                 	db	32
  2571   007F56  41                 	db	65	;'A'
  2572   007F57  44                 	db	68	;'D'
  2573   007F58  43                 	db	67	;'C'
  2574   007F59  20                 	db	32
  2575   007F5A  69                 	db	105	;'i'
  2576   007F5B  73                 	db	115	;'s'
  2577   007F5C  20                 	db	32
  2578   007F5D  6E                 	db	110	;'n'
  2579   007F5E  6F                 	db	111	;'o'
  2580   007F5F  77                 	db	119	;'w'
  2581   007F60  20                 	db	32
  2582   007F61  73                 	db	115	;'s'
  2583   007F62  61                 	db	97	;'a'
  2584   007F63  6D                 	db	109	;'m'
  2585   007F64  70                 	db	112	;'p'
  2586   007F65  6C                 	db	108	;'l'
  2587   007F66  69                 	db	105	;'i'
  2588   007F67  6E                 	db	110	;'n'
  2589   007F68  67                 	db	103	;'g'
  2590   007F69  20                 	db	32
  2591   007F6A  41                 	db	65	;'A'
  2592   007F6B  4E                 	db	78	;'N'
  2593   007F6C  25                 	db	37
  2594   007F6D  63                 	db	99	;'c'
  2595   007F6E  0D                 	db	13
  2596   007F6F  0A                 	db	10
  2597   007F70  00                 	db	0
  2598   007F71                     STR_2:
  2599   007F71  4D                 	db	77	;'M'
  2600   007F72  69                 	db	105	;'i'
  2601   007F73  63                 	db	99	;'c'
  2602   007F74  72                 	db	114	;'r'
  2603   007F75  6F                 	db	111	;'o'
  2604   007F76  70                 	db	112	;'p'
  2605   007F77  68                 	db	104	;'h'
  2606   007F78  6F                 	db	111	;'o'
  2607   007F79  6E                 	db	110	;'n'
  2608   007F7A  65                 	db	101	;'e'
  2609   007F7B  20                 	db	32
  2610   007F7C  65                 	db	101	;'e'
  2611   007F7D  78                 	db	120	;'x'
  2612   007F7E  70                 	db	112	;'p'
  2613   007F7F  65                 	db	101	;'e'
  2614   007F80  72                 	db	114	;'r'
  2615   007F81  69                 	db	105	;'i'
  2616   007F82  6D                 	db	109	;'m'
  2617   007F83  65                 	db	101	;'e'
  2618   007F84  6E                 	db	110	;'n'
  2619   007F85  74                 	db	116	;'t'
  2620   007F86  73                 	db	115	;'s'
  2621   007F87  0D                 	db	13
  2622   007F88  0A                 	db	10
  2623   007F89  00                 	db	0
  2624   007F8A                     STR_9:
  2625   007F8A  7A                 	db	122	;'z'
  2626   007F8B  3A                 	db	58	;':'
  2627   007F8C  20                 	db	32
  2628   007F8D  43                 	db	67	;'C'
  2629   007F8E  6C                 	db	108	;'l'
  2630   007F8F  65                 	db	101	;'e'
  2631   007F90  61                 	db	97	;'a'
  2632   007F91  72                 	db	114	;'r'
  2633   007F92  20                 	db	32
  2634   007F93  74                 	db	116	;'t'
  2635   007F94  68                 	db	104	;'h'
  2636   007F95  65                 	db	101	;'e'
  2637   007F96  20                 	db	32
  2638   007F97  74                 	db	116	;'t'
  2639   007F98  65                 	db	101	;'e'
  2640   007F99  72                 	db	114	;'r'
  2641   007F9A  6D                 	db	109	;'m'
  2642   007F9B  69                 	db	105	;'i'
  2643   007F9C  6E                 	db	110	;'n'
  2644   007F9D  61                 	db	97	;'a'
  2645   007F9E  6C                 	db	108	;'l'
  2646   007F9F  0D                 	db	13
  2647   007FA0  0A                 	db	10
  2648   007FA1  00                 	db	0
  2649   007FA2                     STR_8:
  2650   007FA2  5A                 	db	90	;'Z'
  2651   007FA3  3A                 	db	58	;':'
  2652   007FA4  20                 	db	32
  2653   007FA5  52                 	db	82	;'R'
  2654   007FA6  65                 	db	101	;'e'
  2655   007FA7  73                 	db	115	;'s'
  2656   007FA8  65                 	db	101	;'e'
  2657   007FA9  74                 	db	116	;'t'
  2658   007FAA  20                 	db	32
  2659   007FAB  70                 	db	112	;'p'
  2660   007FAC  72                 	db	114	;'r'
  2661   007FAD  6F                 	db	111	;'o'
  2662   007FAE  63                 	db	99	;'c'
  2663   007FAF  65                 	db	101	;'e'
  2664   007FB0  73                 	db	115	;'s'
  2665   007FB1  73                 	db	115	;'s'
  2666   007FB2  6F                 	db	111	;'o'
  2667   007FB3  72                 	db	114	;'r'
  2668   007FB4  0D                 	db	13
  2669   007FB5  0A                 	db	10
  2670   007FB6  00                 	db	0
  2671   007FB7                     STR_20:
  2672   007FB7  55                 	db	85	;'U'
  2673   007FB8  6E                 	db	110	;'n'
  2674   007FB9  6B                 	db	107	;'k'
  2675   007FBA  6E                 	db	110	;'n'
  2676   007FBB  6F                 	db	111	;'o'
  2677   007FBC  77                 	db	119	;'w'
  2678   007FBD  6E                 	db	110	;'n'
  2679   007FBE  20                 	db	32
  2680   007FBF  6B                 	db	107	;'k'
  2681   007FC0  65                 	db	101	;'e'
  2682   007FC1  79                 	db	121	;'y'
  2683   007FC2  20                 	db	32
  2684   007FC3  25                 	db	37
  2685   007FC4  63                 	db	99	;'c'
  2686   007FC5  0D                 	db	13
  2687   007FC6  0A                 	db	10
  2688   007FC7  00                 	db	0
  2689   007FC8                     STR_6:
  2690   007FC8  3F                 	db	63	;'?'
  2691   007FC9  3A                 	db	58	;':'
  2692   007FCA  20                 	db	32
  2693   007FCB  48                 	db	72	;'H'
  2694   007FCC  65                 	db	101	;'e'
  2695   007FCD  6C                 	db	108	;'l'
  2696   007FCE  70                 	db	112	;'p'
  2697   007FCF  20                 	db	32
  2698   007FD0  6D                 	db	109	;'m'
  2699   007FD1  65                 	db	101	;'e'
  2700   007FD2  6E                 	db	110	;'n'
  2701   007FD3  75                 	db	117	;'u'
  2702   007FD4  0D                 	db	13
  2703   007FD5  0A                 	db	10
  2704   007FD6  00                 	db	0
  2705   007FD7                     STR_1:
  2706   007FD7  69                 	db	105	;'i'
  2707   007FD8  6E                 	db	110	;'n'
  2708   007FD9  4C                 	db	76	;'L'
  2709   007FDA  61                 	db	97	;'a'
  2710   007FDB  62                 	db	98	;'b'
  2711   007FDC  20                 	db	32
  2712   007FDD  30                 	db	48	;'0'
  2713   007FDE  38                 	db	56	;'8'
  2714   007FDF  0D                 	db	13
  2715   007FE0  0A                 	db	10
  2716   007FE1  00                 	db	0
  2717   007FE2                     STR_3:
  2718   007FE2  44                 	db	68	;'D'
  2719   007FE3  65                 	db	101	;'e'
  2720   007FE4  76                 	db	118	;'v'
  2721   007FE5  27                 	db	39
  2722   007FE6  32                 	db	50	;'2'
  2723   007FE7  31                 	db	49	;'1'
  2724   007FE8  0D                 	db	13
  2725   007FE9  0A                 	db	10
  2726   007FEA  00                 	db	0
  2727   007FEB                     STR_7:
  2728   007FEB  6F                 	db	111	;'o'
  2729   007FEC  3A                 	db	58	;':'
  2730   007FED  20                 	db	32
  2731   007FEE  6B                 	db	107	;'k'
  2732   007FEF  0D                 	db	13
  2733   007FF0  0A                 	db	10
  2734   007FF1  00                 	db	0
  2735   007FF2                     STR_13:
  2736   007FF2  20                 	db	32
  2737   007FF3  6B                 	db	107	;'k'
  2738   007FF4  0D                 	db	13
  2739   007FF5  0A                 	db	10
  2740   007FF6  3E                 	db	62	;'>'
  2741   007FF7  00                 	db	0
  2742   007FF8                     STR_17:
  2743   007FF8  25                 	db	37
  2744   007FF9  64                 	db	100	;'d'
  2745   007FFA  20                 	db	32
  2746   007FFB  00                 	db	0
  2747   007FFC                     STR_4:
  2748   007FFC  3E                 	db	62	;'>'
  2749   007FFD  20                 	db	32
  2750   007FFE  00                 	db	0
  2751   007FF5                     STR_15          equ	STR_13+3
  2752   007F11                     STR_12          equ	STR_5
  2753   007F2F                     STR_18          equ	STR_5+30
  2754   007F30                     STR_14          equ	STR_5+31
  2755   007FFF  00                 	db	0	; dummy byte at the end
  2756   007E88                     __smallconst    set	__pmediumconst
  2757   007E88                     __mediumconst   set	__pmediumconst
  2758   000002                     __activetblptr  equ	2
  2759                           
  2760                           	psect	nvCOMRAM
  2761   00004F                     __pnvCOMRAM:
  2762                           	callstack 0
  2763   00004F                     _TMR0_OverflowCallback:
  2764                           	callstack 0
  2765   00004F                     	ds	2
  2766   000F55                     _CCPR5L         set	3925
  2767   000F54                     _CCP5CON        set	3924
  2768   000F3A                     _ANSELC         set	3898
  2769   000F39                     _ANSELB         set	3897
  2770   000F38                     _ANSELA         set	3896
  2771   000FAD                     _TXREG1         set	4013
  2772   000FAE                     _RCREG1         set	4014
  2773   000FB8                     _BAUDCON1bits   set	4024
  2774   000FAC                     _TXSTA1bits     set	4012
  2775   000FAB                     _RCSTA1bits     set	4011
  2776   000FB0                     _SPBRGH1        set	4016
  2777   000FAF                     _SPBRG1         set	4015
  2778   000FAC                     _TXSTA1         set	4012
  2779   000FAB                     _RCSTA1         set	4011
  2780   000FB8                     _BAUDCON1       set	4024
  2781   000F9E                     _PIR1bits       set	3998
  2782   000FC2                     _ADCON0         set	4034
  2783   000FC3                     _ADRESL         set	4035
  2784   000FC0                     _ADCON2         set	4032
  2785   000FC1                     _ADCON1         set	4033
  2786   000F62                     _IOCB           set	3938
  2787   000F61                     _WPUB           set	3937
  2788   000F96                     _TRISE          set	3990
  2789   000F94                     _TRISC          set	3988
  2790   000F93                     _TRISB          set	3987
  2791   000F92                     _TRISA          set	3986
  2792   000F8B                     _LATC           set	3979
  2793   000F8A                     _LATB           set	3978
  2794   000F89                     _LATA           set	3977
  2795   000FC2                     _ADCON0bits     set	4034
  2796   000F89                     _LATAbits       set	3977
  2797   000FC4                     _ADRESH         set	4036
  2798   000FD5                     _T0CON          set	4053
  2799   000FD6                     _TMR0L          set	4054
  2800   000FD7                     _TMR0H          set	4055
  2801   000FD5                     _T0CONbits      set	4053
  2802   000F9B                     _OSCTUNE        set	3995
  2803   000FD2                     _OSCCON2        set	4050
  2804   000FD3                     _OSCCON         set	4051
  2805   000FF0                     _INTCON3bits    set	4080
  2806   000FF1                     _INTCON2bits    set	4081
  2807   000FF2                     _INTCONbits     set	4082
  2808   000FD0                     _RCONbits       set	4048
  2809                           
  2810                           ; #config settings
  2811                           
  2812                           	psect	cinit
  2813   000938                     __pcinit:
  2814                           	callstack 0
  2815   000938                     start_initialization:
  2816                           	callstack 0
  2817   000938                     __initialization:
  2818                           	callstack 0
  2819                           
  2820                           ; Clear objects allocated to BANK0 (32 bytes)
  2821   000938  EE00  F060         	lfsr	0,__pbssBANK0
  2822   00093C  0E20               	movlw	32
  2823   00093E                     clear_0:
  2824   00093E  6AEE               	clrf	postinc0,c
  2825   000940  06E8               	decf	wreg,f,c
  2826   000942  E1FD               	bnz	clear_0
  2827                           
  2828                           ; Clear objects allocated to COMRAM (20 bytes)
  2829   000944  EE00  F03B         	lfsr	0,__pbssCOMRAM
  2830   000948  0E14               	movlw	20
  2831   00094A                     clear_1:
  2832   00094A  6AEE               	clrf	postinc0,c
  2833   00094C  06E8               	decf	wreg,f,c
  2834   00094E  E1FD               	bnz	clear_1
  2835   000950                     end_of_initialization:
  2836                           	callstack 0
  2837   000950                     __end_of__initialization:
  2838                           	callstack 0
  2839   000950  9051               	bcf	int$flags,0,c	;clear compiler interrupt flag (level 1)
  2840   000952  9251               	bcf	int$flags,1,c	;clear compiler interrupt flag (level 2)
  2841   000954  0E00               	movlw	low (__Lmediumconst shr (0+16))
  2842   000956  6EF8               	movwf	tblptru,c
  2843   000958  0100               	movlb	0
  2844   00095A  EF28  F000         	goto	_main	;jump to C main() function
  2845                           
  2846                           	psect	bssCOMRAM
  2847   00003B                     __pbssCOMRAM:
  2848                           	callstack 0
  2849   00003B                     _width:
  2850                           	callstack 0
  2851   00003B                     	ds	2
  2852   00003D                     _prec:
  2853                           	callstack 0
  2854   00003D                     	ds	2
  2855   00003F                     _EUSART1_OverrunErrorHandler:
  2856                           	callstack 0
  2857   00003F                     	ds	2
  2858   000041                     _EUSART1_FramingErrorHandler:
  2859                           	callstack 0
  2860   000041                     	ds	2
  2861   000043                     _eusart1RxLastError:
  2862                           	callstack 0
  2863   000043                     	ds	2
  2864   000045                     _tmr0PeriodCount:
  2865                           	callstack 0
  2866   000045                     	ds	2
  2867   000047                     _INT2_InterruptHandler:
  2868                           	callstack 0
  2869   000047                     	ds	2
  2870   000049                     _INT1_InterruptHandler:
  2871                           	callstack 0
  2872   000049                     	ds	2
  2873   00004B                     _INT0_InterruptHandler:
  2874                           	callstack 0
  2875   00004B                     	ds	2
  2876   00004D                     _flags:
  2877                           	callstack 0
  2878   00004D                     	ds	1
  2879   00004E                     _NEW_SAMPLE:
  2880                           	callstack 0
  2881   00004E                     	ds	1
  2882                           
  2883                           	psect	bssBANK0
  2884   000060                     __pbssBANK0:
  2885                           	callstack 0
  2886   000060                     _dbuf:
  2887                           	callstack 0
  2888   000060                     	ds	32
  2889                           
  2890                           	psect	cstackCOMRAM
  2891   000001                     __pcstackCOMRAM:
  2892                           	callstack 0
  2893   000001                     ??_INTERRUPT_InterruptManager:
  2894                           
  2895                           ; 1 bytes @ 0x0
  2896   000001                     	ds	2
  2897   000003                     ?___awdiv:
  2898                           	callstack 0
  2899   000003                     ?___awmod:
  2900                           	callstack 0
  2901   000003                     _EUSART1_IsTxReady$1329:
  2902                           	callstack 0
  2903   000003                     EUSART1_Write@txData:
  2904                           	callstack 0
  2905   000003                     INT0_SetInterruptHandler@InterruptHandler:
  2906                           	callstack 0
  2907   000003                     INT1_SetInterruptHandler@InterruptHandler:
  2908                           	callstack 0
  2909   000003                     INT2_SetInterruptHandler@InterruptHandler:
  2910                           	callstack 0
  2911   000003                     TMR0_CounterSet@counterValue:
  2912                           	callstack 0
  2913   000003                     TMR0_OverflowCallbackRegister@callbackHandler:
  2914                           	callstack 0
  2915   000003                     EUSART1_FramingErrorCallbackRegister@callbackHandler:
  2916                           	callstack 0
  2917   000003                     EUSART1_OverrunErrorCallbackRegister@callbackHandler:
  2918                           	callstack 0
  2919   000003                     ___awdiv@dividend:
  2920                           	callstack 0
  2921   000003                     ___awmod@dividend:
  2922                           	callstack 0
  2923   000003                     ??_ADC_SelectChannel:
  2924   000003                     
  2925                           ; 1 bytes @ 0x2
  2926   000003                     	ds	1
  2927   000004                     ADC_SelectChannel@channel:
  2928                           	callstack 0
  2929   000004                     putch@txData:
  2930                           	callstack 0
  2931   000004                     
  2932                           ; 1 bytes @ 0x3
  2933   000004                     	ds	1
  2934   000005                     ___awdiv@divisor:
  2935                           	callstack 0
  2936   000005                     ___awmod@divisor:
  2937                           	callstack 0
  2938   000005                     fputc@c:
  2939                           	callstack 0
  2940   000005                     
  2941                           ; 1 bytes @ 0x4
  2942   000005                     	ds	2
  2943   000007                     ___awdiv@counter:
  2944                           	callstack 0
  2945   000007                     ___awmod@counter:
  2946                           	callstack 0
  2947   000007                     fputc@fp:
  2948                           	callstack 0
  2949   000007                     
  2950                           ; 1 bytes @ 0x6
  2951   000007                     	ds	1
  2952   000008                     ___awdiv@sign:
  2953                           	callstack 0
  2954   000008                     ___awmod@sign:
  2955                           	callstack 0
  2956                           
  2957                           ; 1 bytes @ 0x7
  2958   000008                     	ds	1
  2959   000009                     ?_abs:
  2960                           	callstack 0
  2961   000009                     ___awdiv@quotient:
  2962                           	callstack 0
  2963   000009                     abs@a:
  2964                           	callstack 0
  2965   000009                     ??_fputc:
  2966                           
  2967                           ; 1 bytes @ 0x8
  2968   000009                     	ds	2
  2969   00000B                     ??_abs:
  2970                           
  2971                           ; 1 bytes @ 0xA
  2972   00000B                     	ds	3
  2973   00000E                     vfpfcnvrt@fp:
  2974                           	callstack 0
  2975                           
  2976                           ; 2 bytes @ 0xD
  2977   00000E                     	ds	2
  2978   000010                     vfpfcnvrt@fmt:
  2979                           	callstack 0
  2980                           
  2981                           ; 1 bytes @ 0xF
  2982   000010                     	ds	1
  2983   000011                     vfpfcnvrt@ap:
  2984                           	callstack 0
  2985                           
  2986                           ; 1 bytes @ 0x10
  2987   000011                     	ds	1
  2988   000012                     ??_vfpfcnvrt:
  2989                           
  2990                           ; 1 bytes @ 0x11
  2991   000012                     	ds	2
  2992   000014                     vfpfcnvrt@done:
  2993                           	callstack 0
  2994                           
  2995                           ; 1 bytes @ 0x13
  2996   000014                     	ds	1
  2997   000015                     vfpfcnvrt@cp:
  2998                           	callstack 0
  2999                           
  3000                           ; 2 bytes @ 0x14
  3001   000015                     	ds	2
  3002   000017                     vfpfcnvrt@convarg:
  3003                           	callstack 0
  3004                           
  3005                           ; 4 bytes @ 0x16
  3006   000017                     	ds	4
  3007   00001B                     vfpfcnvrt@c:
  3008                           	callstack 0
  3009                           
  3010                           ; 1 bytes @ 0x1A
  3011   00001B                     	ds	1
  3012   00001C                     ?_vfprintf:
  3013                           	callstack 0
  3014   00001C                     vfprintf@fp:
  3015                           	callstack 0
  3016                           
  3017                           ; 2 bytes @ 0x1B
  3018   00001C                     	ds	2
  3019   00001E                     vfprintf@fmt:
  3020                           	callstack 0
  3021                           
  3022                           ; 2 bytes @ 0x1D
  3023   00001E                     	ds	2
  3024   000020                     vfprintf@ap:
  3025                           	callstack 0
  3026                           
  3027                           ; 1 bytes @ 0x1F
  3028   000020                     	ds	1
  3029   000021                     vfprintf@cfmt:
  3030                           	callstack 0
  3031   000021                     
  3032                           ; 1 bytes @ 0x20
  3033   000021                     	ds	2
  3034   000023                     ?_printf:
  3035                           	callstack 0
  3036   000023                     printf@fmt:
  3037                           	callstack 0
  3038                           
  3039                           ; 2 bytes @ 0x22
  3040   000023                     	ds	4
  3041   000027                     printf@ap:
  3042                           	callstack 0
  3043   000027                     
  3044                           ; 1 bytes @ 0x26
  3045   000027                     	ds	1
  3046   000028                     ??_main:
  3047                           
  3048                           ; 1 bytes @ 0x27
  3049   000028                     	ds	1
  3050   000029                     main@adc_reading:
  3051                           	callstack 0
  3052                           
  3053                           ; 16 bytes @ 0x28
  3054   000029                     	ds	16
  3055   000039                     main@cmd:
  3056                           	callstack 0
  3057                           
  3058                           ; 1 bytes @ 0x38
  3059   000039                     	ds	1
  3060   00003A                     main@i:
  3061                           	callstack 0
  3062                           
  3063                           ; 1 bytes @ 0x39
  3064   00003A                     	ds	1
  3065                           
  3066 ;;
  3067 ;;Main: autosize = 0, tempsize = 1, incstack = 0, save=0
  3068 ;;
  3069 ;; *************** function _main *****************
  3070 ;; Defined at:
  3071 ;;		line 35 in file "main.c"
  3072 ;; Parameters:    Size  Location     Type
  3073 ;;		None
  3074 ;; Auto vars:     Size  Location     Type
  3075 ;;  adc_reading    16   40[COMRAM] unsigned char [16]
  3076 ;;  i               1   57[COMRAM] unsigned char 
  3077 ;;  cmd             1   56[COMRAM] unsigned char 
  3078 ;; Return value:  Size  Location     Type
  3079 ;;                  1    wreg      void 
  3080 ;; Registers used:
  3081 ;;		wreg, fsr1l, fsr1h, fsr2l, fsr2h, status,2, status,0, pcl, pclath, pclatu, tosl, tblptrl, tblptrh, tblptru, cstack
  3082 ;; Tracked objects:
  3083 ;;		On entry : 0/0
  3084 ;;		On exit  : 0/0
  3085 ;;		Unchanged: 0/0
  3086 ;; Data sizes:     COMRAM   BANK0   BANK1   BANK2   BANK3   BANK4   BANK5
  3087 ;;      Params:         0       0       0       0       0       0       0
  3088 ;;      Locals:        18       0       0       0       0       0       0
  3089 ;;      Temps:          1       0       0       0       0       0       0
  3090 ;;      Totals:        19       0       0       0       0       0       0
  3091 ;;Total ram usage:       19 bytes
  3092 ;; Hardware stack levels required when called: 9
  3093 ;; This function calls:
  3094 ;;		_ADC_SelectChannel
  3095 ;;		_EUSART1_IsRxReady
  3096 ;;		_EUSART1_Read
  3097 ;;		_SYSTEM_Initialize
  3098 ;;		_TMR0_CounterSet
  3099 ;;		_TMR0_OverflowCallbackRegister
  3100 ;;		_printf
  3101 ;; This function is called by:
  3102 ;;		Startup code after reset
  3103 ;; This function uses a non-reentrant model
  3104 ;;
  3105                           
  3106                           	psect	text0
  3107   000050                     __ptext0:
  3108                           	callstack 0
  3109   000050                     _main:
  3110                           	callstack 22
  3111   000050                     
  3112                           ;main.c: 37:             cmd = EUSART1_Read();;main.c: 38:             switch (cmd) {;ma
      +                          in.c: 40:                 case '?':
  3113   000050  ECE0  F004         	call	_SYSTEM_Initialize	;wreg free
  3114   000054                     
  3115                           ;main.c: 41:                     printf("------------------------------\r\n");
  3116   000054  96F2               	bcf	242,3,c	;volatile
  3117   000056                     
  3118                           ;main.c: 46:                     printf("s: gather %d samples from ADC\r\n", 16);
  3119   000056  0E00               	movlw	0
  3120   000058  6E04               	movwf	(TMR0_CounterSet@counterValue+1)^0,c
  3121   00005A  0E00               	movlw	0
  3122   00005C  6E03               	movwf	TMR0_CounterSet@counterValue^0,c
  3123   00005E  EC36  F005         	call	_TMR0_CounterSet	;wreg free
  3124   000062                     
  3125                           ;main.c: 47:                     printf("0-9: switch sampled channel to ANx\r\n");
  3126   000062  94F2               	bcf	242,2,c	;volatile
  3127   000064                     l204:
  3128   000064  A4F2               	btfss	242,2,c	;volatile
  3129   000066  EF37  F000         	goto	u971
  3130   00006A  EF39  F000         	goto	u970
  3131   00006E                     u971:
  3132   00006E  EF32  F000         	goto	l204
  3133   000072                     u970:
  3134   000072                     
  3135                           ;main.c: 50: 
  3136   000072  0E60               	movlw	low _myTMR0ISR
  3137   000074  6E03               	movwf	TMR0_OverflowCallbackRegister@callbackHandler^0,c
  3138   000076  0E0A               	movlw	high _myTMR0ISR
  3139   000078  6E04               	movwf	(TMR0_OverflowCallbackRegister@callbackHandler+1)^0,c
  3140   00007A  EC3B  F005         	call	_TMR0_OverflowCallbackRegister	;wreg free
  3141   00007E                     
  3142                           ;main.c: 51: 
  3143   00007E  8EF2               	bsf	242,7,c	;volatile
  3144   000080                     
  3145                           ;main.c: 52: 
  3146   000080  8CF2               	bsf	242,6,c	;volatile
  3147   000082                     
  3148                           ;main.c: 54:                 case 'o':
  3149   000082  0ED7               	movlw	low STR_1
  3150   000084  6E23               	movwf	printf@fmt^0,c
  3151   000086  0E7F               	movlw	high STR_1
  3152   000088  6E24               	movwf	(printf@fmt+1)^0,c
  3153   00008A  ECC2  F004         	call	_printf	;wreg free
  3154   00008E                     
  3155                           ;main.c: 55:                     printf(" k\r\n>");
  3156   00008E  0E71               	movlw	low STR_2
  3157   000090  6E23               	movwf	printf@fmt^0,c
  3158   000092  0E7F               	movlw	high STR_2
  3159   000094  6E24               	movwf	(printf@fmt+1)^0,c
  3160   000096  ECC2  F004         	call	_printf	;wreg free
  3161   00009A                     
  3162                           ;main.c: 56:                     break;
  3163   00009A  0EE2               	movlw	low STR_3
  3164   00009C  6E23               	movwf	printf@fmt^0,c
  3165   00009E  0E7F               	movlw	high STR_3
  3166   0000A0  6E24               	movwf	(printf@fmt+1)^0,c
  3167   0000A2  ECC2  F004         	call	_printf	;wreg free
  3168   0000A6                     
  3169                           ;main.c: 57: 
  3170   0000A6  0EFC               	movlw	low STR_4
  3171   0000A8  6E23               	movwf	printf@fmt^0,c
  3172   0000AA  0E7F               	movlw	high STR_4
  3173   0000AC  6E24               	movwf	(printf@fmt+1)^0,c
  3174   0000AE  ECC2  F004         	call	_printf	;wreg free
  3175   0000B2                     l2050:
  3176                           
  3177                           ;main.c: 61:                 case 'Z':
  3178   0000B2  EC16  F005         	call	_EUSART1_IsRxReady	;wreg free
  3179   0000B6  0900               	iorlw	0
  3180   0000B8  B4D8               	btfsc	status,2,c
  3181   0000BA  EF61  F000         	goto	u981
  3182   0000BE  EF63  F000         	goto	u980
  3183   0000C2                     u981:
  3184   0000C2  EF59  F000         	goto	l2050
  3185   0000C6                     u980:
  3186   0000C6                     
  3187                           ;main.c: 62:                     for (i = 0; i < 40; i++) printf("\n");
  3188   0000C6  ECA1  F003         	call	_EUSART1_Read	;wreg free
  3189   0000CA  6E39               	movwf	main@cmd^0,c
  3190                           
  3191                           ;main.c: 63:                     __asm("reset");
  3192   0000CC  EF29  F001         	goto	l2114
  3193   0000D0                     l2054:
  3194                           
  3195                           ;main.c: 66: 
  3196   0000D0  0E11               	movlw	low STR_5
  3197   0000D2  6E23               	movwf	printf@fmt^0,c
  3198   0000D4  0E7F               	movlw	high STR_5
  3199   0000D6  6E24               	movwf	(printf@fmt+1)^0,c
  3200   0000D8  ECC2  F004         	call	_printf	;wreg free
  3201                           
  3202                           ;main.c: 67: 
  3203   0000DC  0EC8               	movlw	low STR_6
  3204   0000DE  6E23               	movwf	printf@fmt^0,c
  3205   0000E0  0E7F               	movlw	high STR_6
  3206   0000E2  6E24               	movwf	(printf@fmt+1)^0,c
  3207   0000E4  ECC2  F004         	call	_printf	;wreg free
  3208                           
  3209                           ;main.c: 68: 
  3210   0000E8  0EEB               	movlw	low STR_7
  3211   0000EA  6E23               	movwf	printf@fmt^0,c
  3212   0000EC  0E7F               	movlw	high STR_7
  3213   0000EE  6E24               	movwf	(printf@fmt+1)^0,c
  3214   0000F0  ECC2  F004         	call	_printf	;wreg free
  3215                           
  3216                           ;main.c: 69:                 case 'z':
  3217   0000F4  0EA2               	movlw	low STR_8
  3218   0000F6  6E23               	movwf	printf@fmt^0,c
  3219   0000F8  0E7F               	movlw	high STR_8
  3220   0000FA  6E24               	movwf	(printf@fmt+1)^0,c
  3221   0000FC  ECC2  F004         	call	_printf	;wreg free
  3222                           
  3223                           ;main.c: 70:                     for (i = 0; i < 40; i++) printf("\n>");
  3224   000100  0E8A               	movlw	low STR_9
  3225   000102  6E23               	movwf	printf@fmt^0,c
  3226   000104  0E7F               	movlw	high STR_9
  3227   000106  6E24               	movwf	(printf@fmt+1)^0,c
  3228   000108  ECC2  F004         	call	_printf	;wreg free
  3229                           
  3230                           ;main.c: 71:                     break;
  3231   00010C  0E32               	movlw	low STR_10
  3232   00010E  6E23               	movwf	printf@fmt^0,c
  3233   000110  0E7F               	movlw	high STR_10
  3234   000112  6E24               	movwf	(printf@fmt+1)^0,c
  3235   000114  0E00               	movlw	0
  3236   000116  6E26               	movwf	(?_printf+3)^0,c
  3237   000118  0E10               	movlw	16
  3238   00011A  6E25               	movwf	(?_printf+2)^0,c
  3239   00011C  ECC2  F004         	call	_printf	;wreg free
  3240                           
  3241                           ;main.c: 72: 
  3242   000120  0EEC               	movlw	low STR_11
  3243   000122  6E23               	movwf	printf@fmt^0,c
  3244   000124  0E7E               	movlw	high STR_11
  3245   000126  6E24               	movwf	(printf@fmt+1)^0,c
  3246   000128  ECC2  F004         	call	_printf	;wreg free
  3247                           
  3248                           ;main.c: 73: 
  3249   00012C  0E11               	movlw	low STR_5
  3250   00012E  6E23               	movwf	printf@fmt^0,c
  3251   000130  0E7F               	movlw	high STR_5
  3252   000132  6E24               	movwf	(printf@fmt+1)^0,c
  3253   000134  ECC2  F004         	call	_printf	;wreg free
  3254                           
  3255                           ;main.c: 74: 
  3256   000138  EF59  F000         	goto	l2050
  3257   00013C                     l2056:
  3258                           
  3259                           ;main.c: 80:                         NEW_SAMPLE = 0;
  3260   00013C  0EF2               	movlw	low STR_13
  3261   00013E  6E23               	movwf	printf@fmt^0,c
  3262   000140  0E7F               	movlw	high STR_13
  3263   000142  6E24               	movwf	(printf@fmt+1)^0,c
  3264   000144  ECC2  F004         	call	_printf	;wreg free
  3265                           
  3266                           ;main.c: 81:                         adc_reading[i] = ADRESH;
  3267   000148  EF59  F000         	goto	l2050
  3268   00014C                     l213:
  3269                           
  3270                           ;main.c: 87:                     printf("\r\n");
  3271   00014C  6A3A               	clrf	main@i^0,c
  3272   00014E                     l2062:
  3273   00014E  0E30               	movlw	low (STR_5+31)
  3274   000150  6E23               	movwf	printf@fmt^0,c
  3275   000152  0E7F               	movlw	high (STR_5+31)
  3276   000154  6E24               	movwf	(printf@fmt+1)^0,c
  3277   000156  ECC2  F004         	call	_printf	;wreg free
  3278   00015A  2A3A               	incf	main@i^0,f,c
  3279   00015C  0E27               	movlw	39
  3280   00015E  643A               	cpfsgt	main@i^0,c
  3281   000160  EFB4  F000         	goto	u991
  3282   000164  EFB6  F000         	goto	u990
  3283   000168                     u991:
  3284   000168  EFA7  F000         	goto	l2062
  3285   00016C                     u990:
  3286   00016C  00FF               	reset		;# 
  3287                           
  3288                           ;main.c: 89: 
  3289   00016E  EF59  F000         	goto	l2050
  3290   000172                     l216:
  3291                           
  3292                           ;main.c: 95:                 case '5':
  3293   000172  6A3A               	clrf	main@i^0,c
  3294   000174                     l2072:
  3295   000174  0EF5               	movlw	low (STR_13+3)
  3296   000176  6E23               	movwf	printf@fmt^0,c
  3297   000178  0E7F               	movlw	high (STR_13+3)
  3298   00017A  6E24               	movwf	(printf@fmt+1)^0,c
  3299   00017C  ECC2  F004         	call	_printf	;wreg free
  3300   000180  2A3A               	incf	main@i^0,f,c
  3301   000182  0E27               	movlw	39
  3302   000184  643A               	cpfsgt	main@i^0,c
  3303   000186  EFC7  F000         	goto	u1001
  3304   00018A  EFC9  F000         	goto	u1000
  3305   00018E                     u1001:
  3306   00018E  EFBA  F000         	goto	l2072
  3307   000192                     u1000:
  3308   000192  EF59  F000         	goto	l2050
  3309   000196                     l219:
  3310                           
  3311                           ;main.c: 103: 
  3312   000196  6A3A               	clrf	main@i^0,c
  3313   000198                     l2082:
  3314   000198  504E               	movf	_NEW_SAMPLE^0,w,c
  3315   00019A  B4D8               	btfsc	status,2,c
  3316   00019C  EFD2  F000         	goto	u1011
  3317   0001A0  EFD4  F000         	goto	u1010
  3318   0001A4                     u1011:
  3319   0001A4  EFCC  F000         	goto	l2082
  3320   0001A8                     u1010:
  3321   0001A8                     
  3322                           ;main.c: 105: 
  3323   0001A8  6A4E               	clrf	_NEW_SAMPLE^0,c
  3324   0001AA                     
  3325                           ;main.c: 106: 
  3326   0001AA  503A               	movf	main@i^0,w,c
  3327   0001AC  0F29               	addlw	low main@adc_reading
  3328   0001AE  6ED9               	movwf	fsr2l,c
  3329   0001B0  6ADA               	clrf	fsr2h,c
  3330   0001B2  CFC4 FFDF          	movff	4036,indf2	;volatile
  3331   0001B6                     
  3332                           ;main.c: 107:                 default:
  3333   0001B6  2A3A               	incf	main@i^0,f,c
  3334   0001B8  0E0F               	movlw	15
  3335   0001BA  643A               	cpfsgt	main@i^0,c
  3336   0001BC  EFE2  F000         	goto	u1021
  3337   0001C0  EFE4  F000         	goto	u1020
  3338   0001C4                     u1021:
  3339   0001C4  EFCC  F000         	goto	l2082
  3340   0001C8                     u1020:
  3341   0001C8                     
  3342                           ;main.c: 109:                     break;
  3343   0001C8  0EB9               	movlw	low STR_16
  3344   0001CA  6E23               	movwf	printf@fmt^0,c
  3345   0001CC  0E7E               	movlw	high STR_16
  3346   0001CE  6E24               	movwf	(printf@fmt+1)^0,c
  3347   0001D0  0E00               	movlw	0
  3348   0001D2  6E26               	movwf	(?_printf+3)^0,c
  3349   0001D4  0E10               	movlw	16
  3350   0001D6  6E25               	movwf	(?_printf+2)^0,c
  3351   0001D8  ECC2  F004         	call	_printf	;wreg free
  3352   0001DC                     
  3353                           ;main.c: 110:             }
  3354   0001DC  6A3A               	clrf	main@i^0,c
  3355   0001DE                     l2098:
  3356                           
  3357                           ;main.c: 111:         }
  3358   0001DE  0EF8               	movlw	low STR_17
  3359   0001E0  6E23               	movwf	printf@fmt^0,c
  3360   0001E2  0E7F               	movlw	high STR_17
  3361   0001E4  6E24               	movwf	(printf@fmt+1)^0,c
  3362   0001E6  503A               	movf	main@i^0,w,c
  3363   0001E8  0F29               	addlw	low main@adc_reading
  3364   0001EA  6ED9               	movwf	fsr2l,c
  3365   0001EC  6ADA               	clrf	fsr2h,c
  3366   0001EE  50DF               	movf	indf2,w,c
  3367   0001F0  6E28               	movwf	??_main^0,c
  3368   0001F2  5028               	movf	??_main^0,w,c
  3369   0001F4  6E25               	movwf	(?_printf+2)^0,c
  3370   0001F6  6A26               	clrf	(?_printf+3)^0,c
  3371   0001F8  ECC2  F004         	call	_printf	;wreg free
  3372   0001FC  2A3A               	incf	main@i^0,f,c
  3373   0001FE  0E0F               	movlw	15
  3374   000200  643A               	cpfsgt	main@i^0,c
  3375   000202  EF05  F001         	goto	u1031
  3376   000206  EF07  F001         	goto	u1030
  3377   00020A                     u1031:
  3378   00020A  EFEF  F000         	goto	l2098
  3379   00020E                     u1030:
  3380   00020E                     
  3381                           ;main.c: 112:     }
  3382   00020E  0E2F               	movlw	low (STR_5+30)
  3383   000210  6E23               	movwf	printf@fmt^0,c
  3384   000212  0E7F               	movlw	high (STR_5+30)
  3385   000214  6E24               	movwf	(printf@fmt+1)^0,c
  3386   000216  ECC2  F004         	call	_printf	;wreg free
  3387                           
  3388                           ;main.c: 113: 
  3389   00021A  EF59  F000         	goto	l2050
  3390   00021E                     l230:
  3391   00021E                     l2106:
  3392                           
  3393                           ;main.c: 125:     NEW_SAMPLE = 1;
  3394   00021E  5039               	movf	main@cmd^0,w,c
  3395   000220  0FD0               	addlw	208
  3396   000222  EC0B  F005         	call	_ADC_SelectChannel
  3397   000226                     
  3398                           ;main.c: 126: 
  3399   000226  0E52               	movlw	low STR_19
  3400   000228  6E23               	movwf	printf@fmt^0,c
  3401   00022A  0E7F               	movlw	high STR_19
  3402   00022C  6E24               	movwf	(printf@fmt+1)^0,c
  3403   00022E  C039  F025         	movff	main@cmd,?_printf+2
  3404   000232  6A26               	clrf	(?_printf+3)^0,c
  3405   000234  ECC2  F004         	call	_printf	;wreg free
  3406                           
  3407                           ;main.c: 127:     do { LATAbits.LATA6 = 0; } while(0);
  3408   000238  EF59  F000         	goto	l2050
  3409   00023C                     l2110:
  3410   00023C  0EB7               	movlw	low STR_20
  3411   00023E  6E23               	movwf	printf@fmt^0,c
  3412   000240  0E7F               	movlw	high STR_20
  3413   000242  6E24               	movwf	(printf@fmt+1)^0,c
  3414   000244  C039  F025         	movff	main@cmd,?_printf+2
  3415   000248  6A26               	clrf	(?_printf+3)^0,c
  3416   00024A  ECC2  F004         	call	_printf	;wreg free
  3417   00024E  EF59  F000         	goto	l2050
  3418   000252                     l2114:
  3419   000252  5039               	movf	main@cmd^0,w,c
  3420                           
  3421                           ; Switch size 1, requested type "simple"
  3422                           ; Number of cases is 15, Range of values is 48 to 122
  3423                           ; switch strategies available:
  3424                           ; Name         Instructions Cycles
  3425                           ; simple_byte           46    24 (average)
  3426                           ;	Chosen strategy is simple_byte
  3427   000254  0A30               	xorlw	48	; case 48
  3428   000256  B4D8               	btfsc	status,2,c
  3429   000258  EF0F  F001         	goto	l230
  3430   00025C  0A01               	xorlw	1	; case 49
  3431   00025E  B4D8               	btfsc	status,2,c
  3432   000260  EF0F  F001         	goto	l230
  3433   000264  0A03               	xorlw	3	; case 50
  3434   000266  B4D8               	btfsc	status,2,c
  3435   000268  EF0F  F001         	goto	l2106
  3436   00026C  0A01               	xorlw	1	; case 51
  3437   00026E  B4D8               	btfsc	status,2,c
  3438   000270  EF0F  F001         	goto	l2106
  3439   000274  0A07               	xorlw	7	; case 52
  3440   000276  B4D8               	btfsc	status,2,c
  3441   000278  EF0F  F001         	goto	l2106
  3442   00027C  0A01               	xorlw	1	; case 53
  3443   00027E  B4D8               	btfsc	status,2,c
  3444   000280  EF0F  F001         	goto	l2106
  3445   000284  0A03               	xorlw	3	; case 54
  3446   000286  B4D8               	btfsc	status,2,c
  3447   000288  EF0F  F001         	goto	l2106
  3448   00028C  0A01               	xorlw	1	; case 55
  3449   00028E  B4D8               	btfsc	status,2,c
  3450   000290  EF0F  F001         	goto	l2106
  3451   000294  0A0F               	xorlw	15	; case 56
  3452   000296  B4D8               	btfsc	status,2,c
  3453   000298  EF0F  F001         	goto	l2106
  3454   00029C  0A01               	xorlw	1	; case 57
  3455   00029E  B4D8               	btfsc	status,2,c
  3456   0002A0  EF0F  F001         	goto	l2106
  3457   0002A4  0A06               	xorlw	6	; case 63
  3458   0002A6  B4D8               	btfsc	status,2,c
  3459   0002A8  EF68  F000         	goto	l2054
  3460   0002AC  0A65               	xorlw	101	; case 90
  3461   0002AE  B4D8               	btfsc	status,2,c
  3462   0002B0  EFA6  F000         	goto	l213
  3463   0002B4  0A35               	xorlw	53	; case 111
  3464   0002B6  B4D8               	btfsc	status,2,c
  3465   0002B8  EF9E  F000         	goto	l2056
  3466   0002BC  0A1C               	xorlw	28	; case 115
  3467   0002BE  B4D8               	btfsc	status,2,c
  3468   0002C0  EFCB  F000         	goto	l219
  3469   0002C4  0A09               	xorlw	9	; case 122
  3470   0002C6  B4D8               	btfsc	status,2,c
  3471   0002C8  EFB9  F000         	goto	l216
  3472   0002CC  EF1E  F001         	goto	l2110
  3473   0002D0  EF26  F000         	goto	start
  3474   0002D4                     __end_of_main:
  3475                           	callstack 0
  3476                           
  3477 ;; *************** function _printf *****************
  3478 ;; Defined at:
  3479 ;;		line 5 in file "/Applications/microchip/xc8/v3.00/pic/sources/c99/common/printf.c"
  3480 ;; Parameters:    Size  Location     Type
  3481 ;;  fmt             2   34[COMRAM] PTR const unsigned char 
  3482 ;;		 -> STR_20(17), STR_19(31), STR_18(3), STR_17(4), 
  3483 ;;		 -> STR_16(51), STR_15(3), STR_14(2), STR_13(6), 
  3484 ;;		 -> STR_12(33), STR_11(37), STR_10(32), STR_9(24), 
  3485 ;;		 -> STR_8(21), STR_7(7), STR_6(15), STR_5(33), 
  3486 ;;		 -> STR_4(3), STR_3(9), STR_2(25), STR_1(11), 
  3487 ;; Auto vars:     Size  Location     Type
  3488 ;;  ret             2    0        int 
  3489 ;;  ap              1   38[COMRAM] PTR void [1]
  3490 ;;		 -> ?_printf(2), 
  3491 ;; Return value:  Size  Location     Type
  3492 ;;                  2   34[COMRAM] int 
  3493 ;; Registers used:
  3494 ;;		wreg, fsr1l, fsr1h, fsr2l, fsr2h, status,2, status,0, tblptrl, tblptrh, tblptru, cstack
  3495 ;; Tracked objects:
  3496 ;;		On entry : 0/0
  3497 ;;		On exit  : 0/0
  3498 ;;		Unchanged: 0/0
  3499 ;; Data sizes:     COMRAM   BANK0   BANK1   BANK2   BANK3   BANK4   BANK5
  3500 ;;      Params:         4       0       0       0       0       0       0
  3501 ;;      Locals:         1       0       0       0       0       0       0
  3502 ;;      Temps:          0       0       0       0       0       0       0
  3503 ;;      Totals:         5       0       0       0       0       0       0
  3504 ;;Total ram usage:        5 bytes
  3505 ;; Hardware stack levels used: 1
  3506 ;; Hardware stack levels required when called: 8
  3507 ;; This function calls:
  3508 ;;		_vfprintf
  3509 ;; This function is called by:
  3510 ;;		_main
  3511 ;; This function uses a non-reentrant model
  3512 ;;
  3513                           
  3514                           	psect	text1
  3515   000984                     __ptext1:
  3516                           	callstack 0
  3517   000984                     _printf:
  3518                           	callstack 22
  3519   000984  0E25               	movlw	low (?_printf+2)
  3520   000986  6E27               	movwf	printf@ap^0,c
  3521   000988  0E00               	movlw	0
  3522   00098A  6E1C               	movwf	vfprintf@fp^0,c
  3523   00098C  0E00               	movlw	0
  3524   00098E  6E1D               	movwf	(vfprintf@fp+1)^0,c
  3525   000990  C023  F01E         	movff	printf@fmt,vfprintf@fmt
  3526   000994  C024  F01F         	movff	printf@fmt+1,vfprintf@fmt+1
  3527   000998  0E27               	movlw	low printf@ap
  3528   00099A  6E20               	movwf	vfprintf@ap^0,c
  3529   00099C  ECE3  F003         	call	_vfprintf	;wreg free
  3530   0009A0  0012               	return		;funcret
  3531   0009A2                     __end_of_printf:
  3532                           	callstack 0
  3533                           
  3534 ;; *************** function _vfprintf *****************
  3535 ;; Defined at:
  3536 ;;		line 1817 in file "/Applications/microchip/xc8/v3.00/pic/sources/c99/common/doprnt.c"
  3537 ;; Parameters:    Size  Location     Type
  3538 ;;  fp              2   27[COMRAM] PTR struct _IO_FILE
  3539 ;;		 -> NULL(0), 
  3540 ;;  fmt             2   29[COMRAM] PTR const unsigned char 
  3541 ;;		 -> STR_20(17), STR_19(31), STR_18(3), STR_17(4), 
  3542 ;;		 -> STR_16(51), STR_15(3), STR_14(2), STR_13(6), 
  3543 ;;		 -> STR_12(33), STR_11(37), STR_10(32), STR_9(24), 
  3544 ;;		 -> STR_8(21), STR_7(7), STR_6(15), STR_5(33), 
  3545 ;;		 -> STR_4(3), STR_3(9), STR_2(25), STR_1(11), 
  3546 ;;  ap              1   31[COMRAM] PTR PTR void 
  3547 ;;		 -> printf@ap(1), 
  3548 ;; Auto vars:     Size  Location     Type
  3549 ;;  cfmt            2   32[COMRAM] PTR unsigned char 
  3550 ;;		 -> STR_20(17), STR_19(31), STR_18(3), STR_17(4), 
  3551 ;;		 -> STR_16(51), STR_15(3), STR_14(2), STR_13(6), 
  3552 ;;		 -> STR_12(33), STR_11(37), STR_10(32), STR_9(24), 
  3553 ;;		 -> STR_8(21), STR_7(7), STR_6(15), STR_5(33), 
  3554 ;;		 -> STR_4(3), STR_3(9), STR_2(25), STR_1(11), 
  3555 ;; Return value:  Size  Location     Type
  3556 ;;                  2   27[COMRAM] int 
  3557 ;; Registers used:
  3558 ;;		wreg, fsr1l, fsr1h, fsr2l, fsr2h, status,2, status,0, tblptrl, tblptrh, tblptru, cstack
  3559 ;; Tracked objects:
  3560 ;;		On entry : 0/0
  3561 ;;		On exit  : 0/0
  3562 ;;		Unchanged: 0/0
  3563 ;; Data sizes:     COMRAM   BANK0   BANK1   BANK2   BANK3   BANK4   BANK5
  3564 ;;      Params:         5       0       0       0       0       0       0
  3565 ;;      Locals:         2       0       0       0       0       0       0
  3566 ;;      Temps:          0       0       0       0       0       0       0
  3567 ;;      Totals:         7       0       0       0       0       0       0
  3568 ;;Total ram usage:        7 bytes
  3569 ;; Hardware stack levels used: 1
  3570 ;; Hardware stack levels required when called: 7
  3571 ;; This function calls:
  3572 ;;		_vfpfcnvrt
  3573 ;; This function is called by:
  3574 ;;		_printf
  3575 ;; This function uses a non-reentrant model
  3576 ;;
  3577                           
  3578                           	psect	text2
  3579   0007C6                     __ptext2:
  3580                           	callstack 0
  3581   0007C6                     _vfprintf:
  3582                           	callstack 22
  3583   0007C6                     
  3584                           ;/Applications/microchip/xc8/v3.00/pic/sources/c99/common/doprnt.c: 1817: int vfprintf(F
      +                          ILE *fp, const char *fmt, va_list ap);/Applications/microchip/xc8/v3.00/pic/sources/c99/
      +                          common/doprnt.c: 1818: {;/Applications/microchip/xc8/v3.00/pic/sources/c99/common/doprnt
      +                          .c: 1820:     char *cfmt;;/Applications/microchip/xc8/v3.00/pic/sources/c99/common/doprn
      +                          t.c: 1822:     cfmt = (char *)fmt;
  3585   0007C6  C01E  F021         	movff	vfprintf@fmt,vfprintf@cfmt
  3586   0007CA  C01F  F022         	movff	vfprintf@fmt+1,vfprintf@cfmt+1
  3587                           
  3588                           ;/Applications/microchip/xc8/v3.00/pic/sources/c99/common/doprnt.c: 1826:     while (*cf
      +                          mt) {
  3589   0007CE  EFF3  F003         	goto	l2000
  3590   0007D2                     l1998:
  3591                           
  3592                           ;/Applications/microchip/xc8/v3.00/pic/sources/c99/common/doprnt.c: 1830:    vfpfcnvrt(f
      +                          p, &cfmt, ap);
  3593   0007D2  C01C  F00E         	movff	vfprintf@fp,vfpfcnvrt@fp
  3594   0007D6  C01D  F00F         	movff	vfprintf@fp+1,vfpfcnvrt@fp+1
  3595   0007DA  0E21               	movlw	low vfprintf@cfmt
  3596   0007DC  6E10               	movwf	vfpfcnvrt@fmt^0,c
  3597   0007DE  C020  F011         	movff	vfprintf@ap,vfpfcnvrt@ap
  3598   0007E2  EC6A  F001         	call	_vfpfcnvrt	;wreg free
  3599   0007E6                     l2000:
  3600                           
  3601                           ;/Applications/microchip/xc8/v3.00/pic/sources/c99/common/doprnt.c: 1826:     while (*cf
      +                          mt) {
  3602   0007E6  C021  FFF6         	movff	vfprintf@cfmt,tblptrl
  3603   0007EA  C022  FFF7         	movff	vfprintf@cfmt+1,tblptrh
  3604   0007EE                     	if	0	;tblptru may be non-zero
  3605   0007EE                     	endif
  3606   0007EE                     	if	0	;tblptru may be non-zero
  3607   0007EE                     	endif
  3608   0007EE  0008               	tblrd		*
  3609   0007F0  50F5               	movf	tablat,w,c
  3610   0007F2  0900               	iorlw	0
  3611   0007F4  A4D8               	btfss	status,2,c
  3612   0007F6  EFFF  F003         	goto	u961
  3613   0007FA  EF01  F004         	goto	u960
  3614   0007FE                     u961:
  3615   0007FE  EFE9  F003         	goto	l1998
  3616   000802                     u960:
  3617   000802                     
  3618                           ;/Applications/microchip/xc8/v3.00/pic/sources/c99/common/doprnt.c: 1835:  return 0;
  3619   000802  0E00               	movlw	0
  3620   000804  6E1D               	movwf	(?_vfprintf+1)^0,c
  3621   000806  0E00               	movlw	0
  3622   000808  6E1C               	movwf	?_vfprintf^0,c
  3623   00080A  0012               	return		;funcret
  3624   00080C                     __end_of_vfprintf:
  3625                           	callstack 0
  3626                           
  3627 ;; *************** function _vfpfcnvrt *****************
  3628 ;; Defined at:
  3629 ;;		line 1177 in file "/Applications/microchip/xc8/v3.00/pic/sources/c99/common/doprnt.c"
  3630 ;; Parameters:    Size  Location     Type
  3631 ;;  fp              2   13[COMRAM] PTR struct _IO_FILE
  3632 ;;		 -> NULL(0), 
  3633 ;;  fmt             1   15[COMRAM] PTR PTR unsigned char 
  3634 ;;		 -> vfprintf@cfmt(2), 
  3635 ;;  ap              1   16[COMRAM] PTR PTR void 
  3636 ;;		 -> printf@ap(1), 
  3637 ;; Auto vars:     Size  Location     Type
  3638 ;;  convarg         4   22[COMRAM] struct .
  3639 ;;  cp              2   20[COMRAM] PTR unsigned char 
  3640 ;;		 -> STR_20(17), STR_19(31), STR_18(3), STR_17(4), 
  3641 ;;		 -> STR_16(51), STR_15(3), STR_14(2), STR_13(6), 
  3642 ;;		 -> STR_12(33), STR_11(37), STR_10(32), STR_9(24), 
  3643 ;;		 -> STR_8(21), STR_7(7), STR_6(15), STR_5(33), 
  3644 ;;		 -> STR_4(3), STR_3(9), STR_2(25), STR_1(11), 
  3645 ;;  c               1   26[COMRAM] unsigned char 
  3646 ;;  done            1   19[COMRAM] _Bool 
  3647 ;; Return value:  Size  Location     Type
  3648 ;;                  1    wreg      void 
  3649 ;; Registers used:
  3650 ;;		wreg, fsr1l, fsr1h, fsr2l, fsr2h, status,2, status,0, tblptrl, tblptrh, tblptru, cstack
  3651 ;; Tracked objects:
  3652 ;;		On entry : 0/0
  3653 ;;		On exit  : 0/0
  3654 ;;		Unchanged: 0/0
  3655 ;; Data sizes:     COMRAM   BANK0   BANK1   BANK2   BANK3   BANK4   BANK5
  3656 ;;      Params:         4       0       0       0       0       0       0
  3657 ;;      Locals:         8       0       0       0       0       0       0
  3658 ;;      Temps:          2       0       0       0       0       0       0
  3659 ;;      Totals:        14       0       0       0       0       0       0
  3660 ;;Total ram usage:       14 bytes
  3661 ;; Hardware stack levels used: 1
  3662 ;; Hardware stack levels required when called: 6
  3663 ;; This function calls:
  3664 ;;		___awdiv
  3665 ;;		___awmod
  3666 ;;		_abs
  3667 ;;		_fputc
  3668 ;; This function is called by:
  3669 ;;		_vfprintf
  3670 ;; This function uses a non-reentrant model
  3671 ;;
  3672                           
  3673                           	psect	text3
  3674   0002D4                     __ptext3:
  3675                           	callstack 0
  3676   0002D4                     _vfpfcnvrt:
  3677                           	callstack 22
  3678   0002D4                     
  3679                           ;/Applications/microchip/xc8/v3.00/pic/sources/c99/common/doprnt.c: 1177: vfpfcnvrt(FILE
      +                           *fp, char *fmt[], va_list ap);/Applications/microchip/xc8/v3.00/pic/sources/c99/common/
      +                          doprnt.c: 1178: {;/Applications/microchip/xc8/v3.00/pic/sources/c99/common/doprnt.c: 117
      +                          9:     char c, *cp;;/Applications/microchip/xc8/v3.00/pic/sources/c99/common/doprnt.c: 1
      +                          180:     _Bool done;;/Applications/microchip/xc8/v3.00/pic/sources/c99/common/doprnt.c: 
      +                          1188:  } convarg;;/Applications/microchip/xc8/v3.00/pic/sources/c99/common/doprnt.c: 120
      +                          1:     if ((*fmt)[0] == '%') {
  3680   0002D4  5010               	movf	vfpfcnvrt@fmt^0,w,c
  3681   0002D6  6ED9               	movwf	fsr2l,c
  3682   0002D8  6ADA               	clrf	fsr2h,c
  3683   0002DA  CFDE FFF6          	movff	postinc2,tblptrl
  3684   0002DE  CFDD FFF7          	movff	postdec2,tblptrh
  3685   0002E2                     	if	0	;tblptru may be non-zero
  3686   0002E2                     	endif
  3687   0002E2                     	if	0	;tblptru may be non-zero
  3688   0002E2                     	endif
  3689   0002E2  0008               	tblrd		*
  3690   0002E4  50F5               	movf	tablat,w,c
  3691   0002E6  0A25               	xorlw	37
  3692   0002E8  A4D8               	btfss	status,2,c
  3693   0002EA  EF79  F001         	goto	u851
  3694   0002EE  EF7B  F001         	goto	u850
  3695   0002F2                     u851:
  3696   0002F2  EF70  F002         	goto	l1960
  3697   0002F6                     u850:
  3698   0002F6                     
  3699                           ;/Applications/microchip/xc8/v3.00/pic/sources/c99/common/doprnt.c: 1202:         ++*fmt
      +                          ;
  3700   0002F6  5010               	movf	vfpfcnvrt@fmt^0,w,c
  3701   0002F8  6ED9               	movwf	fsr2l,c
  3702   0002FA  6ADA               	clrf	fsr2h,c
  3703   0002FC  2ADE               	incf	postinc2,f,c
  3704   0002FE  0E00               	movlw	0
  3705   000300  22DD               	addwfc	postdec2,f,c
  3706   000302                     
  3707                           ;/Applications/microchip/xc8/v3.00/pic/sources/c99/common/doprnt.c: 1204:         flags 
      +                          = width = 0;
  3708   000302  0E00               	movlw	0
  3709   000304  6E3C               	movwf	(_width+1)^0,c
  3710   000306  0E00               	movlw	0
  3711   000308  6E3B               	movwf	_width^0,c
  3712   00030A  C03B  F04D         	movff	_width,_flags
  3713   00030E                     
  3714                           ;/Applications/microchip/xc8/v3.00/pic/sources/c99/common/doprnt.c: 1205:         prec =
      +                           -1;
  3715   00030E  683D               	setf	_prec^0,c
  3716   000310  683E               	setf	(_prec+1)^0,c
  3717   000312                     
  3718                           ;/Applications/microchip/xc8/v3.00/pic/sources/c99/common/doprnt.c: 1273:         if ((*
      +                          fmt)[0] == 'c') {
  3719   000312  5010               	movf	vfpfcnvrt@fmt^0,w,c
  3720   000314  6ED9               	movwf	fsr2l,c
  3721   000316  6ADA               	clrf	fsr2h,c
  3722   000318  CFDE FFF6          	movff	postinc2,tblptrl
  3723   00031C  CFDD FFF7          	movff	postdec2,tblptrh
  3724   000320                     	if	0	;tblptru may be non-zero
  3725   000320                     	endif
  3726   000320                     	if	0	;tblptru may be non-zero
  3727   000320                     	endif
  3728   000320  0008               	tblrd		*
  3729   000322  50F5               	movf	tablat,w,c
  3730   000324  0A63               	xorlw	99
  3731   000326  A4D8               	btfss	status,2,c
  3732   000328  EF98  F001         	goto	u861
  3733   00032C  EF9A  F001         	goto	u860
  3734   000330                     u861:
  3735   000330  EFB5  F001         	goto	l1924
  3736   000334                     u860:
  3737   000334                     
  3738                           ;/Applications/microchip/xc8/v3.00/pic/sources/c99/common/doprnt.c: 1274:             ++
      +                          *fmt;
  3739   000334  5010               	movf	vfpfcnvrt@fmt^0,w,c
  3740   000336  6ED9               	movwf	fsr2l,c
  3741   000338  6ADA               	clrf	fsr2h,c
  3742   00033A  2ADE               	incf	postinc2,f,c
  3743   00033C  0E00               	movlw	0
  3744   00033E  22DD               	addwfc	postdec2,f,c
  3745   000340                     
  3746                           ;/Applications/microchip/xc8/v3.00/pic/sources/c99/common/doprnt.c: 1275:             c 
      +                          = (unsigned char)(*(int *)__va_arg(*(int **)ap, (int)0));
  3747   000340  5011               	movf	vfpfcnvrt@ap^0,w,c
  3748   000342  6ED9               	movwf	fsr2l,c
  3749   000344  6ADA               	clrf	fsr2h,c
  3750   000346  50DF               	movf	indf2,w,c
  3751   000348  2ADF               	incf	indf2,f,c
  3752   00034A  2ADF               	incf	indf2,f,c
  3753   00034C  6ED9               	movwf	fsr2l,c
  3754   00034E  6ADA               	clrf	fsr2h,c
  3755   000350  50DF               	movf	indf2,w,c
  3756   000352  6E1B               	movwf	vfpfcnvrt@c^0,c
  3757   000354                     
  3758                           ;/Applications/microchip/xc8/v3.00/pic/sources/c99/common/doprnt.c: 1277:    fputc(c, fp
      +                          );
  3759   000354  C01B  F005         	movff	vfpfcnvrt@c,fputc@c
  3760   000358  6A06               	clrf	(fputc@c+1)^0,c
  3761   00035A  C00E  F007         	movff	vfpfcnvrt@fp,fputc@fp
  3762   00035E  C00F  F008         	movff	vfpfcnvrt@fp+1,fputc@fp+1
  3763   000362  EC84  F002         	call	_fputc	;wreg free
  3764   000366  EF83  F002         	goto	l1190
  3765   00036A                     l1924:
  3766                           
  3767                           ;/Applications/microchip/xc8/v3.00/pic/sources/c99/common/doprnt.c: 1291:   cp = *fmt;
  3768   00036A  5010               	movf	vfpfcnvrt@fmt^0,w,c
  3769   00036C  6ED9               	movwf	fsr2l,c
  3770   00036E  6ADA               	clrf	fsr2h,c
  3771   000370  CFDE F015          	movff	postinc2,vfpfcnvrt@cp
  3772   000374  CFDD F016          	movff	postdec2,vfpfcnvrt@cp+1
  3773   000378                     
  3774                           ;/Applications/microchip/xc8/v3.00/pic/sources/c99/common/doprnt.c: 1361:   if (*cp == '
      +                          d' || *cp == 'i') {
  3775   000378  C015  FFF6         	movff	vfpfcnvrt@cp,tblptrl
  3776   00037C  C016  FFF7         	movff	vfpfcnvrt@cp+1,tblptrh
  3777   000380                     	if	0	;tblptru may be non-zero
  3778   000380                     	endif
  3779   000380                     	if	0	;tblptru may be non-zero
  3780   000380                     	endif
  3781   000380  0008               	tblrd		*
  3782   000382  50F5               	movf	tablat,w,c
  3783   000384  0A64               	xorlw	100
  3784   000386  B4D8               	btfsc	status,2,c
  3785   000388  EFC8  F001         	goto	u871
  3786   00038C  EFCA  F001         	goto	u870
  3787   000390                     u871:
  3788   000390  EFD8  F001         	goto	l1930
  3789   000394                     u870:
  3790   000394  C015  FFF6         	movff	vfpfcnvrt@cp,tblptrl
  3791   000398  C016  FFF7         	movff	vfpfcnvrt@cp+1,tblptrh
  3792   00039C                     	if	0	;tblptru may be non-zero
  3793   00039C                     	endif
  3794   00039C                     	if	0	;tblptru may be non-zero
  3795   00039C                     	endif
  3796   00039C  0008               	tblrd		*
  3797   00039E  50F5               	movf	tablat,w,c
  3798   0003A0  0A69               	xorlw	105
  3799   0003A2  A4D8               	btfss	status,2,c
  3800   0003A4  EFD6  F001         	goto	u881
  3801   0003A8  EFD8  F001         	goto	u880
  3802   0003AC                     u881:
  3803   0003AC  EF68  F002         	goto	l1956
  3804   0003B0                     u880:
  3805   0003B0                     l1930:
  3806                           
  3807                           ;/Applications/microchip/xc8/v3.00/pic/sources/c99/common/doprnt.c: 1404:    convarg.sin
      +                          t = (vfpf_sint_t)(int)(*(int *)__va_arg(*(int **)ap, (int)0));
  3808   0003B0  5011               	movf	vfpfcnvrt@ap^0,w,c
  3809   0003B2  6ED9               	movwf	fsr2l,c
  3810   0003B4  6ADA               	clrf	fsr2h,c
  3811   0003B6  0E02               	movlw	2
  3812   0003B8  26DF               	addwf	indf2,f,c
  3813   0003BA  5CDF               	subwf	indf2,w,c
  3814   0003BC  6ED9               	movwf	fsr2l,c
  3815   0003BE  6ADA               	clrf	fsr2h,c
  3816   0003C0  CFDE F017          	movff	postinc2,vfpfcnvrt@convarg
  3817   0003C4  CFDE F018          	movff	postinc2,vfpfcnvrt@convarg+1
  3818   0003C8                     
  3819                           ;/Applications/microchip/xc8/v3.00/pic/sources/c99/common/doprnt.c: 1406:    *fmt = cp+1
      +                          ;
  3820   0003C8  0E01               	movlw	1
  3821   0003CA  2415               	addwf	vfpfcnvrt@cp^0,w,c
  3822   0003CC  6E12               	movwf	??_vfpfcnvrt^0,c
  3823   0003CE  0E00               	movlw	0
  3824   0003D0  2016               	addwfc	(vfpfcnvrt@cp+1)^0,w,c
  3825   0003D2  6E13               	movwf	(??_vfpfcnvrt+1)^0,c
  3826   0003D4  5010               	movf	vfpfcnvrt@fmt^0,w,c
  3827   0003D6  6ED9               	movwf	fsr2l,c
  3828   0003D8  6ADA               	clrf	fsr2h,c
  3829   0003DA  C012  FFDE         	movff	??_vfpfcnvrt,postinc2
  3830   0003DE  C013  FFDD         	movff	??_vfpfcnvrt+1,postdec2
  3831   0003E2                     
  3832                           ;/Applications/microchip/xc8/v3.00/pic/sources/c99/common/doprnt.c: 1408:    c = sizeof(
      +                          dbuf);
  3833   0003E2  0E20               	movlw	32
  3834   0003E4  6E1B               	movwf	vfpfcnvrt@c^0,c
  3835                           
  3836                           ;/Applications/microchip/xc8/v3.00/pic/sources/c99/common/doprnt.c: 1409:    done = conv
      +                          arg.sint < 0;
  3837   0003E6  BE18               	btfsc	(vfpfcnvrt@convarg+1)^0,7,c
  3838   0003E8  EFF8  F001         	goto	u891
  3839   0003EC  EFFB  F001         	goto	u890
  3840   0003F0                     u891:
  3841   0003F0  0E01               	movlw	1
  3842   0003F2  EFFC  F001         	goto	u900
  3843   0003F6                     u890:
  3844   0003F6  0E00               	movlw	0
  3845   0003F8                     u900:
  3846   0003F8  6E14               	movwf	vfpfcnvrt@done^0,c
  3847   0003FA                     l1936:
  3848                           
  3849                           ;/Applications/microchip/xc8/v3.00/pic/sources/c99/common/doprnt.c: 1411:     dbuf[--c] 
      +                          = abs(convarg.sint % 10) + '0';
  3850   0003FA  061B               	decf	vfpfcnvrt@c^0,f,c
  3851   0003FC  501B               	movf	vfpfcnvrt@c^0,w,c
  3852   0003FE  0F60               	addlw	low _dbuf
  3853   000400  6ED9               	movwf	fsr2l,c
  3854   000402  6ADA               	clrf	fsr2h,c
  3855   000404  C017  F003         	movff	vfpfcnvrt@convarg,___awmod@dividend
  3856   000408  C018  F004         	movff	vfpfcnvrt@convarg+1,___awmod@dividend+1
  3857   00040C  0E00               	movlw	0
  3858   00040E  6E06               	movwf	(___awmod@divisor+1)^0,c
  3859   000410  0E0A               	movlw	10
  3860   000412  6E05               	movwf	___awmod@divisor^0,c
  3861   000414  EC4A  F003         	call	___awmod	;wreg free
  3862   000418  C003  F009         	movff	?___awmod,abs@a
  3863   00041C  C004  F00A         	movff	?___awmod+1,abs@a+1
  3864   000420  EC3D  F004         	call	_abs	;wreg free
  3865   000424  5009               	movf	?_abs^0,w,c
  3866   000426  0F30               	addlw	48
  3867   000428  6EDF               	movwf	indf2,c
  3868   00042A                     
  3869                           ;/Applications/microchip/xc8/v3.00/pic/sources/c99/common/doprnt.c: 1412:     convarg.si
      +                          nt /= 10;
  3870   00042A  C017  F003         	movff	vfpfcnvrt@convarg,___awdiv@dividend
  3871   00042E  C018  F004         	movff	vfpfcnvrt@convarg+1,___awdiv@dividend+1
  3872   000432  0E00               	movlw	0
  3873   000434  6E06               	movwf	(___awdiv@divisor+1)^0,c
  3874   000436  0E0A               	movlw	10
  3875   000438  6E05               	movwf	___awdiv@divisor^0,c
  3876   00043A  ECE9  F002         	call	___awdiv	;wreg free
  3877   00043E  C003  F017         	movff	?___awdiv,vfpfcnvrt@convarg
  3878   000442  C004  F018         	movff	?___awdiv+1,vfpfcnvrt@convarg+1
  3879   000446                     
  3880                           ;/Applications/microchip/xc8/v3.00/pic/sources/c99/common/doprnt.c: 1416:    } while (co
      +                          nvarg.sint != 0 && c != 0);
  3881   000446  5017               	movf	vfpfcnvrt@convarg^0,w,c
  3882   000448  1018               	iorwf	(vfpfcnvrt@convarg+1)^0,w,c
  3883   00044A  B4D8               	btfsc	status,2,c
  3884   00044C  EF2A  F002         	goto	u911
  3885   000450  EF2C  F002         	goto	u910
  3886   000454                     u911:
  3887   000454  EF34  F002         	goto	l1944
  3888   000458                     u910:
  3889   000458  501B               	movf	vfpfcnvrt@c^0,w,c
  3890   00045A  A4D8               	btfss	status,2,c
  3891   00045C  EF32  F002         	goto	u921
  3892   000460  EF34  F002         	goto	u920
  3893   000464                     u921:
  3894   000464  EFFD  F001         	goto	l1936
  3895   000468                     u920:
  3896   000468                     l1944:
  3897                           
  3898                           ;/Applications/microchip/xc8/v3.00/pic/sources/c99/common/doprnt.c: 1417:    if (c != 0 
      +                          && done) {
  3899   000468  501B               	movf	vfpfcnvrt@c^0,w,c
  3900   00046A  B4D8               	btfsc	status,2,c
  3901   00046C  EF3A  F002         	goto	u931
  3902   000470  EF3C  F002         	goto	u930
  3903   000474                     u931:
  3904   000474  EF5D  F002         	goto	l1954
  3905   000478                     u930:
  3906   000478  5014               	movf	vfpfcnvrt@done^0,w,c
  3907   00047A  B4D8               	btfsc	status,2,c
  3908   00047C  EF42  F002         	goto	u941
  3909   000480  EF44  F002         	goto	u940
  3910   000484                     u941:
  3911   000484  EF5D  F002         	goto	l1954
  3912   000488                     u940:
  3913   000488                     
  3914                           ;/Applications/microchip/xc8/v3.00/pic/sources/c99/common/doprnt.c: 1418:     dbuf[--c] 
      +                          = '-';
  3915   000488  061B               	decf	vfpfcnvrt@c^0,f,c
  3916   00048A  501B               	movf	vfpfcnvrt@c^0,w,c
  3917   00048C  0F60               	addlw	low _dbuf
  3918   00048E  6ED9               	movwf	fsr2l,c
  3919   000490  6ADA               	clrf	fsr2h,c
  3920   000492  0E2D               	movlw	45
  3921   000494  6EDF               	movwf	indf2,c
  3922   000496  EF5D  F002         	goto	l1954
  3923   00049A                     l1950:
  3924                           
  3925                           ;/Applications/microchip/xc8/v3.00/pic/sources/c99/common/doprnt.c: 1424:     fputc(dbuf
      +                          [c++], fp);
  3926   00049A  501B               	movf	vfpfcnvrt@c^0,w,c
  3927   00049C  0F60               	addlw	low _dbuf
  3928   00049E  6ED9               	movwf	fsr2l,c
  3929   0004A0  6ADA               	clrf	fsr2h,c
  3930   0004A2  50DF               	movf	indf2,w,c
  3931   0004A4  6E12               	movwf	??_vfpfcnvrt^0,c
  3932   0004A6  5012               	movf	??_vfpfcnvrt^0,w,c
  3933   0004A8  6E05               	movwf	fputc@c^0,c
  3934   0004AA  6A06               	clrf	(fputc@c+1)^0,c
  3935   0004AC  C00E  F007         	movff	vfpfcnvrt@fp,fputc@fp
  3936   0004B0  C00F  F008         	movff	vfpfcnvrt@fp+1,fputc@fp+1
  3937   0004B4  EC84  F002         	call	_fputc	;wreg free
  3938   0004B8  2A1B               	incf	vfpfcnvrt@c^0,f,c
  3939   0004BA                     l1954:
  3940                           
  3941                           ;/Applications/microchip/xc8/v3.00/pic/sources/c99/common/doprnt.c: 1423:    while (c !=
      +                           sizeof(dbuf)) {
  3942   0004BA  0E20               	movlw	32
  3943   0004BC  181B               	xorwf	vfpfcnvrt@c^0,w,c
  3944   0004BE  A4D8               	btfss	status,2,c
  3945   0004C0  EF64  F002         	goto	u951
  3946   0004C4  EF66  F002         	goto	u950
  3947   0004C8                     u951:
  3948   0004C8  EF4D  F002         	goto	l1950
  3949   0004CC                     u950:
  3950   0004CC  EF83  F002         	goto	l1190
  3951   0004D0                     l1956:
  3952                           
  3953                           ;/Applications/microchip/xc8/v3.00/pic/sources/c99/common/doprnt.c: 1806:         ++*fmt
      +                          ;
  3954   0004D0  5010               	movf	vfpfcnvrt@fmt^0,w,c
  3955   0004D2  6ED9               	movwf	fsr2l,c
  3956   0004D4  6ADA               	clrf	fsr2h,c
  3957   0004D6  2ADE               	incf	postinc2,f,c
  3958   0004D8  0E00               	movlw	0
  3959   0004DA  22DD               	addwfc	postdec2,f,c
  3960   0004DC  EF83  F002         	goto	l1190
  3961   0004E0                     l1960:
  3962                           
  3963                           ;/Applications/microchip/xc8/v3.00/pic/sources/c99/common/doprnt.c: 1811:     fputc((int
      +                          )(*fmt)[0], fp);
  3964   0004E0  5010               	movf	vfpfcnvrt@fmt^0,w,c
  3965   0004E2  6ED9               	movwf	fsr2l,c
  3966   0004E4  6ADA               	clrf	fsr2h,c
  3967   0004E6  CFDE FFF6          	movff	postinc2,tblptrl
  3968   0004EA  CFDD FFF7          	movff	postdec2,tblptrh
  3969   0004EE                     	if	0	;tblptru may be non-zero
  3970   0004EE                     	endif
  3971   0004EE                     	if	0	;tblptru may be non-zero
  3972   0004EE                     	endif
  3973   0004EE  0008               	tblrd		*
  3974   0004F0  50F5               	movf	tablat,w,c
  3975   0004F2  6E05               	movwf	fputc@c^0,c
  3976   0004F4  6A06               	clrf	(fputc@c+1)^0,c
  3977   0004F6  C00E  F007         	movff	vfpfcnvrt@fp,fputc@fp
  3978   0004FA  C00F  F008         	movff	vfpfcnvrt@fp+1,fputc@fp+1
  3979   0004FE  EC84  F002         	call	_fputc	;wreg free
  3980   000502  EF68  F002         	goto	l1956
  3981   000506                     l1190:
  3982   000506  0012               	return		;funcret
  3983   000508                     __end_of_vfpfcnvrt:
  3984                           	callstack 0
  3985                           
  3986 ;; *************** function _fputc *****************
  3987 ;; Defined at:
  3988 ;;		line 8 in file "/Applications/microchip/xc8/v3.00/pic/sources/c99/common/nf_fputc.c"
  3989 ;; Parameters:    Size  Location     Type
  3990 ;;  c               2    4[COMRAM] int 
  3991 ;;  fp              2    6[COMRAM] PTR struct _IO_FILE
  3992 ;;		 -> NULL(0), 
  3993 ;; Auto vars:     Size  Location     Type
  3994 ;;		None
  3995 ;; Return value:  Size  Location     Type
  3996 ;;                  2    4[COMRAM] int 
  3997 ;; Registers used:
  3998 ;;		wreg, fsr1l, fsr1h, fsr2l, fsr2h, status,2, status,0, cstack
  3999 ;; Tracked objects:
  4000 ;;		On entry : 0/0
  4001 ;;		On exit  : 0/0
  4002 ;;		Unchanged: 0/0
  4003 ;; Data sizes:     COMRAM   BANK0   BANK1   BANK2   BANK3   BANK4   BANK5
  4004 ;;      Params:         4       0       0       0       0       0       0
  4005 ;;      Locals:         0       0       0       0       0       0       0
  4006 ;;      Temps:          5       0       0       0       0       0       0
  4007 ;;      Totals:         9       0       0       0       0       0       0
  4008 ;;Total ram usage:        9 bytes
  4009 ;; Hardware stack levels used: 1
  4010 ;; Hardware stack levels required when called: 5
  4011 ;; This function calls:
  4012 ;;		_putch
  4013 ;; This function is called by:
  4014 ;;		_vfpfcnvrt
  4015 ;; This function uses a non-reentrant model
  4016 ;;
  4017                           
  4018                           	psect	text4
  4019   000508                     __ptext4:
  4020                           	callstack 0
  4021   000508                     _fputc:
  4022                           	callstack 22
  4023   000508  5007               	movf	fputc@fp^0,w,c
  4024   00050A  1008               	iorwf	(fputc@fp+1)^0,w,c
  4025   00050C  B4D8               	btfsc	status,2,c
  4026   00050E  EF8B  F002         	goto	u781
  4027   000512  EF8D  F002         	goto	u780
  4028   000516                     u781:
  4029   000516  EF96  F002         	goto	l1876
  4030   00051A                     u780:
  4031   00051A  5007               	movf	fputc@fp^0,w,c
  4032   00051C  1008               	iorwf	(fputc@fp+1)^0,w,c
  4033   00051E  A4D8               	btfss	status,2,c
  4034   000520  EF94  F002         	goto	u791
  4035   000524  EF96  F002         	goto	u790
  4036   000528                     u791:
  4037   000528  EF9B  F002         	goto	l1878
  4038   00052C                     u790:
  4039   00052C                     l1876:
  4040   00052C  5005               	movf	fputc@c^0,w,c
  4041   00052E  ECD1  F004         	call	_putch
  4042   000532  EFE8  F002         	goto	l1226
  4043   000536                     l1878:
  4044   000536  EE20 F009          	lfsr	2,9
  4045   00053A  5007               	movf	fputc@fp^0,w,c
  4046   00053C  26D9               	addwf	fsr2l,f,c
  4047   00053E  5008               	movf	(fputc@fp+1)^0,w,c
  4048   000540  22DA               	addwfc	fsr2h,f,c
  4049   000542  50DE               	movf	postinc2,w,c
  4050   000544  10DE               	iorwf	postinc2,w,c
  4051   000546  B4D8               	btfsc	status,2,c
  4052   000548  EFA8  F002         	goto	u801
  4053   00054C  EFAA  F002         	goto	u800
  4054   000550                     u801:
  4055   000550  EFC5  F002         	goto	l1882
  4056   000554                     u800:
  4057   000554  EE20 F009          	lfsr	2,9
  4058   000558  5007               	movf	fputc@fp^0,w,c
  4059   00055A  26D9               	addwf	fsr2l,f,c
  4060   00055C  5008               	movf	(fputc@fp+1)^0,w,c
  4061   00055E  22DA               	addwfc	fsr2h,f,c
  4062   000560  EE10 F002          	lfsr	1,2
  4063   000564  5007               	movf	fputc@fp^0,w,c
  4064   000566  26E1               	addwf	fsr1l,f,c
  4065   000568  5008               	movf	(fputc@fp+1)^0,w,c
  4066   00056A  22E2               	addwfc	fsr1h,f,c
  4067   00056C  50DE               	movf	postinc2,w,c
  4068   00056E  5CE6               	subwf	postinc1,w,c
  4069   000570  50E6               	movf	postinc1,w,c
  4070   000572  0A80               	xorlw	128
  4071   000574  6E0D               	movwf	(??_fputc+4)^0,c
  4072   000576  50DE               	movf	postinc2,w,c
  4073   000578  0A80               	xorlw	128
  4074   00057A  580D               	subwfb	(??_fputc+4)^0,w,c
  4075   00057C  B0D8               	btfsc	status,0,c
  4076   00057E  EFC3  F002         	goto	u811
  4077   000582  EFC5  F002         	goto	u810
  4078   000586                     u811:
  4079   000586  EFE8  F002         	goto	l1226
  4080   00058A                     u810:
  4081   00058A                     l1882:
  4082   00058A  EE20 F002          	lfsr	2,2
  4083   00058E  5007               	movf	fputc@fp^0,w,c
  4084   000590  26D9               	addwf	fsr2l,f,c
  4085   000592  5008               	movf	(fputc@fp+1)^0,w,c
  4086   000594  22DA               	addwfc	fsr2h,f,c
  4087   000596  CFDE F009          	movff	postinc2,??_fputc
  4088   00059A  CFDD F00A          	movff	postdec2,??_fputc+1
  4089   00059E  C007  FFD9         	movff	fputc@fp,fsr2l
  4090   0005A2  C008  FFDA         	movff	fputc@fp+1,fsr2h
  4091   0005A6  CFDE F00B          	movff	postinc2,??_fputc+2
  4092   0005AA  CFDD F00C          	movff	postdec2,??_fputc+3
  4093   0005AE  5009               	movf	??_fputc^0,w,c
  4094   0005B0  240B               	addwf	(??_fputc+2)^0,w,c
  4095   0005B2  6ED9               	movwf	fsr2l,c
  4096   0005B4  500A               	movf	(??_fputc+1)^0,w,c
  4097   0005B6  200C               	addwfc	(??_fputc+3)^0,w,c
  4098   0005B8  6EDA               	movwf	fsr2h,c
  4099   0005BA  C005  FFDF         	movff	fputc@c,indf2
  4100   0005BE  EE20 F002          	lfsr	2,2
  4101   0005C2  5007               	movf	fputc@fp^0,w,c
  4102   0005C4  26D9               	addwf	fsr2l,f,c
  4103   0005C6  5008               	movf	(fputc@fp+1)^0,w,c
  4104   0005C8  22DA               	addwfc	fsr2h,f,c
  4105   0005CA  2ADE               	incf	postinc2,f,c
  4106   0005CC  0E00               	movlw	0
  4107   0005CE  22DD               	addwfc	postdec2,f,c
  4108   0005D0                     l1226:
  4109   0005D0  0012               	return		;funcret
  4110   0005D2                     __end_of_fputc:
  4111                           	callstack 0
  4112                           
  4113 ;; *************** function _putch *****************
  4114 ;; Defined at:
  4115 ;;		line 254 in file "mcc_generated_files/uart/src/eusart1.c"
  4116 ;; Parameters:    Size  Location     Type
  4117 ;;  txData          1    wreg     unsigned char 
  4118 ;; Auto vars:     Size  Location     Type
  4119 ;;  txData          1    3[COMRAM] unsigned char 
  4120 ;; Return value:  Size  Location     Type
  4121 ;;                  1    wreg      void 
  4122 ;; Registers used:
  4123 ;;		wreg, status,2, cstack
  4124 ;; Tracked objects:
  4125 ;;		On entry : 0/0
  4126 ;;		On exit  : 0/0
  4127 ;;		Unchanged: 0/0
  4128 ;; Data sizes:     COMRAM   BANK0   BANK1   BANK2   BANK3   BANK4   BANK5
  4129 ;;      Params:         0       0       0       0       0       0       0
  4130 ;;      Locals:         1       0       0       0       0       0       0
  4131 ;;      Temps:          0       0       0       0       0       0       0
  4132 ;;      Totals:         1       0       0       0       0       0       0
  4133 ;;Total ram usage:        1 bytes
  4134 ;; Hardware stack levels used: 1
  4135 ;; Hardware stack levels required when called: 4
  4136 ;; This function calls:
  4137 ;;		_EUSART1_IsTxReady
  4138 ;;		_EUSART1_Write
  4139 ;; This function is called by:
  4140 ;;		_fputc
  4141 ;; This function uses a non-reentrant model
  4142 ;;
  4143                           
  4144                           	psect	text5
  4145   0009A2                     __ptext5:
  4146                           	callstack 0
  4147   0009A2                     _putch:
  4148                           	callstack 22
  4149                           
  4150                           ;incstack = 0
  4151                           ;putch@txData stored from wreg
  4152   0009A2  6E04               	movwf	putch@txData^0,c
  4153   0009A4                     l1786:
  4154                           
  4155                           ;mcc_generated_files/uart/src/eusart1.c: 256:     while(!(EUSART1_IsTxReady()))
  4156   0009A4  ECAF  F004         	call	_EUSART1_IsTxReady	;wreg free
  4157   0009A8  0900               	iorlw	0
  4158   0009AA  B4D8               	btfsc	status,2,c
  4159   0009AC  EFDA  F004         	goto	u651
  4160   0009B0  EFDC  F004         	goto	u650
  4161   0009B4                     u651:
  4162   0009B4  EFD2  F004         	goto	l1786
  4163   0009B8                     u650:
  4164   0009B8                     
  4165                           ;mcc_generated_files/uart/src/eusart1.c: 260:     return EUSART1_Write(txData);;	Return 
      +                          value of _putch is never used
  4166   0009B8  5004               	movf	putch@txData^0,w,c
  4167   0009BA  EC4F  F005         	call	_EUSART1_Write
  4168   0009BE  0012               	return		;funcret
  4169   0009C0                     __end_of_putch:
  4170                           	callstack 0
  4171                           
  4172 ;; *************** function _EUSART1_Write *****************
  4173 ;; Defined at:
  4174 ;;		line 240 in file "mcc_generated_files/uart/src/eusart1.c"
  4175 ;; Parameters:    Size  Location     Type
  4176 ;;  txData          1    wreg     unsigned char 
  4177 ;; Auto vars:     Size  Location     Type
  4178 ;;  txData          1    2[COMRAM] unsigned char 
  4179 ;; Return value:  Size  Location     Type
  4180 ;;                  1    wreg      void 
  4181 ;; Registers used:
  4182 ;;		wreg
  4183 ;; Tracked objects:
  4184 ;;		On entry : 0/0
  4185 ;;		On exit  : 0/0
  4186 ;;		Unchanged: 0/0
  4187 ;; Data sizes:     COMRAM   BANK0   BANK1   BANK2   BANK3   BANK4   BANK5
  4188 ;;      Params:         0       0       0       0       0       0       0
  4189 ;;      Locals:         1       0       0       0       0       0       0
  4190 ;;      Temps:          0       0       0       0       0       0       0
  4191 ;;      Totals:         1       0       0       0       0       0       0
  4192 ;;Total ram usage:        1 bytes
  4193 ;; Hardware stack levels used: 1
  4194 ;; Hardware stack levels required when called: 3
  4195 ;; This function calls:
  4196 ;;		Nothing
  4197 ;; This function is called by:
  4198 ;;		_putch
  4199 ;; This function uses a non-reentrant model
  4200 ;;
  4201                           
  4202                           	psect	text6
  4203   000A9E                     __ptext6:
  4204                           	callstack 0
  4205   000A9E                     _EUSART1_Write:
  4206                           	callstack 22
  4207                           
  4208                           ;incstack = 0
  4209                           ;EUSART1_Write@txData stored from wreg
  4210   000A9E  6E03               	movwf	EUSART1_Write@txData^0,c
  4211   000AA0                     
  4212                           ;mcc_generated_files/uart/src/eusart1.c: 240: void EUSART1_Write(uint8_t txData);mcc_gen
      +                          erated_files/uart/src/eusart1.c: 241: {;mcc_generated_files/uart/src/eusart1.c: 242:    
      +                           TXREG1 = txData;
  4213   000AA0  C003  FFAD         	movff	EUSART1_Write@txData,4013	;volatile
  4214   000AA4  0012               	return		;funcret
  4215   000AA6                     __end_of_EUSART1_Write:
  4216                           	callstack 0
  4217                           
  4218 ;; *************** function _EUSART1_IsTxReady *****************
  4219 ;; Defined at:
  4220 ;;		line 203 in file "mcc_generated_files/uart/src/eusart1.c"
  4221 ;; Parameters:    Size  Location     Type
  4222 ;;		None
  4223 ;; Auto vars:     Size  Location     Type
  4224 ;;		None
  4225 ;; Return value:  Size  Location     Type
  4226 ;;                  1    wreg      _Bool 
  4227 ;; Registers used:
  4228 ;;		wreg, status,2
  4229 ;; Tracked objects:
  4230 ;;		On entry : 0/0
  4231 ;;		On exit  : 0/0
  4232 ;;		Unchanged: 0/0
  4233 ;; Data sizes:     COMRAM   BANK0   BANK1   BANK2   BANK3   BANK4   BANK5
  4234 ;;      Params:         0       0       0       0       0       0       0
  4235 ;;      Locals:         1       0       0       0       0       0       0
  4236 ;;      Temps:          0       0       0       0       0       0       0
  4237 ;;      Totals:         1       0       0       0       0       0       0
  4238 ;;Total ram usage:        1 bytes
  4239 ;; Hardware stack levels used: 1
  4240 ;; Hardware stack levels required when called: 3
  4241 ;; This function calls:
  4242 ;;		Nothing
  4243 ;; This function is called by:
  4244 ;;		_putch
  4245 ;; This function uses a non-reentrant model
  4246 ;;
  4247                           
  4248                           	psect	text7
  4249   00095E                     __ptext7:
  4250                           	callstack 0
  4251   00095E                     _EUSART1_IsTxReady:
  4252                           	callstack 22
  4253   00095E                     
  4254                           ;mcc_generated_files/uart/src/eusart1.c: 205:     return (_Bool)(PIR1bits.TX1IF && TXSTA
      +                          1bits.TXEN);
  4255   00095E  6A03               	clrf	_EUSART1_IsTxReady$1329^0,c
  4256   000960  A89E               	btfss	158,4,c	;volatile
  4257   000962  EFB5  F004         	goto	u631
  4258   000966  EFB7  F004         	goto	u630
  4259   00096A                     u631:
  4260   00096A  EFC0  F004         	goto	l438
  4261   00096E                     u630:
  4262   00096E  AAAC               	btfss	172,5,c	;volatile
  4263   000970  EFBC  F004         	goto	u641
  4264   000974  EFBE  F004         	goto	u640
  4265   000978                     u641:
  4266   000978  EFC0  F004         	goto	l438
  4267   00097C                     u640:
  4268   00097C  0E01               	movlw	1
  4269   00097E  6E03               	movwf	_EUSART1_IsTxReady$1329^0,c
  4270   000980                     l438:
  4271   000980  5003               	movf	_EUSART1_IsTxReady$1329^0,w,c
  4272   000982  0012               	return		;funcret
  4273   000984                     __end_of_EUSART1_IsTxReady:
  4274                           	callstack 0
  4275                           
  4276 ;; *************** function _abs *****************
  4277 ;; Defined at:
  4278 ;;		line 1 in file "/Applications/microchip/xc8/v3.00/pic/sources/c99/common/abs.c"
  4279 ;; Parameters:    Size  Location     Type
  4280 ;;  a               2    8[COMRAM] int 
  4281 ;; Auto vars:     Size  Location     Type
  4282 ;;		None
  4283 ;; Return value:  Size  Location     Type
  4284 ;;                  2    8[COMRAM] int 
  4285 ;; Registers used:
  4286 ;;		wreg, status,2, status,0
  4287 ;; Tracked objects:
  4288 ;;		On entry : 0/0
  4289 ;;		On exit  : 0/0
  4290 ;;		Unchanged: 0/0
  4291 ;; Data sizes:     COMRAM   BANK0   BANK1   BANK2   BANK3   BANK4   BANK5
  4292 ;;      Params:         2       0       0       0       0       0       0
  4293 ;;      Locals:         0       0       0       0       0       0       0
  4294 ;;      Temps:          2       0       0       0       0       0       0
  4295 ;;      Totals:         4       0       0       0       0       0       0
  4296 ;;Total ram usage:        4 bytes
  4297 ;; Hardware stack levels used: 1
  4298 ;; Hardware stack levels required when called: 3
  4299 ;; This function calls:
  4300 ;;		Nothing
  4301 ;; This function is called by:
  4302 ;;		_vfpfcnvrt
  4303 ;; This function uses a non-reentrant model
  4304 ;;
  4305                           
  4306                           	psect	text8
  4307   00087A                     __ptext8:
  4308                           	callstack 0
  4309   00087A                     _abs:
  4310                           	callstack 24
  4311   00087A  BE0A               	btfsc	(abs@a+1)^0,7,c
  4312   00087C  EF42  F004         	goto	u821
  4313   000880  EF44  F004         	goto	u820
  4314   000884                     u821:
  4315   000884  EF4A  F004         	goto	l1211
  4316   000888                     u820:
  4317   000888  C009  F009         	movff	abs@a,?_abs
  4318   00088C  C00A  F00A         	movff	abs@a+1,?_abs+1
  4319   000890  EF56  F004         	goto	l1214
  4320   000894                     l1211:
  4321   000894  C009  F00B         	movff	abs@a,??_abs
  4322   000898  C00A  F00C         	movff	abs@a+1,??_abs+1
  4323   00089C  1E0B               	comf	??_abs^0,f,c
  4324   00089E  1E0C               	comf	(??_abs+1)^0,f,c
  4325   0008A0  4A0B               	infsnz	??_abs^0,f,c
  4326   0008A2  2A0C               	incf	(??_abs+1)^0,f,c
  4327   0008A4  C00B  F009         	movff	??_abs,?_abs
  4328   0008A8  C00C  F00A         	movff	??_abs+1,?_abs+1
  4329   0008AC                     l1214:
  4330   0008AC  0012               	return		;funcret
  4331   0008AE                     __end_of_abs:
  4332                           	callstack 0
  4333                           
  4334 ;; *************** function ___awmod *****************
  4335 ;; Defined at:
  4336 ;;		line 7 in file "/Applications/microchip/xc8/v3.00/pic/sources/c99/common/awmod.c"
  4337 ;; Parameters:    Size  Location     Type
  4338 ;;  dividend        2    2[COMRAM] int 
  4339 ;;  divisor         2    4[COMRAM] int 
  4340 ;; Auto vars:     Size  Location     Type
  4341 ;;  sign            1    7[COMRAM] unsigned char 
  4342 ;;  counter         1    6[COMRAM] unsigned char 
  4343 ;; Return value:  Size  Location     Type
  4344 ;;                  2    2[COMRAM] int 
  4345 ;; Registers used:
  4346 ;;		wreg, status,2, status,0
  4347 ;; Tracked objects:
  4348 ;;		On entry : 0/0
  4349 ;;		On exit  : 0/0
  4350 ;;		Unchanged: 0/0
  4351 ;; Data sizes:     COMRAM   BANK0   BANK1   BANK2   BANK3   BANK4   BANK5
  4352 ;;      Params:         4       0       0       0       0       0       0
  4353 ;;      Locals:         2       0       0       0       0       0       0
  4354 ;;      Temps:          0       0       0       0       0       0       0
  4355 ;;      Totals:         6       0       0       0       0       0       0
  4356 ;;Total ram usage:        6 bytes
  4357 ;; Hardware stack levels used: 1
  4358 ;; Hardware stack levels required when called: 3
  4359 ;; This function calls:
  4360 ;;		Nothing
  4361 ;; This function is called by:
  4362 ;;		_vfpfcnvrt
  4363 ;; This function uses a non-reentrant model
  4364 ;;
  4365                           
  4366                           	psect	text9
  4367   000694                     __ptext9:
  4368                           	callstack 0
  4369   000694                     ___awmod:
  4370                           	callstack 24
  4371   000694  6A08               	clrf	___awmod@sign^0,c
  4372   000696  BE04               	btfsc	(___awmod@dividend+1)^0,7,c
  4373   000698  EF52  F003         	goto	u720
  4374   00069C  EF50  F003         	goto	u721
  4375   0006A0                     u721:
  4376   0006A0  EF58  F003         	goto	l1844
  4377   0006A4                     u720:
  4378   0006A4  6C03               	negf	___awmod@dividend^0,c
  4379   0006A6  1E04               	comf	(___awmod@dividend+1)^0,f,c
  4380   0006A8  B0D8               	btfsc	status,0,c
  4381   0006AA  2A04               	incf	(___awmod@dividend+1)^0,f,c
  4382   0006AC  0E01               	movlw	1
  4383   0006AE  6E08               	movwf	___awmod@sign^0,c
  4384   0006B0                     l1844:
  4385   0006B0  BE06               	btfsc	(___awmod@divisor+1)^0,7,c
  4386   0006B2  EF5F  F003         	goto	u730
  4387   0006B6  EF5D  F003         	goto	u731
  4388   0006BA                     u731:
  4389   0006BA  EF63  F003         	goto	l1848
  4390   0006BE                     u730:
  4391   0006BE  6C05               	negf	___awmod@divisor^0,c
  4392   0006C0  1E06               	comf	(___awmod@divisor+1)^0,f,c
  4393   0006C2  B0D8               	btfsc	status,0,c
  4394   0006C4  2A06               	incf	(___awmod@divisor+1)^0,f,c
  4395   0006C6                     l1848:
  4396   0006C6  5005               	movf	___awmod@divisor^0,w,c
  4397   0006C8  1006               	iorwf	(___awmod@divisor+1)^0,w,c
  4398   0006CA  B4D8               	btfsc	status,2,c
  4399   0006CC  EF6A  F003         	goto	u741
  4400   0006D0  EF6C  F003         	goto	u740
  4401   0006D4                     u741:
  4402   0006D4  EF90  F003         	goto	l1864
  4403   0006D8                     u740:
  4404   0006D8  0E01               	movlw	1
  4405   0006DA  6E07               	movwf	___awmod@counter^0,c
  4406   0006DC  EF74  F003         	goto	l1854
  4407   0006E0                     l1852:
  4408   0006E0  90D8               	bcf	status,0,c
  4409   0006E2  3605               	rlcf	___awmod@divisor^0,f,c
  4410   0006E4  3606               	rlcf	(___awmod@divisor+1)^0,f,c
  4411   0006E6  2A07               	incf	___awmod@counter^0,f,c
  4412   0006E8                     l1854:
  4413   0006E8  AE06               	btfss	(___awmod@divisor+1)^0,7,c
  4414   0006EA  EF79  F003         	goto	u751
  4415   0006EE  EF7B  F003         	goto	u750
  4416   0006F2                     u751:
  4417   0006F2  EF70  F003         	goto	l1852
  4418   0006F6                     u750:
  4419   0006F6                     l1856:
  4420   0006F6  5005               	movf	___awmod@divisor^0,w,c
  4421   0006F8  5C03               	subwf	___awmod@dividend^0,w,c
  4422   0006FA  5006               	movf	(___awmod@divisor+1)^0,w,c
  4423   0006FC  5804               	subwfb	(___awmod@dividend+1)^0,w,c
  4424   0006FE  A0D8               	btfss	status,0,c
  4425   000700  EF84  F003         	goto	u761
  4426   000704  EF86  F003         	goto	u760
  4427   000708                     u761:
  4428   000708  EF8A  F003         	goto	l1860
  4429   00070C                     u760:
  4430   00070C  5005               	movf	___awmod@divisor^0,w,c
  4431   00070E  5E03               	subwf	___awmod@dividend^0,f,c
  4432   000710  5006               	movf	(___awmod@divisor+1)^0,w,c
  4433   000712  5A04               	subwfb	(___awmod@dividend+1)^0,f,c
  4434   000714                     l1860:
  4435   000714  90D8               	bcf	status,0,c
  4436   000716  3206               	rrcf	(___awmod@divisor+1)^0,f,c
  4437   000718  3205               	rrcf	___awmod@divisor^0,f,c
  4438   00071A  2E07               	decfsz	___awmod@counter^0,f,c
  4439   00071C  EF7B  F003         	goto	l1856
  4440   000720                     l1864:
  4441   000720  5008               	movf	___awmod@sign^0,w,c
  4442   000722  B4D8               	btfsc	status,2,c
  4443   000724  EF96  F003         	goto	u771
  4444   000728  EF98  F003         	goto	u770
  4445   00072C                     u771:
  4446   00072C  EF9C  F003         	goto	l1868
  4447   000730                     u770:
  4448   000730  6C03               	negf	___awmod@dividend^0,c
  4449   000732  1E04               	comf	(___awmod@dividend+1)^0,f,c
  4450   000734  B0D8               	btfsc	status,0,c
  4451   000736  2A04               	incf	(___awmod@dividend+1)^0,f,c
  4452   000738                     l1868:
  4453   000738  C003  F003         	movff	___awmod@dividend,?___awmod
  4454   00073C  C004  F004         	movff	___awmod@dividend+1,?___awmod+1
  4455   000740  0012               	return		;funcret
  4456   000742                     __end_of___awmod:
  4457                           	callstack 0
  4458                           
  4459 ;; *************** function ___awdiv *****************
  4460 ;; Defined at:
  4461 ;;		line 7 in file "/Applications/microchip/xc8/v3.00/pic/sources/c99/common/awdiv.c"
  4462 ;; Parameters:    Size  Location     Type
  4463 ;;  dividend        2    2[COMRAM] int 
  4464 ;;  divisor         2    4[COMRAM] int 
  4465 ;; Auto vars:     Size  Location     Type
  4466 ;;  quotient        2    8[COMRAM] int 
  4467 ;;  sign            1    7[COMRAM] unsigned char 
  4468 ;;  counter         1    6[COMRAM] unsigned char 
  4469 ;; Return value:  Size  Location     Type
  4470 ;;                  2    2[COMRAM] int 
  4471 ;; Registers used:
  4472 ;;		wreg, status,2, status,0
  4473 ;; Tracked objects:
  4474 ;;		On entry : 0/0
  4475 ;;		On exit  : 0/0
  4476 ;;		Unchanged: 0/0
  4477 ;; Data sizes:     COMRAM   BANK0   BANK1   BANK2   BANK3   BANK4   BANK5
  4478 ;;      Params:         4       0       0       0       0       0       0
  4479 ;;      Locals:         4       0       0       0       0       0       0
  4480 ;;      Temps:          0       0       0       0       0       0       0
  4481 ;;      Totals:         8       0       0       0       0       0       0
  4482 ;;Total ram usage:        8 bytes
  4483 ;; Hardware stack levels used: 1
  4484 ;; Hardware stack levels required when called: 3
  4485 ;; This function calls:
  4486 ;;		Nothing
  4487 ;; This function is called by:
  4488 ;;		_vfpfcnvrt
  4489 ;; This function uses a non-reentrant model
  4490 ;;
  4491                           
  4492                           	psect	text10
  4493   0005D2                     __ptext10:
  4494                           	callstack 0
  4495   0005D2                     ___awdiv:
  4496                           	callstack 24
  4497   0005D2  6A08               	clrf	___awdiv@sign^0,c
  4498   0005D4  BE06               	btfsc	(___awdiv@divisor+1)^0,7,c
  4499   0005D6  EFF1  F002         	goto	u660
  4500   0005DA  EFEF  F002         	goto	u661
  4501   0005DE                     u661:
  4502   0005DE  EFF7  F002         	goto	l1800
  4503   0005E2                     u660:
  4504   0005E2  6C05               	negf	___awdiv@divisor^0,c
  4505   0005E4  1E06               	comf	(___awdiv@divisor+1)^0,f,c
  4506   0005E6  B0D8               	btfsc	status,0,c
  4507   0005E8  2A06               	incf	(___awdiv@divisor+1)^0,f,c
  4508   0005EA  0E01               	movlw	1
  4509   0005EC  6E08               	movwf	___awdiv@sign^0,c
  4510   0005EE                     l1800:
  4511   0005EE  BE04               	btfsc	(___awdiv@dividend+1)^0,7,c
  4512   0005F0  EFFE  F002         	goto	u670
  4513   0005F4  EFFC  F002         	goto	u671
  4514   0005F8                     u671:
  4515   0005F8  EF04  F003         	goto	l1806
  4516   0005FC                     u670:
  4517   0005FC  6C03               	negf	___awdiv@dividend^0,c
  4518   0005FE  1E04               	comf	(___awdiv@dividend+1)^0,f,c
  4519   000600  B0D8               	btfsc	status,0,c
  4520   000602  2A04               	incf	(___awdiv@dividend+1)^0,f,c
  4521   000604  0E01               	movlw	1
  4522   000606  1A08               	xorwf	___awdiv@sign^0,f,c
  4523   000608                     l1806:
  4524   000608  0E00               	movlw	0
  4525   00060A  6E0A               	movwf	(___awdiv@quotient+1)^0,c
  4526   00060C  0E00               	movlw	0
  4527   00060E  6E09               	movwf	___awdiv@quotient^0,c
  4528   000610  5005               	movf	___awdiv@divisor^0,w,c
  4529   000612  1006               	iorwf	(___awdiv@divisor+1)^0,w,c
  4530   000614  B4D8               	btfsc	status,2,c
  4531   000616  EF0F  F003         	goto	u681
  4532   00061A  EF11  F003         	goto	u680
  4533   00061E                     u681:
  4534   00061E  EF39  F003         	goto	l1828
  4535   000622                     u680:
  4536   000622  0E01               	movlw	1
  4537   000624  6E07               	movwf	___awdiv@counter^0,c
  4538   000626  EF19  F003         	goto	l1814
  4539   00062A                     l1812:
  4540   00062A  90D8               	bcf	status,0,c
  4541   00062C  3605               	rlcf	___awdiv@divisor^0,f,c
  4542   00062E  3606               	rlcf	(___awdiv@divisor+1)^0,f,c
  4543   000630  2A07               	incf	___awdiv@counter^0,f,c
  4544   000632                     l1814:
  4545   000632  AE06               	btfss	(___awdiv@divisor+1)^0,7,c
  4546   000634  EF1E  F003         	goto	u691
  4547   000638  EF20  F003         	goto	u690
  4548   00063C                     u691:
  4549   00063C  EF15  F003         	goto	l1812
  4550   000640                     u690:
  4551   000640                     l1816:
  4552   000640  90D8               	bcf	status,0,c
  4553   000642  3609               	rlcf	___awdiv@quotient^0,f,c
  4554   000644  360A               	rlcf	(___awdiv@quotient+1)^0,f,c
  4555   000646  5005               	movf	___awdiv@divisor^0,w,c
  4556   000648  5C03               	subwf	___awdiv@dividend^0,w,c
  4557   00064A  5006               	movf	(___awdiv@divisor+1)^0,w,c
  4558   00064C  5804               	subwfb	(___awdiv@dividend+1)^0,w,c
  4559   00064E  A0D8               	btfss	status,0,c
  4560   000650  EF2C  F003         	goto	u701
  4561   000654  EF2E  F003         	goto	u700
  4562   000658                     u701:
  4563   000658  EF33  F003         	goto	l1824
  4564   00065C                     u700:
  4565   00065C  5005               	movf	___awdiv@divisor^0,w,c
  4566   00065E  5E03               	subwf	___awdiv@dividend^0,f,c
  4567   000660  5006               	movf	(___awdiv@divisor+1)^0,w,c
  4568   000662  5A04               	subwfb	(___awdiv@dividend+1)^0,f,c
  4569   000664  8009               	bsf	___awdiv@quotient^0,0,c
  4570   000666                     l1824:
  4571   000666  90D8               	bcf	status,0,c
  4572   000668  3206               	rrcf	(___awdiv@divisor+1)^0,f,c
  4573   00066A  3205               	rrcf	___awdiv@divisor^0,f,c
  4574   00066C  2E07               	decfsz	___awdiv@counter^0,f,c
  4575   00066E  EF20  F003         	goto	l1816
  4576   000672                     l1828:
  4577   000672  5008               	movf	___awdiv@sign^0,w,c
  4578   000674  B4D8               	btfsc	status,2,c
  4579   000676  EF3F  F003         	goto	u711
  4580   00067A  EF41  F003         	goto	u710
  4581   00067E                     u711:
  4582   00067E  EF45  F003         	goto	l1832
  4583   000682                     u710:
  4584   000682  6C09               	negf	___awdiv@quotient^0,c
  4585   000684  1E0A               	comf	(___awdiv@quotient+1)^0,f,c
  4586   000686  B0D8               	btfsc	status,0,c
  4587   000688  2A0A               	incf	(___awdiv@quotient+1)^0,f,c
  4588   00068A                     l1832:
  4589   00068A  C009  F003         	movff	___awdiv@quotient,?___awdiv
  4590   00068E  C00A  F004         	movff	___awdiv@quotient+1,?___awdiv+1
  4591   000692  0012               	return		;funcret
  4592   000694                     __end_of___awdiv:
  4593                           	callstack 0
  4594                           
  4595 ;; *************** function _TMR0_CounterSet *****************
  4596 ;; Defined at:
  4597 ;;		line 102 in file "mcc_generated_files/timer/src/tmr0.c"
  4598 ;; Parameters:    Size  Location     Type
  4599 ;;  counterValue    2    2[COMRAM] unsigned short 
  4600 ;; Auto vars:     Size  Location     Type
  4601 ;;		None
  4602 ;; Return value:  Size  Location     Type
  4603 ;;                  1    wreg      void 
  4604 ;; Registers used:
  4605 ;;		wreg, status,2
  4606 ;; Tracked objects:
  4607 ;;		On entry : 0/0
  4608 ;;		On exit  : 0/0
  4609 ;;		Unchanged: 0/0
  4610 ;; Data sizes:     COMRAM   BANK0   BANK1   BANK2   BANK3   BANK4   BANK5
  4611 ;;      Params:         2       0       0       0       0       0       0
  4612 ;;      Locals:         0       0       0       0       0       0       0
  4613 ;;      Temps:          0       0       0       0       0       0       0
  4614 ;;      Totals:         2       0       0       0       0       0       0
  4615 ;;Total ram usage:        2 bytes
  4616 ;; Hardware stack levels used: 1
  4617 ;; Hardware stack levels required when called: 3
  4618 ;; This function calls:
  4619 ;;		Nothing
  4620 ;; This function is called by:
  4621 ;;		_main
  4622 ;; This function uses a non-reentrant model
  4623 ;;
  4624                           
  4625                           	psect	text11
  4626   000A6C                     __ptext11:
  4627                           	callstack 0
  4628   000A6C                     _TMR0_CounterSet:
  4629                           	callstack 27
  4630   000A6C                     
  4631                           ;mcc_generated_files/timer/src/tmr0.c: 102: void TMR0_CounterSet(uint16_t counterValue);
      +                          mcc_generated_files/timer/src/tmr0.c: 103: {;mcc_generated_files/timer/src/tmr0.c: 104: 
      +                              TMR0H = (uint8_t)(counterValue >> 8);
  4632   000A6C  5004               	movf	(TMR0_CounterSet@counterValue+1)^0,w,c
  4633   000A6E  6ED7               	movwf	215,c	;volatile
  4634   000A70                     
  4635                           ;mcc_generated_files/timer/src/tmr0.c: 105:     TMR0L = (uint8_t)(counterValue);
  4636   000A70  C003  FFD6         	movff	TMR0_CounterSet@counterValue,4054	;volatile
  4637   000A74  0012               	return		;funcret
  4638   000A76                     __end_of_TMR0_CounterSet:
  4639                           	callstack 0
  4640                           
  4641 ;; *************** function _SYSTEM_Initialize *****************
  4642 ;; Defined at:
  4643 ;;		line 39 in file "mcc_generated_files/system/src/system.c"
  4644 ;; Parameters:    Size  Location     Type
  4645 ;;		None
  4646 ;; Auto vars:     Size  Location     Type
  4647 ;;		None
  4648 ;; Return value:  Size  Location     Type
  4649 ;;                  1    wreg      void 
  4650 ;; Registers used:
  4651 ;;		wreg, status,2, status,0, cstack
  4652 ;; Tracked objects:
  4653 ;;		On entry : 0/0
  4654 ;;		On exit  : 0/0
  4655 ;;		Unchanged: 0/0
  4656 ;; Data sizes:     COMRAM   BANK0   BANK1   BANK2   BANK3   BANK4   BANK5
  4657 ;;      Params:         0       0       0       0       0       0       0
  4658 ;;      Locals:         0       0       0       0       0       0       0
  4659 ;;      Temps:          0       0       0       0       0       0       0
  4660 ;;      Totals:         0       0       0       0       0       0       0
  4661 ;;Total ram usage:        0 bytes
  4662 ;; Hardware stack levels used: 1
  4663 ;; Hardware stack levels required when called: 5
  4664 ;; This function calls:
  4665 ;;		_ADC_Initialize
  4666 ;;		_CCP5_Initialize
  4667 ;;		_CLOCK_Initialize
  4668 ;;		_EUSART1_Initialize
  4669 ;;		_INTERRUPT_Initialize
  4670 ;;		_PIN_MANAGER_Initialize
  4671 ;;		_TMR0_Initialize
  4672 ;; This function is called by:
  4673 ;;		_main
  4674 ;; This function uses a non-reentrant model
  4675 ;;
  4676                           
  4677                           	psect	text12
  4678   0009C0                     __ptext12:
  4679                           	callstack 0
  4680   0009C0                     _SYSTEM_Initialize:
  4681                           	callstack 25
  4682   0009C0                     
  4683                           ;mcc_generated_files/system/src/system.c: 41:     CLOCK_Initialize();
  4684   0009C0  EC29  F005         	call	_CLOCK_Initialize	;wreg free
  4685                           
  4686                           ;mcc_generated_files/system/src/system.c: 42:     PIN_MANAGER_Initialize();
  4687   0009C4  EC71  F004         	call	_PIN_MANAGER_Initialize	;wreg free
  4688   0009C8                     
  4689                           ;mcc_generated_files/system/src/system.c: 43:     CCP5_Initialize();
  4690   0009C8  EC53  F005         	call	_CCP5_Initialize	;wreg free
  4691   0009CC                     
  4692                           ;mcc_generated_files/system/src/system.c: 44:     TMR0_Initialize();
  4693   0009CC  EC88  F004         	call	_TMR0_Initialize	;wreg free
  4694   0009D0                     
  4695                           ;mcc_generated_files/system/src/system.c: 45:     ADC_Initialize();
  4696   0009D0  EC20  F005         	call	_ADC_Initialize	;wreg free
  4697   0009D4                     
  4698                           ;mcc_generated_files/system/src/system.c: 46:     EUSART1_Initialize();
  4699   0009D4  EC22  F004         	call	_EUSART1_Initialize	;wreg free
  4700   0009D8                     
  4701                           ;mcc_generated_files/system/src/system.c: 47:     INTERRUPT_Initialize();
  4702   0009D8  EC57  F004         	call	_INTERRUPT_Initialize	;wreg free
  4703   0009DC  0012               	return		;funcret
  4704   0009DE                     __end_of_SYSTEM_Initialize:
  4705                           	callstack 0
  4706                           
  4707 ;; *************** function _TMR0_Initialize *****************
  4708 ;; Defined at:
  4709 ;;		line 48 in file "mcc_generated_files/timer/src/tmr0.c"
  4710 ;; Parameters:    Size  Location     Type
  4711 ;;		None
  4712 ;; Auto vars:     Size  Location     Type
  4713 ;;		None
  4714 ;; Return value:  Size  Location     Type
  4715 ;;                  1    wreg      void 
  4716 ;; Registers used:
  4717 ;;		wreg, status,2, status,0, cstack
  4718 ;; Tracked objects:
  4719 ;;		On entry : 0/0
  4720 ;;		On exit  : 0/0
  4721 ;;		Unchanged: 0/0
  4722 ;; Data sizes:     COMRAM   BANK0   BANK1   BANK2   BANK3   BANK4   BANK5
  4723 ;;      Params:         0       0       0       0       0       0       0
  4724 ;;      Locals:         0       0       0       0       0       0       0
  4725 ;;      Temps:          0       0       0       0       0       0       0
  4726 ;;      Totals:         0       0       0       0       0       0       0
  4727 ;;Total ram usage:        0 bytes
  4728 ;; Hardware stack levels used: 1
  4729 ;; Hardware stack levels required when called: 4
  4730 ;; This function calls:
  4731 ;;		_TMR0_OverflowCallbackRegister
  4732 ;; This function is called by:
  4733 ;;		_SYSTEM_Initialize
  4734 ;; This function uses a non-reentrant model
  4735 ;;
  4736                           
  4737                           	psect	text13
  4738   000910                     __ptext13:
  4739                           	callstack 0
  4740   000910                     _TMR0_Initialize:
  4741                           	callstack 25
  4742   000910                     
  4743                           ;mcc_generated_files/timer/src/tmr0.c: 51:     T0CONbits.T08BIT = 0;
  4744   000910  9CD5               	bcf	213,6,c	;volatile
  4745   000912                     
  4746                           ;mcc_generated_files/timer/src/tmr0.c: 52:     TMR0H = 0xF9;
  4747   000912  0EF9               	movlw	249
  4748   000914  6ED7               	movwf	215,c	;volatile
  4749                           
  4750                           ;mcc_generated_files/timer/src/tmr0.c: 53:     TMR0L = 0xC0;
  4751   000916  0EC0               	movlw	192
  4752   000918  6ED6               	movwf	214,c	;volatile
  4753                           
  4754                           ;mcc_generated_files/timer/src/tmr0.c: 54:     tmr0PeriodCount = 63936U;
  4755   00091A  0EF9               	movlw	249
  4756   00091C  6E46               	movwf	(_tmr0PeriodCount+1)^0,c	;volatile
  4757   00091E  0EC0               	movlw	192
  4758   000920  6E45               	movwf	_tmr0PeriodCount^0,c	;volatile
  4759   000922                     
  4760                           ;mcc_generated_files/timer/src/tmr0.c: 55:     TMR0_OverflowCallbackRegister(TMR0_Defaul
      +                          tOverflowCallback);
  4761   000922  0EB6               	movlw	low _TMR0_DefaultOverflowCallback
  4762   000924  6E03               	movwf	TMR0_OverflowCallbackRegister@callbackHandler^0,c
  4763   000926  0E0A               	movlw	high _TMR0_DefaultOverflowCallback
  4764   000928  6E04               	movwf	(TMR0_OverflowCallbackRegister@callbackHandler+1)^0,c
  4765   00092A  EC3B  F005         	call	_TMR0_OverflowCallbackRegister	;wreg free
  4766   00092E                     
  4767                           ;mcc_generated_files/timer/src/tmr0.c: 57:     INTCONbits.TMR0IF = 0;
  4768   00092E  94F2               	bcf	242,2,c	;volatile
  4769   000930                     
  4770                           ;mcc_generated_files/timer/src/tmr0.c: 58:     INTCONbits.TMR0IE = 1;
  4771   000930  8AF2               	bsf	242,5,c	;volatile
  4772   000932                     
  4773                           ;mcc_generated_files/timer/src/tmr0.c: 60:     T0CON = (7 << 0x0)
  4774   000932  0E9F               	movlw	159
  4775   000934  6ED5               	movwf	213,c	;volatile
  4776   000936  0012               	return		;funcret
  4777   000938                     __end_of_TMR0_Initialize:
  4778                           	callstack 0
  4779                           
  4780 ;; *************** function _TMR0_OverflowCallbackRegister *****************
  4781 ;; Defined at:
  4782 ;;		line 154 in file "mcc_generated_files/timer/src/tmr0.c"
  4783 ;; Parameters:    Size  Location     Type
  4784 ;;  callbackHand    2    2[COMRAM] PTR FTN()void 
  4785 ;;		 -> myTMR0ISR(1), TMR0_DefaultOverflowCallback(1), 
  4786 ;; Auto vars:     Size  Location     Type
  4787 ;;		None
  4788 ;; Return value:  Size  Location     Type
  4789 ;;                  1    wreg      void 
  4790 ;; Registers used:
  4791 ;;		wreg, status,2, status,0
  4792 ;; Tracked objects:
  4793 ;;		On entry : 0/0
  4794 ;;		On exit  : 0/0
  4795 ;;		Unchanged: 0/0
  4796 ;; Data sizes:     COMRAM   BANK0   BANK1   BANK2   BANK3   BANK4   BANK5
  4797 ;;      Params:         2       0       0       0       0       0       0
  4798 ;;      Locals:         0       0       0       0       0       0       0
  4799 ;;      Temps:          0       0       0       0       0       0       0
  4800 ;;      Totals:         2       0       0       0       0       0       0
  4801 ;;Total ram usage:        2 bytes
  4802 ;; Hardware stack levels used: 1
  4803 ;; Hardware stack levels required when called: 3
  4804 ;; This function calls:
  4805 ;;		Nothing
  4806 ;; This function is called by:
  4807 ;;		_TMR0_Initialize
  4808 ;;		_main
  4809 ;; This function uses a non-reentrant model
  4810 ;;
  4811                           
  4812                           	psect	text14
  4813   000A76                     __ptext14:
  4814                           	callstack 0
  4815   000A76                     _TMR0_OverflowCallbackRegister:
  4816                           	callstack 27
  4817   000A76                     
  4818                           ;mcc_generated_files/timer/src/tmr0.c: 154: void TMR0_OverflowCallbackRegister(void (* c
      +                          allbackHandler)(void));mcc_generated_files/timer/src/tmr0.c: 155: {;mcc_generated_files/
      +                          timer/src/tmr0.c: 156:     TMR0_OverflowCallback = callbackHandler;
  4819   000A76  C003  F04F         	movff	TMR0_OverflowCallbackRegister@callbackHandler,_TMR0_OverflowCallback
  4820   000A7A  C004  F050         	movff	TMR0_OverflowCallbackRegister@callbackHandler+1,_TMR0_OverflowCallback+1
  4821   000A7E  0012               	return		;funcret
  4822   000A80                     __end_of_TMR0_OverflowCallbackRegister:
  4823                           	callstack 0
  4824                           
  4825 ;; *************** function _PIN_MANAGER_Initialize *****************
  4826 ;; Defined at:
  4827 ;;		line 38 in file "mcc_generated_files/system/src/pins.c"
  4828 ;; Parameters:    Size  Location     Type
  4829 ;;		None
  4830 ;; Auto vars:     Size  Location     Type
  4831 ;;		None
  4832 ;; Return value:  Size  Location     Type
  4833 ;;                  1    wreg      void 
  4834 ;; Registers used:
  4835 ;;		wreg, status,2
  4836 ;; Tracked objects:
  4837 ;;		On entry : 0/0
  4838 ;;		On exit  : 0/0
  4839 ;;		Unchanged: 0/0
  4840 ;; Data sizes:     COMRAM   BANK0   BANK1   BANK2   BANK3   BANK4   BANK5
  4841 ;;      Params:         0       0       0       0       0       0       0
  4842 ;;      Locals:         0       0       0       0       0       0       0
  4843 ;;      Temps:          0       0       0       0       0       0       0
  4844 ;;      Totals:         0       0       0       0       0       0       0
  4845 ;;Total ram usage:        0 bytes
  4846 ;; Hardware stack levels used: 1
  4847 ;; Hardware stack levels required when called: 3
  4848 ;; This function calls:
  4849 ;;		Nothing
  4850 ;; This function is called by:
  4851 ;;		_SYSTEM_Initialize
  4852 ;; This function uses a non-reentrant model
  4853 ;;
  4854                           
  4855                           	psect	text15
  4856   0008E2                     __ptext15:
  4857                           	callstack 0
  4858   0008E2                     _PIN_MANAGER_Initialize:
  4859                           	callstack 26
  4860   0008E2                     
  4861                           ;mcc_generated_files/system/src/pins.c: 43:     LATA = 0x0;
  4862   0008E2  6A89               	clrf	137,c	;volatile
  4863                           
  4864                           ;mcc_generated_files/system/src/pins.c: 44:     LATB = 0x0;
  4865   0008E4  6A8A               	clrf	138,c	;volatile
  4866   0008E6                     
  4867                           ;mcc_generated_files/system/src/pins.c: 45:     LATC = 0x40;
  4868   0008E6  0E40               	movlw	64
  4869   0008E8  6E8B               	movwf	139,c	;volatile
  4870                           
  4871                           ;mcc_generated_files/system/src/pins.c: 53:     TRISA = 0xBF;
  4872   0008EA  0EBF               	movlw	191
  4873   0008EC  6E92               	movwf	146,c	;volatile
  4874   0008EE                     
  4875                           ;mcc_generated_files/system/src/pins.c: 54:     TRISB = 0xFF;
  4876   0008EE  6893               	setf	147,c	;volatile
  4877                           
  4878                           ;mcc_generated_files/system/src/pins.c: 55:     TRISC = 0xBF;
  4879   0008F0  0EBF               	movlw	191
  4880   0008F2  6E94               	movwf	148,c	;volatile
  4881                           
  4882                           ;mcc_generated_files/system/src/pins.c: 56:     TRISE = 0x80;
  4883   0008F4  0E80               	movlw	128
  4884   0008F6  6E96               	movwf	150,c	;volatile
  4885                           
  4886                           ;mcc_generated_files/system/src/pins.c: 61:     ANSELA = 0x2F;
  4887   0008F8  0E2F               	movlw	47
  4888   0008FA  010F               	movlb	15	; () banked
  4889   0008FC  6F38               	movwf	56,b	;volatile
  4890                           
  4891                           ;mcc_generated_files/system/src/pins.c: 62:     ANSELB = 0x3F;
  4892   0008FE  0E3F               	movlw	63
  4893   000900  6F39               	movwf	57,b	;volatile
  4894                           
  4895                           ;mcc_generated_files/system/src/pins.c: 63:     ANSELC = 0x3C;
  4896   000902  0E3C               	movlw	60
  4897   000904  6F3A               	movwf	58,b	;volatile
  4898   000906                     
  4899                           ; BSR set to: 15
  4900                           ;mcc_generated_files/system/src/pins.c: 68:     WPUB = 0xFF;
  4901   000906  6861               	setf	97,c	;volatile
  4902                           
  4903                           ;mcc_generated_files/system/src/pins.c: 89:     IOCB = 0xF0;
  4904   000908  0EF0               	movlw	240
  4905   00090A  6E62               	movwf	98,c	;volatile
  4906   00090C                     
  4907                           ; BSR set to: 15
  4908                           ;mcc_generated_files/system/src/pins.c: 93:     INTCONbits.RBIE = 1;
  4909   00090C  86F2               	bsf	242,3,c	;volatile
  4910   00090E                     
  4911                           ; BSR set to: 15
  4912   00090E  0012               	return		;funcret
  4913   000910                     __end_of_PIN_MANAGER_Initialize:
  4914                           	callstack 0
  4915                           
  4916 ;; *************** function _INTERRUPT_Initialize *****************
  4917 ;; Defined at:
  4918 ;;		line 42 in file "mcc_generated_files/system/src/interrupt.c"
  4919 ;; Parameters:    Size  Location     Type
  4920 ;;		None
  4921 ;; Auto vars:     Size  Location     Type
  4922 ;;		None
  4923 ;; Return value:  Size  Location     Type
  4924 ;;                  1    wreg      void 
  4925 ;; Registers used:
  4926 ;;		wreg, status,2, status,0, cstack
  4927 ;; Tracked objects:
  4928 ;;		On entry : 0/0
  4929 ;;		On exit  : 0/0
  4930 ;;		Unchanged: 0/0
  4931 ;; Data sizes:     COMRAM   BANK0   BANK1   BANK2   BANK3   BANK4   BANK5
  4932 ;;      Params:         0       0       0       0       0       0       0
  4933 ;;      Locals:         0       0       0       0       0       0       0
  4934 ;;      Temps:          0       0       0       0       0       0       0
  4935 ;;      Totals:         0       0       0       0       0       0       0
  4936 ;;Total ram usage:        0 bytes
  4937 ;; Hardware stack levels used: 1
  4938 ;; Hardware stack levels required when called: 4
  4939 ;; This function calls:
  4940 ;;		_INT0_SetInterruptHandler
  4941 ;;		_INT1_SetInterruptHandler
  4942 ;;		_INT2_SetInterruptHandler
  4943 ;; This function is called by:
  4944 ;;		_SYSTEM_Initialize
  4945 ;; This function uses a non-reentrant model
  4946 ;;
  4947                           
  4948                           	psect	text16
  4949   0008AE                     __ptext16:
  4950                           	callstack 0
  4951   0008AE                     _INTERRUPT_Initialize:
  4952                           	callstack 25
  4953   0008AE                     
  4954                           ;mcc_generated_files/system/src/interrupt.c: 45:     RCONbits.IPEN = 0;
  4955   0008AE  9ED0               	bcf	208,7,c	;volatile
  4956                           
  4957                           ;mcc_generated_files/system/src/interrupt.c: 49:     (INTCONbits.INT0IF = 0);
  4958   0008B0  92F2               	bcf	242,1,c	;volatile
  4959                           
  4960                           ;mcc_generated_files/system/src/interrupt.c: 50:     (INTCON2bits.INTEDG0 = 1);
  4961   0008B2  8CF1               	bsf	241,6,c	;volatile
  4962   0008B4                     
  4963                           ;mcc_generated_files/system/src/interrupt.c: 52:     INT0_SetInterruptHandler(INT0_Defau
      +                          ltInterruptHandler);
  4964   0008B4  0E00               	movlw	0
  4965   0008B6  6E03               	movwf	INT0_SetInterruptHandler@InterruptHandler^0,c
  4966   0008B8  0E00               	movlw	0
  4967   0008BA  6E04               	movwf	(INT0_SetInterruptHandler@InterruptHandler+1)^0,c
  4968   0008BC  EC4A  F005         	call	_INT0_SetInterruptHandler	;wreg free
  4969   0008C0                     
  4970                           ;mcc_generated_files/system/src/interrupt.c: 57:     (INTCON3bits.INT1IF = 0);
  4971   0008C0  90F0               	bcf	240,0,c	;volatile
  4972   0008C2                     
  4973                           ;mcc_generated_files/system/src/interrupt.c: 58:     (INTCON2bits.INTEDG1 = 1);
  4974   0008C2  8AF1               	bsf	241,5,c	;volatile
  4975                           
  4976                           ;mcc_generated_files/system/src/interrupt.c: 60:     INT1_SetInterruptHandler(INT1_Defau
      +                          ltInterruptHandler);
  4977   0008C4  0E00               	movlw	0
  4978   0008C6  6E03               	movwf	INT1_SetInterruptHandler@InterruptHandler^0,c
  4979   0008C8  0E00               	movlw	0
  4980   0008CA  6E04               	movwf	(INT1_SetInterruptHandler@InterruptHandler+1)^0,c
  4981   0008CC  EC45  F005         	call	_INT1_SetInterruptHandler	;wreg free
  4982   0008D0                     
  4983                           ;mcc_generated_files/system/src/interrupt.c: 65:     (INTCON3bits.INT2IF = 0);
  4984   0008D0  92F0               	bcf	240,1,c	;volatile
  4985   0008D2                     
  4986                           ;mcc_generated_files/system/src/interrupt.c: 66:     (INTCON2bits.INTEDG2 = 1);
  4987   0008D2  88F1               	bsf	241,4,c	;volatile
  4988                           
  4989                           ;mcc_generated_files/system/src/interrupt.c: 68:     INT2_SetInterruptHandler(INT2_Defau
      +                          ltInterruptHandler);
  4990   0008D4  0E00               	movlw	0
  4991   0008D6  6E03               	movwf	INT2_SetInterruptHandler@InterruptHandler^0,c
  4992   0008D8  0E00               	movlw	0
  4993   0008DA  6E04               	movwf	(INT2_SetInterruptHandler@InterruptHandler+1)^0,c
  4994   0008DC  EC40  F005         	call	_INT2_SetInterruptHandler	;wreg free
  4995   0008E0  0012               	return		;funcret
  4996   0008E2                     __end_of_INTERRUPT_Initialize:
  4997                           	callstack 0
  4998                           
  4999 ;; *************** function _INT2_SetInterruptHandler *****************
  5000 ;; Defined at:
  5001 ;;		line 162 in file "mcc_generated_files/system/src/interrupt.c"
  5002 ;; Parameters:    Size  Location     Type
  5003 ;;  InterruptHan    2    2[COMRAM] PTR FTN()void 
  5004 ;;		 -> INT2_DefaultInterruptHandler(1), 
  5005 ;; Auto vars:     Size  Location     Type
  5006 ;;		None
  5007 ;; Return value:  Size  Location     Type
  5008 ;;                  1    wreg      void 
  5009 ;; Registers used:
  5010 ;;		wreg, status,2, status,0
  5011 ;; Tracked objects:
  5012 ;;		On entry : 0/0
  5013 ;;		On exit  : 0/0
  5014 ;;		Unchanged: 0/0
  5015 ;; Data sizes:     COMRAM   BANK0   BANK1   BANK2   BANK3   BANK4   BANK5
  5016 ;;      Params:         2       0       0       0       0       0       0
  5017 ;;      Locals:         0       0       0       0       0       0       0
  5018 ;;      Temps:          0       0       0       0       0       0       0
  5019 ;;      Totals:         2       0       0       0       0       0       0
  5020 ;;Total ram usage:        2 bytes
  5021 ;; Hardware stack levels used: 1
  5022 ;; Hardware stack levels required when called: 3
  5023 ;; This function calls:
  5024 ;;		Nothing
  5025 ;; This function is called by:
  5026 ;;		_INTERRUPT_Initialize
  5027 ;; This function uses a non-reentrant model
  5028 ;;
  5029                           
  5030                           	psect	text17
  5031   000A80                     __ptext17:
  5032                           	callstack 0
  5033   000A80                     _INT2_SetInterruptHandler:
  5034                           	callstack 25
  5035   000A80                     
  5036                           ;mcc_generated_files/system/src/interrupt.c: 163:     INT2_InterruptHandler = InterruptH
      +                          andler;
  5037   000A80  C003  F047         	movff	INT2_SetInterruptHandler@InterruptHandler,_INT2_InterruptHandler
  5038   000A84  C004  F048         	movff	INT2_SetInterruptHandler@InterruptHandler+1,_INT2_InterruptHandler+1
  5039   000A88  0012               	return		;funcret
  5040   000A8A                     __end_of_INT2_SetInterruptHandler:
  5041                           	callstack 0
  5042                           
  5043 ;; *************** function _INT1_SetInterruptHandler *****************
  5044 ;; Defined at:
  5045 ;;		line 136 in file "mcc_generated_files/system/src/interrupt.c"
  5046 ;; Parameters:    Size  Location     Type
  5047 ;;  InterruptHan    2    2[COMRAM] PTR FTN()void 
  5048 ;;		 -> INT1_DefaultInterruptHandler(1), 
  5049 ;; Auto vars:     Size  Location     Type
  5050 ;;		None
  5051 ;; Return value:  Size  Location     Type
  5052 ;;                  1    wreg      void 
  5053 ;; Registers used:
  5054 ;;		wreg, status,2, status,0
  5055 ;; Tracked objects:
  5056 ;;		On entry : 0/0
  5057 ;;		On exit  : 0/0
  5058 ;;		Unchanged: 0/0
  5059 ;; Data sizes:     COMRAM   BANK0   BANK1   BANK2   BANK3   BANK4   BANK5
  5060 ;;      Params:         2       0       0       0       0       0       0
  5061 ;;      Locals:         0       0       0       0       0       0       0
  5062 ;;      Temps:          0       0       0       0       0       0       0
  5063 ;;      Totals:         2       0       0       0       0       0       0
  5064 ;;Total ram usage:        2 bytes
  5065 ;; Hardware stack levels used: 1
  5066 ;; Hardware stack levels required when called: 3
  5067 ;; This function calls:
  5068 ;;		Nothing
  5069 ;; This function is called by:
  5070 ;;		_INTERRUPT_Initialize
  5071 ;; This function uses a non-reentrant model
  5072 ;;
  5073                           
  5074                           	psect	text18
  5075   000A8A                     __ptext18:
  5076                           	callstack 0
  5077   000A8A                     _INT1_SetInterruptHandler:
  5078                           	callstack 25
  5079   000A8A                     
  5080                           ;mcc_generated_files/system/src/interrupt.c: 137:     INT1_InterruptHandler = InterruptH
      +                          andler;
  5081   000A8A  C003  F049         	movff	INT1_SetInterruptHandler@InterruptHandler,_INT1_InterruptHandler
  5082   000A8E  C004  F04A         	movff	INT1_SetInterruptHandler@InterruptHandler+1,_INT1_InterruptHandler+1
  5083   000A92  0012               	return		;funcret
  5084   000A94                     __end_of_INT1_SetInterruptHandler:
  5085                           	callstack 0
  5086                           
  5087 ;; *************** function _INT0_SetInterruptHandler *****************
  5088 ;; Defined at:
  5089 ;;		line 110 in file "mcc_generated_files/system/src/interrupt.c"
  5090 ;; Parameters:    Size  Location     Type
  5091 ;;  InterruptHan    2    2[COMRAM] PTR FTN()void 
  5092 ;;		 -> INT0_DefaultInterruptHandler(1), 
  5093 ;; Auto vars:     Size  Location     Type
  5094 ;;		None
  5095 ;; Return value:  Size  Location     Type
  5096 ;;                  1    wreg      void 
  5097 ;; Registers used:
  5098 ;;		wreg, status,2, status,0
  5099 ;; Tracked objects:
  5100 ;;		On entry : 0/0
  5101 ;;		On exit  : 0/0
  5102 ;;		Unchanged: 0/0
  5103 ;; Data sizes:     COMRAM   BANK0   BANK1   BANK2   BANK3   BANK4   BANK5
  5104 ;;      Params:         2       0       0       0       0       0       0
  5105 ;;      Locals:         0       0       0       0       0       0       0
  5106 ;;      Temps:          0       0       0       0       0       0       0
  5107 ;;      Totals:         2       0       0       0       0       0       0
  5108 ;;Total ram usage:        2 bytes
  5109 ;; Hardware stack levels used: 1
  5110 ;; Hardware stack levels required when called: 3
  5111 ;; This function calls:
  5112 ;;		Nothing
  5113 ;; This function is called by:
  5114 ;;		_INTERRUPT_Initialize
  5115 ;; This function uses a non-reentrant model
  5116 ;;
  5117                           
  5118                           	psect	text19
  5119   000A94                     __ptext19:
  5120                           	callstack 0
  5121   000A94                     _INT0_SetInterruptHandler:
  5122                           	callstack 25
  5123   000A94                     
  5124                           ;mcc_generated_files/system/src/interrupt.c: 111:     INT0_InterruptHandler = InterruptH
      +                          andler;
  5125   000A94  C003  F04B         	movff	INT0_SetInterruptHandler@InterruptHandler,_INT0_InterruptHandler
  5126   000A98  C004  F04C         	movff	INT0_SetInterruptHandler@InterruptHandler+1,_INT0_InterruptHandler+1
  5127   000A9C  0012               	return		;funcret
  5128   000A9E                     __end_of_INT0_SetInterruptHandler:
  5129                           	callstack 0
  5130                           
  5131 ;; *************** function _EUSART1_Initialize *****************
  5132 ;; Defined at:
  5133 ;;		line 99 in file "mcc_generated_files/uart/src/eusart1.c"
  5134 ;; Parameters:    Size  Location     Type
  5135 ;;		None
  5136 ;; Auto vars:     Size  Location     Type
  5137 ;;		None
  5138 ;; Return value:  Size  Location     Type
  5139 ;;                  1    wreg      void 
  5140 ;; Registers used:
  5141 ;;		wreg, status,2, status,0, cstack
  5142 ;; Tracked objects:
  5143 ;;		On entry : 0/0
  5144 ;;		On exit  : 0/0
  5145 ;;		Unchanged: 0/0
  5146 ;; Data sizes:     COMRAM   BANK0   BANK1   BANK2   BANK3   BANK4   BANK5
  5147 ;;      Params:         0       0       0       0       0       0       0
  5148 ;;      Locals:         0       0       0       0       0       0       0
  5149 ;;      Temps:          0       0       0       0       0       0       0
  5150 ;;      Totals:         0       0       0       0       0       0       0
  5151 ;;Total ram usage:        0 bytes
  5152 ;; Hardware stack levels used: 1
  5153 ;; Hardware stack levels required when called: 4
  5154 ;; This function calls:
  5155 ;;		_EUSART1_FramingErrorCallbackRegister
  5156 ;;		_EUSART1_OverrunErrorCallbackRegister
  5157 ;; This function is called by:
  5158 ;;		_SYSTEM_Initialize
  5159 ;; This function uses a non-reentrant model
  5160 ;;
  5161                           
  5162                           	psect	text20
  5163   000844                     __ptext20:
  5164                           	callstack 0
  5165   000844                     _EUSART1_Initialize:
  5166                           	callstack 25
  5167   000844                     
  5168                           ;mcc_generated_files/uart/src/eusart1.c: 104:     BAUDCON1 = 0x48;
  5169   000844  0E48               	movlw	72
  5170   000846  6EB8               	movwf	184,c	;volatile
  5171                           
  5172                           ;mcc_generated_files/uart/src/eusart1.c: 106:     RCSTA1 = 0x90;
  5173   000848  0E90               	movlw	144
  5174   00084A  6EAB               	movwf	171,c	;volatile
  5175                           
  5176                           ;mcc_generated_files/uart/src/eusart1.c: 108:     TXSTA1 = 0x26;
  5177   00084C  0E26               	movlw	38
  5178   00084E  6EAC               	movwf	172,c	;volatile
  5179                           
  5180                           ;mcc_generated_files/uart/src/eusart1.c: 110:     SPBRG1 = 0x82;
  5181   000850  0E82               	movlw	130
  5182   000852  6EAF               	movwf	175,c	;volatile
  5183                           
  5184                           ;mcc_generated_files/uart/src/eusart1.c: 112:     SPBRGH1 = 0x6;
  5185   000854  0E06               	movlw	6
  5186   000856  6EB0               	movwf	176,c	;volatile
  5187   000858                     
  5188                           ;mcc_generated_files/uart/src/eusart1.c: 114:     EUSART1_FramingErrorCallbackRegister(E
      +                          USART1_DefaultFramingErrorCallback);
  5189   000858  0EB4               	movlw	low _EUSART1_DefaultFramingErrorCallback
  5190   00085A  6E03               	movwf	EUSART1_FramingErrorCallbackRegister@callbackHandler^0,c
  5191   00085C  0E0A               	movlw	high _EUSART1_DefaultFramingErrorCallback
  5192   00085E  6E04               	movwf	(EUSART1_FramingErrorCallbackRegister@callbackHandler+1)^0,c
  5193   000860  ECFD  F004         	call	_EUSART1_FramingErrorCallbackRegister	;wreg free
  5194   000864                     
  5195                           ;mcc_generated_files/uart/src/eusart1.c: 115:     EUSART1_OverrunErrorCallbackRegister(E
      +                          USART1_DefaultOverrunErrorCallback);
  5196   000864  0EAE               	movlw	low _EUSART1_DefaultOverrunErrorCallback
  5197   000866  6E03               	movwf	EUSART1_OverrunErrorCallbackRegister@callbackHandler^0,c
  5198   000868  0E0A               	movlw	high _EUSART1_DefaultOverrunErrorCallback
  5199   00086A  6E04               	movwf	(EUSART1_OverrunErrorCallbackRegister@callbackHandler+1)^0,c
  5200   00086C  ECEF  F004         	call	_EUSART1_OverrunErrorCallbackRegister	;wreg free
  5201                           
  5202                           ;mcc_generated_files/uart/src/eusart1.c: 116:     eusart1RxLastError.status = 0;
  5203   000870  0E00               	movlw	0
  5204   000872  6E44               	movwf	(_eusart1RxLastError+1)^0,c	;volatile
  5205   000874  0E00               	movlw	0
  5206   000876  6E43               	movwf	_eusart1RxLastError^0,c	;volatile
  5207   000878  0012               	return		;funcret
  5208   00087A                     __end_of_EUSART1_Initialize:
  5209                           	callstack 0
  5210                           
  5211 ;; *************** function _EUSART1_OverrunErrorCallbackRegister *****************
  5212 ;; Defined at:
  5213 ;;		line 283 in file "mcc_generated_files/uart/src/eusart1.c"
  5214 ;; Parameters:    Size  Location     Type
  5215 ;;  callbackHand    2    2[COMRAM] PTR FTN()void 
  5216 ;;		 -> EUSART1_DefaultOverrunErrorCallback(1), 
  5217 ;; Auto vars:     Size  Location     Type
  5218 ;;		None
  5219 ;; Return value:  Size  Location     Type
  5220 ;;                  1    wreg      void 
  5221 ;; Registers used:
  5222 ;;		wreg, status,2, status,0
  5223 ;; Tracked objects:
  5224 ;;		On entry : 0/0
  5225 ;;		On exit  : 0/0
  5226 ;;		Unchanged: 0/0
  5227 ;; Data sizes:     COMRAM   BANK0   BANK1   BANK2   BANK3   BANK4   BANK5
  5228 ;;      Params:         2       0       0       0       0       0       0
  5229 ;;      Locals:         0       0       0       0       0       0       0
  5230 ;;      Temps:          0       0       0       0       0       0       0
  5231 ;;      Totals:         2       0       0       0       0       0       0
  5232 ;;Total ram usage:        2 bytes
  5233 ;; Hardware stack levels used: 1
  5234 ;; Hardware stack levels required when called: 3
  5235 ;; This function calls:
  5236 ;;		Nothing
  5237 ;; This function is called by:
  5238 ;;		_EUSART1_Initialize
  5239 ;; This function uses a non-reentrant model
  5240 ;;
  5241                           
  5242                           	psect	text21
  5243   0009DE                     __ptext21:
  5244                           	callstack 0
  5245   0009DE                     _EUSART1_OverrunErrorCallbackRegister:
  5246                           	callstack 25
  5247   0009DE                     
  5248                           ;mcc_generated_files/uart/src/eusart1.c: 283: void EUSART1_OverrunErrorCallbackRegister(
      +                          void (* callbackHandler)(void));mcc_generated_files/uart/src/eusart1.c: 284: {;mcc_gener
      +                          ated_files/uart/src/eusart1.c: 285:     if(((void*)0) != callbackHandler)
  5249   0009DE  5003               	movf	EUSART1_OverrunErrorCallbackRegister@callbackHandler^0,w,c
  5250   0009E0  1004               	iorwf	(EUSART1_OverrunErrorCallbackRegister@callbackHandler+1)^0,w,c
  5251   0009E2  B4D8               	btfsc	status,2,c
  5252   0009E4  EFF6  F004         	goto	u841
  5253   0009E8  EFF8  F004         	goto	u840
  5254   0009EC                     u841:
  5255   0009EC  EFFC  F004         	goto	l481
  5256   0009F0                     u840:
  5257   0009F0                     
  5258                           ;mcc_generated_files/uart/src/eusart1.c: 286:     {;mcc_generated_files/uart/src/eusart1
      +                          .c: 287:         EUSART1_OverrunErrorHandler = callbackHandler;
  5259   0009F0  C003  F03F         	movff	EUSART1_OverrunErrorCallbackRegister@callbackHandler,_EUSART1_OverrunErrorHandler
  5260   0009F4  C004  F040         	movff	EUSART1_OverrunErrorCallbackRegister@callbackHandler+1,_EUSART1_OverrunErrorHandl
      +                          er+1
  5261   0009F8                     l481:
  5262   0009F8  0012               	return		;funcret
  5263   0009FA                     __end_of_EUSART1_OverrunErrorCallbackRegister:
  5264                           	callstack 0
  5265                           
  5266 ;; *************** function _EUSART1_FramingErrorCallbackRegister *****************
  5267 ;; Defined at:
  5268 ;;		line 275 in file "mcc_generated_files/uart/src/eusart1.c"
  5269 ;; Parameters:    Size  Location     Type
  5270 ;;  callbackHand    2    2[COMRAM] PTR FTN()void 
  5271 ;;		 -> EUSART1_DefaultFramingErrorCallback(1), 
  5272 ;; Auto vars:     Size  Location     Type
  5273 ;;		None
  5274 ;; Return value:  Size  Location     Type
  5275 ;;                  1    wreg      void 
  5276 ;; Registers used:
  5277 ;;		wreg, status,2, status,0
  5278 ;; Tracked objects:
  5279 ;;		On entry : 0/0
  5280 ;;		On exit  : 0/0
  5281 ;;		Unchanged: 0/0
  5282 ;; Data sizes:     COMRAM   BANK0   BANK1   BANK2   BANK3   BANK4   BANK5
  5283 ;;      Params:         2       0       0       0       0       0       0
  5284 ;;      Locals:         0       0       0       0       0       0       0
  5285 ;;      Temps:          0       0       0       0       0       0       0
  5286 ;;      Totals:         2       0       0       0       0       0       0
  5287 ;;Total ram usage:        2 bytes
  5288 ;; Hardware stack levels used: 1
  5289 ;; Hardware stack levels required when called: 3
  5290 ;; This function calls:
  5291 ;;		Nothing
  5292 ;; This function is called by:
  5293 ;;		_EUSART1_Initialize
  5294 ;; This function uses a non-reentrant model
  5295 ;;
  5296                           
  5297                           	psect	text22
  5298   0009FA                     __ptext22:
  5299                           	callstack 0
  5300   0009FA                     _EUSART1_FramingErrorCallbackRegister:
  5301                           	callstack 25
  5302   0009FA                     
  5303                           ;mcc_generated_files/uart/src/eusart1.c: 275: void EUSART1_FramingErrorCallbackRegister(
      +                          void (* callbackHandler)(void));mcc_generated_files/uart/src/eusart1.c: 276: {;mcc_gener
      +                          ated_files/uart/src/eusart1.c: 277:     if(((void*)0) != callbackHandler)
  5304   0009FA  5003               	movf	EUSART1_FramingErrorCallbackRegister@callbackHandler^0,w,c
  5305   0009FC  1004               	iorwf	(EUSART1_FramingErrorCallbackRegister@callbackHandler+1)^0,w,c
  5306   0009FE  B4D8               	btfsc	status,2,c
  5307   000A00  EF04  F005         	goto	u831
  5308   000A04  EF06  F005         	goto	u830
  5309   000A08                     u831:
  5310   000A08  EF0A  F005         	goto	l477
  5311   000A0C                     u830:
  5312   000A0C                     
  5313                           ;mcc_generated_files/uart/src/eusart1.c: 278:     {;mcc_generated_files/uart/src/eusart1
      +                          .c: 279:         EUSART1_FramingErrorHandler = callbackHandler;
  5314   000A0C  C003  F041         	movff	EUSART1_FramingErrorCallbackRegister@callbackHandler,_EUSART1_FramingErrorHandler
  5315   000A10  C004  F042         	movff	EUSART1_FramingErrorCallbackRegister@callbackHandler+1,_EUSART1_FramingErrorHandl
      +                          er+1
  5316   000A14                     l477:
  5317   000A14  0012               	return		;funcret
  5318   000A16                     __end_of_EUSART1_FramingErrorCallbackRegister:
  5319                           	callstack 0
  5320                           
  5321 ;; *************** function _CLOCK_Initialize *****************
  5322 ;; Defined at:
  5323 ;;		line 39 in file "mcc_generated_files/system/src/clock.c"
  5324 ;; Parameters:    Size  Location     Type
  5325 ;;		None
  5326 ;; Auto vars:     Size  Location     Type
  5327 ;;		None
  5328 ;; Return value:  Size  Location     Type
  5329 ;;                  1    wreg      void 
  5330 ;; Registers used:
  5331 ;;		wreg, status,2
  5332 ;; Tracked objects:
  5333 ;;		On entry : 0/0
  5334 ;;		On exit  : 0/0
  5335 ;;		Unchanged: 0/0
  5336 ;; Data sizes:     COMRAM   BANK0   BANK1   BANK2   BANK3   BANK4   BANK5
  5337 ;;      Params:         0       0       0       0       0       0       0
  5338 ;;      Locals:         0       0       0       0       0       0       0
  5339 ;;      Temps:          0       0       0       0       0       0       0
  5340 ;;      Totals:         0       0       0       0       0       0       0
  5341 ;;Total ram usage:        0 bytes
  5342 ;; Hardware stack levels used: 1
  5343 ;; Hardware stack levels required when called: 3
  5344 ;; This function calls:
  5345 ;;		Nothing
  5346 ;; This function is called by:
  5347 ;;		_SYSTEM_Initialize
  5348 ;; This function uses a non-reentrant model
  5349 ;;
  5350                           
  5351                           	psect	text23
  5352   000A52                     __ptext23:
  5353                           	callstack 0
  5354   000A52                     _CLOCK_Initialize:
  5355                           	callstack 26
  5356   000A52                     
  5357                           ;mcc_generated_files/system/src/clock.c: 41:     OSCCON = (0 << 0x0)
  5358   000A52  0E70               	movlw	112
  5359   000A54  6ED3               	movwf	211,c	;volatile
  5360                           
  5361                           ;mcc_generated_files/system/src/clock.c: 44:     OSCCON2 = (1 << 0x2)
  5362   000A56  0E04               	movlw	4
  5363   000A58  6ED2               	movwf	210,c	;volatile
  5364                           
  5365                           ;mcc_generated_files/system/src/clock.c: 47:     OSCTUNE = (0 << 0x0)
  5366   000A5A  0E40               	movlw	64
  5367   000A5C  6E9B               	movwf	155,c	;volatile
  5368   000A5E  0012               	return		;funcret
  5369   000A60                     __end_of_CLOCK_Initialize:
  5370                           	callstack 0
  5371                           
  5372 ;; *************** function _CCP5_Initialize *****************
  5373 ;; Defined at:
  5374 ;;		line 44 in file "mcc_generated_files/capture/src/ccp5.c"
  5375 ;; Parameters:    Size  Location     Type
  5376 ;;		None
  5377 ;; Auto vars:     Size  Location     Type
  5378 ;;		None
  5379 ;; Return value:  Size  Location     Type
  5380 ;;                  1    wreg      void 
  5381 ;; Registers used:
  5382 ;;		None
  5383 ;; Tracked objects:
  5384 ;;		On entry : 0/0
  5385 ;;		On exit  : 0/0
  5386 ;;		Unchanged: 0/0
  5387 ;; Data sizes:     COMRAM   BANK0   BANK1   BANK2   BANK3   BANK4   BANK5
  5388 ;;      Params:         0       0       0       0       0       0       0
  5389 ;;      Locals:         0       0       0       0       0       0       0
  5390 ;;      Temps:          0       0       0       0       0       0       0
  5391 ;;      Totals:         0       0       0       0       0       0       0
  5392 ;;Total ram usage:        0 bytes
  5393 ;; Hardware stack levels used: 1
  5394 ;; Hardware stack levels required when called: 3
  5395 ;; This function calls:
  5396 ;;		Nothing
  5397 ;; This function is called by:
  5398 ;;		_SYSTEM_Initialize
  5399 ;; This function uses a non-reentrant model
  5400 ;;
  5401                           
  5402                           	psect	text24
  5403   000AA6                     __ptext24:
  5404                           	callstack 0
  5405   000AA6                     _CCP5_Initialize:
  5406                           	callstack 26
  5407   000AA6                     
  5408                           ;mcc_generated_files/capture/src/ccp5.c: 47:     CCP5CON = 0x0;
  5409   000AA6  010F               	movlb	15	; () banked
  5410   000AA8  6B54               	clrf	84,b	;volatile
  5411                           
  5412                           ;mcc_generated_files/capture/src/ccp5.c: 50:     CCPR5L = 0x0;
  5413   000AAA  6B55               	clrf	85,b	;volatile
  5414   000AAC                     
  5415                           ; BSR set to: 15
  5416   000AAC  0012               	return		;funcret
  5417   000AAE                     __end_of_CCP5_Initialize:
  5418                           	callstack 0
  5419                           
  5420 ;; *************** function _ADC_Initialize *****************
  5421 ;; Defined at:
  5422 ;;		line 53 in file "mcc_generated_files/adc/src/adc.c"
  5423 ;; Parameters:    Size  Location     Type
  5424 ;;		None
  5425 ;; Auto vars:     Size  Location     Type
  5426 ;;		None
  5427 ;; Return value:  Size  Location     Type
  5428 ;;                  1    wreg      void 
  5429 ;; Registers used:
  5430 ;;		wreg, status,2
  5431 ;; Tracked objects:
  5432 ;;		On entry : 0/0
  5433 ;;		On exit  : 0/0
  5434 ;;		Unchanged: 0/0
  5435 ;; Data sizes:     COMRAM   BANK0   BANK1   BANK2   BANK3   BANK4   BANK5
  5436 ;;      Params:         0       0       0       0       0       0       0
  5437 ;;      Locals:         0       0       0       0       0       0       0
  5438 ;;      Temps:          0       0       0       0       0       0       0
  5439 ;;      Totals:         0       0       0       0       0       0       0
  5440 ;;Total ram usage:        0 bytes
  5441 ;; Hardware stack levels used: 1
  5442 ;; Hardware stack levels required when called: 3
  5443 ;; This function calls:
  5444 ;;		Nothing
  5445 ;; This function is called by:
  5446 ;;		_SYSTEM_Initialize
  5447 ;; This function uses a non-reentrant model
  5448 ;;
  5449                           
  5450                           	psect	text25
  5451   000A40                     __ptext25:
  5452                           	callstack 0
  5453   000A40                     _ADC_Initialize:
  5454                           	callstack 26
  5455   000A40                     
  5456                           ;mcc_generated_files/adc/src/adc.c: 56:     ADCON1 = 0x0;
  5457   000A40  6AC1               	clrf	193,c	;volatile
  5458   000A42                     
  5459                           ;mcc_generated_files/adc/src/adc.c: 59:     ADCON2 = 0x26;
  5460   000A42  0E26               	movlw	38
  5461   000A44  6EC0               	movwf	192,c	;volatile
  5462   000A46                     
  5463                           ;mcc_generated_files/adc/src/adc.c: 62:     ADRESL = 0x0;
  5464   000A46  6AC3               	clrf	195,c	;volatile
  5465   000A48                     
  5466                           ;mcc_generated_files/adc/src/adc.c: 65:     ADRESH = 0x0;
  5467   000A48  6AC4               	clrf	196,c	;volatile
  5468                           
  5469                           ;mcc_generated_files/adc/src/adc.c: 69:     ADCON0 = 0x13;
  5470   000A4A  0E13               	movlw	19
  5471   000A4C  6EC2               	movwf	194,c	;volatile
  5472   000A4E                     
  5473                           ;mcc_generated_files/adc/src/adc.c: 72:     PIR1bits.ADIF = 0;
  5474   000A4E  9C9E               	bcf	158,6,c	;volatile
  5475   000A50  0012               	return		;funcret
  5476   000A52                     __end_of_ADC_Initialize:
  5477                           	callstack 0
  5478                           
  5479 ;; *************** function _EUSART1_Read *****************
  5480 ;; Defined at:
  5481 ;;		line 218 in file "mcc_generated_files/uart/src/eusart1.c"
  5482 ;; Parameters:    Size  Location     Type
  5483 ;;		None
  5484 ;; Auto vars:     Size  Location     Type
  5485 ;;		None
  5486 ;; Return value:  Size  Location     Type
  5487 ;;                  1    wreg      unsigned char 
  5488 ;; Registers used:
  5489 ;;		wreg, status,2, status,0, pcl, pclath, pclatu, tosl, cstack
  5490 ;; Tracked objects:
  5491 ;;		On entry : 0/0
  5492 ;;		On exit  : 0/0
  5493 ;;		Unchanged: 0/0
  5494 ;; Data sizes:     COMRAM   BANK0   BANK1   BANK2   BANK3   BANK4   BANK5
  5495 ;;      Params:         0       0       0       0       0       0       0
  5496 ;;      Locals:         0       0       0       0       0       0       0
  5497 ;;      Temps:          0       0       0       0       0       0       0
  5498 ;;      Totals:         0       0       0       0       0       0       0
  5499 ;;Total ram usage:        0 bytes
  5500 ;; Hardware stack levels used: 1
  5501 ;; Hardware stack levels required when called: 4
  5502 ;; This function calls:
  5503 ;;		NULL
  5504 ;;		_EUSART1_DefaultFramingErrorCallback
  5505 ;;		_EUSART1_DefaultOverrunErrorCallback
  5506 ;; This function is called by:
  5507 ;;		_main
  5508 ;;		_getch
  5509 ;; This function uses a non-reentrant model
  5510 ;;
  5511                           
  5512                           	psect	text26
  5513   000742                     __ptext26:
  5514                           	callstack 0
  5515   000742                     _EUSART1_Read:
  5516                           	callstack 26
  5517   000742                     
  5518                           ;mcc_generated_files/uart/src/eusart1.c: 220:     eusart1RxLastError.status = 0;
  5519   000742  0E00               	movlw	0
  5520   000744  6E44               	movwf	(_eusart1RxLastError+1)^0,c	;volatile
  5521   000746  0E00               	movlw	0
  5522   000748  6E43               	movwf	_eusart1RxLastError^0,c	;volatile
  5523   00074A                     
  5524                           ;mcc_generated_files/uart/src/eusart1.c: 221:     if(1 == RCSTA1bits.OERR)
  5525   00074A  A2AB               	btfss	171,1,c	;volatile
  5526   00074C  EFAA  F003         	goto	u381
  5527   000750  EFAC  F003         	goto	u380
  5528   000754                     u381:
  5529   000754  EFC3  F003         	goto	l1544
  5530   000758                     u380:
  5531   000758                     
  5532                           ;mcc_generated_files/uart/src/eusart1.c: 222:     {;mcc_generated_files/uart/src/eusart1
      +                          .c: 223:         eusart1RxLastError.oerr = 1;
  5533   000758  8443               	bsf	_eusart1RxLastError^0,2,c	;volatile
  5534   00075A                     
  5535                           ;mcc_generated_files/uart/src/eusart1.c: 224:         if(((void*)0) != EUSART1_OverrunEr
      +                          rorHandler)
  5536   00075A  503F               	movf	_EUSART1_OverrunErrorHandler^0,w,c
  5537   00075C  1040               	iorwf	(_EUSART1_OverrunErrorHandler+1)^0,w,c
  5538   00075E  B4D8               	btfsc	status,2,c
  5539   000760  EFB4  F003         	goto	u391
  5540   000764  EFB6  F003         	goto	u390
  5541   000768                     u391:
  5542   000768  EFC3  F003         	goto	l1544
  5543   00076C                     u390:
  5544   00076C                     
  5545                           ;mcc_generated_files/uart/src/eusart1.c: 225:         {;mcc_generated_files/uart/src/eus
      +                          art1.c: 226:             EUSART1_OverrunErrorHandler();
  5546   00076C  D802               	call	u408
  5547   00076E  EFC3  F003         	goto	u409
  5548   000772                     u408:
  5549   000772  0005               	push	
  5550   000774  6EFA               	movwf	pclath,c
  5551   000776  503F               	movf	_EUSART1_OverrunErrorHandler^0,w,c
  5552   000778  6EFD               	movwf	tosl,c
  5553   00077A  5040               	movf	(_EUSART1_OverrunErrorHandler+1)^0,w,c
  5554   00077C  6EFE               	movwf	tosh,c
  5555   00077E  50F8               	movf	tblptru,w,c
  5556   000780  6EFF               	movwf	tosu,c
  5557   000782  50FA               	movf	pclath,w,c
  5558   000784  0012               	return		;indir
  5559   000786                     u409:
  5560   000786                     l1544:
  5561                           
  5562                           ;mcc_generated_files/uart/src/eusart1.c: 229:     if(1 == RCSTA1bits.FERR)
  5563   000786  A4AB               	btfss	171,2,c	;volatile
  5564   000788  EFC8  F003         	goto	u411
  5565   00078C  EFCA  F003         	goto	u410
  5566   000790                     u411:
  5567   000790  EFE1  F003         	goto	l1552
  5568   000794                     u410:
  5569   000794                     
  5570                           ;mcc_generated_files/uart/src/eusart1.c: 230:     {;mcc_generated_files/uart/src/eusart1
      +                          .c: 231:         eusart1RxLastError.ferr = 1;
  5571   000794  8243               	bsf	_eusart1RxLastError^0,1,c	;volatile
  5572   000796                     
  5573                           ;mcc_generated_files/uart/src/eusart1.c: 232:         if(((void*)0) != EUSART1_FramingEr
      +                          rorHandler)
  5574   000796  5041               	movf	_EUSART1_FramingErrorHandler^0,w,c
  5575   000798  1042               	iorwf	(_EUSART1_FramingErrorHandler+1)^0,w,c
  5576   00079A  B4D8               	btfsc	status,2,c
  5577   00079C  EFD2  F003         	goto	u421
  5578   0007A0  EFD4  F003         	goto	u420
  5579   0007A4                     u421:
  5580   0007A4  EFE1  F003         	goto	l1552
  5581   0007A8                     u420:
  5582   0007A8                     
  5583                           ;mcc_generated_files/uart/src/eusart1.c: 233:         {;mcc_generated_files/uart/src/eus
      +                          art1.c: 234:             EUSART1_FramingErrorHandler();
  5584   0007A8  D802               	call	u438
  5585   0007AA  EFE1  F003         	goto	u439
  5586   0007AE                     u438:
  5587   0007AE  0005               	push	
  5588   0007B0  6EFA               	movwf	pclath,c
  5589   0007B2  5041               	movf	_EUSART1_FramingErrorHandler^0,w,c
  5590   0007B4  6EFD               	movwf	tosl,c
  5591   0007B6  5042               	movf	(_EUSART1_FramingErrorHandler+1)^0,w,c
  5592   0007B8  6EFE               	movwf	tosh,c
  5593   0007BA  50F8               	movf	tblptru,w,c
  5594   0007BC  6EFF               	movwf	tosu,c
  5595   0007BE  50FA               	movf	pclath,w,c
  5596   0007C0  0012               	return		;indir
  5597   0007C2                     u439:
  5598   0007C2                     l1552:
  5599                           
  5600                           ;mcc_generated_files/uart/src/eusart1.c: 237:     return RCREG1;
  5601   0007C2  50AE               	movf	174,w,c	;volatile
  5602   0007C4  0012               	return		;funcret
  5603   0007C6                     __end_of_EUSART1_Read:
  5604                           	callstack 0
  5605                           
  5606 ;; *************** function _EUSART1_DefaultOverrunErrorCallback *****************
  5607 ;; Defined at:
  5608 ;;		line 268 in file "mcc_generated_files/uart/src/eusart1.c"
  5609 ;; Parameters:    Size  Location     Type
  5610 ;;		None
  5611 ;; Auto vars:     Size  Location     Type
  5612 ;;		None
  5613 ;; Return value:  Size  Location     Type
  5614 ;;                  1    wreg      void 
  5615 ;; Registers used:
  5616 ;;		None
  5617 ;; Tracked objects:
  5618 ;;		On entry : 0/0
  5619 ;;		On exit  : 0/0
  5620 ;;		Unchanged: 0/0
  5621 ;; Data sizes:     COMRAM   BANK0   BANK1   BANK2   BANK3   BANK4   BANK5
  5622 ;;      Params:         0       0       0       0       0       0       0
  5623 ;;      Locals:         0       0       0       0       0       0       0
  5624 ;;      Temps:          0       0       0       0       0       0       0
  5625 ;;      Totals:         0       0       0       0       0       0       0
  5626 ;;Total ram usage:        0 bytes
  5627 ;; Hardware stack levels used: 1
  5628 ;; Hardware stack levels required when called: 3
  5629 ;; This function calls:
  5630 ;;		Nothing
  5631 ;; This function is called by:
  5632 ;;		_EUSART1_Initialize
  5633 ;;		_EUSART1_Read
  5634 ;; This function uses a non-reentrant model
  5635 ;;
  5636                           
  5637                           	psect	text27
  5638   000AAE                     __ptext27:
  5639                           	callstack 0
  5640   000AAE                     _EUSART1_DefaultOverrunErrorCallback:
  5641                           	callstack 26
  5642   000AAE                     
  5643                           ;mcc_generated_files/uart/src/eusart1.c: 271:     RCSTA1bits.CREN = 0;
  5644   000AAE  98AB               	bcf	171,4,c	;volatile
  5645                           
  5646                           ;mcc_generated_files/uart/src/eusart1.c: 272:     RCSTA1bits.CREN = 1;
  5647   000AB0  88AB               	bsf	171,4,c	;volatile
  5648   000AB2  0012               	return		;funcret
  5649   000AB4                     __end_of_EUSART1_DefaultOverrunErrorCallback:
  5650                           	callstack 0
  5651                           
  5652 ;; *************** function _EUSART1_DefaultFramingErrorCallback *****************
  5653 ;; Defined at:
  5654 ;;		line 263 in file "mcc_generated_files/uart/src/eusart1.c"
  5655 ;; Parameters:    Size  Location     Type
  5656 ;;		None
  5657 ;; Auto vars:     Size  Location     Type
  5658 ;;		None
  5659 ;; Return value:  Size  Location     Type
  5660 ;;                  1    wreg      void 
  5661 ;; Registers used:
  5662 ;;		None
  5663 ;; Tracked objects:
  5664 ;;		On entry : 0/0
  5665 ;;		On exit  : 0/0
  5666 ;;		Unchanged: 0/0
  5667 ;; Data sizes:     COMRAM   BANK0   BANK1   BANK2   BANK3   BANK4   BANK5
  5668 ;;      Params:         0       0       0       0       0       0       0
  5669 ;;      Locals:         0       0       0       0       0       0       0
  5670 ;;      Temps:          0       0       0       0       0       0       0
  5671 ;;      Totals:         0       0       0       0       0       0       0
  5672 ;;Total ram usage:        0 bytes
  5673 ;; Hardware stack levels used: 1
  5674 ;; Hardware stack levels required when called: 3
  5675 ;; This function calls:
  5676 ;;		Nothing
  5677 ;; This function is called by:
  5678 ;;		_EUSART1_Initialize
  5679 ;;		_EUSART1_Read
  5680 ;; This function uses a non-reentrant model
  5681 ;;
  5682                           
  5683                           	psect	text28
  5684   000AB4                     __ptext28:
  5685                           	callstack 0
  5686   000AB4                     _EUSART1_DefaultFramingErrorCallback:
  5687                           	callstack 26
  5688   000AB4  0012               	return		;funcret
  5689   000AB6                     __end_of_EUSART1_DefaultFramingErrorCallback:
  5690                           	callstack 0
  5691                           
  5692 ;; *************** function _EUSART1_IsRxReady *****************
  5693 ;; Defined at:
  5694 ;;		line 198 in file "mcc_generated_files/uart/src/eusart1.c"
  5695 ;; Parameters:    Size  Location     Type
  5696 ;;		None
  5697 ;; Auto vars:     Size  Location     Type
  5698 ;;		None
  5699 ;; Return value:  Size  Location     Type
  5700 ;;                  1    wreg      _Bool 
  5701 ;; Registers used:
  5702 ;;		wreg
  5703 ;; Tracked objects:
  5704 ;;		On entry : 0/0
  5705 ;;		On exit  : 0/0
  5706 ;;		Unchanged: 0/0
  5707 ;; Data sizes:     COMRAM   BANK0   BANK1   BANK2   BANK3   BANK4   BANK5
  5708 ;;      Params:         0       0       0       0       0       0       0
  5709 ;;      Locals:         0       0       0       0       0       0       0
  5710 ;;      Temps:          0       0       0       0       0       0       0
  5711 ;;      Totals:         0       0       0       0       0       0       0
  5712 ;;Total ram usage:        0 bytes
  5713 ;; Hardware stack levels used: 1
  5714 ;; Hardware stack levels required when called: 3
  5715 ;; This function calls:
  5716 ;;		Nothing
  5717 ;; This function is called by:
  5718 ;;		_main
  5719 ;;		_getch
  5720 ;; This function uses a non-reentrant model
  5721 ;;
  5722                           
  5723                           	psect	text29
  5724   000A2C                     __ptext29:
  5725                           	callstack 0
  5726   000A2C                     _EUSART1_IsRxReady:
  5727                           	callstack 27
  5728   000A2C                     
  5729                           ;mcc_generated_files/uart/src/eusart1.c: 200:     return (_Bool)(PIR1bits.RC1IF);
  5730   000A2C  BA9E               	btfsc	158,5,c	;volatile
  5731   000A2E  EF1B  F005         	goto	u371
  5732   000A32  EF1E  F005         	goto	u370
  5733   000A36                     u371:
  5734   000A36  0E01               	movlw	1
  5735   000A38  EF1F  F005         	goto	u376
  5736   000A3C                     u370:
  5737   000A3C  0E00               	movlw	0
  5738   000A3E                     u376:
  5739   000A3E  0012               	return		;funcret
  5740   000A40                     __end_of_EUSART1_IsRxReady:
  5741                           	callstack 0
  5742                           
  5743 ;; *************** function _ADC_SelectChannel *****************
  5744 ;; Defined at:
  5745 ;;		line 75 in file "mcc_generated_files/adc/src/adc.c"
  5746 ;; Parameters:    Size  Location     Type
  5747 ;;  channel         1    wreg     enum E5762
  5748 ;; Auto vars:     Size  Location     Type
  5749 ;;  channel         1    3[COMRAM] enum E5762
  5750 ;; Return value:  Size  Location     Type
  5751 ;;                  1    wreg      void 
  5752 ;; Registers used:
  5753 ;;		wreg, status,2, status,0
  5754 ;; Tracked objects:
  5755 ;;		On entry : 0/0
  5756 ;;		On exit  : 0/0
  5757 ;;		Unchanged: 0/0
  5758 ;; Data sizes:     COMRAM   BANK0   BANK1   BANK2   BANK3   BANK4   BANK5
  5759 ;;      Params:         0       0       0       0       0       0       0
  5760 ;;      Locals:         1       0       0       0       0       0       0
  5761 ;;      Temps:          1       0       0       0       0       0       0
  5762 ;;      Totals:         2       0       0       0       0       0       0
  5763 ;;Total ram usage:        2 bytes
  5764 ;; Hardware stack levels used: 1
  5765 ;; Hardware stack levels required when called: 3
  5766 ;; This function calls:
  5767 ;;		Nothing
  5768 ;; This function is called by:
  5769 ;;		_main
  5770 ;; This function uses a non-reentrant model
  5771 ;;
  5772                           
  5773                           	psect	text30
  5774   000A16                     __ptext30:
  5775                           	callstack 0
  5776   000A16                     _ADC_SelectChannel:
  5777                           	callstack 27
  5778                           
  5779                           ;incstack = 0
  5780                           ;ADC_SelectChannel@channel stored from wreg
  5781   000A16  6E04               	movwf	ADC_SelectChannel@channel^0,c
  5782   000A18                     
  5783                           ;mcc_generated_files/adc/src/adc.c: 75: void ADC_SelectChannel(adc_channel_t channel);mc
      +                          c_generated_files/adc/src/adc.c: 76: {;mcc_generated_files/adc/src/adc.c: 78:     ADCON0
      +                          bits.CHS = channel;
  5784   000A18  C004  F003         	movff	ADC_SelectChannel@channel,??_ADC_SelectChannel
  5785   000A1C  4603               	rlncf	??_ADC_SelectChannel^0,f,c
  5786   000A1E  4603               	rlncf	??_ADC_SelectChannel^0,f,c
  5787   000A20  50C2               	movf	194,w,c	;volatile
  5788   000A22  1803               	xorwf	??_ADC_SelectChannel^0,w,c
  5789   000A24  0B83               	andlw	-125
  5790   000A26  1803               	xorwf	??_ADC_SelectChannel^0,w,c
  5791   000A28  6EC2               	movwf	194,c	;volatile
  5792   000A2A  0012               	return		;funcret
  5793   000A2C                     __end_of_ADC_SelectChannel:
  5794                           	callstack 0
  5795                           
  5796 ;; *************** function _INTERRUPT_InterruptManager *****************
  5797 ;; Defined at:
  5798 ;;		line 80 in file "mcc_generated_files/system/src/interrupt.c"
  5799 ;; Parameters:    Size  Location     Type
  5800 ;;		None
  5801 ;; Auto vars:     Size  Location     Type
  5802 ;;		None
  5803 ;; Return value:  Size  Location     Type
  5804 ;;                  1    wreg      void 
  5805 ;; Registers used:
  5806 ;;		wreg, status,2, status,0, pcl, pclath, pclatu, tosl, cstack
  5807 ;; Tracked objects:
  5808 ;;		On entry : 0/0
  5809 ;;		On exit  : 0/0
  5810 ;;		Unchanged: 0/0
  5811 ;; Data sizes:     COMRAM   BANK0   BANK1   BANK2   BANK3   BANK4   BANK5
  5812 ;;      Params:         0       0       0       0       0       0       0
  5813 ;;      Locals:         0       0       0       0       0       0       0
  5814 ;;      Temps:          2       0       0       0       0       0       0
  5815 ;;      Totals:         2       0       0       0       0       0       0
  5816 ;;Total ram usage:        2 bytes
  5817 ;; Hardware stack levels used: 1
  5818 ;; Hardware stack levels required when called: 2
  5819 ;; This function calls:
  5820 ;;		_TMR0_OverflowISR
  5821 ;; This function is called by:
  5822 ;;		Interrupt level 2
  5823 ;; This function uses a non-reentrant model
  5824 ;;
  5825                           
  5826                           	psect	intcode
  5827   000008                     __pintcode:
  5828                           	callstack 0
  5829   000008                     _INTERRUPT_InterruptManager:
  5830                           	callstack 22
  5831                           
  5832                           ;incstack = 0
  5833   000008  8251               	bsf	int$flags,1,c	;set compiler interrupt flag (level 2)
  5834   00000A  CFFA F001          	movff	pclath,??_INTERRUPT_InterruptManager
  5835   00000E  CFFB F002          	movff	pclatu,??_INTERRUPT_InterruptManager+1
  5836   000012                     
  5837                           ;mcc_generated_files/system/src/interrupt.c: 83:     if(INTCONbits.PEIE == 1)
  5838   000012  ACF2               	btfss	242,6,c	;volatile
  5839   000014  EF0E  F000         	goto	i2u44_41
  5840   000018  EF10  F000         	goto	i2u44_40
  5841   00001C                     i2u44_41:
  5842   00001C  EF20  F000         	goto	i2l44
  5843   000020                     i2u44_40:
  5844   000020                     
  5845                           ;mcc_generated_files/system/src/interrupt.c: 84:     {;mcc_generated_files/system/src/in
      +                          terrupt.c: 85:         if(INTCONbits.TMR0IE == 1 && INTCONbits.TMR0IF == 1)
  5846   000020  AAF2               	btfss	242,5,c	;volatile
  5847   000022  EF15  F000         	goto	i2u45_41
  5848   000026  EF17  F000         	goto	i2u45_40
  5849   00002A                     i2u45_41:
  5850   00002A  EF20  F000         	goto	i2l44
  5851   00002E                     i2u45_40:
  5852   00002E  A4F2               	btfss	242,2,c	;volatile
  5853   000030  EF1C  F000         	goto	i2u46_41
  5854   000034  EF1E  F000         	goto	i2u46_40
  5855   000038                     i2u46_41:
  5856   000038  EF20  F000         	goto	i2l44
  5857   00003C                     i2u46_40:
  5858   00003C                     
  5859                           ;mcc_generated_files/system/src/interrupt.c: 86:         {;mcc_generated_files/system/sr
      +                          c/interrupt.c: 87:             TMR0_OverflowISR();
  5860   00003C  EC06  F004         	call	_TMR0_OverflowISR	;wreg free
  5861   000040                     i2l44:
  5862   000040  C002  FFFB         	movff	??_INTERRUPT_InterruptManager+1,pclatu
  5863   000044  C001  FFFA         	movff	??_INTERRUPT_InterruptManager,pclath
  5864   000048  9251               	bcf	int$flags,1,c	;clear compiler interrupt flag (level 2)
  5865   00004A  0011               	retfie		f
  5866   00004C                     __end_of_INTERRUPT_InterruptManager:
  5867                           	callstack 0
  5868                           
  5869 ;; *************** function _TMR0_OverflowISR *****************
  5870 ;; Defined at:
  5871 ;;		line 139 in file "mcc_generated_files/timer/src/tmr0.c"
  5872 ;; Parameters:    Size  Location     Type
  5873 ;;		None
  5874 ;; Auto vars:     Size  Location     Type
  5875 ;;		None
  5876 ;; Return value:  Size  Location     Type
  5877 ;;                  1    wreg      void 
  5878 ;; Registers used:
  5879 ;;		wreg, status,2, status,0, pcl, pclath, pclatu, tosl, cstack
  5880 ;; Tracked objects:
  5881 ;;		On entry : 0/0
  5882 ;;		On exit  : 0/0
  5883 ;;		Unchanged: 0/0
  5884 ;; Data sizes:     COMRAM   BANK0   BANK1   BANK2   BANK3   BANK4   BANK5
  5885 ;;      Params:         0       0       0       0       0       0       0
  5886 ;;      Locals:         0       0       0       0       0       0       0
  5887 ;;      Temps:          0       0       0       0       0       0       0
  5888 ;;      Totals:         0       0       0       0       0       0       0
  5889 ;;Total ram usage:        0 bytes
  5890 ;; Hardware stack levels used: 1
  5891 ;; Hardware stack levels required when called: 1
  5892 ;; This function calls:
  5893 ;;		NULL
  5894 ;;		_TMR0_DefaultOverflowCallback
  5895 ;;		_myTMR0ISR
  5896 ;; This function is called by:
  5897 ;;		_INTERRUPT_InterruptManager
  5898 ;; This function uses a non-reentrant model
  5899 ;;
  5900                           
  5901                           	psect	text32
  5902   00080C                     __ptext32:
  5903                           	callstack 0
  5904   00080C                     _TMR0_OverflowISR:
  5905                           	callstack 22
  5906   00080C                     
  5907                           ;mcc_generated_files/timer/src/tmr0.c: 144:     TMR0H = (uint8_t)(tmr0PeriodCount >> 8);
  5908   00080C  5046               	movf	(_tmr0PeriodCount+1)^0,w,c	;volatile
  5909   00080E  6ED7               	movwf	215,c	;volatile
  5910   000810                     
  5911                           ;mcc_generated_files/timer/src/tmr0.c: 145:     TMR0L = (uint8_t)(tmr0PeriodCount);
  5912   000810  C045  FFD6         	movff	_tmr0PeriodCount,4054	;volatile
  5913   000814                     
  5914                           ;mcc_generated_files/timer/src/tmr0.c: 147:     if(((void*)0) != TMR0_OverflowCallback)
  5915   000814  504F               	movf	_TMR0_OverflowCallback^0,w,c
  5916   000816  1050               	iorwf	(_TMR0_OverflowCallback+1)^0,w,c
  5917   000818  B4D8               	btfsc	status,2,c
  5918   00081A  EF11  F004         	goto	i2u35_41
  5919   00081E  EF13  F004         	goto	i2u35_40
  5920   000822                     i2u35_41:
  5921   000822  EF20  F004         	goto	i2l1506
  5922   000826                     i2u35_40:
  5923   000826                     
  5924                           ;mcc_generated_files/timer/src/tmr0.c: 148:     {;mcc_generated_files/timer/src/tmr0.c: 
      +                          149:         TMR0_OverflowCallback();
  5925   000826  D802               	call	i2u36_48
  5926   000828  EF20  F004         	goto	i2u36_49
  5927   00082C                     i2u36_48:
  5928   00082C  0005               	push	
  5929   00082E  6EFA               	movwf	pclath,c
  5930   000830  504F               	movf	_TMR0_OverflowCallback^0,w,c
  5931   000832  6EFD               	movwf	tosl,c
  5932   000834  5050               	movf	(_TMR0_OverflowCallback+1)^0,w,c
  5933   000836  6EFE               	movwf	tosh,c
  5934   000838  50F8               	movf	tblptru,w,c
  5935   00083A  6EFF               	movwf	tosu,c
  5936   00083C  50FA               	movf	pclath,w,c
  5937   00083E  0012               	return		;indir
  5938   000840                     i2u36_49:
  5939   000840                     i2l1506:
  5940                           
  5941                           ;mcc_generated_files/timer/src/tmr0.c: 151:     INTCONbits.TMR0IF = 0;
  5942   000840  94F2               	bcf	242,2,c	;volatile
  5943   000842  0012               	return		;funcret
  5944   000844                     __end_of_TMR0_OverflowISR:
  5945                           	callstack 0
  5946                           
  5947 ;; *************** function _TMR0_DefaultOverflowCallback *****************
  5948 ;; Defined at:
  5949 ;;		line 159 in file "mcc_generated_files/timer/src/tmr0.c"
  5950 ;; Parameters:    Size  Location     Type
  5951 ;;		None
  5952 ;; Auto vars:     Size  Location     Type
  5953 ;;		None
  5954 ;; Return value:  Size  Location     Type
  5955 ;;                  1    wreg      void 
  5956 ;; Registers used:
  5957 ;;		None
  5958 ;; Tracked objects:
  5959 ;;		On entry : 0/0
  5960 ;;		On exit  : 0/0
  5961 ;;		Unchanged: 0/0
  5962 ;; Data sizes:     COMRAM   BANK0   BANK1   BANK2   BANK3   BANK4   BANK5
  5963 ;;      Params:         0       0       0       0       0       0       0
  5964 ;;      Locals:         0       0       0       0       0       0       0
  5965 ;;      Temps:          0       0       0       0       0       0       0
  5966 ;;      Totals:         0       0       0       0       0       0       0
  5967 ;;Total ram usage:        0 bytes
  5968 ;; Hardware stack levels used: 1
  5969 ;; This function calls:
  5970 ;;		Nothing
  5971 ;; This function is called by:
  5972 ;;		_TMR0_Initialize
  5973 ;;		_TMR0_OverflowISR
  5974 ;; This function uses a non-reentrant model
  5975 ;;
  5976                           
  5977                           	psect	text33
  5978   000AB6                     __ptext33:
  5979                           	callstack 0
  5980   000AB6                     _TMR0_DefaultOverflowCallback:
  5981                           	callstack 22
  5982   000AB6  0012               	return		;funcret
  5983   000AB8                     __end_of_TMR0_DefaultOverflowCallback:
  5984                           	callstack 0
  5985                           
  5986 ;; *************** function _myTMR0ISR *****************
  5987 ;; Defined at:
  5988 ;;		line 146 in file "main.c"
  5989 ;; Parameters:    Size  Location     Type
  5990 ;;		None
  5991 ;; Auto vars:     Size  Location     Type
  5992 ;;		None
  5993 ;; Return value:  Size  Location     Type
  5994 ;;                  1    wreg      void 
  5995 ;; Registers used:
  5996 ;;		wreg, status,2
  5997 ;; Tracked objects:
  5998 ;;		On entry : 0/0
  5999 ;;		On exit  : 0/0
  6000 ;;		Unchanged: 0/0
  6001 ;; Data sizes:     COMRAM   BANK0   BANK1   BANK2   BANK3   BANK4   BANK5
  6002 ;;      Params:         0       0       0       0       0       0       0
  6003 ;;      Locals:         0       0       0       0       0       0       0
  6004 ;;      Temps:          0       0       0       0       0       0       0
  6005 ;;      Totals:         0       0       0       0       0       0       0
  6006 ;;Total ram usage:        0 bytes
  6007 ;; Hardware stack levels used: 1
  6008 ;; This function calls:
  6009 ;;		Nothing
  6010 ;; This function is called by:
  6011 ;;		_main
  6012 ;;		_TMR0_OverflowISR
  6013 ;; This function uses a non-reentrant model
  6014 ;;
  6015                           
  6016                           	psect	text34
  6017   000A60                     __ptext34:
  6018                           	callstack 0
  6019   000A60                     _myTMR0ISR:
  6020                           	callstack 22
  6021   000A60  8C89               	bsf	137,6,c	;volatile
  6022   000A62  82C2               	bsf	194,1,c	;volatile
  6023   000A64  0E01               	movlw	1
  6024   000A66  6E4E               	movwf	_NEW_SAMPLE^0,c
  6025   000A68  9C89               	bcf	137,6,c	;volatile
  6026   000A6A  0012               	return		;funcret
  6027   000A6C                     __end_of_myTMR0ISR:
  6028                           	callstack 0
  6029                           
  6030                           	psect	rparam
  6031   000001                     ___rparam_used  equ	1
  6032   000000                     ___param_bank   equ	0
  6033   000000                     __Lparam        equ	__Lrparam
  6034   000000                     __Hparam        equ	__Hrparam
  6035                           
  6036                           	psect	temp
  6037   000051                     btemp:
  6038                           	callstack 0
  6039   000051                     	ds	1
  6040   000051                     int$flags       set	btemp
  6041   000052                     wtemp8          set	btemp+1
  6042   000052                     ttemp5          set	btemp+1
  6043   000055                     ttemp6          set	btemp+4
  6044   000059                     ttemp7          set	btemp+8
  6045                           
  6046                           	psect	config
  6047                           
  6048                           ; Padding undefined space
  6049   300000                     	org	3145728
  6050   300000  FF                 	db	255
  6051                           
  6052                           ;Config register CONFIG1H @ 0x300001
  6053                           ;	Oscillator Selection bits
  6054                           ;	FOSC = INTIO67, Internal oscillator block
  6055                           ;	4X PLL Enable
  6056                           ;	PLLCFG = OFF, Oscillator used directly
  6057                           ;	Primary clock enable bit
  6058                           ;	PRICLKEN = ON, Primary clock enabled
  6059                           ;	Fail-Safe Clock Monitor Enable bit
  6060                           ;	FCMEN = OFF, Fail-Safe Clock Monitor disabled
  6061                           ;	Internal/External Oscillator Switchover bit
  6062                           ;	IESO = OFF, Oscillator Switchover mode disabled
  6063   300001                     	org	3145729
  6064   300001  28                 	db	40
  6065                           
  6066                           ;Config register CONFIG2L @ 0x300002
  6067                           ;	Power-up Timer Enable bit
  6068                           ;	PWRTEN = OFF, Power up timer disabled
  6069                           ;	Brown-out Reset Enable bits
  6070                           ;	BOREN = SBORDIS, Brown-out Reset enabled in hardware only (SBOREN is disabled)
  6071                           ;	Brown Out Reset Voltage bits
  6072                           ;	BORV = 190, VBOR set to 1.90 V nominal
  6073   300002                     	org	3145730
  6074   300002  1F                 	db	31
  6075                           
  6076                           ;Config register CONFIG2H @ 0x300003
  6077                           ;	Watchdog Timer Enable bits
  6078                           ;	WDTEN = OFF, Watch dog timer is always disabled. SWDTEN has no effect.
  6079                           ;	Watchdog Timer Postscale Select bits
  6080                           ;	WDTPS = 32768, 1:32768
  6081   300003                     	org	3145731
  6082   300003  3C                 	db	60
  6083                           
  6084                           ; Padding undefined space
  6085   300004                     	org	3145732
  6086   300004  FF                 	db	255
  6087                           
  6088                           ;Config register CONFIG3H @ 0x300005
  6089                           ;	CCP2 MUX bit
  6090                           ;	CCP2MX = PORTC1, CCP2 input/output is multiplexed with RC1
  6091                           ;	PORTB A/D Enable bit
  6092                           ;	PBADEN = ON, PORTB<5:0> pins are configured as analog input channels on Reset
  6093                           ;	P3A/CCP3 Mux bit
  6094                           ;	CCP3MX = PORTB5, P3A/CCP3 input/output is multiplexed with RB5
  6095                           ;	HFINTOSC Fast Start-up
  6096                           ;	HFOFST = ON, HFINTOSC output and ready status are not delayed by the oscillator stable
      +                           status
  6097                           ;	Timer3 Clock input mux bit
  6098                           ;	T3CMX = PORTC0, T3CKI is on RC0
  6099                           ;	ECCP2 B output mux bit
  6100                           ;	P2BMX = PORTB5, P2B is on RB5
  6101                           ;	MCLR Pin Enable bit
  6102                           ;	MCLRE = EXTMCLR, MCLR pin enabled, RE3 input pin disabled
  6103   300005                     	org	3145733
  6104   300005  BF                 	db	191
  6105                           
  6106                           ;Config register CONFIG4L @ 0x300006
  6107                           ;	Stack Full/Underflow Reset Enable bit
  6108                           ;	STVREN = ON, Stack full/underflow will cause Reset
  6109                           ;	Single-Supply ICSP Enable bit
  6110                           ;	LVP = ON, Single-Supply ICSP enabled if MCLRE is also 1
  6111                           ;	Extended Instruction Set Enable bit
  6112                           ;	XINST = OFF, Instruction set extension and Indexed Addressing mode disabled (Legacy mo
      +                          de)
  6113                           ;	Background Debug
  6114                           ;	DEBUG = 0x1, unprogrammed default
  6115   300006                     	org	3145734
  6116   300006  85                 	db	133
  6117                           
  6118                           ; Padding undefined space
  6119   300007                     	org	3145735
  6120   300007  FF                 	db	255
  6121                           
  6122                           ;Config register CONFIG5L @ 0x300008
  6123                           ;	Code Protection Block 0
  6124                           ;	CP0 = OFF, Block 0 (000800-001FFFh) not code-protected
  6125                           ;	Code Protection Block 1
  6126                           ;	CP1 = OFF, Block 1 (002000-003FFFh) not code-protected
  6127                           ;	Code Protection Block 2
  6128                           ;	CP2 = OFF, Block 2 (004000-005FFFh) not code-protected
  6129                           ;	Code Protection Block 3
  6130                           ;	CP3 = OFF, Block 3 (006000-007FFFh) not code-protected
  6131   300008                     	org	3145736
  6132   300008  0F                 	db	15
  6133                           
  6134                           ;Config register CONFIG5H @ 0x300009
  6135                           ;	Boot Block Code Protection bit
  6136                           ;	CPB = OFF, Boot block (000000-0007FFh) not code-protected
  6137                           ;	Data EEPROM Code Protection bit
  6138                           ;	CPD = OFF, Data EEPROM not code-protected
  6139   300009                     	org	3145737
  6140   300009  C0                 	db	192
  6141                           
  6142                           ;Config register CONFIG6L @ 0x30000A
  6143                           ;	Write Protection Block 0
  6144                           ;	WRT0 = OFF, Block 0 (000800-001FFFh) not write-protected
  6145                           ;	Write Protection Block 1
  6146                           ;	WRT1 = OFF, Block 1 (002000-003FFFh) not write-protected
  6147                           ;	Write Protection Block 2
  6148                           ;	WRT2 = OFF, Block 2 (004000-005FFFh) not write-protected
  6149                           ;	Write Protection Block 3
  6150                           ;	WRT3 = OFF, Block 3 (006000-007FFFh) not write-protected
  6151   30000A                     	org	3145738
  6152   30000A  0F                 	db	15
  6153                           
  6154                           ;Config register CONFIG6H @ 0x30000B
  6155                           ;	Configuration Register Write Protection bit
  6156                           ;	WRTC = OFF, Configuration registers (300000-3000FFh) not write-protected
  6157                           ;	Boot Block Write Protection bit
  6158                           ;	WRTB = OFF, Boot Block (000000-0007FFh) not write-protected
  6159                           ;	Data EEPROM Write Protection bit
  6160                           ;	WRTD = OFF, Data EEPROM not write-protected
  6161   30000B                     	org	3145739
  6162   30000B  E0                 	db	224
  6163                           
  6164                           ;Config register CONFIG7L @ 0x30000C
  6165                           ;	Table Read Protection Block 0
  6166                           ;	EBTR0 = OFF, Block 0 (000800-001FFFh) not protected from table reads executed in other
      +                           blocks
  6167                           ;	Table Read Protection Block 1
  6168                           ;	EBTR1 = OFF, Block 1 (002000-003FFFh) not protected from table reads executed in other
      +                           blocks
  6169                           ;	Table Read Protection Block 2
  6170                           ;	EBTR2 = OFF, Block 2 (004000-005FFFh) not protected from table reads executed in other
      +                           blocks
  6171                           ;	Table Read Protection Block 3
  6172                           ;	EBTR3 = OFF, Block 3 (006000-007FFFh) not protected from table reads executed in other
      +                           blocks
  6173   30000C                     	org	3145740
  6174   30000C  0F                 	db	15
  6175                           
  6176                           ;Config register CONFIG7H @ 0x30000D
  6177                           ;	Boot Block Table Read Protection bit
  6178                           ;	EBTRB = OFF, Boot Block (000000-0007FFh) not protected from table reads executed in ot
      +                          her blocks
  6179   30000D                     	org	3145741
  6180   30000D  40                 	db	64
  6181                           tosu	equ	0xFFF
  6182                           tosh	equ	0xFFE
  6183                           tosl	equ	0xFFD
  6184                           stkptr	equ	0xFFC
  6185                           pclatu	equ	0xFFB
  6186                           pclath	equ	0xFFA
  6187                           pcl	equ	0xFF9
  6188                           tblptru	equ	0xFF8
  6189                           tblptrh	equ	0xFF7
  6190                           tblptrl	equ	0xFF6
  6191                           tablat	equ	0xFF5
  6192                           prodh	equ	0xFF4
  6193                           prodl	equ	0xFF3
  6194                           indf0	equ	0xFEF
  6195                           postinc0	equ	0xFEE
  6196                           postdec0	equ	0xFED
  6197                           preinc0	equ	0xFEC
  6198                           plusw0	equ	0xFEB
  6199                           fsr0h	equ	0xFEA
  6200                           fsr0l	equ	0xFE9
  6201                           wreg	equ	0xFE8
  6202                           indf1	equ	0xFE7
  6203                           postinc1	equ	0xFE6
  6204                           postdec1	equ	0xFE5
  6205                           preinc1	equ	0xFE4
  6206                           plusw1	equ	0xFE3
  6207                           fsr1h	equ	0xFE2
  6208                           fsr1l	equ	0xFE1
  6209                           bsr	equ	0xFE0
  6210                           indf2	equ	0xFDF
  6211                           postinc2	equ	0xFDE
  6212                           postdec2	equ	0xFDD
  6213                           preinc2	equ	0xFDC
  6214                           plusw2	equ	0xFDB
  6215                           fsr2h	equ	0xFDA
  6216                           fsr2l	equ	0xFD9
  6217                           status	equ	0xFD8

Data Sizes:
    Strings     326
    Constant    48
    Data        0
    BSS         52
    Persistent  2
    Stack       0

Auto Spaces:
    Space          Size  Autos    Used
    COMRAM           94     58      80
    BANK0           160      0      32
    BANK1           256      0       0
    BANK2           256      0       0
    BANK3           256      0       0
    BANK4           256      0       0
    BANK5           256      0       0

Pointer List with Targets:

    EUSART1_FramingErrorCallbackRegister@callbackHandler	PTR FTN()void  size(2) Largest target is 1
		 -> EUSART1_DefaultFramingErrorCallback(), 

    EUSART1_FramingErrorHandler	PTR FTN()void  size(2) Largest target is 1
		 -> EUSART1_DefaultFramingErrorCallback(), NULL(), 

    EUSART1_OverrunErrorCallbackRegister@callbackHandler	PTR FTN()void  size(2) Largest target is 1
		 -> EUSART1_DefaultOverrunErrorCallback(), 

    EUSART1_OverrunErrorHandler	PTR FTN()void  size(2) Largest target is 1
		 -> EUSART1_DefaultOverrunErrorCallback(), NULL(), 

    fputc@fp	PTR struct _IO_FILE size(2) Largest target is 0
		 -> NULL(NULL[0]), 

    fputc@fp$.$buffer	PTR unsigned char  size(2) Largest target is 0

    fputc@fp$.$source	PTR const unsigned char  size(2) Largest target is 0

    INT0_InterruptHandler	PTR FTN()void  size(2) Largest target is 1
		 -> INT0_DefaultInterruptHandler(), NULL(), 

    INT0_SetInterruptHandler@InterruptHandler	PTR FTN()void  size(2) Largest target is 1
		 -> INT0_DefaultInterruptHandler(), 

    INT1_InterruptHandler	PTR FTN()void  size(2) Largest target is 1
		 -> INT1_DefaultInterruptHandler(), NULL(), 

    INT1_SetInterruptHandler@InterruptHandler	PTR FTN()void  size(2) Largest target is 1
		 -> INT1_DefaultInterruptHandler(), 

    INT2_InterruptHandler	PTR FTN()void  size(2) Largest target is 1
		 -> INT2_DefaultInterruptHandler(), NULL(), 

    INT2_SetInterruptHandler@InterruptHandler	PTR FTN()void  size(2) Largest target is 1
		 -> INT2_DefaultInterruptHandler(), 

    printf@ap	PTR void [1] size(1) Largest target is 2
		 -> ?_printf(COMRAM[2]), 

    printf@fmt	PTR const unsigned char  size(2) Largest target is 51
		 -> STR_1(CODE[11]), STR_10(CODE[32]), STR_11(CODE[37]), STR_12(CODE[33]), 
		 -> STR_13(CODE[6]), STR_14(CODE[2]), STR_15(CODE[3]), STR_16(CODE[51]), 
		 -> STR_17(CODE[4]), STR_18(CODE[3]), STR_19(CODE[31]), STR_2(CODE[25]), 
		 -> STR_20(CODE[17]), STR_3(CODE[9]), STR_4(CODE[3]), STR_5(CODE[33]), 
		 -> STR_6(CODE[15]), STR_7(CODE[7]), STR_8(CODE[21]), STR_9(CODE[24]), 

    S1791$buffer	PTR unsigned char  size(2) Largest target is 0

    S1791$source	PTR const unsigned char  size(2) Largest target is 0

    S863$20$0	PTR FTN()void  size(2) Largest target is 1
		 -> EUSART1_DefaultFramingErrorCallback(), 

    S863$21$0	PTR FTN()void  size(2) Largest target is 1
		 -> EUSART1_DefaultOverrunErrorCallback(), 

    S863$AutoBaudEventEnableGet	PTR FTN()_Bool  size(2) Largest target is 1
		 -> NULL(), 

    S863$AutoBaudQuery	PTR FTN()_Bool  size(2) Largest target is 1
		 -> EUSART1_AutoBaudQuery(), 

    S863$AutoBaudSet	PTR FTN(_Bool ,)void  size(2) Largest target is 1
		 -> EUSART1_AutoBaudSet(), 

    S863$BaudRateGet	PTR FTN()unsigned long  size(2) Largest target is 1
		 -> NULL(), 

    S863$BaudRateSet	PTR FTN(unsigned long ,)void  size(2) Largest target is 1
		 -> NULL(), 

    S863$BRGCountGet	PTR FTN()unsigned long  size(2) Largest target is 1
		 -> NULL(), 

    S863$BRGCountSet	PTR FTN(unsigned long ,)void  size(2) Largest target is 1
		 -> NULL(), 

    S863$Deinitialize	PTR FTN()void  size(2) Largest target is 1
		 -> EUSART1_Deinitialize(), 

    S863$ErrorGet	PTR FTN()unsigned int  size(2) Largest target is 2
		 -> EUSART1_ErrorGet(), 

    S863$EventCallbackRegister	PTR FTN(PTR FTN()void ,)void  size(2) Largest target is 1
		 -> NULL(), 

    S863$FramingErrorCallbackRegister	PTR FTN(PTR FTN()void ,)void  size(2) Largest target is 1
		 -> EUSART1_FramingErrorCallbackRegister(), 

    S863$Initialize	PTR FTN()void  size(2) Largest target is 1
		 -> EUSART1_Initialize(), 

    S863$IsRxReady	PTR FTN()_Bool  size(2) Largest target is 1
		 -> EUSART1_IsRxReady(), 

    S863$IsTxDone	PTR FTN()_Bool  size(2) Largest target is 1
		 -> EUSART1_IsTxDone(), 

    S863$IsTxReady	PTR FTN()_Bool  size(2) Largest target is 1
		 -> EUSART1_IsTxReady(), 

    S863$OverrunErrorCallbackRegister	PTR FTN(PTR FTN()void ,)void  size(2) Largest target is 1
		 -> EUSART1_OverrunErrorCallbackRegister(), 

    S863$ParityErrorCallbackRegister	PTR FTN(PTR FTN()void ,)void  size(2) Largest target is 1
		 -> NULL(), 

    S863$Read	PTR FTN()unsigned char  size(2) Largest target is 1
		 -> EUSART1_Read(), 

    S863$RxCompleteCallbackRegister	PTR FTN(PTR FTN()void ,)void  size(2) Largest target is 1
		 -> NULL(), 

    S863$TransmitDisable	PTR FTN()void  size(2) Largest target is 1
		 -> EUSART1_TransmitDisable(), 

    S863$TransmitEnable	PTR FTN()void  size(2) Largest target is 1
		 -> EUSART1_TransmitEnable(), 

    S863$TxCollisionCallbackRegister	PTR FTN(PTR FTN()void ,)void  size(2) Largest target is 1
		 -> NULL(), 

    S863$TxCompleteCallbackRegister	PTR FTN(PTR FTN()void ,)void  size(2) Largest target is 1
		 -> NULL(), 

    S863$Write	PTR FTN(unsigned char ,)void  size(2) Largest target is 1
		 -> EUSART1_Write(), 

    TMR0_OverflowCallback	PTR FTN()void  size(2) Largest target is 1
		 -> myTMR0ISR(), TMR0_DefaultOverflowCallback(), NULL(), 

    TMR0_OverflowCallbackRegister@callbackHandler	PTR FTN()void  size(2) Largest target is 1
		 -> myTMR0ISR(), TMR0_DefaultOverflowCallback(), 

    UART1$AutoBaudEventEnableGet	PTR FTN()_Bool  size(2) Largest target is 1
		 -> NULL(), 

    UART1$AutoBaudQuery	PTR FTN()_Bool  size(2) Largest target is 1
		 -> EUSART1_AutoBaudQuery(), 

    UART1$AutoBaudSet	PTR FTN(_Bool ,)void  size(2) Largest target is 1
		 -> EUSART1_AutoBaudSet(), 

    UART1$BaudRateGet	PTR FTN()unsigned long  size(2) Largest target is 1
		 -> NULL(), 

    UART1$BaudRateSet	PTR FTN(unsigned long ,)void  size(2) Largest target is 1
		 -> NULL(), 

    UART1$BRGCountGet	PTR FTN()unsigned long  size(2) Largest target is 1
		 -> NULL(), 

    UART1$BRGCountSet	PTR FTN(unsigned long ,)void  size(2) Largest target is 1
		 -> NULL(), 

    UART1$Deinitialize	PTR FTN()void  size(2) Largest target is 1
		 -> EUSART1_Deinitialize(), 

    UART1$ErrorGet	PTR FTN()unsigned int  size(2) Largest target is 2
		 -> EUSART1_ErrorGet(), 

    UART1$EventCallbackRegister	PTR FTN(PTR FTN()void ,)void  size(2) Largest target is 1
		 -> NULL(), 

    UART1$FramingErrorCallbackRegister	PTR FTN(PTR FTN()void ,)void  size(2) Largest target is 1
		 -> EUSART1_FramingErrorCallbackRegister(), 

    UART1$Initialize	PTR FTN()void  size(2) Largest target is 1
		 -> EUSART1_Initialize(), 

    UART1$IsRxReady	PTR FTN()_Bool  size(2) Largest target is 1
		 -> EUSART1_IsRxReady(), 

    UART1$IsTxDone	PTR FTN()_Bool  size(2) Largest target is 1
		 -> EUSART1_IsTxDone(), 

    UART1$IsTxReady	PTR FTN()_Bool  size(2) Largest target is 1
		 -> EUSART1_IsTxReady(), 

    UART1$OverrunErrorCallbackRegister	PTR FTN(PTR FTN()void ,)void  size(2) Largest target is 1
		 -> EUSART1_OverrunErrorCallbackRegister(), 

    UART1$ParityErrorCallbackRegister	PTR FTN(PTR FTN()void ,)void  size(2) Largest target is 1
		 -> NULL(), 

    UART1$Read	PTR FTN()unsigned char  size(2) Largest target is 1
		 -> EUSART1_Read(), 

    UART1$RxCompleteCallbackRegister	PTR FTN(PTR FTN()void ,)void  size(2) Largest target is 1
		 -> NULL(), 

    UART1$TransmitDisable	PTR FTN()void  size(2) Largest target is 1
		 -> EUSART1_TransmitDisable(), 

    UART1$TransmitEnable	PTR FTN()void  size(2) Largest target is 1
		 -> EUSART1_TransmitEnable(), 

    UART1$TxCollisionCallbackRegister	PTR FTN(PTR FTN()void ,)void  size(2) Largest target is 1
		 -> NULL(), 

    UART1$TxCompleteCallbackRegister	PTR FTN(PTR FTN()void ,)void  size(2) Largest target is 1
		 -> NULL(), 

    UART1$Write	PTR FTN(unsigned char ,)void  size(2) Largest target is 1
		 -> EUSART1_Write(), 

    vfpfcnvrt@ap	PTR PTR void  size(1) Largest target is 1
		 -> printf@ap(COMRAM[1]), 

    vfpfcnvrt@cp	PTR unsigned char  size(2) Largest target is 51
		 -> STR_1(CODE[11]), STR_10(CODE[32]), STR_11(CODE[37]), STR_12(CODE[33]), 
		 -> STR_13(CODE[6]), STR_14(CODE[2]), STR_15(CODE[3]), STR_16(CODE[51]), 
		 -> STR_17(CODE[4]), STR_18(CODE[3]), STR_19(CODE[31]), STR_2(CODE[25]), 
		 -> STR_20(CODE[17]), STR_3(CODE[9]), STR_4(CODE[3]), STR_5(CODE[33]), 
		 -> STR_6(CODE[15]), STR_7(CODE[7]), STR_8(CODE[21]), STR_9(CODE[24]), 

    vfpfcnvrt@fmt	PTR PTR unsigned char  size(1) Largest target is 2
		 -> vfprintf@cfmt(COMRAM[2]), 

    vfpfcnvrt@fp	PTR struct _IO_FILE size(2) Largest target is 0
		 -> NULL(NULL[0]), 

    vfprintf@ap	PTR PTR void  size(1) Largest target is 1
		 -> printf@ap(COMRAM[1]), 

    vfprintf@cfmt	PTR unsigned char  size(2) Largest target is 51
		 -> STR_1(CODE[11]), STR_10(CODE[32]), STR_11(CODE[37]), STR_12(CODE[33]), 
		 -> STR_13(CODE[6]), STR_14(CODE[2]), STR_15(CODE[3]), STR_16(CODE[51]), 
		 -> STR_17(CODE[4]), STR_18(CODE[3]), STR_19(CODE[31]), STR_2(CODE[25]), 
		 -> STR_20(CODE[17]), STR_3(CODE[9]), STR_4(CODE[3]), STR_5(CODE[33]), 
		 -> STR_6(CODE[15]), STR_7(CODE[7]), STR_8(CODE[21]), STR_9(CODE[24]), 

    vfprintf@fmt	PTR const unsigned char  size(2) Largest target is 51
		 -> STR_1(CODE[11]), STR_10(CODE[32]), STR_11(CODE[37]), STR_12(CODE[33]), 
		 -> STR_13(CODE[6]), STR_14(CODE[2]), STR_15(CODE[3]), STR_16(CODE[51]), 
		 -> STR_17(CODE[4]), STR_18(CODE[3]), STR_19(CODE[31]), STR_2(CODE[25]), 
		 -> STR_20(CODE[17]), STR_3(CODE[9]), STR_4(CODE[3]), STR_5(CODE[33]), 
		 -> STR_6(CODE[15]), STR_7(CODE[7]), STR_8(CODE[21]), STR_9(CODE[24]), 

    vfprintf@fp	PTR struct _IO_FILE size(2) Largest target is 0
		 -> NULL(NULL[0]), 


Critical Paths under _main in COMRAM

    _main->_printf
    _printf->_vfprintf
    _vfprintf->_vfpfcnvrt
    _vfpfcnvrt->_fputc
    _fputc->_putch
    _putch->_EUSART1_IsTxReady
    _putch->_EUSART1_Write
    _abs->___awmod
    _TMR0_Initialize->_TMR0_OverflowCallbackRegister
    _INTERRUPT_Initialize->_INT0_SetInterruptHandler
    _INTERRUPT_Initialize->_INT1_SetInterruptHandler
    _INTERRUPT_Initialize->_INT2_SetInterruptHandler
    _EUSART1_Initialize->_EUSART1_FramingErrorCallbackRegister
    _EUSART1_Initialize->_EUSART1_OverrunErrorCallbackRegister

Critical Paths under _INTERRUPT_InterruptManager in COMRAM

    None.

Critical Paths under _main in BANK0

    None.

Critical Paths under _INTERRUPT_InterruptManager in BANK0

    None.

Critical Paths under _main in BANK1

    None.

Critical Paths under _INTERRUPT_InterruptManager in BANK1

    None.

Critical Paths under _main in BANK2

    None.

Critical Paths under _INTERRUPT_InterruptManager in BANK2

    None.

Critical Paths under _main in BANK3

    None.

Critical Paths under _INTERRUPT_InterruptManager in BANK3

    None.

Critical Paths under _main in BANK4

    None.

Critical Paths under _INTERRUPT_InterruptManager in BANK4

    None.

Critical Paths under _main in BANK5

    None.

Critical Paths under _INTERRUPT_InterruptManager in BANK5

    None.

Call Graph Tables:

 ---------------------------------------------------------------------------------
 (Depth) Function   	        Calls       Base Space   Used Autos Params    Refs
 ---------------------------------------------------------------------------------
 (0) _main                                                19    19      0    2464
                                             39 COMRAM    19    19      0
                  _ADC_SelectChannel
                  _EUSART1_IsRxReady
                       _EUSART1_Read
                  _SYSTEM_Initialize
                    _TMR0_CounterSet
      _TMR0_OverflowCallbackRegister
                             _printf
 ---------------------------------------------------------------------------------
 (1) _printf                                               7     3      4    1833
                                             34 COMRAM     5     1      4
                           _vfprintf
 ---------------------------------------------------------------------------------
 (2) _vfprintf                                             7     2      5    1757
                                             27 COMRAM     7     2      5
                          _vfpfcnvrt
 ---------------------------------------------------------------------------------
 (3) _vfpfcnvrt                                           14    10      4    1629
                                             13 COMRAM    14    10      4
                            ___awdiv
                            ___awmod
                                _abs
                              _fputc
 ---------------------------------------------------------------------------------
 (4) _fputc                                                9     5      4     314
                                              4 COMRAM     9     5      4
                              _putch
 ---------------------------------------------------------------------------------
 (5) _putch                                                1     1      0      82
                                              3 COMRAM     1     1      0
                  _EUSART1_IsTxReady
                      _EUSART1_Write
 ---------------------------------------------------------------------------------
 (6) _EUSART1_Write                                        1     1      0      29
                                              2 COMRAM     1     1      0
 ---------------------------------------------------------------------------------
 (6) _EUSART1_IsTxReady                                    1     1      0      24
                                              2 COMRAM     1     1      0
 ---------------------------------------------------------------------------------
 (4) _abs                                                  4     2      2      67
                                              8 COMRAM     4     2      2
                            ___awmod (ARG)
 ---------------------------------------------------------------------------------
 (4) ___awmod                                              6     2      4     298
                                              2 COMRAM     6     2      4
 ---------------------------------------------------------------------------------
 (4) ___awdiv                                              8     4      4     302
                                              2 COMRAM     8     4      4
 ---------------------------------------------------------------------------------
 (1) _TMR0_CounterSet                                      2     0      2      45
                                              2 COMRAM     2     0      2
 ---------------------------------------------------------------------------------
 (1) _SYSTEM_Initialize                                    0     0      0     183
                     _ADC_Initialize
                    _CCP5_Initialize
                   _CLOCK_Initialize
                 _EUSART1_Initialize
               _INTERRUPT_Initialize
             _PIN_MANAGER_Initialize
                    _TMR0_Initialize
 ---------------------------------------------------------------------------------
 (2) _TMR0_Initialize                                      0     0      0      24
      _TMR0_OverflowCallbackRegister
 ---------------------------------------------------------------------------------
 (1) _TMR0_OverflowCallbackRegister                        2     0      2      24
                                              2 COMRAM     2     0      2
 ---------------------------------------------------------------------------------
 (2) _PIN_MANAGER_Initialize                               0     0      0       0
 ---------------------------------------------------------------------------------
 (2) _INTERRUPT_Initialize                                 0     0      0      69
           _INT0_SetInterruptHandler
           _INT1_SetInterruptHandler
           _INT2_SetInterruptHandler
 ---------------------------------------------------------------------------------
 (3) _INT2_SetInterruptHandler                             2     0      2      23
                                              2 COMRAM     2     0      2
 ---------------------------------------------------------------------------------
 (3) _INT1_SetInterruptHandler                             2     0      2      23
                                              2 COMRAM     2     0      2
 ---------------------------------------------------------------------------------
 (3) _INT0_SetInterruptHandler                             2     0      2      23
                                              2 COMRAM     2     0      2
 ---------------------------------------------------------------------------------
 (2) _EUSART1_Initialize                                   0     0      0      90
_EUSART1_FramingErrorCallbackRegiste
_EUSART1_OverrunErrorCallbackRegiste
 ---------------------------------------------------------------------------------
 (3) _EUSART1_OverrunErrorCallbackRegister                 2     0      2      45
                                              2 COMRAM     2     0      2
 ---------------------------------------------------------------------------------
 (3) _EUSART1_FramingErrorCallbackRegister                 2     0      2      45
                                              2 COMRAM     2     0      2
 ---------------------------------------------------------------------------------
 (2) _CLOCK_Initialize                                     0     0      0       0
 ---------------------------------------------------------------------------------
 (2) _CCP5_Initialize                                      0     0      0       0
 ---------------------------------------------------------------------------------
 (2) _ADC_Initialize                                       0     0      0       0
 ---------------------------------------------------------------------------------
 (1) _EUSART1_Read                                         0     0      0       0
                                NULL *
_EUSART1_DefaultFramingErrorCallback *
_EUSART1_DefaultOverrunErrorCallback *
 ---------------------------------------------------------------------------------
 (2) _EUSART1_DefaultOverrunErrorCallback                  0     0      0       0
 ---------------------------------------------------------------------------------
 (2) _EUSART1_DefaultFramingErrorCallback                  0     0      0       0
 ---------------------------------------------------------------------------------
 (9) NULL(Fake)                                            0     0      0       0
 ---------------------------------------------------------------------------------
 (1) _EUSART1_IsRxReady                                    0     0      0       0
 ---------------------------------------------------------------------------------
 (1) _ADC_SelectChannel                                    2     2      0      15
                                              2 COMRAM     2     2      0
 ---------------------------------------------------------------------------------
 Estimated maximum stack depth 9
 ---------------------------------------------------------------------------------
 (Depth) Function   	        Calls       Base Space   Used Autos Params    Refs
 ---------------------------------------------------------------------------------
 (7) _INTERRUPT_InterruptManager                           2     2      0       0
                                              0 COMRAM     2     2      0
                   _TMR0_OverflowISR
 ---------------------------------------------------------------------------------
 (8) _TMR0_OverflowISR                                     0     0      0       0
                                NULL *
       _TMR0_DefaultOverflowCallback *
                          _myTMR0ISR *
 ---------------------------------------------------------------------------------
 (9) _myTMR0ISR                                            0     0      0       0
 ---------------------------------------------------------------------------------
 (9) _TMR0_DefaultOverflowCallback                         0     0      0       0
 ---------------------------------------------------------------------------------
 (9) NULL(Fake)                                            0     0      0       0
 ---------------------------------------------------------------------------------
 Estimated maximum stack depth 9
 ---------------------------------------------------------------------------------

 Call Graph Graphs:

 _main (ROOT)
   _ADC_SelectChannel
   _EUSART1_IsRxReady
   _EUSART1_Read
     NULL(Fake) *
     _EUSART1_DefaultFramingErrorCallback *
     _EUSART1_DefaultOverrunErrorCallback *
   _SYSTEM_Initialize
     _ADC_Initialize
     _CCP5_Initialize
     _CLOCK_Initialize
     _EUSART1_Initialize
       _EUSART1_FramingErrorCallbackRegister
       _EUSART1_OverrunErrorCallbackRegister
     _INTERRUPT_Initialize
       _INT0_SetInterruptHandler
       _INT1_SetInterruptHandler
       _INT2_SetInterruptHandler
     _PIN_MANAGER_Initialize
     _TMR0_Initialize
       _TMR0_OverflowCallbackRegister
   _TMR0_CounterSet
   _TMR0_OverflowCallbackRegister
   _printf
     _vfprintf
       _vfpfcnvrt
         ___awdiv
         ___awmod
         _abs
           ___awmod (ARG)
         _fputc
           _putch
             _EUSART1_IsTxReady
             _EUSART1_Write

 _INTERRUPT_InterruptManager (ROOT)
   _TMR0_OverflowISR
     NULL(Fake) *
     _TMR0_DefaultOverflowCallback *
     _myTMR0ISR *

Address spaces:
Name               Size   Autos  Total    Usage
BIGRAM            1535      0       0      0.0%
BITBANK5           256      0       0      0.0%
BANK5              256      0       0      0.0%
BITBANK4           256      0       0      0.0%
BANK4              256      0       0      0.0%
BITBANK3           256      0       0      0.0%
BANK3              256      0       0      0.0%
BITBANK2           256      0       0      0.0%
BANK2              256      0       0      0.0%
BITBANK1           256      0       0      0.0%
BANK1              256      0       0      0.0%
BITBANK0           160      0       0      0.0%
BANK0              160      0      32     20.0%
BITCOMRAM           94      0       0      0.0%
COMRAM              94     58      80     85.1%
BITBIGSFRh          61      0       0      0.0%
BITBIGSFRlh         56      0       0      0.0%
BITBIGSFRllh        38      0       0      0.0%
BITBIGSFRllll       25      0       0      0.0%
BITBIGSFRlllh       13      0       0      0.0%
STACK                0      0       0      0.0%
DATA                 0      0     112      0.0%


Microchip Technology PIC18 Macro Assembler V3.00 build 20241204225717 
Symbol Table                                                                                   Thu Oct 23 17:49:59 2025

                                                 l37 08E0                                                   l54 0A9C  
                                                 l80 0A88                                                   l67 0A92  
                                                 l92 0A5E                                         ___awdiv@sign 0008  
                                                l113 0936                                                  l300 0A2A  
                                                l204 0064                                                  l213 014C  
                                                l230 021E                                                  l215 016C  
                                                l128 0A74                                                  l224 01A8  
                                                l216 0172                                                  l153 0A7E  
                                                l219 0196                                                  l325 0AAC  
                                                l173 09DC                                                  l434 0A3E  
                                                l275 090E                                                  l452 07C4  
                                                l470 0AB4                                                  l390 0878  
                                                l438 0980                                                  l439 0982  
                                                l455 0AA4                                                  l473 0AB2  
                                                l297 0A50                                                  l481 09F8  
                                                l715 0692                                                  l467 09BE  
                                                l477 0A14                                                  l728 0740  
                                                u410 0794                                                  u411 0790  
                                                u420 07A8                                                  u421 07A4  
                                                u408 0772                                                  u409 0786  
                                                u370 0A3C                                                  u371 0A36  
                                                u380 0758                                                  u700 065C  
                                                u381 0754                                                  u701 0658  
                                                u438 07AE                                                  u390 076C  
                                                u710 0682                                                  u630 096E  
                                                u439 07C2                                                  u391 0768  
                                                u711 067E                                                  u631 096A  
                                                u376 0A3E                                                  u720 06A4  
                                                u640 097C                                                  u800 0554  
                                                u721 06A0                                                  u641 0978  
                                                u801 0550                                                  u730 06BE  
                                                u650 09B8                                                  u810 058A  
                                                u731 06BA                                                  u651 09B4  
                                                u811 0586                                                  u660 05E2  
                                                u740 06D8                                                  u820 0888  
                                                u900 03F8                                                  u661 05DE  
                                                u741 06D4                                                  u821 0884  
                                                u830 0A0C                                                  u670 05FC  
                                                u750 06F6                                                  u910 0458  
                                                u831 0A08                                                  u671 05F8  
                                                u751 06F2                                                  u911 0454  
                                                u840 09F0                                                  u680 0622  
                                                u760 070C                                                  u920 0468  
                                                u841 09EC                                                  u681 061E  
                                                u761 0708                                                  u921 0464  
                                                u690 0640                                                  u770 0730  
                                                u930 0478                                                  u850 02F6  
                                                u691 063C                                                  u771 072C  
                                                u931 0474                                                  u851 02F2  
                                                u780 051A                                                  u940 0488  
                                                u860 0334                                                  u781 0516  
                                                u941 0484                                                  u861 0330  
                                                u790 052C                                                  u950 04CC  
                                                u870 0394                                                  u791 0528  
                                                u951 04C8                                                  u871 0390  
                                                u880 03B0                                                  u960 0802  
                                                u881 03AC                                                  u961 07FE  
                                                u890 03F6                                                  u970 0072  
                                                u891 03F0                                                  u971 006E  
                                                u980 00C6                                                  u981 00C2  
                                                u990 016C                                                  u991 0168  
                         ??_INT0_SetInterruptHandler 0005                                                  _abs 087A  
                                       ___awmod@sign 0008                                                  tosl 0FFD  
                                                wreg 0FE8                                           _TXSTA1bits 0FAC  
                                    _CCP5_Initialize 0AA6                                                 l2000 07E6  
                                               l2010 09C0                                                 l2002 0802  
                                               l1211 0894                                                 ?_abs 0009  
                                               l2020 09D8                                                 l2012 09C8  
                                               l2100 01FC                                                 l2014 09CC  
                                               l2006 0A6C                                                 l1214 08AC  
                                               l2022 0984                                                 l2110 023C  
                                               l2102 01FE                                                 l2030 0054  
                                               l1207 080A                                                 l2016 09D0  
                                               l2008 0A70                                                 l2024 0988  
                                               l2104 020E                                                 l2040 0080  
                                               l2032 0056                                                 l2018 09D4  
                                               l1226 05D0                                                 l1162 09A0  
                                               l2106 021E                                                 l2114 0252  
                                               l2050 00B2                                                 l2042 0082  
                                               l2034 0062                                                 l2108 0226  
                                               l2052 00C6                                                 l2044 008E  
                                               l2036 0072                                                 l2028 0050  
                                               l1190 0506                                                 l2062 014E  
                                               l2054 00D0                                                 l2046 009A  
                                               l2038 007E                                                 l1440 0A52  
                                               l2072 0174                                                 l2064 015A  
                                               l2056 013C                                                 l2048 00A6  
                                               l1530 0A2C                                                 l2090 01C8  
                                               l2082 0198                                                 l2074 0180  
                                               l2066 015C                                                 l1540 075A  
                                               l1460 0906                                                 l2092 01DC  
                                               l2084 01AA                                                 l2076 0182  
                                               l1550 07A8                                                 l1542 076C  
                                               l1534 0742                                                 l1470 0A46  
                                               l1462 090C                                                 l1454 08E2  
                                               l2086 01B6                                                 l1552 07C2  
                                               l1544 0786                                                 l1536 074A  
                                               l1472 0A48                                                 l1464 0AA6  
                                               l1456 08E6                                                 l1800 05EE  
                                               l2088 01B8                                                 l1546 0794  
                                               l1538 0758                                                 l1474 0A4E  
                                               l1466 0A40                                                 l1458 08EE  
                                               l1810 0622                                                 l1802 05FC  
                                               l2098 01DE                                                 l1556 0A18  
                                               l1548 0796                                                 l1468 0A42  
                                               l1900 0A0C                                                 l1820 065C  
                                               l1812 062A                                                 l1804 0604  
                                               l1486 0AAE                                                 l1902 09DE  
                                               l1830 0682                                                 l1822 0664  
                                               l1814 0632                                                 l1806 0608  
                                               l1910 0302                                                 l1904 09F0  
                                               l1832 068A                                                 l1824 0666  
                                               l1816 0640                                                 l1808 0610  
                                               l1840 06A4                                                 l1920 0354  
                                               l1912 030E                                                 l1826 066C  
                                               l1818 0646                                                 l1850 06D8  
                                               l1842 06AC                                                 l1930 03B0  
                                               l1914 0312                                                 l1906 02D4  
                                               l1828 0672                                                 l1860 0714  
                                               l1852 06E0                                                 l1844 06B0  
                                               l1836 0694                                                 l1940 0446  
                                               l1932 03C8                                                 l1916 0334  
                                               l1924 036A                                                 l1908 02F6  
                                               l1862 071A                                                 l1854 06E8  
                                               l1846 06BE                                                 l1838 0696  
                                               l1774 095E                                                 l1782 0AA0  
                                               l1950 049A                                                 l1942 0458  
                                               l1934 03E2                                                 l1926 0378  
                                               l1918 0340                                                 l1792 05D2  
                                               l1856 06F6                                                 l1864 0720  
                                               l1848 06C6                                                 l1776 096E  
                                               l1784 09A4                                                 l1880 0554  
                                               l1872 0508                                                 l1952 04B8  
                                               l1944 0468                                                 l1936 03FA  
                                               l1928 0394                                                 l1960 04E0  
                                               l1890 0A94                                                 l1970 08C0  
                                               l1794 05D4                                                 l1866 0730  
                                               l1858 070C                                                 l1778 097C  
                                               l1786 09A4                                                 l1882 058A  
                                               l1874 051A                                                 l1946 0478  
                                               l1954 04BA                                                 l1938 042A  
                                               l1892 0A8A                                                 l1972 08C2  
                                               l1980 0912                                                 l1796 05E2  
                                               l1868 0738                                                 l1788 09B8  
                                               l1876 052C                                                 l1948 0488  
                                               l1956 04D0                                                 l1990 0844  
                                               l1894 0A80                                                 l1974 08D0  
                                               l1966 08AE                                                 l1982 0922  
                                               l1798 05EA                                                 l1886 087A  
                                               l1878 0536                                                 l1992 0858  
                                               l1976 08D2                                                 l1968 08B4  
                                               l1896 0A76                                                 l1984 092E  
                                               l1888 0888                                                 l1898 09FA  
                                               l1994 0864                                                 l1986 0930  
                                               l1978 0910                                                 l1988 0932  
                                               l1996 07C6                                                 l1998 07D2  
                                               STR_1 7FD7                                                 STR_2 7F71  
                                               STR_3 7FE2                                                 STR_4 7FFC  
                                               STR_5 7F11                                                 STR_6 7FC8  
                                               STR_7 7FEB                                                 STR_8 7FA2  
                                               STR_9 7F8A                                                 u1000 0192  
                                               u1001 018E                                                 u1010 01A8  
                                               u1011 01A4                                                 u1020 01C8  
                                               u1021 01C4                                                 u1030 020E  
                                               u1031 020A                                                 _IOCB 0F62  
                                               _LATA 0F89                                                 _LATB 0F8A  
                                               _LATC 0F8B                                                 i2l44 0040  
                                               _WPUB 0F61                                        _EUSART1_Write 0A9E  
                                               abs@a 0009                                                 _dbuf 0060  
                                               _main 0050                                        ?_EUSART1_Read 0001  
                                               _prec 003D                                                 fsr1h 0FE2  
                                               fsr2h 0FDA                                                 indf2 0FDF  
                                               fsr1l 0FE1                                                 fsr2l 0FD9  
                                               btemp 0051                              __end_of_TMR0_CounterSet 0A76  
                          ?_INT2_SetInterruptHandler 0003                                                 start 004C  
                                       ___param_bank 0000                                     _TMR0_OverflowISR 080C  
                                              ??_abs 000B                              __end_of_TMR0_Initialize 0938  
                                       _BAUDCON1bits 0FB8                                                ?_main 0001  
                                    __end_of___awdiv 0694                                                STR_10 7F32  
                                              STR_11 7EEC                                                STR_12 7F11  
                                              STR_20 7FB7                                                STR_13 7FF2  
                                              STR_14 7F30                                                STR_15 7FF5  
                                              STR_16 7EB9                                                STR_17 7FF8  
                                              STR_18 7F2F                                                STR_19 7F52  
                                    __end_of___awmod 0742                                                _T0CON 0FD5  
                                    ___awdiv@divisor 0005                                                i2l150 0842  
                                              i2l242 0A60                                                i2l243 0A62  
                                              i2l156 0AB6                                                i2l246 0A6A  
                                    ___awdiv@counter 0007                                                _UART1 7E89  
                                       vfpfcnvrt@fmt 0010                                                _TMR0H 0FD7  
                                              _TMR0L 0FD6                                                _TRISA 0F92  
                                              _TRISB 0F93                                                _TRISC 0F94  
                                              _TRISE 0F96         __end_of_EUSART1_FramingErrorCallbackRegister 0A16  
             ??_EUSART1_FramingErrorCallbackRegister 0005                ?_EUSART1_FramingErrorCallbackRegister 0003  
               _EUSART1_FramingErrorCallbackRegister 09FA                                                _flags 004D  
                                              _fputc 0508                                                _width 003B  
                                              _putch 09A2                                                main@i 003A  
                           _INT1_SetInterruptHandler 0A8A                                       ?_EUSART1_Write 0001  
                                              pclath 0FFA                                                pclatu 0FFB  
                                    _tmr0PeriodCount 0045                                                tablat 0FF5  
                                     ??_EUSART1_Read 0003                                _EUSART1_AutoBaudQuery 0000  
                                              ttemp5 0052                                                ttemp6 0055  
                                              ttemp7 0059                                                status 0FD8  
                                              wtemp8 0052                                      __initialization 0938  
                         __end_of_EUSART1_Initialize 087A                                         __end_of_main 02D4  
                        ?_INTERRUPT_InterruptManager 0001                                               ??_main 0028  
                            __end_of_CCP5_Initialize 0AAE                                        __activetblptr 0002  
EUSART1_OverrunErrorCallbackRegister@callbackHandler 0003  EUSART1_FramingErrorCallbackRegister@callbackHandler 0003  
       TMR0_OverflowCallbackRegister@callbackHandler 0003                                               _ADCON0 0FC2  
                                             _ADCON1 0FC1                                               _ADCON2 0FC0  
                                             ?_fputc 0005                                               _ADRESH 0FC4  
                                             _ADRESL 0FC3                                               _CCPR5L 0F55  
                                   ___awdiv@dividend 0003                                               _ANSELA 0F38  
                                             ?_putch 0001                                               _ANSELB 0F39  
                                             _ANSELC 0F3A                                               i2l1500 0810  
                                             i2l1502 0814                                               i2l1504 0826  
                                             i2l1506 0840                                               i2l1560 0020  
                                             i2l1482 0A64                                               i2l1562 002E  
                                             i2l1484 0A68                                               i2l1564 003C  
                                             i2l1558 0012                                               i2l1498 080C  
                                             _RCREG1 0FAE                                               _RCSTA1 0FAB  
                                             _OSCCON 0FD3                                        vfpfcnvrt@done 0014  
                                             _SPBRG1 0FAF                                               _TXREG1 0FAD  
                                             _TXSTA1 0FAC                                     ?_TMR0_CounterSet 0003  
                                       vfprintf@cfmt 0021                          TMR0_CounterSet@counterValue 0003  
                                          ??___awdiv 0007                                            ??___awmod 0007  
                                   ?_TMR0_Initialize 0001                                               clear_0 093E  
                                             clear_1 094A                                     ___awdiv@quotient 0009  
                                    ___awmod@divisor 0005                                               isa$std 0001  
                                    ___awmod@counter 0007                                               _printf 0984  
                                  ?_CLOCK_Initialize 0001                                               fputc@c 0005  
                       _INT2_DefaultInterruptHandler 0000                                   ??_CLOCK_Initialize 0003  
                                       __mediumconst 7E88                                               tblptrh 0FF7  
                                             tblptrl 0FF6                                               tblptru 0FF8  
       __end_of_EUSART1_OverrunErrorCallbackRegister 09FA               ??_EUSART1_OverrunErrorCallbackRegister 0005  
              ?_EUSART1_OverrunErrorCallbackRegister 0003                 _EUSART1_OverrunErrorCallbackRegister 09DE  
                                   __end_of_vfprintf 080C                                      ??_EUSART1_Write 0003  
           INT2_SetInterruptHandler@InterruptHandler 0003             INT1_SetInterruptHandler@InterruptHandler 0003  
           INT0_SetInterruptHandler@InterruptHandler 0003                                    _SYSTEM_Initialize 09C0  
                                         __accesstop 0060                              __end_of__initialization 0950  
                                 ?_SYSTEM_Initialize 0001                                        ___rparam_used 0001  
                                      __end_of_UART1 7EB9                                       __pcstackCOMRAM 0001  
                                ??_SYSTEM_Initialize 0005                                        __end_of_fputc 05D2  
                                      __end_of_putch 09C0                                 __end_of_EUSART1_Read 07C6  
                                   ?_CCP5_Initialize 0001                     __end_of_INT2_SetInterruptHandler 0A8A  
                           __end_of_TMR0_OverflowISR 0844                                              ??_fputc 0009  
                          __end_of_SYSTEM_Initialize 09DE                                              ??_putch 0004  
                                         __pbssBANK0 0060                                _INT0_InterruptHandler 004B  
                                         __pnvCOMRAM 004F                                _TMR0_OverflowCallback 004F  
                                            _CCP5CON 0F54                                     _EUSART1_IsTxDone 0000  
                             _EUSART1_IsTxReady$1329 0003                                              ?_printf 0023  
                                   _EUSART1_ErrorGet 0000                           ??_INT1_SetInterruptHandler 0005  
                                            _OSCCON2 0FD2                                              i2u35_40 0826  
                                            i2u35_41 0822                                              i2u44_40 0020  
                                            i2u44_41 001C                                              i2u36_48 082C  
                                            i2u45_40 002E                                              i2u36_49 0840  
                                            i2u45_41 002A                                              i2u46_40 003C  
                                            i2u46_41 0038                                              _OSCTUNE 0F9B  
                                            _SPBRGH1 0FB0                            ?_INT0_SetInterruptHandler 0003  
                               _EUSART1_Deinitialize 0000                               _EUSART1_TransmitEnable 0000  
                                            __Hparam 0000                                              __Lparam 0000  
                                            ___awdiv 05D2                                              ___awmod 0694  
                                  __end_of_myTMR0ISR 0A6C                                            ?_vfprintf 001C  
                                            __pcinit 0938                                              __ramtop 0600  
                                            __ptext0 0050                                              __ptext1 0984  
                                            __ptext2 07C6                                              __ptext3 02D4  
                                            __ptext4 0508                                              __ptext5 09A2  
                                            __ptext6 0A9E                                              __ptext7 095E  
                                            __ptext8 087A                                              __ptext9 0694  
                                          _T0CONbits 0FD5                                     ___awmod@dividend 0003  
                                 _EUSART1_Initialize 0844                             ??_PIN_MANAGER_Initialize 0003  
                                            main@cmd 0039                                 end_of_initialization 0950  
                           _INT2_SetInterruptHandler 0A80                                  ?_EUSART1_Initialize 0001  
                                            fputc@fp 0007                                        __Lmediumconst 7E88  
                        _EUSART1_OverrunErrorHandler 003F                                    __end_of_vfpfcnvrt 0508  
                                            postdec2 0FDD                                              postinc0 0FEE  
                                            postinc1 0FE6                                              postinc2 0FDE  
                                   vfpfcnvrt@convarg 0017                                           ??_vfprintf 0021  
                               ??_EUSART1_Initialize 0005                                      main@adc_reading 0029  
                              _INT1_InterruptHandler 0049                __end_of_TMR0_OverflowCallbackRegister 0A80  
                      _TMR0_OverflowCallbackRegister 0A76                                  EUSART1_Write@txData 0003  
                                       _EUSART1_Read 0742                 __end_of_TMR0_DefaultOverflowCallback 0AB8  
                       _TMR0_DefaultOverflowCallback 0AB6                         __end_of_INTERRUPT_Initialize 08E2  
                       _INT0_DefaultInterruptHandler 0000                                          vfpfcnvrt@ap 0011  
                                        vfpfcnvrt@cp 0015                                          vfpfcnvrt@fp 000E  
                                     _ADC_Initialize 0A40                                       __end_of_printf 09A2  
                                start_initialization 0938                                          __end_of_abs 08AE  
                                  ?_TMR0_OverflowISR 0001                                          putch@txData 0004  
                              __end_of_EUSART1_Write 0AA6                                   ??_TMR0_OverflowISR 0001  
                      ?_TMR0_DefaultOverflowCallback 0001                                          vfprintf@fmt 001E  
                             __end_of_ADC_Initialize 0A52                                             ??_printf 0027  
                                        __pbssCOMRAM 003B                     __end_of_INT0_SetInterruptHandler 0A9E  
                     ?_TMR0_OverflowCallbackRegister 0003                                _INT2_InterruptHandler 0047  
                             _PIN_MANAGER_Initialize 08E2                                            __pintcode 0008  
                                  _ADC_SelectChannel 0A16                                        __pmediumconst 7E88  
                                           ?___awdiv 0003                                             ?___awmod 0003  
                                    ?_ADC_Initialize 0001                                   ?_ADC_SelectChannel 0001  
                       ??_INTERRUPT_InterruptManager 0001                                            _myTMR0ISR 0A60  
                                        __smallconst 7E88                           ??_INT2_SetInterruptHandler 0005  
                                           _BAUDCON1 0FB8                                  ??_ADC_SelectChannel 0003  
                                  ??_TMR0_CounterSet 0005                                    _EUSART1_IsRxReady 0A2C  
                                  _EUSART1_IsTxReady 095E                                   ?_EUSART1_IsRxReady 0001  
                                 ?_EUSART1_IsTxReady 0001                                 _INTERRUPT_Initialize 08AE  
                                   _CLOCK_Initialize 0A52                                    ??_TMR0_Initialize 0005  
                                           _LATAbits 0F89                                  ??_EUSART1_IsRxReady 0003  
                                ??_EUSART1_IsTxReady 0003                            ?_INT1_SetInterruptHandler 0003  
                          __end_of_ADC_SelectChannel 0A2C                                             _PIR1bits 0F9E  
                                           _RCONbits 0FD0                       ??_TMR0_DefaultOverflowCallback 0001  
                                          _vfpfcnvrt 02D4                                           _ADCON0bits 0FC2  
                          __end_of_EUSART1_IsRxReady 0A40                                           ?_myTMR0ISR 0001  
                           ADC_SelectChannel@channel 0004                            __end_of_EUSART1_IsTxReady 0984  
                                         vfpfcnvrt@c 001B                                          _INTCON2bits 0FF1  
                                        _INTCON3bits 0FF0                                ?_INTERRUPT_Initialize 0001  
                           _INT0_SetInterruptHandler 0A94                                  _EUSART1_AutoBaudSet 0000  
                            _EUSART1_TransmitDisable 0000                                    ??_CCP5_Initialize 0003  
                                           __Hrparam 0000                                           vfprintf@ap 0020  
                                           __Lrparam 0000                                           vfprintf@fp 001C  
                                         ?_vfpfcnvrt 000E          __end_of_EUSART1_DefaultFramingErrorCallback 0AB6  
              ??_EUSART1_DefaultFramingErrorCallback 0003                 ?_EUSART1_DefaultFramingErrorCallback 0001  
                _EUSART1_DefaultFramingErrorCallback 0AB4                                             __ptext10 05D2  
                                           __ptext11 0A6C                                             __ptext20 0844  
                                           __ptext12 09C0                                             __ptext21 09DE  
                                           __ptext13 0910                                             __ptext30 0A16  
                                           __ptext22 09FA                                             __ptext14 0A76  
                                           __ptext23 0A52                                             __ptext15 08E2  
                                           __ptext32 080C                                             __ptext24 0AA6  
                                           __ptext16 08AE                                             __ptext33 0AB6  
                                           __ptext25 0A40                                             __ptext17 0A80  
                                           __ptext34 0A60                                             __ptext26 0742  
                                           __ptext18 0A8A                                             __ptext27 0AAE  
                                           __ptext19 0A94                                             __ptext28 0AB4  
                                           __ptext29 0A2C                                             isa$xinst 0000  
                                           int$flags 0051                                             _vfprintf 07C6  
                 __end_of_INTERRUPT_InterruptManager 004C                           _INTERRUPT_InterruptManager 0008  
                                          printf@fmt 0023                          _EUSART1_FramingErrorHandler 0041  
                       _INT1_DefaultInterruptHandler 0000                                          ??_myTMR0ISR 0001  
                                         _INTCONbits 0FF2                               ??_INTERRUPT_Initialize 0005  
                                           intlevel2 0000                              ?_PIN_MANAGER_Initialize 0001  
                                         _RCSTA1bits 0FAB                                           _NEW_SAMPLE 004E  
                                   ??_ADC_Initialize 0003                      ??_TMR0_OverflowCallbackRegister 0005  
                                           printf@ap 0027                                      _TMR0_CounterSet 0A6C  
                                        ??_vfpfcnvrt 0012                                   _eusart1RxLastError 0043  
                           __end_of_CLOCK_Initialize 0A60                                      _TMR0_Initialize 0910  
                   __end_of_INT1_SetInterruptHandler 0A94          __end_of_EUSART1_DefaultOverrunErrorCallback 0AB4  
              ??_EUSART1_DefaultOverrunErrorCallback 0003                 ?_EUSART1_DefaultOverrunErrorCallback 0001  
                _EUSART1_DefaultOverrunErrorCallback 0AAE                       __end_of_PIN_MANAGER_Initialize 0910  
