

Microchip MPLAB XC8 Assembler V3.10 build 20250813170317 
                                                                                               Mon Oct  6 21:53:44 2025

Microchip MPLAB XC8 C Compiler v3.10 (Free license) build 20250813170317 Og1 
     1                           	processor	18F25K22
     2                           	fnconf	rparam,??,?,0
     3                           	pagewidth 120
     4                           	opt	flic
     5                           	psect	idataCOMRAM,global,class=CODE,space=0,delta=1,noexec
     6                           	psect	idataBANK0,global,class=CODE,space=0,delta=1,noexec
     7                           	psect	mediumconst,global,reloc=2,class=MEDIUMCONST,space=0,delta=1,noexec
     8                           	psect	nvCOMRAM,global,class=COMRAM,space=1,delta=1,lowdata,noexec
     9                           	psect	nvBANK0,global,class=BANK0,space=1,delta=1,lowdata,noexec
    10                           	psect	cinit,global,reloc=2,class=CODE,space=0,delta=1
    11                           	psect	bssCOMRAM,global,class=COMRAM,space=1,delta=1,lowdata,noexec
    12                           	psect	dataCOMRAM,global,class=COMRAM,space=1,delta=1,lowdata,noexec
    13                           	psect	bssBANK0,global,class=BANK0,space=1,delta=1,lowdata,noexec
    14                           	psect	dataBANK0,global,class=BANK0,space=1,delta=1,lowdata,noexec
    15                           	psect	cstackBANK0,global,class=BANK0,space=1,delta=1,lowdata,noexec
    16                           	psect	cstackCOMRAM,global,class=COMRAM,space=1,delta=1,lowdata,noexec
    17                           	psect	text0,global,reloc=2,class=CODE,space=0,delta=1
    18                           	psect	text1,global,reloc=2,class=CODE,space=0,delta=1,group=3
    19                           	psect	text2,global,reloc=2,class=CODE,space=0,delta=1,group=1
    20                           	psect	text3,global,reloc=2,class=CODE,space=0,delta=1,group=1
    21                           	psect	text4,global,reloc=2,class=CODE,space=0,delta=1,group=3
    22                           	psect	text5,global,reloc=2,class=CODE,space=0,delta=1
    23                           	psect	text6,global,reloc=2,class=CODE,space=0,delta=1
    24                           	psect	text7,global,reloc=2,class=CODE,space=0,delta=1
    25                           	psect	text8,global,reloc=2,class=CODE,space=0,delta=1
    26                           	psect	text9,global,reloc=2,class=CODE,space=0,delta=1
    27                           	psect	text10,global,reloc=2,class=CODE,space=0,delta=1
    28                           	psect	text11,global,reloc=2,class=CODE,space=0,delta=1
    29                           	psect	text12,global,reloc=2,class=CODE,space=0,delta=1
    30                           	psect	text13,global,reloc=2,class=CODE,space=0,delta=1
    31                           	psect	text14,global,reloc=2,class=CODE,space=0,delta=1
    32                           	psect	text15,global,reloc=2,class=CODE,space=0,delta=1
    33                           	psect	text16,global,reloc=2,class=CODE,space=0,delta=1
    34                           	psect	text17,global,reloc=2,class=CODE,space=0,delta=1
    35                           	psect	text18,global,reloc=2,class=CODE,space=0,delta=1
    36                           	psect	text19,global,reloc=2,class=CODE,space=0,delta=1
    37                           	psect	text20,global,reloc=2,class=CODE,space=0,delta=1
    38                           	psect	text21,global,reloc=2,class=CODE,space=0,delta=1
    39                           	psect	text22,global,reloc=2,class=CODE,space=0,delta=1
    40                           	psect	text23,global,reloc=2,class=CODE,space=0,delta=1
    41                           	psect	text24,global,reloc=2,class=CODE,space=0,delta=1
    42                           	psect	text25,global,reloc=2,class=CODE,space=0,delta=1
    43                           	psect	text26,global,reloc=2,class=CODE,space=0,delta=1
    44                           	psect	text27,global,reloc=2,class=CODE,space=0,delta=1
    45                           	psect	text28,global,reloc=2,class=CODE,space=0,delta=1
    46                           	psect	text29,global,reloc=2,class=CODE,space=0,delta=1
    47                           	psect	text30,global,reloc=2,class=CODE,space=0,delta=1
    48                           	psect	text31,global,reloc=2,class=CODE,space=0,delta=1
    49                           	psect	intcode,global,reloc=2,class=CODE,space=0,delta=1
    50                           	psect	text33,global,reloc=2,class=CODE,space=0,delta=1
    51                           	psect	text34,global,reloc=2,class=CODE,space=0,delta=1
    52                           	psect	text35,global,reloc=2,class=CODE,space=0,delta=1
    53                           	psect	text36,global,reloc=2,class=CODE,space=0,delta=1
    54                           	psect	text37,global,reloc=2,class=CODE,space=0,delta=1
    55                           	psect	text38,global,reloc=2,class=CODE,space=0,delta=1
    56                           	psect	intsave_regs,global,class=BIGRAM,space=1,delta=1,noexec
    57                           	psect	rparam,global,class=COMRAM,space=1,delta=1,noexec
    58                           	psect	config,global,abs,ovrld,class=CONFIG,space=4,delta=1,noexec
    59                           	dabs	1,0x1,1
    60   000000                     
    61                           ; Generated 13/12/2024 GMT
    62                           ; 
    63                           ; Copyright © 2024, Microchip Technology Inc. and its subsidiaries ("Microchip")
    64                           ; All rights reserved.
    65                           ; 
    66                           ; This software is developed by Microchip Technology Inc. and its subsidiaries ("Microch
      +                          ip").
    67                           ; 
    68                           ; Redistribution and use in source and binary forms, with or without modification, are
    69                           ; permitted provided that the following conditions are met:
    70                           ; 
    71                           ;     1. Redistributions of source code must retain the above copyright notice, this lis
      +                          t of
    72                           ;        conditions and the following disclaimer.
    73                           ; 
    74                           ;     2. Redistributions in binary form must reproduce the above copyright notice, this 
      +                          list
    75                           ;        of conditions and the following disclaimer in the documentation and/or other
    76                           ;        materials provided with the distribution. Publication is not required when
    77                           ;        this file is used in an embedded application.
    78                           ; 
    79                           ;     3. Microchip's name may not be used to endorse or promote products derived from th
      +                          is
    80                           ;        software without specific prior written permission.
    81                           ; 
    82                           ; THIS SOFTWARE IS PROVIDED BY MICROCHIP "AS IS" AND ANY EXPRESS OR IMPLIED WARRANTIES,
    83                           ; INCLUDING, BUT NOT LIMITED TO, THE IMPLIED WARRANTIES OF MERCHANTABILITY AND FITNESS F
      +                          OR
    84                           ; PURPOSE ARE DISCLAIMED.  IN NO EVENT SHALL MICROCHIP BE LIABLE FOR ANY DIRECT, INDIREC
      +                          T,
    85                           ; INCIDENTAL, SPECIAL, EXEMPLARY, OR CONSEQUENTIAL DAMAGES (INCLUDING BUT NOT LIMITED TO
    86                           ; PROCUREMENT OF SUBSTITUTE GOODS OR SERVICES; LOSS OF USE, DATA OR PROFITS; OR BUSINESS
    87                           ; INTERRUPTION) HOWSOEVER CAUSED AND ON ANY THEORY OF LIABILITY, WHETHER IN CONTRACT, ST
      +                          RICT
    88                           ; LIABILITY, OR TORT (INCLUDING NEGLIGENCE OR OTHERWISE) ARISING IN ANY WAY OUT OF THE U
      +                          SE OF
    89                           ; THIS SOFTWARE, EVEN IF ADVISED OF THE POSSIBILITY OF SUCH DAMAGE.
    90                           ; 
    91                           ; 
    92                           ; Code-generator required, PIC18F25K22 Definitions
    93                           ; 
    94                           ; SFR Addresses
    95   000FE0                     bsr             equ	4064
    96   000FE9                     fsr0            equ	4073
    97   000FEA                     fsr0h           equ	4074
    98   000FE9                     fsr0l           equ	4073
    99   000FE1                     fsr1            equ	4065
   100   000FE2                     fsr1h           equ	4066
   101   000FE1                     fsr1l           equ	4065
   102   000FD9                     fsr2            equ	4057
   103   000FDA                     fsr2h           equ	4058
   104   000FD9                     fsr2l           equ	4057
   105   000FEF                     indf0           equ	4079
   106   000FE7                     indf1           equ	4071
   107   000FDF                     indf2           equ	4063
   108   000FF2                     intcon          equ	4082
   109   000000                     nvmcon          equ	0
   110   000FF9                     pcl             equ	4089
   111   000FFA                     pclath          equ	4090
   112   000FFB                     pclatu          equ	4091
   113   000FEB                     plusw0          equ	4075
   114   000FE3                     plusw1          equ	4067
   115   000FDB                     plusw2          equ	4059
   116   000FED                     postdec0        equ	4077
   117   000FE5                     postdec1        equ	4069
   118   000FDD                     postdec2        equ	4061
   119   000FEE                     postinc0        equ	4078
   120   000FE6                     postinc1        equ	4070
   121   000FDE                     postinc2        equ	4062
   122   000FEC                     preinc0         equ	4076
   123   000FE4                     preinc1         equ	4068
   124   000FDC                     preinc2         equ	4060
   125   000FF3                     prod            equ	4083
   126   000FF4                     prodh           equ	4084
   127   000FF3                     prodl           equ	4083
   128   000FD8                     status          equ	4056
   129   000FF5                     tablat          equ	4085
   130   000FF6                     tblptr          equ	4086
   131   000FF7                     tblptrh         equ	4087
   132   000FF6                     tblptrl         equ	4086
   133   000FF8                     tblptru         equ	4088
   134   000FFD                     tosl            equ	4093
   135   000FE8                     wreg            equ	4072
   136   000F38                     ANSELA          equ	3896	;# 
   137   000F39                     ANSELB          equ	3897	;# 
   138   000F3A                     ANSELC          equ	3898	;# 
   139   000F3D                     PMD2            equ	3901	;# 
   140   000F3E                     PMD1            equ	3902	;# 
   141   000F3F                     PMD0            equ	3903	;# 
   142   000F40                     VREFCON2        equ	3904	;# 
   143   000F40                     DACCON1         equ	3904	;# 
   144   000F41                     VREFCON1        equ	3905	;# 
   145   000F41                     DACCON0         equ	3905	;# 
   146   000F42                     VREFCON0        equ	3906	;# 
   147   000F42                     FVRCON          equ	3906	;# 
   148   000F43                     CTMUICON        equ	3907	;# 
   149   000F43                     CTMUICONH       equ	3907	;# 
   150   000F44                     CTMUCONL        equ	3908	;# 
   151   000F44                     CTMUCON1        equ	3908	;# 
   152   000F45                     CTMUCONH        equ	3909	;# 
   153   000F45                     CTMUCON0        equ	3909	;# 
   154   000F46                     SRCON1          equ	3910	;# 
   155   000F47                     SRCON0          equ	3911	;# 
   156   000F48                     CCPTMRS1        equ	3912	;# 
   157   000F49                     CCPTMRS0        equ	3913	;# 
   158   000F4A                     T6CON           equ	3914	;# 
   159   000F4B                     PR6             equ	3915	;# 
   160   000F4C                     TMR6            equ	3916	;# 
   161   000F4D                     T5GCON          equ	3917	;# 
   162   000F4E                     T5CON           equ	3918	;# 
   163   000F4F                     TMR5            equ	3919	;# 
   164   000F4F                     TMR5L           equ	3919	;# 
   165   000F50                     TMR5H           equ	3920	;# 
   166   000F51                     T4CON           equ	3921	;# 
   167   000F52                     PR4             equ	3922	;# 
   168   000F53                     TMR4            equ	3923	;# 
   169   000F54                     CCP5CON         equ	3924	;# 
   170   000F55                     CCPR5           equ	3925	;# 
   171   000F55                     CCPR5L          equ	3925	;# 
   172   000F56                     CCPR5H          equ	3926	;# 
   173   000F57                     CCP4CON         equ	3927	;# 
   174   000F58                     CCPR4           equ	3928	;# 
   175   000F58                     CCPR4L          equ	3928	;# 
   176   000F59                     CCPR4H          equ	3929	;# 
   177   000F5A                     PSTR3CON        equ	3930	;# 
   178   000F5B                     ECCP3AS         equ	3931	;# 
   179   000F5B                     CCP3AS          equ	3931	;# 
   180   000F5C                     PWM3CON         equ	3932	;# 
   181   000F5D                     CCP3CON         equ	3933	;# 
   182   000F5E                     CCPR3           equ	3934	;# 
   183   000F5E                     CCPR3L          equ	3934	;# 
   184   000F5F                     CCPR3H          equ	3935	;# 
   185   000F60                     SLRCON          equ	3936	;# 
   186   000F61                     WPUB            equ	3937	;# 
   187   000F62                     IOCB            equ	3938	;# 
   188   000F63                     PSTR2CON        equ	3939	;# 
   189   000F64                     ECCP2AS         equ	3940	;# 
   190   000F64                     CCP2AS          equ	3940	;# 
   191   000F65                     PWM2CON         equ	3941	;# 
   192   000F66                     CCP2CON         equ	3942	;# 
   193   000F67                     CCPR2           equ	3943	;# 
   194   000F67                     CCPR2L          equ	3943	;# 
   195   000F68                     CCPR2H          equ	3944	;# 
   196   000F69                     SSP2CON3        equ	3945	;# 
   197   000F6A                     SSP2MSK         equ	3946	;# 
   198   000F6B                     SSP2CON2        equ	3947	;# 
   199   000F6C                     SSP2CON1        equ	3948	;# 
   200   000F6D                     SSP2STAT        equ	3949	;# 
   201   000F6E                     SSP2ADD         equ	3950	;# 
   202   000F6F                     SSP2BUF         equ	3951	;# 
   203   000F70                     BAUDCON2        equ	3952	;# 
   204   000F70                     BAUD2CON        equ	3952	;# 
   205   000F71                     RCSTA2          equ	3953	;# 
   206   000F71                     RC2STA          equ	3953	;# 
   207   000F72                     TXSTA2          equ	3954	;# 
   208   000F72                     TX2STA          equ	3954	;# 
   209   000F73                     TXREG2          equ	3955	;# 
   210   000F73                     TX2REG          equ	3955	;# 
   211   000F74                     RCREG2          equ	3956	;# 
   212   000F74                     RC2REG          equ	3956	;# 
   213   000F75                     SPBRG2          equ	3957	;# 
   214   000F75                     SP2BRG          equ	3957	;# 
   215   000F76                     SPBRGH2         equ	3958	;# 
   216   000F76                     SP2BRGH         equ	3958	;# 
   217   000F77                     CM2CON1         equ	3959	;# 
   218   000F77                     CM12CON         equ	3959	;# 
   219   000F78                     CM2CON0         equ	3960	;# 
   220   000F78                     CM2CON          equ	3960	;# 
   221   000F79                     CM1CON0         equ	3961	;# 
   222   000F79                     CM1CON          equ	3961	;# 
   223   000F7A                     PIE4            equ	3962	;# 
   224   000F7B                     PIR4            equ	3963	;# 
   225   000F7C                     IPR4            equ	3964	;# 
   226   000F7D                     PIE5            equ	3965	;# 
   227   000F7E                     PIR5            equ	3966	;# 
   228   000F7F                     IPR5            equ	3967	;# 
   229   000F80                     PORTA           equ	3968	;# 
   230   000F81                     PORTB           equ	3969	;# 
   231   000F82                     PORTC           equ	3970	;# 
   232   000F84                     PORTE           equ	3972	;# 
   233   000F89                     LATA            equ	3977	;# 
   234   000F8A                     LATB            equ	3978	;# 
   235   000F8B                     LATC            equ	3979	;# 
   236   000F92                     TRISA           equ	3986	;# 
   237   000F92                     DDRA            equ	3986	;# 
   238   000F93                     TRISB           equ	3987	;# 
   239   000F93                     DDRB            equ	3987	;# 
   240   000F94                     TRISC           equ	3988	;# 
   241   000F94                     DDRC            equ	3988	;# 
   242   000F96                     TRISE           equ	3990	;# 
   243   000F9B                     OSCTUNE         equ	3995	;# 
   244   000F9C                     HLVDCON         equ	3996	;# 
   245   000F9C                     LVDCON          equ	3996	;# 
   246   000F9D                     PIE1            equ	3997	;# 
   247   000F9E                     PIR1            equ	3998	;# 
   248   000F9F                     IPR1            equ	3999	;# 
   249   000FA0                     PIE2            equ	4000	;# 
   250   000FA1                     PIR2            equ	4001	;# 
   251   000FA2                     IPR2            equ	4002	;# 
   252   000FA3                     PIE3            equ	4003	;# 
   253   000FA4                     PIR3            equ	4004	;# 
   254   000FA5                     IPR3            equ	4005	;# 
   255   000FA6                     EECON1          equ	4006	;# 
   256   000FA7                     EECON2          equ	4007	;# 
   257   000FA8                     EEDATA          equ	4008	;# 
   258   000FA9                     EEADR           equ	4009	;# 
   259   000FAB                     RCSTA1          equ	4011	;# 
   260   000FAB                     RCSTA           equ	4011	;# 
   261   000FAB                     RC1STA          equ	4011	;# 
   262   000FAC                     TXSTA1          equ	4012	;# 
   263   000FAC                     TXSTA           equ	4012	;# 
   264   000FAC                     TX1STA          equ	4012	;# 
   265   000FAD                     TXREG1          equ	4013	;# 
   266   000FAD                     TXREG           equ	4013	;# 
   267   000FAD                     TX1REG          equ	4013	;# 
   268   000FAE                     RCREG1          equ	4014	;# 
   269   000FAE                     RCREG           equ	4014	;# 
   270   000FAE                     RC1REG          equ	4014	;# 
   271   000FAF                     SPBRG1          equ	4015	;# 
   272   000FAF                     SPBRG           equ	4015	;# 
   273   000FAF                     SP1BRG          equ	4015	;# 
   274   000FB0                     SPBRGH1         equ	4016	;# 
   275   000FB0                     SPBRGH          equ	4016	;# 
   276   000FB0                     SP1BRGH         equ	4016	;# 
   277   000FB1                     T3CON           equ	4017	;# 
   278   000FB2                     TMR3            equ	4018	;# 
   279   000FB2                     TMR3L           equ	4018	;# 
   280   000FB3                     TMR3H           equ	4019	;# 
   281   000FB4                     T3GCON          equ	4020	;# 
   282   000FB6                     ECCP1AS         equ	4022	;# 
   283   000FB6                     ECCPAS          equ	4022	;# 
   284   000FB7                     PWM1CON         equ	4023	;# 
   285   000FB7                     PWMCON          equ	4023	;# 
   286   000FB8                     BAUDCON1        equ	4024	;# 
   287   000FB8                     BAUDCON         equ	4024	;# 
   288   000FB8                     BAUDCTL         equ	4024	;# 
   289   000FB8                     BAUD1CON        equ	4024	;# 
   290   000FB9                     PSTR1CON        equ	4025	;# 
   291   000FB9                     PSTRCON         equ	4025	;# 
   292   000FBA                     T2CON           equ	4026	;# 
   293   000FBB                     PR2             equ	4027	;# 
   294   000FBC                     TMR2            equ	4028	;# 
   295   000FBD                     CCP1CON         equ	4029	;# 
   296   000FBE                     CCPR1           equ	4030	;# 
   297   000FBE                     CCPR1L          equ	4030	;# 
   298   000FBF                     CCPR1H          equ	4031	;# 
   299   000FC0                     ADCON2          equ	4032	;# 
   300   000FC1                     ADCON1          equ	4033	;# 
   301   000FC2                     ADCON0          equ	4034	;# 
   302   000FC3                     ADRES           equ	4035	;# 
   303   000FC3                     ADRESL          equ	4035	;# 
   304   000FC4                     ADRESH          equ	4036	;# 
   305   000FC5                     SSP1CON2        equ	4037	;# 
   306   000FC5                     SSPCON2         equ	4037	;# 
   307   000FC6                     SSP1CON1        equ	4038	;# 
   308   000FC6                     SSPCON1         equ	4038	;# 
   309   000FC7                     SSP1STAT        equ	4039	;# 
   310   000FC7                     SSPSTAT         equ	4039	;# 
   311   000FC8                     SSP1ADD         equ	4040	;# 
   312   000FC8                     SSPADD          equ	4040	;# 
   313   000FC9                     SSP1BUF         equ	4041	;# 
   314   000FC9                     SSPBUF          equ	4041	;# 
   315   000FCA                     SSP1MSK         equ	4042	;# 
   316   000FCA                     SSPMSK          equ	4042	;# 
   317   000FCB                     SSP1CON3        equ	4043	;# 
   318   000FCB                     SSPCON3         equ	4043	;# 
   319   000FCC                     T1GCON          equ	4044	;# 
   320   000FCD                     T1CON           equ	4045	;# 
   321   000FCE                     TMR1            equ	4046	;# 
   322   000FCE                     TMR1L           equ	4046	;# 
   323   000FCF                     TMR1H           equ	4047	;# 
   324   000FD0                     RCON            equ	4048	;# 
   325   000FD1                     WDTCON          equ	4049	;# 
   326   000FD2                     OSCCON2         equ	4050	;# 
   327   000FD3                     OSCCON          equ	4051	;# 
   328   000FD5                     T0CON           equ	4053	;# 
   329   000FD6                     TMR0            equ	4054	;# 
   330   000FD6                     TMR0L           equ	4054	;# 
   331   000FD7                     TMR0H           equ	4055	;# 
   332   000FD8                     STATUS          equ	4056	;# 
   333   000FD9                     FSR2            equ	4057	;# 
   334   000FD9                     FSR2L           equ	4057	;# 
   335   000FDA                     FSR2H           equ	4058	;# 
   336   000FDB                     PLUSW2          equ	4059	;# 
   337   000FDC                     PREINC2         equ	4060	;# 
   338   000FDD                     POSTDEC2        equ	4061	;# 
   339   000FDE                     POSTINC2        equ	4062	;# 
   340   000FDF                     INDF2           equ	4063	;# 
   341   000FE0                     BSR             equ	4064	;# 
   342   000FE1                     FSR1            equ	4065	;# 
   343   000FE1                     FSR1L           equ	4065	;# 
   344   000FE2                     FSR1H           equ	4066	;# 
   345   000FE3                     PLUSW1          equ	4067	;# 
   346   000FE4                     PREINC1         equ	4068	;# 
   347   000FE5                     POSTDEC1        equ	4069	;# 
   348   000FE6                     POSTINC1        equ	4070	;# 
   349   000FE7                     INDF1           equ	4071	;# 
   350   000FE8                     WREG            equ	4072	;# 
   351   000FE9                     FSR0            equ	4073	;# 
   352   000FE9                     FSR0L           equ	4073	;# 
   353   000FEA                     FSR0H           equ	4074	;# 
   354   000FEB                     PLUSW0          equ	4075	;# 
   355   000FEC                     PREINC0         equ	4076	;# 
   356   000FED                     POSTDEC0        equ	4077	;# 
   357   000FEE                     POSTINC0        equ	4078	;# 
   358   000FEF                     INDF0           equ	4079	;# 
   359   000FF0                     INTCON3         equ	4080	;# 
   360   000FF1                     INTCON2         equ	4081	;# 
   361   000FF2                     INTCON          equ	4082	;# 
   362   000FF3                     PROD            equ	4083	;# 
   363   000FF3                     PRODL           equ	4083	;# 
   364   000FF4                     PRODH           equ	4084	;# 
   365   000FF5                     TABLAT          equ	4085	;# 
   366   000FF6                     TBLPTR          equ	4086	;# 
   367   000FF6                     TBLPTRL         equ	4086	;# 
   368   000FF7                     TBLPTRH         equ	4087	;# 
   369   000FF8                     TBLPTRU         equ	4088	;# 
   370   000FF9                     PCLAT           equ	4089	;# 
   371   000FF9                     PC              equ	4089	;# 
   372   000FF9                     PCL             equ	4089	;# 
   373   000FFA                     PCLATH          equ	4090	;# 
   374   000FFB                     PCLATU          equ	4091	;# 
   375   000FFC                     STKPTR          equ	4092	;# 
   376   000FFD                     TOS             equ	4093	;# 
   377   000FFD                     TOSL            equ	4093	;# 
   378   000FFE                     TOSH            equ	4094	;# 
   379   000FFF                     TOSU            equ	4095	;# 
   380   000F38                     ANSELA          equ	3896	;# 
   381   000F39                     ANSELB          equ	3897	;# 
   382   000F3A                     ANSELC          equ	3898	;# 
   383   000F3D                     PMD2            equ	3901	;# 
   384   000F3E                     PMD1            equ	3902	;# 
   385   000F3F                     PMD0            equ	3903	;# 
   386   000F40                     VREFCON2        equ	3904	;# 
   387   000F40                     DACCON1         equ	3904	;# 
   388   000F41                     VREFCON1        equ	3905	;# 
   389   000F41                     DACCON0         equ	3905	;# 
   390   000F42                     VREFCON0        equ	3906	;# 
   391   000F42                     FVRCON          equ	3906	;# 
   392   000F43                     CTMUICON        equ	3907	;# 
   393   000F43                     CTMUICONH       equ	3907	;# 
   394   000F44                     CTMUCONL        equ	3908	;# 
   395   000F44                     CTMUCON1        equ	3908	;# 
   396   000F45                     CTMUCONH        equ	3909	;# 
   397   000F45                     CTMUCON0        equ	3909	;# 
   398   000F46                     SRCON1          equ	3910	;# 
   399   000F47                     SRCON0          equ	3911	;# 
   400   000F48                     CCPTMRS1        equ	3912	;# 
   401   000F49                     CCPTMRS0        equ	3913	;# 
   402   000F4A                     T6CON           equ	3914	;# 
   403   000F4B                     PR6             equ	3915	;# 
   404   000F4C                     TMR6            equ	3916	;# 
   405   000F4D                     T5GCON          equ	3917	;# 
   406   000F4E                     T5CON           equ	3918	;# 
   407   000F4F                     TMR5            equ	3919	;# 
   408   000F4F                     TMR5L           equ	3919	;# 
   409   000F50                     TMR5H           equ	3920	;# 
   410   000F51                     T4CON           equ	3921	;# 
   411   000F52                     PR4             equ	3922	;# 
   412   000F53                     TMR4            equ	3923	;# 
   413   000F54                     CCP5CON         equ	3924	;# 
   414   000F55                     CCPR5           equ	3925	;# 
   415   000F55                     CCPR5L          equ	3925	;# 
   416   000F56                     CCPR5H          equ	3926	;# 
   417   000F57                     CCP4CON         equ	3927	;# 
   418   000F58                     CCPR4           equ	3928	;# 
   419   000F58                     CCPR4L          equ	3928	;# 
   420   000F59                     CCPR4H          equ	3929	;# 
   421   000F5A                     PSTR3CON        equ	3930	;# 
   422   000F5B                     ECCP3AS         equ	3931	;# 
   423   000F5B                     CCP3AS          equ	3931	;# 
   424   000F5C                     PWM3CON         equ	3932	;# 
   425   000F5D                     CCP3CON         equ	3933	;# 
   426   000F5E                     CCPR3           equ	3934	;# 
   427   000F5E                     CCPR3L          equ	3934	;# 
   428   000F5F                     CCPR3H          equ	3935	;# 
   429   000F60                     SLRCON          equ	3936	;# 
   430   000F61                     WPUB            equ	3937	;# 
   431   000F62                     IOCB            equ	3938	;# 
   432   000F63                     PSTR2CON        equ	3939	;# 
   433   000F64                     ECCP2AS         equ	3940	;# 
   434   000F64                     CCP2AS          equ	3940	;# 
   435   000F65                     PWM2CON         equ	3941	;# 
   436   000F66                     CCP2CON         equ	3942	;# 
   437   000F67                     CCPR2           equ	3943	;# 
   438   000F67                     CCPR2L          equ	3943	;# 
   439   000F68                     CCPR2H          equ	3944	;# 
   440   000F69                     SSP2CON3        equ	3945	;# 
   441   000F6A                     SSP2MSK         equ	3946	;# 
   442   000F6B                     SSP2CON2        equ	3947	;# 
   443   000F6C                     SSP2CON1        equ	3948	;# 
   444   000F6D                     SSP2STAT        equ	3949	;# 
   445   000F6E                     SSP2ADD         equ	3950	;# 
   446   000F6F                     SSP2BUF         equ	3951	;# 
   447   000F70                     BAUDCON2        equ	3952	;# 
   448   000F70                     BAUD2CON        equ	3952	;# 
   449   000F71                     RCSTA2          equ	3953	;# 
   450   000F71                     RC2STA          equ	3953	;# 
   451   000F72                     TXSTA2          equ	3954	;# 
   452   000F72                     TX2STA          equ	3954	;# 
   453   000F73                     TXREG2          equ	3955	;# 
   454   000F73                     TX2REG          equ	3955	;# 
   455   000F74                     RCREG2          equ	3956	;# 
   456   000F74                     RC2REG          equ	3956	;# 
   457   000F75                     SPBRG2          equ	3957	;# 
   458   000F75                     SP2BRG          equ	3957	;# 
   459   000F76                     SPBRGH2         equ	3958	;# 
   460   000F76                     SP2BRGH         equ	3958	;# 
   461   000F77                     CM2CON1         equ	3959	;# 
   462   000F77                     CM12CON         equ	3959	;# 
   463   000F78                     CM2CON0         equ	3960	;# 
   464   000F78                     CM2CON          equ	3960	;# 
   465   000F79                     CM1CON0         equ	3961	;# 
   466   000F79                     CM1CON          equ	3961	;# 
   467   000F7A                     PIE4            equ	3962	;# 
   468   000F7B                     PIR4            equ	3963	;# 
   469   000F7C                     IPR4            equ	3964	;# 
   470   000F7D                     PIE5            equ	3965	;# 
   471   000F7E                     PIR5            equ	3966	;# 
   472   000F7F                     IPR5            equ	3967	;# 
   473   000F80                     PORTA           equ	3968	;# 
   474   000F81                     PORTB           equ	3969	;# 
   475   000F82                     PORTC           equ	3970	;# 
   476   000F84                     PORTE           equ	3972	;# 
   477   000F89                     LATA            equ	3977	;# 
   478   000F8A                     LATB            equ	3978	;# 
   479   000F8B                     LATC            equ	3979	;# 
   480   000F92                     TRISA           equ	3986	;# 
   481   000F92                     DDRA            equ	3986	;# 
   482   000F93                     TRISB           equ	3987	;# 
   483   000F93                     DDRB            equ	3987	;# 
   484   000F94                     TRISC           equ	3988	;# 
   485   000F94                     DDRC            equ	3988	;# 
   486   000F96                     TRISE           equ	3990	;# 
   487   000F9B                     OSCTUNE         equ	3995	;# 
   488   000F9C                     HLVDCON         equ	3996	;# 
   489   000F9C                     LVDCON          equ	3996	;# 
   490   000F9D                     PIE1            equ	3997	;# 
   491   000F9E                     PIR1            equ	3998	;# 
   492   000F9F                     IPR1            equ	3999	;# 
   493   000FA0                     PIE2            equ	4000	;# 
   494   000FA1                     PIR2            equ	4001	;# 
   495   000FA2                     IPR2            equ	4002	;# 
   496   000FA3                     PIE3            equ	4003	;# 
   497   000FA4                     PIR3            equ	4004	;# 
   498   000FA5                     IPR3            equ	4005	;# 
   499   000FA6                     EECON1          equ	4006	;# 
   500   000FA7                     EECON2          equ	4007	;# 
   501   000FA8                     EEDATA          equ	4008	;# 
   502   000FA9                     EEADR           equ	4009	;# 
   503   000FAB                     RCSTA1          equ	4011	;# 
   504   000FAB                     RCSTA           equ	4011	;# 
   505   000FAB                     RC1STA          equ	4011	;# 
   506   000FAC                     TXSTA1          equ	4012	;# 
   507   000FAC                     TXSTA           equ	4012	;# 
   508   000FAC                     TX1STA          equ	4012	;# 
   509   000FAD                     TXREG1          equ	4013	;# 
   510   000FAD                     TXREG           equ	4013	;# 
   511   000FAD                     TX1REG          equ	4013	;# 
   512   000FAE                     RCREG1          equ	4014	;# 
   513   000FAE                     RCREG           equ	4014	;# 
   514   000FAE                     RC1REG          equ	4014	;# 
   515   000FAF                     SPBRG1          equ	4015	;# 
   516   000FAF                     SPBRG           equ	4015	;# 
   517   000FAF                     SP1BRG          equ	4015	;# 
   518   000FB0                     SPBRGH1         equ	4016	;# 
   519   000FB0                     SPBRGH          equ	4016	;# 
   520   000FB0                     SP1BRGH         equ	4016	;# 
   521   000FB1                     T3CON           equ	4017	;# 
   522   000FB2                     TMR3            equ	4018	;# 
   523   000FB2                     TMR3L           equ	4018	;# 
   524   000FB3                     TMR3H           equ	4019	;# 
   525   000FB4                     T3GCON          equ	4020	;# 
   526   000FB6                     ECCP1AS         equ	4022	;# 
   527   000FB6                     ECCPAS          equ	4022	;# 
   528   000FB7                     PWM1CON         equ	4023	;# 
   529   000FB7                     PWMCON          equ	4023	;# 
   530   000FB8                     BAUDCON1        equ	4024	;# 
   531   000FB8                     BAUDCON         equ	4024	;# 
   532   000FB8                     BAUDCTL         equ	4024	;# 
   533   000FB8                     BAUD1CON        equ	4024	;# 
   534   000FB9                     PSTR1CON        equ	4025	;# 
   535   000FB9                     PSTRCON         equ	4025	;# 
   536   000FBA                     T2CON           equ	4026	;# 
   537   000FBB                     PR2             equ	4027	;# 
   538   000FBC                     TMR2            equ	4028	;# 
   539   000FBD                     CCP1CON         equ	4029	;# 
   540   000FBE                     CCPR1           equ	4030	;# 
   541   000FBE                     CCPR1L          equ	4030	;# 
   542   000FBF                     CCPR1H          equ	4031	;# 
   543   000FC0                     ADCON2          equ	4032	;# 
   544   000FC1                     ADCON1          equ	4033	;# 
   545   000FC2                     ADCON0          equ	4034	;# 
   546   000FC3                     ADRES           equ	4035	;# 
   547   000FC3                     ADRESL          equ	4035	;# 
   548   000FC4                     ADRESH          equ	4036	;# 
   549   000FC5                     SSP1CON2        equ	4037	;# 
   550   000FC5                     SSPCON2         equ	4037	;# 
   551   000FC6                     SSP1CON1        equ	4038	;# 
   552   000FC6                     SSPCON1         equ	4038	;# 
   553   000FC7                     SSP1STAT        equ	4039	;# 
   554   000FC7                     SSPSTAT         equ	4039	;# 
   555   000FC8                     SSP1ADD         equ	4040	;# 
   556   000FC8                     SSPADD          equ	4040	;# 
   557   000FC9                     SSP1BUF         equ	4041	;# 
   558   000FC9                     SSPBUF          equ	4041	;# 
   559   000FCA                     SSP1MSK         equ	4042	;# 
   560   000FCA                     SSPMSK          equ	4042	;# 
   561   000FCB                     SSP1CON3        equ	4043	;# 
   562   000FCB                     SSPCON3         equ	4043	;# 
   563   000FCC                     T1GCON          equ	4044	;# 
   564   000FCD                     T1CON           equ	4045	;# 
   565   000FCE                     TMR1            equ	4046	;# 
   566   000FCE                     TMR1L           equ	4046	;# 
   567   000FCF                     TMR1H           equ	4047	;# 
   568   000FD0                     RCON            equ	4048	;# 
   569   000FD1                     WDTCON          equ	4049	;# 
   570   000FD2                     OSCCON2         equ	4050	;# 
   571   000FD3                     OSCCON          equ	4051	;# 
   572   000FD5                     T0CON           equ	4053	;# 
   573   000FD6                     TMR0            equ	4054	;# 
   574   000FD6                     TMR0L           equ	4054	;# 
   575   000FD7                     TMR0H           equ	4055	;# 
   576   000FD8                     STATUS          equ	4056	;# 
   577   000FD9                     FSR2            equ	4057	;# 
   578   000FD9                     FSR2L           equ	4057	;# 
   579   000FDA                     FSR2H           equ	4058	;# 
   580   000FDB                     PLUSW2          equ	4059	;# 
   581   000FDC                     PREINC2         equ	4060	;# 
   582   000FDD                     POSTDEC2        equ	4061	;# 
   583   000FDE                     POSTINC2        equ	4062	;# 
   584   000FDF                     INDF2           equ	4063	;# 
   585   000FE0                     BSR             equ	4064	;# 
   586   000FE1                     FSR1            equ	4065	;# 
   587   000FE1                     FSR1L           equ	4065	;# 
   588   000FE2                     FSR1H           equ	4066	;# 
   589   000FE3                     PLUSW1          equ	4067	;# 
   590   000FE4                     PREINC1         equ	4068	;# 
   591   000FE5                     POSTDEC1        equ	4069	;# 
   592   000FE6                     POSTINC1        equ	4070	;# 
   593   000FE7                     INDF1           equ	4071	;# 
   594   000FE8                     WREG            equ	4072	;# 
   595   000FE9                     FSR0            equ	4073	;# 
   596   000FE9                     FSR0L           equ	4073	;# 
   597   000FEA                     FSR0H           equ	4074	;# 
   598   000FEB                     PLUSW0          equ	4075	;# 
   599   000FEC                     PREINC0         equ	4076	;# 
   600   000FED                     POSTDEC0        equ	4077	;# 
   601   000FEE                     POSTINC0        equ	4078	;# 
   602   000FEF                     INDF0           equ	4079	;# 
   603   000FF0                     INTCON3         equ	4080	;# 
   604   000FF1                     INTCON2         equ	4081	;# 
   605   000FF2                     INTCON          equ	4082	;# 
   606   000FF3                     PROD            equ	4083	;# 
   607   000FF3                     PRODL           equ	4083	;# 
   608   000FF4                     PRODH           equ	4084	;# 
   609   000FF5                     TABLAT          equ	4085	;# 
   610   000FF6                     TBLPTR          equ	4086	;# 
   611   000FF6                     TBLPTRL         equ	4086	;# 
   612   000FF7                     TBLPTRH         equ	4087	;# 
   613   000FF8                     TBLPTRU         equ	4088	;# 
   614   000FF9                     PCLAT           equ	4089	;# 
   615   000FF9                     PC              equ	4089	;# 
   616   000FF9                     PCL             equ	4089	;# 
   617   000FFA                     PCLATH          equ	4090	;# 
   618   000FFB                     PCLATU          equ	4091	;# 
   619   000FFC                     STKPTR          equ	4092	;# 
   620   000FFD                     TOS             equ	4093	;# 
   621   000FFD                     TOSL            equ	4093	;# 
   622   000FFE                     TOSH            equ	4094	;# 
   623   000FFF                     TOSU            equ	4095	;# 
   624   000F38                     ANSELA          equ	3896	;# 
   625   000F39                     ANSELB          equ	3897	;# 
   626   000F3A                     ANSELC          equ	3898	;# 
   627   000F3D                     PMD2            equ	3901	;# 
   628   000F3E                     PMD1            equ	3902	;# 
   629   000F3F                     PMD0            equ	3903	;# 
   630   000F40                     VREFCON2        equ	3904	;# 
   631   000F40                     DACCON1         equ	3904	;# 
   632   000F41                     VREFCON1        equ	3905	;# 
   633   000F41                     DACCON0         equ	3905	;# 
   634   000F42                     VREFCON0        equ	3906	;# 
   635   000F42                     FVRCON          equ	3906	;# 
   636   000F43                     CTMUICON        equ	3907	;# 
   637   000F43                     CTMUICONH       equ	3907	;# 
   638   000F44                     CTMUCONL        equ	3908	;# 
   639   000F44                     CTMUCON1        equ	3908	;# 
   640   000F45                     CTMUCONH        equ	3909	;# 
   641   000F45                     CTMUCON0        equ	3909	;# 
   642   000F46                     SRCON1          equ	3910	;# 
   643   000F47                     SRCON0          equ	3911	;# 
   644   000F48                     CCPTMRS1        equ	3912	;# 
   645   000F49                     CCPTMRS0        equ	3913	;# 
   646   000F4A                     T6CON           equ	3914	;# 
   647   000F4B                     PR6             equ	3915	;# 
   648   000F4C                     TMR6            equ	3916	;# 
   649   000F4D                     T5GCON          equ	3917	;# 
   650   000F4E                     T5CON           equ	3918	;# 
   651   000F4F                     TMR5            equ	3919	;# 
   652   000F4F                     TMR5L           equ	3919	;# 
   653   000F50                     TMR5H           equ	3920	;# 
   654   000F51                     T4CON           equ	3921	;# 
   655   000F52                     PR4             equ	3922	;# 
   656   000F53                     TMR4            equ	3923	;# 
   657   000F54                     CCP5CON         equ	3924	;# 
   658   000F55                     CCPR5           equ	3925	;# 
   659   000F55                     CCPR5L          equ	3925	;# 
   660   000F56                     CCPR5H          equ	3926	;# 
   661   000F57                     CCP4CON         equ	3927	;# 
   662   000F58                     CCPR4           equ	3928	;# 
   663   000F58                     CCPR4L          equ	3928	;# 
   664   000F59                     CCPR4H          equ	3929	;# 
   665   000F5A                     PSTR3CON        equ	3930	;# 
   666   000F5B                     ECCP3AS         equ	3931	;# 
   667   000F5B                     CCP3AS          equ	3931	;# 
   668   000F5C                     PWM3CON         equ	3932	;# 
   669   000F5D                     CCP3CON         equ	3933	;# 
   670   000F5E                     CCPR3           equ	3934	;# 
   671   000F5E                     CCPR3L          equ	3934	;# 
   672   000F5F                     CCPR3H          equ	3935	;# 
   673   000F60                     SLRCON          equ	3936	;# 
   674   000F61                     WPUB            equ	3937	;# 
   675   000F62                     IOCB            equ	3938	;# 
   676   000F63                     PSTR2CON        equ	3939	;# 
   677   000F64                     ECCP2AS         equ	3940	;# 
   678   000F64                     CCP2AS          equ	3940	;# 
   679   000F65                     PWM2CON         equ	3941	;# 
   680   000F66                     CCP2CON         equ	3942	;# 
   681   000F67                     CCPR2           equ	3943	;# 
   682   000F67                     CCPR2L          equ	3943	;# 
   683   000F68                     CCPR2H          equ	3944	;# 
   684   000F69                     SSP2CON3        equ	3945	;# 
   685   000F6A                     SSP2MSK         equ	3946	;# 
   686   000F6B                     SSP2CON2        equ	3947	;# 
   687   000F6C                     SSP2CON1        equ	3948	;# 
   688   000F6D                     SSP2STAT        equ	3949	;# 
   689   000F6E                     SSP2ADD         equ	3950	;# 
   690   000F6F                     SSP2BUF         equ	3951	;# 
   691   000F70                     BAUDCON2        equ	3952	;# 
   692   000F70                     BAUD2CON        equ	3952	;# 
   693   000F71                     RCSTA2          equ	3953	;# 
   694   000F71                     RC2STA          equ	3953	;# 
   695   000F72                     TXSTA2          equ	3954	;# 
   696   000F72                     TX2STA          equ	3954	;# 
   697   000F73                     TXREG2          equ	3955	;# 
   698   000F73                     TX2REG          equ	3955	;# 
   699   000F74                     RCREG2          equ	3956	;# 
   700   000F74                     RC2REG          equ	3956	;# 
   701   000F75                     SPBRG2          equ	3957	;# 
   702   000F75                     SP2BRG          equ	3957	;# 
   703   000F76                     SPBRGH2         equ	3958	;# 
   704   000F76                     SP2BRGH         equ	3958	;# 
   705   000F77                     CM2CON1         equ	3959	;# 
   706   000F77                     CM12CON         equ	3959	;# 
   707   000F78                     CM2CON0         equ	3960	;# 
   708   000F78                     CM2CON          equ	3960	;# 
   709   000F79                     CM1CON0         equ	3961	;# 
   710   000F79                     CM1CON          equ	3961	;# 
   711   000F7A                     PIE4            equ	3962	;# 
   712   000F7B                     PIR4            equ	3963	;# 
   713   000F7C                     IPR4            equ	3964	;# 
   714   000F7D                     PIE5            equ	3965	;# 
   715   000F7E                     PIR5            equ	3966	;# 
   716   000F7F                     IPR5            equ	3967	;# 
   717   000F80                     PORTA           equ	3968	;# 
   718   000F81                     PORTB           equ	3969	;# 
   719   000F82                     PORTC           equ	3970	;# 
   720   000F84                     PORTE           equ	3972	;# 
   721   000F89                     LATA            equ	3977	;# 
   722   000F8A                     LATB            equ	3978	;# 
   723   000F8B                     LATC            equ	3979	;# 
   724   000F92                     TRISA           equ	3986	;# 
   725   000F92                     DDRA            equ	3986	;# 
   726   000F93                     TRISB           equ	3987	;# 
   727   000F93                     DDRB            equ	3987	;# 
   728   000F94                     TRISC           equ	3988	;# 
   729   000F94                     DDRC            equ	3988	;# 
   730   000F96                     TRISE           equ	3990	;# 
   731   000F9B                     OSCTUNE         equ	3995	;# 
   732   000F9C                     HLVDCON         equ	3996	;# 
   733   000F9C                     LVDCON          equ	3996	;# 
   734   000F9D                     PIE1            equ	3997	;# 
   735   000F9E                     PIR1            equ	3998	;# 
   736   000F9F                     IPR1            equ	3999	;# 
   737   000FA0                     PIE2            equ	4000	;# 
   738   000FA1                     PIR2            equ	4001	;# 
   739   000FA2                     IPR2            equ	4002	;# 
   740   000FA3                     PIE3            equ	4003	;# 
   741   000FA4                     PIR3            equ	4004	;# 
   742   000FA5                     IPR3            equ	4005	;# 
   743   000FA6                     EECON1          equ	4006	;# 
   744   000FA7                     EECON2          equ	4007	;# 
   745   000FA8                     EEDATA          equ	4008	;# 
   746   000FA9                     EEADR           equ	4009	;# 
   747   000FAB                     RCSTA1          equ	4011	;# 
   748   000FAB                     RCSTA           equ	4011	;# 
   749   000FAB                     RC1STA          equ	4011	;# 
   750   000FAC                     TXSTA1          equ	4012	;# 
   751   000FAC                     TXSTA           equ	4012	;# 
   752   000FAC                     TX1STA          equ	4012	;# 
   753   000FAD                     TXREG1          equ	4013	;# 
   754   000FAD                     TXREG           equ	4013	;# 
   755   000FAD                     TX1REG          equ	4013	;# 
   756   000FAE                     RCREG1          equ	4014	;# 
   757   000FAE                     RCREG           equ	4014	;# 
   758   000FAE                     RC1REG          equ	4014	;# 
   759   000FAF                     SPBRG1          equ	4015	;# 
   760   000FAF                     SPBRG           equ	4015	;# 
   761   000FAF                     SP1BRG          equ	4015	;# 
   762   000FB0                     SPBRGH1         equ	4016	;# 
   763   000FB0                     SPBRGH          equ	4016	;# 
   764   000FB0                     SP1BRGH         equ	4016	;# 
   765   000FB1                     T3CON           equ	4017	;# 
   766   000FB2                     TMR3            equ	4018	;# 
   767   000FB2                     TMR3L           equ	4018	;# 
   768   000FB3                     TMR3H           equ	4019	;# 
   769   000FB4                     T3GCON          equ	4020	;# 
   770   000FB6                     ECCP1AS         equ	4022	;# 
   771   000FB6                     ECCPAS          equ	4022	;# 
   772   000FB7                     PWM1CON         equ	4023	;# 
   773   000FB7                     PWMCON          equ	4023	;# 
   774   000FB8                     BAUDCON1        equ	4024	;# 
   775   000FB8                     BAUDCON         equ	4024	;# 
   776   000FB8                     BAUDCTL         equ	4024	;# 
   777   000FB8                     BAUD1CON        equ	4024	;# 
   778   000FB9                     PSTR1CON        equ	4025	;# 
   779   000FB9                     PSTRCON         equ	4025	;# 
   780   000FBA                     T2CON           equ	4026	;# 
   781   000FBB                     PR2             equ	4027	;# 
   782   000FBC                     TMR2            equ	4028	;# 
   783   000FBD                     CCP1CON         equ	4029	;# 
   784   000FBE                     CCPR1           equ	4030	;# 
   785   000FBE                     CCPR1L          equ	4030	;# 
   786   000FBF                     CCPR1H          equ	4031	;# 
   787   000FC0                     ADCON2          equ	4032	;# 
   788   000FC1                     ADCON1          equ	4033	;# 
   789   000FC2                     ADCON0          equ	4034	;# 
   790   000FC3                     ADRES           equ	4035	;# 
   791   000FC3                     ADRESL          equ	4035	;# 
   792   000FC4                     ADRESH          equ	4036	;# 
   793   000FC5                     SSP1CON2        equ	4037	;# 
   794   000FC5                     SSPCON2         equ	4037	;# 
   795   000FC6                     SSP1CON1        equ	4038	;# 
   796   000FC6                     SSPCON1         equ	4038	;# 
   797   000FC7                     SSP1STAT        equ	4039	;# 
   798   000FC7                     SSPSTAT         equ	4039	;# 
   799   000FC8                     SSP1ADD         equ	4040	;# 
   800   000FC8                     SSPADD          equ	4040	;# 
   801   000FC9                     SSP1BUF         equ	4041	;# 
   802   000FC9                     SSPBUF          equ	4041	;# 
   803   000FCA                     SSP1MSK         equ	4042	;# 
   804   000FCA                     SSPMSK          equ	4042	;# 
   805   000FCB                     SSP1CON3        equ	4043	;# 
   806   000FCB                     SSPCON3         equ	4043	;# 
   807   000FCC                     T1GCON          equ	4044	;# 
   808   000FCD                     T1CON           equ	4045	;# 
   809   000FCE                     TMR1            equ	4046	;# 
   810   000FCE                     TMR1L           equ	4046	;# 
   811   000FCF                     TMR1H           equ	4047	;# 
   812   000FD0                     RCON            equ	4048	;# 
   813   000FD1                     WDTCON          equ	4049	;# 
   814   000FD2                     OSCCON2         equ	4050	;# 
   815   000FD3                     OSCCON          equ	4051	;# 
   816   000FD5                     T0CON           equ	4053	;# 
   817   000FD6                     TMR0            equ	4054	;# 
   818   000FD6                     TMR0L           equ	4054	;# 
   819   000FD7                     TMR0H           equ	4055	;# 
   820   000FD8                     STATUS          equ	4056	;# 
   821   000FD9                     FSR2            equ	4057	;# 
   822   000FD9                     FSR2L           equ	4057	;# 
   823   000FDA                     FSR2H           equ	4058	;# 
   824   000FDB                     PLUSW2          equ	4059	;# 
   825   000FDC                     PREINC2         equ	4060	;# 
   826   000FDD                     POSTDEC2        equ	4061	;# 
   827   000FDE                     POSTINC2        equ	4062	;# 
   828   000FDF                     INDF2           equ	4063	;# 
   829   000FE0                     BSR             equ	4064	;# 
   830   000FE1                     FSR1            equ	4065	;# 
   831   000FE1                     FSR1L           equ	4065	;# 
   832   000FE2                     FSR1H           equ	4066	;# 
   833   000FE3                     PLUSW1          equ	4067	;# 
   834   000FE4                     PREINC1         equ	4068	;# 
   835   000FE5                     POSTDEC1        equ	4069	;# 
   836   000FE6                     POSTINC1        equ	4070	;# 
   837   000FE7                     INDF1           equ	4071	;# 
   838   000FE8                     WREG            equ	4072	;# 
   839   000FE9                     FSR0            equ	4073	;# 
   840   000FE9                     FSR0L           equ	4073	;# 
   841   000FEA                     FSR0H           equ	4074	;# 
   842   000FEB                     PLUSW0          equ	4075	;# 
   843   000FEC                     PREINC0         equ	4076	;# 
   844   000FED                     POSTDEC0        equ	4077	;# 
   845   000FEE                     POSTINC0        equ	4078	;# 
   846   000FEF                     INDF0           equ	4079	;# 
   847   000FF0                     INTCON3         equ	4080	;# 
   848   000FF1                     INTCON2         equ	4081	;# 
   849   000FF2                     INTCON          equ	4082	;# 
   850   000FF3                     PROD            equ	4083	;# 
   851   000FF3                     PRODL           equ	4083	;# 
   852   000FF4                     PRODH           equ	4084	;# 
   853   000FF5                     TABLAT          equ	4085	;# 
   854   000FF6                     TBLPTR          equ	4086	;# 
   855   000FF6                     TBLPTRL         equ	4086	;# 
   856   000FF7                     TBLPTRH         equ	4087	;# 
   857   000FF8                     TBLPTRU         equ	4088	;# 
   858   000FF9                     PCLAT           equ	4089	;# 
   859   000FF9                     PC              equ	4089	;# 
   860   000FF9                     PCL             equ	4089	;# 
   861   000FFA                     PCLATH          equ	4090	;# 
   862   000FFB                     PCLATU          equ	4091	;# 
   863   000FFC                     STKPTR          equ	4092	;# 
   864   000FFD                     TOS             equ	4093	;# 
   865   000FFD                     TOSL            equ	4093	;# 
   866   000FFE                     TOSH            equ	4094	;# 
   867   000FFF                     TOSU            equ	4095	;# 
   868   000F38                     ANSELA          equ	3896	;# 
   869   000F39                     ANSELB          equ	3897	;# 
   870   000F3A                     ANSELC          equ	3898	;# 
   871   000F3D                     PMD2            equ	3901	;# 
   872   000F3E                     PMD1            equ	3902	;# 
   873   000F3F                     PMD0            equ	3903	;# 
   874   000F40                     VREFCON2        equ	3904	;# 
   875   000F40                     DACCON1         equ	3904	;# 
   876   000F41                     VREFCON1        equ	3905	;# 
   877   000F41                     DACCON0         equ	3905	;# 
   878   000F42                     VREFCON0        equ	3906	;# 
   879   000F42                     FVRCON          equ	3906	;# 
   880   000F43                     CTMUICON        equ	3907	;# 
   881   000F43                     CTMUICONH       equ	3907	;# 
   882   000F44                     CTMUCONL        equ	3908	;# 
   883   000F44                     CTMUCON1        equ	3908	;# 
   884   000F45                     CTMUCONH        equ	3909	;# 
   885   000F45                     CTMUCON0        equ	3909	;# 
   886   000F46                     SRCON1          equ	3910	;# 
   887   000F47                     SRCON0          equ	3911	;# 
   888   000F48                     CCPTMRS1        equ	3912	;# 
   889   000F49                     CCPTMRS0        equ	3913	;# 
   890   000F4A                     T6CON           equ	3914	;# 
   891   000F4B                     PR6             equ	3915	;# 
   892   000F4C                     TMR6            equ	3916	;# 
   893   000F4D                     T5GCON          equ	3917	;# 
   894   000F4E                     T5CON           equ	3918	;# 
   895   000F4F                     TMR5            equ	3919	;# 
   896   000F4F                     TMR5L           equ	3919	;# 
   897   000F50                     TMR5H           equ	3920	;# 
   898   000F51                     T4CON           equ	3921	;# 
   899   000F52                     PR4             equ	3922	;# 
   900   000F53                     TMR4            equ	3923	;# 
   901   000F54                     CCP5CON         equ	3924	;# 
   902   000F55                     CCPR5           equ	3925	;# 
   903   000F55                     CCPR5L          equ	3925	;# 
   904   000F56                     CCPR5H          equ	3926	;# 
   905   000F57                     CCP4CON         equ	3927	;# 
   906   000F58                     CCPR4           equ	3928	;# 
   907   000F58                     CCPR4L          equ	3928	;# 
   908   000F59                     CCPR4H          equ	3929	;# 
   909   000F5A                     PSTR3CON        equ	3930	;# 
   910   000F5B                     ECCP3AS         equ	3931	;# 
   911   000F5B                     CCP3AS          equ	3931	;# 
   912   000F5C                     PWM3CON         equ	3932	;# 
   913   000F5D                     CCP3CON         equ	3933	;# 
   914   000F5E                     CCPR3           equ	3934	;# 
   915   000F5E                     CCPR3L          equ	3934	;# 
   916   000F5F                     CCPR3H          equ	3935	;# 
   917   000F60                     SLRCON          equ	3936	;# 
   918   000F61                     WPUB            equ	3937	;# 
   919   000F62                     IOCB            equ	3938	;# 
   920   000F63                     PSTR2CON        equ	3939	;# 
   921   000F64                     ECCP2AS         equ	3940	;# 
   922   000F64                     CCP2AS          equ	3940	;# 
   923   000F65                     PWM2CON         equ	3941	;# 
   924   000F66                     CCP2CON         equ	3942	;# 
   925   000F67                     CCPR2           equ	3943	;# 
   926   000F67                     CCPR2L          equ	3943	;# 
   927   000F68                     CCPR2H          equ	3944	;# 
   928   000F69                     SSP2CON3        equ	3945	;# 
   929   000F6A                     SSP2MSK         equ	3946	;# 
   930   000F6B                     SSP2CON2        equ	3947	;# 
   931   000F6C                     SSP2CON1        equ	3948	;# 
   932   000F6D                     SSP2STAT        equ	3949	;# 
   933   000F6E                     SSP2ADD         equ	3950	;# 
   934   000F6F                     SSP2BUF         equ	3951	;# 
   935   000F70                     BAUDCON2        equ	3952	;# 
   936   000F70                     BAUD2CON        equ	3952	;# 
   937   000F71                     RCSTA2          equ	3953	;# 
   938   000F71                     RC2STA          equ	3953	;# 
   939   000F72                     TXSTA2          equ	3954	;# 
   940   000F72                     TX2STA          equ	3954	;# 
   941   000F73                     TXREG2          equ	3955	;# 
   942   000F73                     TX2REG          equ	3955	;# 
   943   000F74                     RCREG2          equ	3956	;# 
   944   000F74                     RC2REG          equ	3956	;# 
   945   000F75                     SPBRG2          equ	3957	;# 
   946   000F75                     SP2BRG          equ	3957	;# 
   947   000F76                     SPBRGH2         equ	3958	;# 
   948   000F76                     SP2BRGH         equ	3958	;# 
   949   000F77                     CM2CON1         equ	3959	;# 
   950   000F77                     CM12CON         equ	3959	;# 
   951   000F78                     CM2CON0         equ	3960	;# 
   952   000F78                     CM2CON          equ	3960	;# 
   953   000F79                     CM1CON0         equ	3961	;# 
   954   000F79                     CM1CON          equ	3961	;# 
   955   000F7A                     PIE4            equ	3962	;# 
   956   000F7B                     PIR4            equ	3963	;# 
   957   000F7C                     IPR4            equ	3964	;# 
   958   000F7D                     PIE5            equ	3965	;# 
   959   000F7E                     PIR5            equ	3966	;# 
   960   000F7F                     IPR5            equ	3967	;# 
   961   000F80                     PORTA           equ	3968	;# 
   962   000F81                     PORTB           equ	3969	;# 
   963   000F82                     PORTC           equ	3970	;# 
   964   000F84                     PORTE           equ	3972	;# 
   965   000F89                     LATA            equ	3977	;# 
   966   000F8A                     LATB            equ	3978	;# 
   967   000F8B                     LATC            equ	3979	;# 
   968   000F92                     TRISA           equ	3986	;# 
   969   000F92                     DDRA            equ	3986	;# 
   970   000F93                     TRISB           equ	3987	;# 
   971   000F93                     DDRB            equ	3987	;# 
   972   000F94                     TRISC           equ	3988	;# 
   973   000F94                     DDRC            equ	3988	;# 
   974   000F96                     TRISE           equ	3990	;# 
   975   000F9B                     OSCTUNE         equ	3995	;# 
   976   000F9C                     HLVDCON         equ	3996	;# 
   977   000F9C                     LVDCON          equ	3996	;# 
   978   000F9D                     PIE1            equ	3997	;# 
   979   000F9E                     PIR1            equ	3998	;# 
   980   000F9F                     IPR1            equ	3999	;# 
   981   000FA0                     PIE2            equ	4000	;# 
   982   000FA1                     PIR2            equ	4001	;# 
   983   000FA2                     IPR2            equ	4002	;# 
   984   000FA3                     PIE3            equ	4003	;# 
   985   000FA4                     PIR3            equ	4004	;# 
   986   000FA5                     IPR3            equ	4005	;# 
   987   000FA6                     EECON1          equ	4006	;# 
   988   000FA7                     EECON2          equ	4007	;# 
   989   000FA8                     EEDATA          equ	4008	;# 
   990   000FA9                     EEADR           equ	4009	;# 
   991   000FAB                     RCSTA1          equ	4011	;# 
   992   000FAB                     RCSTA           equ	4011	;# 
   993   000FAB                     RC1STA          equ	4011	;# 
   994   000FAC                     TXSTA1          equ	4012	;# 
   995   000FAC                     TXSTA           equ	4012	;# 
   996   000FAC                     TX1STA          equ	4012	;# 
   997   000FAD                     TXREG1          equ	4013	;# 
   998   000FAD                     TXREG           equ	4013	;# 
   999   000FAD                     TX1REG          equ	4013	;# 
  1000   000FAE                     RCREG1          equ	4014	;# 
  1001   000FAE                     RCREG           equ	4014	;# 
  1002   000FAE                     RC1REG          equ	4014	;# 
  1003   000FAF                     SPBRG1          equ	4015	;# 
  1004   000FAF                     SPBRG           equ	4015	;# 
  1005   000FAF                     SP1BRG          equ	4015	;# 
  1006   000FB0                     SPBRGH1         equ	4016	;# 
  1007   000FB0                     SPBRGH          equ	4016	;# 
  1008   000FB0                     SP1BRGH         equ	4016	;# 
  1009   000FB1                     T3CON           equ	4017	;# 
  1010   000FB2                     TMR3            equ	4018	;# 
  1011   000FB2                     TMR3L           equ	4018	;# 
  1012   000FB3                     TMR3H           equ	4019	;# 
  1013   000FB4                     T3GCON          equ	4020	;# 
  1014   000FB6                     ECCP1AS         equ	4022	;# 
  1015   000FB6                     ECCPAS          equ	4022	;# 
  1016   000FB7                     PWM1CON         equ	4023	;# 
  1017   000FB7                     PWMCON          equ	4023	;# 
  1018   000FB8                     BAUDCON1        equ	4024	;# 
  1019   000FB8                     BAUDCON         equ	4024	;# 
  1020   000FB8                     BAUDCTL         equ	4024	;# 
  1021   000FB8                     BAUD1CON        equ	4024	;# 
  1022   000FB9                     PSTR1CON        equ	4025	;# 
  1023   000FB9                     PSTRCON         equ	4025	;# 
  1024   000FBA                     T2CON           equ	4026	;# 
  1025   000FBB                     PR2             equ	4027	;# 
  1026   000FBC                     TMR2            equ	4028	;# 
  1027   000FBD                     CCP1CON         equ	4029	;# 
  1028   000FBE                     CCPR1           equ	4030	;# 
  1029   000FBE                     CCPR1L          equ	4030	;# 
  1030   000FBF                     CCPR1H          equ	4031	;# 
  1031   000FC0                     ADCON2          equ	4032	;# 
  1032   000FC1                     ADCON1          equ	4033	;# 
  1033   000FC2                     ADCON0          equ	4034	;# 
  1034   000FC3                     ADRES           equ	4035	;# 
  1035   000FC3                     ADRESL          equ	4035	;# 
  1036   000FC4                     ADRESH          equ	4036	;# 
  1037   000FC5                     SSP1CON2        equ	4037	;# 
  1038   000FC5                     SSPCON2         equ	4037	;# 
  1039   000FC6                     SSP1CON1        equ	4038	;# 
  1040   000FC6                     SSPCON1         equ	4038	;# 
  1041   000FC7                     SSP1STAT        equ	4039	;# 
  1042   000FC7                     SSPSTAT         equ	4039	;# 
  1043   000FC8                     SSP1ADD         equ	4040	;# 
  1044   000FC8                     SSPADD          equ	4040	;# 
  1045   000FC9                     SSP1BUF         equ	4041	;# 
  1046   000FC9                     SSPBUF          equ	4041	;# 
  1047   000FCA                     SSP1MSK         equ	4042	;# 
  1048   000FCA                     SSPMSK          equ	4042	;# 
  1049   000FCB                     SSP1CON3        equ	4043	;# 
  1050   000FCB                     SSPCON3         equ	4043	;# 
  1051   000FCC                     T1GCON          equ	4044	;# 
  1052   000FCD                     T1CON           equ	4045	;# 
  1053   000FCE                     TMR1            equ	4046	;# 
  1054   000FCE                     TMR1L           equ	4046	;# 
  1055   000FCF                     TMR1H           equ	4047	;# 
  1056   000FD0                     RCON            equ	4048	;# 
  1057   000FD1                     WDTCON          equ	4049	;# 
  1058   000FD2                     OSCCON2         equ	4050	;# 
  1059   000FD3                     OSCCON          equ	4051	;# 
  1060   000FD5                     T0CON           equ	4053	;# 
  1061   000FD6                     TMR0            equ	4054	;# 
  1062   000FD6                     TMR0L           equ	4054	;# 
  1063   000FD7                     TMR0H           equ	4055	;# 
  1064   000FD8                     STATUS          equ	4056	;# 
  1065   000FD9                     FSR2            equ	4057	;# 
  1066   000FD9                     FSR2L           equ	4057	;# 
  1067   000FDA                     FSR2H           equ	4058	;# 
  1068   000FDB                     PLUSW2          equ	4059	;# 
  1069   000FDC                     PREINC2         equ	4060	;# 
  1070   000FDD                     POSTDEC2        equ	4061	;# 
  1071   000FDE                     POSTINC2        equ	4062	;# 
  1072   000FDF                     INDF2           equ	4063	;# 
  1073   000FE0                     BSR             equ	4064	;# 
  1074   000FE1                     FSR1            equ	4065	;# 
  1075   000FE1                     FSR1L           equ	4065	;# 
  1076   000FE2                     FSR1H           equ	4066	;# 
  1077   000FE3                     PLUSW1          equ	4067	;# 
  1078   000FE4                     PREINC1         equ	4068	;# 
  1079   000FE5                     POSTDEC1        equ	4069	;# 
  1080   000FE6                     POSTINC1        equ	4070	;# 
  1081   000FE7                     INDF1           equ	4071	;# 
  1082   000FE8                     WREG            equ	4072	;# 
  1083   000FE9                     FSR0            equ	4073	;# 
  1084   000FE9                     FSR0L           equ	4073	;# 
  1085   000FEA                     FSR0H           equ	4074	;# 
  1086   000FEB                     PLUSW0          equ	4075	;# 
  1087   000FEC                     PREINC0         equ	4076	;# 
  1088   000FED                     POSTDEC0        equ	4077	;# 
  1089   000FEE                     POSTINC0        equ	4078	;# 
  1090   000FEF                     INDF0           equ	4079	;# 
  1091   000FF0                     INTCON3         equ	4080	;# 
  1092   000FF1                     INTCON2         equ	4081	;# 
  1093   000FF2                     INTCON          equ	4082	;# 
  1094   000FF3                     PROD            equ	4083	;# 
  1095   000FF3                     PRODL           equ	4083	;# 
  1096   000FF4                     PRODH           equ	4084	;# 
  1097   000FF5                     TABLAT          equ	4085	;# 
  1098   000FF6                     TBLPTR          equ	4086	;# 
  1099   000FF6                     TBLPTRL         equ	4086	;# 
  1100   000FF7                     TBLPTRH         equ	4087	;# 
  1101   000FF8                     TBLPTRU         equ	4088	;# 
  1102   000FF9                     PCLAT           equ	4089	;# 
  1103   000FF9                     PC              equ	4089	;# 
  1104   000FF9                     PCL             equ	4089	;# 
  1105   000FFA                     PCLATH          equ	4090	;# 
  1106   000FFB                     PCLATU          equ	4091	;# 
  1107   000FFC                     STKPTR          equ	4092	;# 
  1108   000FFD                     TOS             equ	4093	;# 
  1109   000FFD                     TOSL            equ	4093	;# 
  1110   000FFE                     TOSH            equ	4094	;# 
  1111   000FFF                     TOSU            equ	4095	;# 
  1112   000F38                     ANSELA          equ	3896	;# 
  1113   000F39                     ANSELB          equ	3897	;# 
  1114   000F3A                     ANSELC          equ	3898	;# 
  1115   000F3D                     PMD2            equ	3901	;# 
  1116   000F3E                     PMD1            equ	3902	;# 
  1117   000F3F                     PMD0            equ	3903	;# 
  1118   000F40                     VREFCON2        equ	3904	;# 
  1119   000F40                     DACCON1         equ	3904	;# 
  1120   000F41                     VREFCON1        equ	3905	;# 
  1121   000F41                     DACCON0         equ	3905	;# 
  1122   000F42                     VREFCON0        equ	3906	;# 
  1123   000F42                     FVRCON          equ	3906	;# 
  1124   000F43                     CTMUICON        equ	3907	;# 
  1125   000F43                     CTMUICONH       equ	3907	;# 
  1126   000F44                     CTMUCONL        equ	3908	;# 
  1127   000F44                     CTMUCON1        equ	3908	;# 
  1128   000F45                     CTMUCONH        equ	3909	;# 
  1129   000F45                     CTMUCON0        equ	3909	;# 
  1130   000F46                     SRCON1          equ	3910	;# 
  1131   000F47                     SRCON0          equ	3911	;# 
  1132   000F48                     CCPTMRS1        equ	3912	;# 
  1133   000F49                     CCPTMRS0        equ	3913	;# 
  1134   000F4A                     T6CON           equ	3914	;# 
  1135   000F4B                     PR6             equ	3915	;# 
  1136   000F4C                     TMR6            equ	3916	;# 
  1137   000F4D                     T5GCON          equ	3917	;# 
  1138   000F4E                     T5CON           equ	3918	;# 
  1139   000F4F                     TMR5            equ	3919	;# 
  1140   000F4F                     TMR5L           equ	3919	;# 
  1141   000F50                     TMR5H           equ	3920	;# 
  1142   000F51                     T4CON           equ	3921	;# 
  1143   000F52                     PR4             equ	3922	;# 
  1144   000F53                     TMR4            equ	3923	;# 
  1145   000F54                     CCP5CON         equ	3924	;# 
  1146   000F55                     CCPR5           equ	3925	;# 
  1147   000F55                     CCPR5L          equ	3925	;# 
  1148   000F56                     CCPR5H          equ	3926	;# 
  1149   000F57                     CCP4CON         equ	3927	;# 
  1150   000F58                     CCPR4           equ	3928	;# 
  1151   000F58                     CCPR4L          equ	3928	;# 
  1152   000F59                     CCPR4H          equ	3929	;# 
  1153   000F5A                     PSTR3CON        equ	3930	;# 
  1154   000F5B                     ECCP3AS         equ	3931	;# 
  1155   000F5B                     CCP3AS          equ	3931	;# 
  1156   000F5C                     PWM3CON         equ	3932	;# 
  1157   000F5D                     CCP3CON         equ	3933	;# 
  1158   000F5E                     CCPR3           equ	3934	;# 
  1159   000F5E                     CCPR3L          equ	3934	;# 
  1160   000F5F                     CCPR3H          equ	3935	;# 
  1161   000F60                     SLRCON          equ	3936	;# 
  1162   000F61                     WPUB            equ	3937	;# 
  1163   000F62                     IOCB            equ	3938	;# 
  1164   000F63                     PSTR2CON        equ	3939	;# 
  1165   000F64                     ECCP2AS         equ	3940	;# 
  1166   000F64                     CCP2AS          equ	3940	;# 
  1167   000F65                     PWM2CON         equ	3941	;# 
  1168   000F66                     CCP2CON         equ	3942	;# 
  1169   000F67                     CCPR2           equ	3943	;# 
  1170   000F67                     CCPR2L          equ	3943	;# 
  1171   000F68                     CCPR2H          equ	3944	;# 
  1172   000F69                     SSP2CON3        equ	3945	;# 
  1173   000F6A                     SSP2MSK         equ	3946	;# 
  1174   000F6B                     SSP2CON2        equ	3947	;# 
  1175   000F6C                     SSP2CON1        equ	3948	;# 
  1176   000F6D                     SSP2STAT        equ	3949	;# 
  1177   000F6E                     SSP2ADD         equ	3950	;# 
  1178   000F6F                     SSP2BUF         equ	3951	;# 
  1179   000F70                     BAUDCON2        equ	3952	;# 
  1180   000F70                     BAUD2CON        equ	3952	;# 
  1181   000F71                     RCSTA2          equ	3953	;# 
  1182   000F71                     RC2STA          equ	3953	;# 
  1183   000F72                     TXSTA2          equ	3954	;# 
  1184   000F72                     TX2STA          equ	3954	;# 
  1185   000F73                     TXREG2          equ	3955	;# 
  1186   000F73                     TX2REG          equ	3955	;# 
  1187   000F74                     RCREG2          equ	3956	;# 
  1188   000F74                     RC2REG          equ	3956	;# 
  1189   000F75                     SPBRG2          equ	3957	;# 
  1190   000F75                     SP2BRG          equ	3957	;# 
  1191   000F76                     SPBRGH2         equ	3958	;# 
  1192   000F76                     SP2BRGH         equ	3958	;# 
  1193   000F77                     CM2CON1         equ	3959	;# 
  1194   000F77                     CM12CON         equ	3959	;# 
  1195   000F78                     CM2CON0         equ	3960	;# 
  1196   000F78                     CM2CON          equ	3960	;# 
  1197   000F79                     CM1CON0         equ	3961	;# 
  1198   000F79                     CM1CON          equ	3961	;# 
  1199   000F7A                     PIE4            equ	3962	;# 
  1200   000F7B                     PIR4            equ	3963	;# 
  1201   000F7C                     IPR4            equ	3964	;# 
  1202   000F7D                     PIE5            equ	3965	;# 
  1203   000F7E                     PIR5            equ	3966	;# 
  1204   000F7F                     IPR5            equ	3967	;# 
  1205   000F80                     PORTA           equ	3968	;# 
  1206   000F81                     PORTB           equ	3969	;# 
  1207   000F82                     PORTC           equ	3970	;# 
  1208   000F84                     PORTE           equ	3972	;# 
  1209   000F89                     LATA            equ	3977	;# 
  1210   000F8A                     LATB            equ	3978	;# 
  1211   000F8B                     LATC            equ	3979	;# 
  1212   000F92                     TRISA           equ	3986	;# 
  1213   000F92                     DDRA            equ	3986	;# 
  1214   000F93                     TRISB           equ	3987	;# 
  1215   000F93                     DDRB            equ	3987	;# 
  1216   000F94                     TRISC           equ	3988	;# 
  1217   000F94                     DDRC            equ	3988	;# 
  1218   000F96                     TRISE           equ	3990	;# 
  1219   000F9B                     OSCTUNE         equ	3995	;# 
  1220   000F9C                     HLVDCON         equ	3996	;# 
  1221   000F9C                     LVDCON          equ	3996	;# 
  1222   000F9D                     PIE1            equ	3997	;# 
  1223   000F9E                     PIR1            equ	3998	;# 
  1224   000F9F                     IPR1            equ	3999	;# 
  1225   000FA0                     PIE2            equ	4000	;# 
  1226   000FA1                     PIR2            equ	4001	;# 
  1227   000FA2                     IPR2            equ	4002	;# 
  1228   000FA3                     PIE3            equ	4003	;# 
  1229   000FA4                     PIR3            equ	4004	;# 
  1230   000FA5                     IPR3            equ	4005	;# 
  1231   000FA6                     EECON1          equ	4006	;# 
  1232   000FA7                     EECON2          equ	4007	;# 
  1233   000FA8                     EEDATA          equ	4008	;# 
  1234   000FA9                     EEADR           equ	4009	;# 
  1235   000FAB                     RCSTA1          equ	4011	;# 
  1236   000FAB                     RCSTA           equ	4011	;# 
  1237   000FAB                     RC1STA          equ	4011	;# 
  1238   000FAC                     TXSTA1          equ	4012	;# 
  1239   000FAC                     TXSTA           equ	4012	;# 
  1240   000FAC                     TX1STA          equ	4012	;# 
  1241   000FAD                     TXREG1          equ	4013	;# 
  1242   000FAD                     TXREG           equ	4013	;# 
  1243   000FAD                     TX1REG          equ	4013	;# 
  1244   000FAE                     RCREG1          equ	4014	;# 
  1245   000FAE                     RCREG           equ	4014	;# 
  1246   000FAE                     RC1REG          equ	4014	;# 
  1247   000FAF                     SPBRG1          equ	4015	;# 
  1248   000FAF                     SPBRG           equ	4015	;# 
  1249   000FAF                     SP1BRG          equ	4015	;# 
  1250   000FB0                     SPBRGH1         equ	4016	;# 
  1251   000FB0                     SPBRGH          equ	4016	;# 
  1252   000FB0                     SP1BRGH         equ	4016	;# 
  1253   000FB1                     T3CON           equ	4017	;# 
  1254   000FB2                     TMR3            equ	4018	;# 
  1255   000FB2                     TMR3L           equ	4018	;# 
  1256   000FB3                     TMR3H           equ	4019	;# 
  1257   000FB4                     T3GCON          equ	4020	;# 
  1258   000FB6                     ECCP1AS         equ	4022	;# 
  1259   000FB6                     ECCPAS          equ	4022	;# 
  1260   000FB7                     PWM1CON         equ	4023	;# 
  1261   000FB7                     PWMCON          equ	4023	;# 
  1262   000FB8                     BAUDCON1        equ	4024	;# 
  1263   000FB8                     BAUDCON         equ	4024	;# 
  1264   000FB8                     BAUDCTL         equ	4024	;# 
  1265   000FB8                     BAUD1CON        equ	4024	;# 
  1266   000FB9                     PSTR1CON        equ	4025	;# 
  1267   000FB9                     PSTRCON         equ	4025	;# 
  1268   000FBA                     T2CON           equ	4026	;# 
  1269   000FBB                     PR2             equ	4027	;# 
  1270   000FBC                     TMR2            equ	4028	;# 
  1271   000FBD                     CCP1CON         equ	4029	;# 
  1272   000FBE                     CCPR1           equ	4030	;# 
  1273   000FBE                     CCPR1L          equ	4030	;# 
  1274   000FBF                     CCPR1H          equ	4031	;# 
  1275   000FC0                     ADCON2          equ	4032	;# 
  1276   000FC1                     ADCON1          equ	4033	;# 
  1277   000FC2                     ADCON0          equ	4034	;# 
  1278   000FC3                     ADRES           equ	4035	;# 
  1279   000FC3                     ADRESL          equ	4035	;# 
  1280   000FC4                     ADRESH          equ	4036	;# 
  1281   000FC5                     SSP1CON2        equ	4037	;# 
  1282   000FC5                     SSPCON2         equ	4037	;# 
  1283   000FC6                     SSP1CON1        equ	4038	;# 
  1284   000FC6                     SSPCON1         equ	4038	;# 
  1285   000FC7                     SSP1STAT        equ	4039	;# 
  1286   000FC7                     SSPSTAT         equ	4039	;# 
  1287   000FC8                     SSP1ADD         equ	4040	;# 
  1288   000FC8                     SSPADD          equ	4040	;# 
  1289   000FC9                     SSP1BUF         equ	4041	;# 
  1290   000FC9                     SSPBUF          equ	4041	;# 
  1291   000FCA                     SSP1MSK         equ	4042	;# 
  1292   000FCA                     SSPMSK          equ	4042	;# 
  1293   000FCB                     SSP1CON3        equ	4043	;# 
  1294   000FCB                     SSPCON3         equ	4043	;# 
  1295   000FCC                     T1GCON          equ	4044	;# 
  1296   000FCD                     T1CON           equ	4045	;# 
  1297   000FCE                     TMR1            equ	4046	;# 
  1298   000FCE                     TMR1L           equ	4046	;# 
  1299   000FCF                     TMR1H           equ	4047	;# 
  1300   000FD0                     RCON            equ	4048	;# 
  1301   000FD1                     WDTCON          equ	4049	;# 
  1302   000FD2                     OSCCON2         equ	4050	;# 
  1303   000FD3                     OSCCON          equ	4051	;# 
  1304   000FD5                     T0CON           equ	4053	;# 
  1305   000FD6                     TMR0            equ	4054	;# 
  1306   000FD6                     TMR0L           equ	4054	;# 
  1307   000FD7                     TMR0H           equ	4055	;# 
  1308   000FD8                     STATUS          equ	4056	;# 
  1309   000FD9                     FSR2            equ	4057	;# 
  1310   000FD9                     FSR2L           equ	4057	;# 
  1311   000FDA                     FSR2H           equ	4058	;# 
  1312   000FDB                     PLUSW2          equ	4059	;# 
  1313   000FDC                     PREINC2         equ	4060	;# 
  1314   000FDD                     POSTDEC2        equ	4061	;# 
  1315   000FDE                     POSTINC2        equ	4062	;# 
  1316   000FDF                     INDF2           equ	4063	;# 
  1317   000FE0                     BSR             equ	4064	;# 
  1318   000FE1                     FSR1            equ	4065	;# 
  1319   000FE1                     FSR1L           equ	4065	;# 
  1320   000FE2                     FSR1H           equ	4066	;# 
  1321   000FE3                     PLUSW1          equ	4067	;# 
  1322   000FE4                     PREINC1         equ	4068	;# 
  1323   000FE5                     POSTDEC1        equ	4069	;# 
  1324   000FE6                     POSTINC1        equ	4070	;# 
  1325   000FE7                     INDF1           equ	4071	;# 
  1326   000FE8                     WREG            equ	4072	;# 
  1327   000FE9                     FSR0            equ	4073	;# 
  1328   000FE9                     FSR0L           equ	4073	;# 
  1329   000FEA                     FSR0H           equ	4074	;# 
  1330   000FEB                     PLUSW0          equ	4075	;# 
  1331   000FEC                     PREINC0         equ	4076	;# 
  1332   000FED                     POSTDEC0        equ	4077	;# 
  1333   000FEE                     POSTINC0        equ	4078	;# 
  1334   000FEF                     INDF0           equ	4079	;# 
  1335   000FF0                     INTCON3         equ	4080	;# 
  1336   000FF1                     INTCON2         equ	4081	;# 
  1337   000FF2                     INTCON          equ	4082	;# 
  1338   000FF3                     PROD            equ	4083	;# 
  1339   000FF3                     PRODL           equ	4083	;# 
  1340   000FF4                     PRODH           equ	4084	;# 
  1341   000FF5                     TABLAT          equ	4085	;# 
  1342   000FF6                     TBLPTR          equ	4086	;# 
  1343   000FF6                     TBLPTRL         equ	4086	;# 
  1344   000FF7                     TBLPTRH         equ	4087	;# 
  1345   000FF8                     TBLPTRU         equ	4088	;# 
  1346   000FF9                     PCLAT           equ	4089	;# 
  1347   000FF9                     PC              equ	4089	;# 
  1348   000FF9                     PCL             equ	4089	;# 
  1349   000FFA                     PCLATH          equ	4090	;# 
  1350   000FFB                     PCLATU          equ	4091	;# 
  1351   000FFC                     STKPTR          equ	4092	;# 
  1352   000FFD                     TOS             equ	4093	;# 
  1353   000FFD                     TOSL            equ	4093	;# 
  1354   000FFE                     TOSH            equ	4094	;# 
  1355   000FFF                     TOSU            equ	4095	;# 
  1356   000F38                     ANSELA          equ	3896	;# 
  1357   000F39                     ANSELB          equ	3897	;# 
  1358   000F3A                     ANSELC          equ	3898	;# 
  1359   000F3D                     PMD2            equ	3901	;# 
  1360   000F3E                     PMD1            equ	3902	;# 
  1361   000F3F                     PMD0            equ	3903	;# 
  1362   000F40                     VREFCON2        equ	3904	;# 
  1363   000F40                     DACCON1         equ	3904	;# 
  1364   000F41                     VREFCON1        equ	3905	;# 
  1365   000F41                     DACCON0         equ	3905	;# 
  1366   000F42                     VREFCON0        equ	3906	;# 
  1367   000F42                     FVRCON          equ	3906	;# 
  1368   000F43                     CTMUICON        equ	3907	;# 
  1369   000F43                     CTMUICONH       equ	3907	;# 
  1370   000F44                     CTMUCONL        equ	3908	;# 
  1371   000F44                     CTMUCON1        equ	3908	;# 
  1372   000F45                     CTMUCONH        equ	3909	;# 
  1373   000F45                     CTMUCON0        equ	3909	;# 
  1374   000F46                     SRCON1          equ	3910	;# 
  1375   000F47                     SRCON0          equ	3911	;# 
  1376   000F48                     CCPTMRS1        equ	3912	;# 
  1377   000F49                     CCPTMRS0        equ	3913	;# 
  1378   000F4A                     T6CON           equ	3914	;# 
  1379   000F4B                     PR6             equ	3915	;# 
  1380   000F4C                     TMR6            equ	3916	;# 
  1381   000F4D                     T5GCON          equ	3917	;# 
  1382   000F4E                     T5CON           equ	3918	;# 
  1383   000F4F                     TMR5            equ	3919	;# 
  1384   000F4F                     TMR5L           equ	3919	;# 
  1385   000F50                     TMR5H           equ	3920	;# 
  1386   000F51                     T4CON           equ	3921	;# 
  1387   000F52                     PR4             equ	3922	;# 
  1388   000F53                     TMR4            equ	3923	;# 
  1389   000F54                     CCP5CON         equ	3924	;# 
  1390   000F55                     CCPR5           equ	3925	;# 
  1391   000F55                     CCPR5L          equ	3925	;# 
  1392   000F56                     CCPR5H          equ	3926	;# 
  1393   000F57                     CCP4CON         equ	3927	;# 
  1394   000F58                     CCPR4           equ	3928	;# 
  1395   000F58                     CCPR4L          equ	3928	;# 
  1396   000F59                     CCPR4H          equ	3929	;# 
  1397   000F5A                     PSTR3CON        equ	3930	;# 
  1398   000F5B                     ECCP3AS         equ	3931	;# 
  1399   000F5B                     CCP3AS          equ	3931	;# 
  1400   000F5C                     PWM3CON         equ	3932	;# 
  1401   000F5D                     CCP3CON         equ	3933	;# 
  1402   000F5E                     CCPR3           equ	3934	;# 
  1403   000F5E                     CCPR3L          equ	3934	;# 
  1404   000F5F                     CCPR3H          equ	3935	;# 
  1405   000F60                     SLRCON          equ	3936	;# 
  1406   000F61                     WPUB            equ	3937	;# 
  1407   000F62                     IOCB            equ	3938	;# 
  1408   000F63                     PSTR2CON        equ	3939	;# 
  1409   000F64                     ECCP2AS         equ	3940	;# 
  1410   000F64                     CCP2AS          equ	3940	;# 
  1411   000F65                     PWM2CON         equ	3941	;# 
  1412   000F66                     CCP2CON         equ	3942	;# 
  1413   000F67                     CCPR2           equ	3943	;# 
  1414   000F67                     CCPR2L          equ	3943	;# 
  1415   000F68                     CCPR2H          equ	3944	;# 
  1416   000F69                     SSP2CON3        equ	3945	;# 
  1417   000F6A                     SSP2MSK         equ	3946	;# 
  1418   000F6B                     SSP2CON2        equ	3947	;# 
  1419   000F6C                     SSP2CON1        equ	3948	;# 
  1420   000F6D                     SSP2STAT        equ	3949	;# 
  1421   000F6E                     SSP2ADD         equ	3950	;# 
  1422   000F6F                     SSP2BUF         equ	3951	;# 
  1423   000F70                     BAUDCON2        equ	3952	;# 
  1424   000F70                     BAUD2CON        equ	3952	;# 
  1425   000F71                     RCSTA2          equ	3953	;# 
  1426   000F71                     RC2STA          equ	3953	;# 
  1427   000F72                     TXSTA2          equ	3954	;# 
  1428   000F72                     TX2STA          equ	3954	;# 
  1429   000F73                     TXREG2          equ	3955	;# 
  1430   000F73                     TX2REG          equ	3955	;# 
  1431   000F74                     RCREG2          equ	3956	;# 
  1432   000F74                     RC2REG          equ	3956	;# 
  1433   000F75                     SPBRG2          equ	3957	;# 
  1434   000F75                     SP2BRG          equ	3957	;# 
  1435   000F76                     SPBRGH2         equ	3958	;# 
  1436   000F76                     SP2BRGH         equ	3958	;# 
  1437   000F77                     CM2CON1         equ	3959	;# 
  1438   000F77                     CM12CON         equ	3959	;# 
  1439   000F78                     CM2CON0         equ	3960	;# 
  1440   000F78                     CM2CON          equ	3960	;# 
  1441   000F79                     CM1CON0         equ	3961	;# 
  1442   000F79                     CM1CON          equ	3961	;# 
  1443   000F7A                     PIE4            equ	3962	;# 
  1444   000F7B                     PIR4            equ	3963	;# 
  1445   000F7C                     IPR4            equ	3964	;# 
  1446   000F7D                     PIE5            equ	3965	;# 
  1447   000F7E                     PIR5            equ	3966	;# 
  1448   000F7F                     IPR5            equ	3967	;# 
  1449   000F80                     PORTA           equ	3968	;# 
  1450   000F81                     PORTB           equ	3969	;# 
  1451   000F82                     PORTC           equ	3970	;# 
  1452   000F84                     PORTE           equ	3972	;# 
  1453   000F89                     LATA            equ	3977	;# 
  1454   000F8A                     LATB            equ	3978	;# 
  1455   000F8B                     LATC            equ	3979	;# 
  1456   000F92                     TRISA           equ	3986	;# 
  1457   000F92                     DDRA            equ	3986	;# 
  1458   000F93                     TRISB           equ	3987	;# 
  1459   000F93                     DDRB            equ	3987	;# 
  1460   000F94                     TRISC           equ	3988	;# 
  1461   000F94                     DDRC            equ	3988	;# 
  1462   000F96                     TRISE           equ	3990	;# 
  1463   000F9B                     OSCTUNE         equ	3995	;# 
  1464   000F9C                     HLVDCON         equ	3996	;# 
  1465   000F9C                     LVDCON          equ	3996	;# 
  1466   000F9D                     PIE1            equ	3997	;# 
  1467   000F9E                     PIR1            equ	3998	;# 
  1468   000F9F                     IPR1            equ	3999	;# 
  1469   000FA0                     PIE2            equ	4000	;# 
  1470   000FA1                     PIR2            equ	4001	;# 
  1471   000FA2                     IPR2            equ	4002	;# 
  1472   000FA3                     PIE3            equ	4003	;# 
  1473   000FA4                     PIR3            equ	4004	;# 
  1474   000FA5                     IPR3            equ	4005	;# 
  1475   000FA6                     EECON1          equ	4006	;# 
  1476   000FA7                     EECON2          equ	4007	;# 
  1477   000FA8                     EEDATA          equ	4008	;# 
  1478   000FA9                     EEADR           equ	4009	;# 
  1479   000FAB                     RCSTA1          equ	4011	;# 
  1480   000FAB                     RCSTA           equ	4011	;# 
  1481   000FAB                     RC1STA          equ	4011	;# 
  1482   000FAC                     TXSTA1          equ	4012	;# 
  1483   000FAC                     TXSTA           equ	4012	;# 
  1484   000FAC                     TX1STA          equ	4012	;# 
  1485   000FAD                     TXREG1          equ	4013	;# 
  1486   000FAD                     TXREG           equ	4013	;# 
  1487   000FAD                     TX1REG          equ	4013	;# 
  1488   000FAE                     RCREG1          equ	4014	;# 
  1489   000FAE                     RCREG           equ	4014	;# 
  1490   000FAE                     RC1REG          equ	4014	;# 
  1491   000FAF                     SPBRG1          equ	4015	;# 
  1492   000FAF                     SPBRG           equ	4015	;# 
  1493   000FAF                     SP1BRG          equ	4015	;# 
  1494   000FB0                     SPBRGH1         equ	4016	;# 
  1495   000FB0                     SPBRGH          equ	4016	;# 
  1496   000FB0                     SP1BRGH         equ	4016	;# 
  1497   000FB1                     T3CON           equ	4017	;# 
  1498   000FB2                     TMR3            equ	4018	;# 
  1499   000FB2                     TMR3L           equ	4018	;# 
  1500   000FB3                     TMR3H           equ	4019	;# 
  1501   000FB4                     T3GCON          equ	4020	;# 
  1502   000FB6                     ECCP1AS         equ	4022	;# 
  1503   000FB6                     ECCPAS          equ	4022	;# 
  1504   000FB7                     PWM1CON         equ	4023	;# 
  1505   000FB7                     PWMCON          equ	4023	;# 
  1506   000FB8                     BAUDCON1        equ	4024	;# 
  1507   000FB8                     BAUDCON         equ	4024	;# 
  1508   000FB8                     BAUDCTL         equ	4024	;# 
  1509   000FB8                     BAUD1CON        equ	4024	;# 
  1510   000FB9                     PSTR1CON        equ	4025	;# 
  1511   000FB9                     PSTRCON         equ	4025	;# 
  1512   000FBA                     T2CON           equ	4026	;# 
  1513   000FBB                     PR2             equ	4027	;# 
  1514   000FBC                     TMR2            equ	4028	;# 
  1515   000FBD                     CCP1CON         equ	4029	;# 
  1516   000FBE                     CCPR1           equ	4030	;# 
  1517   000FBE                     CCPR1L          equ	4030	;# 
  1518   000FBF                     CCPR1H          equ	4031	;# 
  1519   000FC0                     ADCON2          equ	4032	;# 
  1520   000FC1                     ADCON1          equ	4033	;# 
  1521   000FC2                     ADCON0          equ	4034	;# 
  1522   000FC3                     ADRES           equ	4035	;# 
  1523   000FC3                     ADRESL          equ	4035	;# 
  1524   000FC4                     ADRESH          equ	4036	;# 
  1525   000FC5                     SSP1CON2        equ	4037	;# 
  1526   000FC5                     SSPCON2         equ	4037	;# 
  1527   000FC6                     SSP1CON1        equ	4038	;# 
  1528   000FC6                     SSPCON1         equ	4038	;# 
  1529   000FC7                     SSP1STAT        equ	4039	;# 
  1530   000FC7                     SSPSTAT         equ	4039	;# 
  1531   000FC8                     SSP1ADD         equ	4040	;# 
  1532   000FC8                     SSPADD          equ	4040	;# 
  1533   000FC9                     SSP1BUF         equ	4041	;# 
  1534   000FC9                     SSPBUF          equ	4041	;# 
  1535   000FCA                     SSP1MSK         equ	4042	;# 
  1536   000FCA                     SSPMSK          equ	4042	;# 
  1537   000FCB                     SSP1CON3        equ	4043	;# 
  1538   000FCB                     SSPCON3         equ	4043	;# 
  1539   000FCC                     T1GCON          equ	4044	;# 
  1540   000FCD                     T1CON           equ	4045	;# 
  1541   000FCE                     TMR1            equ	4046	;# 
  1542   000FCE                     TMR1L           equ	4046	;# 
  1543   000FCF                     TMR1H           equ	4047	;# 
  1544   000FD0                     RCON            equ	4048	;# 
  1545   000FD1                     WDTCON          equ	4049	;# 
  1546   000FD2                     OSCCON2         equ	4050	;# 
  1547   000FD3                     OSCCON          equ	4051	;# 
  1548   000FD5                     T0CON           equ	4053	;# 
  1549   000FD6                     TMR0            equ	4054	;# 
  1550   000FD6                     TMR0L           equ	4054	;# 
  1551   000FD7                     TMR0H           equ	4055	;# 
  1552   000FD8                     STATUS          equ	4056	;# 
  1553   000FD9                     FSR2            equ	4057	;# 
  1554   000FD9                     FSR2L           equ	4057	;# 
  1555   000FDA                     FSR2H           equ	4058	;# 
  1556   000FDB                     PLUSW2          equ	4059	;# 
  1557   000FDC                     PREINC2         equ	4060	;# 
  1558   000FDD                     POSTDEC2        equ	4061	;# 
  1559   000FDE                     POSTINC2        equ	4062	;# 
  1560   000FDF                     INDF2           equ	4063	;# 
  1561   000FE0                     BSR             equ	4064	;# 
  1562   000FE1                     FSR1            equ	4065	;# 
  1563   000FE1                     FSR1L           equ	4065	;# 
  1564   000FE2                     FSR1H           equ	4066	;# 
  1565   000FE3                     PLUSW1          equ	4067	;# 
  1566   000FE4                     PREINC1         equ	4068	;# 
  1567   000FE5                     POSTDEC1        equ	4069	;# 
  1568   000FE6                     POSTINC1        equ	4070	;# 
  1569   000FE7                     INDF1           equ	4071	;# 
  1570   000FE8                     WREG            equ	4072	;# 
  1571   000FE9                     FSR0            equ	4073	;# 
  1572   000FE9                     FSR0L           equ	4073	;# 
  1573   000FEA                     FSR0H           equ	4074	;# 
  1574   000FEB                     PLUSW0          equ	4075	;# 
  1575   000FEC                     PREINC0         equ	4076	;# 
  1576   000FED                     POSTDEC0        equ	4077	;# 
  1577   000FEE                     POSTINC0        equ	4078	;# 
  1578   000FEF                     INDF0           equ	4079	;# 
  1579   000FF0                     INTCON3         equ	4080	;# 
  1580   000FF1                     INTCON2         equ	4081	;# 
  1581   000FF2                     INTCON          equ	4082	;# 
  1582   000FF3                     PROD            equ	4083	;# 
  1583   000FF3                     PRODL           equ	4083	;# 
  1584   000FF4                     PRODH           equ	4084	;# 
  1585   000FF5                     TABLAT          equ	4085	;# 
  1586   000FF6                     TBLPTR          equ	4086	;# 
  1587   000FF6                     TBLPTRL         equ	4086	;# 
  1588   000FF7                     TBLPTRH         equ	4087	;# 
  1589   000FF8                     TBLPTRU         equ	4088	;# 
  1590   000FF9                     PCLAT           equ	4089	;# 
  1591   000FF9                     PC              equ	4089	;# 
  1592   000FF9                     PCL             equ	4089	;# 
  1593   000FFA                     PCLATH          equ	4090	;# 
  1594   000FFB                     PCLATU          equ	4091	;# 
  1595   000FFC                     STKPTR          equ	4092	;# 
  1596   000FFD                     TOS             equ	4093	;# 
  1597   000FFD                     TOSL            equ	4093	;# 
  1598   000FFE                     TOSH            equ	4094	;# 
  1599   000FFF                     TOSU            equ	4095	;# 
  1600   000F38                     ANSELA          equ	3896	;# 
  1601   000F39                     ANSELB          equ	3897	;# 
  1602   000F3A                     ANSELC          equ	3898	;# 
  1603   000F3D                     PMD2            equ	3901	;# 
  1604   000F3E                     PMD1            equ	3902	;# 
  1605   000F3F                     PMD0            equ	3903	;# 
  1606   000F40                     VREFCON2        equ	3904	;# 
  1607   000F40                     DACCON1         equ	3904	;# 
  1608   000F41                     VREFCON1        equ	3905	;# 
  1609   000F41                     DACCON0         equ	3905	;# 
  1610   000F42                     VREFCON0        equ	3906	;# 
  1611   000F42                     FVRCON          equ	3906	;# 
  1612   000F43                     CTMUICON        equ	3907	;# 
  1613   000F43                     CTMUICONH       equ	3907	;# 
  1614   000F44                     CTMUCONL        equ	3908	;# 
  1615   000F44                     CTMUCON1        equ	3908	;# 
  1616   000F45                     CTMUCONH        equ	3909	;# 
  1617   000F45                     CTMUCON0        equ	3909	;# 
  1618   000F46                     SRCON1          equ	3910	;# 
  1619   000F47                     SRCON0          equ	3911	;# 
  1620   000F48                     CCPTMRS1        equ	3912	;# 
  1621   000F49                     CCPTMRS0        equ	3913	;# 
  1622   000F4A                     T6CON           equ	3914	;# 
  1623   000F4B                     PR6             equ	3915	;# 
  1624   000F4C                     TMR6            equ	3916	;# 
  1625   000F4D                     T5GCON          equ	3917	;# 
  1626   000F4E                     T5CON           equ	3918	;# 
  1627   000F4F                     TMR5            equ	3919	;# 
  1628   000F4F                     TMR5L           equ	3919	;# 
  1629   000F50                     TMR5H           equ	3920	;# 
  1630   000F51                     T4CON           equ	3921	;# 
  1631   000F52                     PR4             equ	3922	;# 
  1632   000F53                     TMR4            equ	3923	;# 
  1633   000F54                     CCP5CON         equ	3924	;# 
  1634   000F55                     CCPR5           equ	3925	;# 
  1635   000F55                     CCPR5L          equ	3925	;# 
  1636   000F56                     CCPR5H          equ	3926	;# 
  1637   000F57                     CCP4CON         equ	3927	;# 
  1638   000F58                     CCPR4           equ	3928	;# 
  1639   000F58                     CCPR4L          equ	3928	;# 
  1640   000F59                     CCPR4H          equ	3929	;# 
  1641   000F5A                     PSTR3CON        equ	3930	;# 
  1642   000F5B                     ECCP3AS         equ	3931	;# 
  1643   000F5B                     CCP3AS          equ	3931	;# 
  1644   000F5C                     PWM3CON         equ	3932	;# 
  1645   000F5D                     CCP3CON         equ	3933	;# 
  1646   000F5E                     CCPR3           equ	3934	;# 
  1647   000F5E                     CCPR3L          equ	3934	;# 
  1648   000F5F                     CCPR3H          equ	3935	;# 
  1649   000F60                     SLRCON          equ	3936	;# 
  1650   000F61                     WPUB            equ	3937	;# 
  1651   000F62                     IOCB            equ	3938	;# 
  1652   000F63                     PSTR2CON        equ	3939	;# 
  1653   000F64                     ECCP2AS         equ	3940	;# 
  1654   000F64                     CCP2AS          equ	3940	;# 
  1655   000F65                     PWM2CON         equ	3941	;# 
  1656   000F66                     CCP2CON         equ	3942	;# 
  1657   000F67                     CCPR2           equ	3943	;# 
  1658   000F67                     CCPR2L          equ	3943	;# 
  1659   000F68                     CCPR2H          equ	3944	;# 
  1660   000F69                     SSP2CON3        equ	3945	;# 
  1661   000F6A                     SSP2MSK         equ	3946	;# 
  1662   000F6B                     SSP2CON2        equ	3947	;# 
  1663   000F6C                     SSP2CON1        equ	3948	;# 
  1664   000F6D                     SSP2STAT        equ	3949	;# 
  1665   000F6E                     SSP2ADD         equ	3950	;# 
  1666   000F6F                     SSP2BUF         equ	3951	;# 
  1667   000F70                     BAUDCON2        equ	3952	;# 
  1668   000F70                     BAUD2CON        equ	3952	;# 
  1669   000F71                     RCSTA2          equ	3953	;# 
  1670   000F71                     RC2STA          equ	3953	;# 
  1671   000F72                     TXSTA2          equ	3954	;# 
  1672   000F72                     TX2STA          equ	3954	;# 
  1673   000F73                     TXREG2          equ	3955	;# 
  1674   000F73                     TX2REG          equ	3955	;# 
  1675   000F74                     RCREG2          equ	3956	;# 
  1676   000F74                     RC2REG          equ	3956	;# 
  1677   000F75                     SPBRG2          equ	3957	;# 
  1678   000F75                     SP2BRG          equ	3957	;# 
  1679   000F76                     SPBRGH2         equ	3958	;# 
  1680   000F76                     SP2BRGH         equ	3958	;# 
  1681   000F77                     CM2CON1         equ	3959	;# 
  1682   000F77                     CM12CON         equ	3959	;# 
  1683   000F78                     CM2CON0         equ	3960	;# 
  1684   000F78                     CM2CON          equ	3960	;# 
  1685   000F79                     CM1CON0         equ	3961	;# 
  1686   000F79                     CM1CON          equ	3961	;# 
  1687   000F7A                     PIE4            equ	3962	;# 
  1688   000F7B                     PIR4            equ	3963	;# 
  1689   000F7C                     IPR4            equ	3964	;# 
  1690   000F7D                     PIE5            equ	3965	;# 
  1691   000F7E                     PIR5            equ	3966	;# 
  1692   000F7F                     IPR5            equ	3967	;# 
  1693   000F80                     PORTA           equ	3968	;# 
  1694   000F81                     PORTB           equ	3969	;# 
  1695   000F82                     PORTC           equ	3970	;# 
  1696   000F84                     PORTE           equ	3972	;# 
  1697   000F89                     LATA            equ	3977	;# 
  1698   000F8A                     LATB            equ	3978	;# 
  1699   000F8B                     LATC            equ	3979	;# 
  1700   000F92                     TRISA           equ	3986	;# 
  1701   000F92                     DDRA            equ	3986	;# 
  1702   000F93                     TRISB           equ	3987	;# 
  1703   000F93                     DDRB            equ	3987	;# 
  1704   000F94                     TRISC           equ	3988	;# 
  1705   000F94                     DDRC            equ	3988	;# 
  1706   000F96                     TRISE           equ	3990	;# 
  1707   000F9B                     OSCTUNE         equ	3995	;# 
  1708   000F9C                     HLVDCON         equ	3996	;# 
  1709   000F9C                     LVDCON          equ	3996	;# 
  1710   000F9D                     PIE1            equ	3997	;# 
  1711   000F9E                     PIR1            equ	3998	;# 
  1712   000F9F                     IPR1            equ	3999	;# 
  1713   000FA0                     PIE2            equ	4000	;# 
  1714   000FA1                     PIR2            equ	4001	;# 
  1715   000FA2                     IPR2            equ	4002	;# 
  1716   000FA3                     PIE3            equ	4003	;# 
  1717   000FA4                     PIR3            equ	4004	;# 
  1718   000FA5                     IPR3            equ	4005	;# 
  1719   000FA6                     EECON1          equ	4006	;# 
  1720   000FA7                     EECON2          equ	4007	;# 
  1721   000FA8                     EEDATA          equ	4008	;# 
  1722   000FA9                     EEADR           equ	4009	;# 
  1723   000FAB                     RCSTA1          equ	4011	;# 
  1724   000FAB                     RCSTA           equ	4011	;# 
  1725   000FAB                     RC1STA          equ	4011	;# 
  1726   000FAC                     TXSTA1          equ	4012	;# 
  1727   000FAC                     TXSTA           equ	4012	;# 
  1728   000FAC                     TX1STA          equ	4012	;# 
  1729   000FAD                     TXREG1          equ	4013	;# 
  1730   000FAD                     TXREG           equ	4013	;# 
  1731   000FAD                     TX1REG          equ	4013	;# 
  1732   000FAE                     RCREG1          equ	4014	;# 
  1733   000FAE                     RCREG           equ	4014	;# 
  1734   000FAE                     RC1REG          equ	4014	;# 
  1735   000FAF                     SPBRG1          equ	4015	;# 
  1736   000FAF                     SPBRG           equ	4015	;# 
  1737   000FAF                     SP1BRG          equ	4015	;# 
  1738   000FB0                     SPBRGH1         equ	4016	;# 
  1739   000FB0                     SPBRGH          equ	4016	;# 
  1740   000FB0                     SP1BRGH         equ	4016	;# 
  1741   000FB1                     T3CON           equ	4017	;# 
  1742   000FB2                     TMR3            equ	4018	;# 
  1743   000FB2                     TMR3L           equ	4018	;# 
  1744   000FB3                     TMR3H           equ	4019	;# 
  1745   000FB4                     T3GCON          equ	4020	;# 
  1746   000FB6                     ECCP1AS         equ	4022	;# 
  1747   000FB6                     ECCPAS          equ	4022	;# 
  1748   000FB7                     PWM1CON         equ	4023	;# 
  1749   000FB7                     PWMCON          equ	4023	;# 
  1750   000FB8                     BAUDCON1        equ	4024	;# 
  1751   000FB8                     BAUDCON         equ	4024	;# 
  1752   000FB8                     BAUDCTL         equ	4024	;# 
  1753   000FB8                     BAUD1CON        equ	4024	;# 
  1754   000FB9                     PSTR1CON        equ	4025	;# 
  1755   000FB9                     PSTRCON         equ	4025	;# 
  1756   000FBA                     T2CON           equ	4026	;# 
  1757   000FBB                     PR2             equ	4027	;# 
  1758   000FBC                     TMR2            equ	4028	;# 
  1759   000FBD                     CCP1CON         equ	4029	;# 
  1760   000FBE                     CCPR1           equ	4030	;# 
  1761   000FBE                     CCPR1L          equ	4030	;# 
  1762   000FBF                     CCPR1H          equ	4031	;# 
  1763   000FC0                     ADCON2          equ	4032	;# 
  1764   000FC1                     ADCON1          equ	4033	;# 
  1765   000FC2                     ADCON0          equ	4034	;# 
  1766   000FC3                     ADRES           equ	4035	;# 
  1767   000FC3                     ADRESL          equ	4035	;# 
  1768   000FC4                     ADRESH          equ	4036	;# 
  1769   000FC5                     SSP1CON2        equ	4037	;# 
  1770   000FC5                     SSPCON2         equ	4037	;# 
  1771   000FC6                     SSP1CON1        equ	4038	;# 
  1772   000FC6                     SSPCON1         equ	4038	;# 
  1773   000FC7                     SSP1STAT        equ	4039	;# 
  1774   000FC7                     SSPSTAT         equ	4039	;# 
  1775   000FC8                     SSP1ADD         equ	4040	;# 
  1776   000FC8                     SSPADD          equ	4040	;# 
  1777   000FC9                     SSP1BUF         equ	4041	;# 
  1778   000FC9                     SSPBUF          equ	4041	;# 
  1779   000FCA                     SSP1MSK         equ	4042	;# 
  1780   000FCA                     SSPMSK          equ	4042	;# 
  1781   000FCB                     SSP1CON3        equ	4043	;# 
  1782   000FCB                     SSPCON3         equ	4043	;# 
  1783   000FCC                     T1GCON          equ	4044	;# 
  1784   000FCD                     T1CON           equ	4045	;# 
  1785   000FCE                     TMR1            equ	4046	;# 
  1786   000FCE                     TMR1L           equ	4046	;# 
  1787   000FCF                     TMR1H           equ	4047	;# 
  1788   000FD0                     RCON            equ	4048	;# 
  1789   000FD1                     WDTCON          equ	4049	;# 
  1790   000FD2                     OSCCON2         equ	4050	;# 
  1791   000FD3                     OSCCON          equ	4051	;# 
  1792   000FD5                     T0CON           equ	4053	;# 
  1793   000FD6                     TMR0            equ	4054	;# 
  1794   000FD6                     TMR0L           equ	4054	;# 
  1795   000FD7                     TMR0H           equ	4055	;# 
  1796   000FD8                     STATUS          equ	4056	;# 
  1797   000FD9                     FSR2            equ	4057	;# 
  1798   000FD9                     FSR2L           equ	4057	;# 
  1799   000FDA                     FSR2H           equ	4058	;# 
  1800   000FDB                     PLUSW2          equ	4059	;# 
  1801   000FDC                     PREINC2         equ	4060	;# 
  1802   000FDD                     POSTDEC2        equ	4061	;# 
  1803   000FDE                     POSTINC2        equ	4062	;# 
  1804   000FDF                     INDF2           equ	4063	;# 
  1805   000FE0                     BSR             equ	4064	;# 
  1806   000FE1                     FSR1            equ	4065	;# 
  1807   000FE1                     FSR1L           equ	4065	;# 
  1808   000FE2                     FSR1H           equ	4066	;# 
  1809   000FE3                     PLUSW1          equ	4067	;# 
  1810   000FE4                     PREINC1         equ	4068	;# 
  1811   000FE5                     POSTDEC1        equ	4069	;# 
  1812   000FE6                     POSTINC1        equ	4070	;# 
  1813   000FE7                     INDF1           equ	4071	;# 
  1814   000FE8                     WREG            equ	4072	;# 
  1815   000FE9                     FSR0            equ	4073	;# 
  1816   000FE9                     FSR0L           equ	4073	;# 
  1817   000FEA                     FSR0H           equ	4074	;# 
  1818   000FEB                     PLUSW0          equ	4075	;# 
  1819   000FEC                     PREINC0         equ	4076	;# 
  1820   000FED                     POSTDEC0        equ	4077	;# 
  1821   000FEE                     POSTINC0        equ	4078	;# 
  1822   000FEF                     INDF0           equ	4079	;# 
  1823   000FF0                     INTCON3         equ	4080	;# 
  1824   000FF1                     INTCON2         equ	4081	;# 
  1825   000FF2                     INTCON          equ	4082	;# 
  1826   000FF3                     PROD            equ	4083	;# 
  1827   000FF3                     PRODL           equ	4083	;# 
  1828   000FF4                     PRODH           equ	4084	;# 
  1829   000FF5                     TABLAT          equ	4085	;# 
  1830   000FF6                     TBLPTR          equ	4086	;# 
  1831   000FF6                     TBLPTRL         equ	4086	;# 
  1832   000FF7                     TBLPTRH         equ	4087	;# 
  1833   000FF8                     TBLPTRU         equ	4088	;# 
  1834   000FF9                     PCLAT           equ	4089	;# 
  1835   000FF9                     PC              equ	4089	;# 
  1836   000FF9                     PCL             equ	4089	;# 
  1837   000FFA                     PCLATH          equ	4090	;# 
  1838   000FFB                     PCLATU          equ	4091	;# 
  1839   000FFC                     STKPTR          equ	4092	;# 
  1840   000FFD                     TOS             equ	4093	;# 
  1841   000FFD                     TOSL            equ	4093	;# 
  1842   000FFE                     TOSH            equ	4094	;# 
  1843   000FFF                     TOSU            equ	4095	;# 
  1844   000F38                     ANSELA          equ	3896	;# 
  1845   000F39                     ANSELB          equ	3897	;# 
  1846   000F3A                     ANSELC          equ	3898	;# 
  1847   000F3D                     PMD2            equ	3901	;# 
  1848   000F3E                     PMD1            equ	3902	;# 
  1849   000F3F                     PMD0            equ	3903	;# 
  1850   000F40                     VREFCON2        equ	3904	;# 
  1851   000F40                     DACCON1         equ	3904	;# 
  1852   000F41                     VREFCON1        equ	3905	;# 
  1853   000F41                     DACCON0         equ	3905	;# 
  1854   000F42                     VREFCON0        equ	3906	;# 
  1855   000F42                     FVRCON          equ	3906	;# 
  1856   000F43                     CTMUICON        equ	3907	;# 
  1857   000F43                     CTMUICONH       equ	3907	;# 
  1858   000F44                     CTMUCONL        equ	3908	;# 
  1859   000F44                     CTMUCON1        equ	3908	;# 
  1860   000F45                     CTMUCONH        equ	3909	;# 
  1861   000F45                     CTMUCON0        equ	3909	;# 
  1862   000F46                     SRCON1          equ	3910	;# 
  1863   000F47                     SRCON0          equ	3911	;# 
  1864   000F48                     CCPTMRS1        equ	3912	;# 
  1865   000F49                     CCPTMRS0        equ	3913	;# 
  1866   000F4A                     T6CON           equ	3914	;# 
  1867   000F4B                     PR6             equ	3915	;# 
  1868   000F4C                     TMR6            equ	3916	;# 
  1869   000F4D                     T5GCON          equ	3917	;# 
  1870   000F4E                     T5CON           equ	3918	;# 
  1871   000F4F                     TMR5            equ	3919	;# 
  1872   000F4F                     TMR5L           equ	3919	;# 
  1873   000F50                     TMR5H           equ	3920	;# 
  1874   000F51                     T4CON           equ	3921	;# 
  1875   000F52                     PR4             equ	3922	;# 
  1876   000F53                     TMR4            equ	3923	;# 
  1877   000F54                     CCP5CON         equ	3924	;# 
  1878   000F55                     CCPR5           equ	3925	;# 
  1879   000F55                     CCPR5L          equ	3925	;# 
  1880   000F56                     CCPR5H          equ	3926	;# 
  1881   000F57                     CCP4CON         equ	3927	;# 
  1882   000F58                     CCPR4           equ	3928	;# 
  1883   000F58                     CCPR4L          equ	3928	;# 
  1884   000F59                     CCPR4H          equ	3929	;# 
  1885   000F5A                     PSTR3CON        equ	3930	;# 
  1886   000F5B                     ECCP3AS         equ	3931	;# 
  1887   000F5B                     CCP3AS          equ	3931	;# 
  1888   000F5C                     PWM3CON         equ	3932	;# 
  1889   000F5D                     CCP3CON         equ	3933	;# 
  1890   000F5E                     CCPR3           equ	3934	;# 
  1891   000F5E                     CCPR3L          equ	3934	;# 
  1892   000F5F                     CCPR3H          equ	3935	;# 
  1893   000F60                     SLRCON          equ	3936	;# 
  1894   000F61                     WPUB            equ	3937	;# 
  1895   000F62                     IOCB            equ	3938	;# 
  1896   000F63                     PSTR2CON        equ	3939	;# 
  1897   000F64                     ECCP2AS         equ	3940	;# 
  1898   000F64                     CCP2AS          equ	3940	;# 
  1899   000F65                     PWM2CON         equ	3941	;# 
  1900   000F66                     CCP2CON         equ	3942	;# 
  1901   000F67                     CCPR2           equ	3943	;# 
  1902   000F67                     CCPR2L          equ	3943	;# 
  1903   000F68                     CCPR2H          equ	3944	;# 
  1904   000F69                     SSP2CON3        equ	3945	;# 
  1905   000F6A                     SSP2MSK         equ	3946	;# 
  1906   000F6B                     SSP2CON2        equ	3947	;# 
  1907   000F6C                     SSP2CON1        equ	3948	;# 
  1908   000F6D                     SSP2STAT        equ	3949	;# 
  1909   000F6E                     SSP2ADD         equ	3950	;# 
  1910   000F6F                     SSP2BUF         equ	3951	;# 
  1911   000F70                     BAUDCON2        equ	3952	;# 
  1912   000F70                     BAUD2CON        equ	3952	;# 
  1913   000F71                     RCSTA2          equ	3953	;# 
  1914   000F71                     RC2STA          equ	3953	;# 
  1915   000F72                     TXSTA2          equ	3954	;# 
  1916   000F72                     TX2STA          equ	3954	;# 
  1917   000F73                     TXREG2          equ	3955	;# 
  1918   000F73                     TX2REG          equ	3955	;# 
  1919   000F74                     RCREG2          equ	3956	;# 
  1920   000F74                     RC2REG          equ	3956	;# 
  1921   000F75                     SPBRG2          equ	3957	;# 
  1922   000F75                     SP2BRG          equ	3957	;# 
  1923   000F76                     SPBRGH2         equ	3958	;# 
  1924   000F76                     SP2BRGH         equ	3958	;# 
  1925   000F77                     CM2CON1         equ	3959	;# 
  1926   000F77                     CM12CON         equ	3959	;# 
  1927   000F78                     CM2CON0         equ	3960	;# 
  1928   000F78                     CM2CON          equ	3960	;# 
  1929   000F79                     CM1CON0         equ	3961	;# 
  1930   000F79                     CM1CON          equ	3961	;# 
  1931   000F7A                     PIE4            equ	3962	;# 
  1932   000F7B                     PIR4            equ	3963	;# 
  1933   000F7C                     IPR4            equ	3964	;# 
  1934   000F7D                     PIE5            equ	3965	;# 
  1935   000F7E                     PIR5            equ	3966	;# 
  1936   000F7F                     IPR5            equ	3967	;# 
  1937   000F80                     PORTA           equ	3968	;# 
  1938   000F81                     PORTB           equ	3969	;# 
  1939   000F82                     PORTC           equ	3970	;# 
  1940   000F84                     PORTE           equ	3972	;# 
  1941   000F89                     LATA            equ	3977	;# 
  1942   000F8A                     LATB            equ	3978	;# 
  1943   000F8B                     LATC            equ	3979	;# 
  1944   000F92                     TRISA           equ	3986	;# 
  1945   000F92                     DDRA            equ	3986	;# 
  1946   000F93                     TRISB           equ	3987	;# 
  1947   000F93                     DDRB            equ	3987	;# 
  1948   000F94                     TRISC           equ	3988	;# 
  1949   000F94                     DDRC            equ	3988	;# 
  1950   000F96                     TRISE           equ	3990	;# 
  1951   000F9B                     OSCTUNE         equ	3995	;# 
  1952   000F9C                     HLVDCON         equ	3996	;# 
  1953   000F9C                     LVDCON          equ	3996	;# 
  1954   000F9D                     PIE1            equ	3997	;# 
  1955   000F9E                     PIR1            equ	3998	;# 
  1956   000F9F                     IPR1            equ	3999	;# 
  1957   000FA0                     PIE2            equ	4000	;# 
  1958   000FA1                     PIR2            equ	4001	;# 
  1959   000FA2                     IPR2            equ	4002	;# 
  1960   000FA3                     PIE3            equ	4003	;# 
  1961   000FA4                     PIR3            equ	4004	;# 
  1962   000FA5                     IPR3            equ	4005	;# 
  1963   000FA6                     EECON1          equ	4006	;# 
  1964   000FA7                     EECON2          equ	4007	;# 
  1965   000FA8                     EEDATA          equ	4008	;# 
  1966   000FA9                     EEADR           equ	4009	;# 
  1967   000FAB                     RCSTA1          equ	4011	;# 
  1968   000FAB                     RCSTA           equ	4011	;# 
  1969   000FAB                     RC1STA          equ	4011	;# 
  1970   000FAC                     TXSTA1          equ	4012	;# 
  1971   000FAC                     TXSTA           equ	4012	;# 
  1972   000FAC                     TX1STA          equ	4012	;# 
  1973   000FAD                     TXREG1          equ	4013	;# 
  1974   000FAD                     TXREG           equ	4013	;# 
  1975   000FAD                     TX1REG          equ	4013	;# 
  1976   000FAE                     RCREG1          equ	4014	;# 
  1977   000FAE                     RCREG           equ	4014	;# 
  1978   000FAE                     RC1REG          equ	4014	;# 
  1979   000FAF                     SPBRG1          equ	4015	;# 
  1980   000FAF                     SPBRG           equ	4015	;# 
  1981   000FAF                     SP1BRG          equ	4015	;# 
  1982   000FB0                     SPBRGH1         equ	4016	;# 
  1983   000FB0                     SPBRGH          equ	4016	;# 
  1984   000FB0                     SP1BRGH         equ	4016	;# 
  1985   000FB1                     T3CON           equ	4017	;# 
  1986   000FB2                     TMR3            equ	4018	;# 
  1987   000FB2                     TMR3L           equ	4018	;# 
  1988   000FB3                     TMR3H           equ	4019	;# 
  1989   000FB4                     T3GCON          equ	4020	;# 
  1990   000FB6                     ECCP1AS         equ	4022	;# 
  1991   000FB6                     ECCPAS          equ	4022	;# 
  1992   000FB7                     PWM1CON         equ	4023	;# 
  1993   000FB7                     PWMCON          equ	4023	;# 
  1994   000FB8                     BAUDCON1        equ	4024	;# 
  1995   000FB8                     BAUDCON         equ	4024	;# 
  1996   000FB8                     BAUDCTL         equ	4024	;# 
  1997   000FB8                     BAUD1CON        equ	4024	;# 
  1998   000FB9                     PSTR1CON        equ	4025	;# 
  1999   000FB9                     PSTRCON         equ	4025	;# 
  2000   000FBA                     T2CON           equ	4026	;# 
  2001   000FBB                     PR2             equ	4027	;# 
  2002   000FBC                     TMR2            equ	4028	;# 
  2003   000FBD                     CCP1CON         equ	4029	;# 
  2004   000FBE                     CCPR1           equ	4030	;# 
  2005   000FBE                     CCPR1L          equ	4030	;# 
  2006   000FBF                     CCPR1H          equ	4031	;# 
  2007   000FC0                     ADCON2          equ	4032	;# 
  2008   000FC1                     ADCON1          equ	4033	;# 
  2009   000FC2                     ADCON0          equ	4034	;# 
  2010   000FC3                     ADRES           equ	4035	;# 
  2011   000FC3                     ADRESL          equ	4035	;# 
  2012   000FC4                     ADRESH          equ	4036	;# 
  2013   000FC5                     SSP1CON2        equ	4037	;# 
  2014   000FC5                     SSPCON2         equ	4037	;# 
  2015   000FC6                     SSP1CON1        equ	4038	;# 
  2016   000FC6                     SSPCON1         equ	4038	;# 
  2017   000FC7                     SSP1STAT        equ	4039	;# 
  2018   000FC7                     SSPSTAT         equ	4039	;# 
  2019   000FC8                     SSP1ADD         equ	4040	;# 
  2020   000FC8                     SSPADD          equ	4040	;# 
  2021   000FC9                     SSP1BUF         equ	4041	;# 
  2022   000FC9                     SSPBUF          equ	4041	;# 
  2023   000FCA                     SSP1MSK         equ	4042	;# 
  2024   000FCA                     SSPMSK          equ	4042	;# 
  2025   000FCB                     SSP1CON3        equ	4043	;# 
  2026   000FCB                     SSPCON3         equ	4043	;# 
  2027   000FCC                     T1GCON          equ	4044	;# 
  2028   000FCD                     T1CON           equ	4045	;# 
  2029   000FCE                     TMR1            equ	4046	;# 
  2030   000FCE                     TMR1L           equ	4046	;# 
  2031   000FCF                     TMR1H           equ	4047	;# 
  2032   000FD0                     RCON            equ	4048	;# 
  2033   000FD1                     WDTCON          equ	4049	;# 
  2034   000FD2                     OSCCON2         equ	4050	;# 
  2035   000FD3                     OSCCON          equ	4051	;# 
  2036   000FD5                     T0CON           equ	4053	;# 
  2037   000FD6                     TMR0            equ	4054	;# 
  2038   000FD6                     TMR0L           equ	4054	;# 
  2039   000FD7                     TMR0H           equ	4055	;# 
  2040   000FD8                     STATUS          equ	4056	;# 
  2041   000FD9                     FSR2            equ	4057	;# 
  2042   000FD9                     FSR2L           equ	4057	;# 
  2043   000FDA                     FSR2H           equ	4058	;# 
  2044   000FDB                     PLUSW2          equ	4059	;# 
  2045   000FDC                     PREINC2         equ	4060	;# 
  2046   000FDD                     POSTDEC2        equ	4061	;# 
  2047   000FDE                     POSTINC2        equ	4062	;# 
  2048   000FDF                     INDF2           equ	4063	;# 
  2049   000FE0                     BSR             equ	4064	;# 
  2050   000FE1                     FSR1            equ	4065	;# 
  2051   000FE1                     FSR1L           equ	4065	;# 
  2052   000FE2                     FSR1H           equ	4066	;# 
  2053   000FE3                     PLUSW1          equ	4067	;# 
  2054   000FE4                     PREINC1         equ	4068	;# 
  2055   000FE5                     POSTDEC1        equ	4069	;# 
  2056   000FE6                     POSTINC1        equ	4070	;# 
  2057   000FE7                     INDF1           equ	4071	;# 
  2058   000FE8                     WREG            equ	4072	;# 
  2059   000FE9                     FSR0            equ	4073	;# 
  2060   000FE9                     FSR0L           equ	4073	;# 
  2061   000FEA                     FSR0H           equ	4074	;# 
  2062   000FEB                     PLUSW0          equ	4075	;# 
  2063   000FEC                     PREINC0         equ	4076	;# 
  2064   000FED                     POSTDEC0        equ	4077	;# 
  2065   000FEE                     POSTINC0        equ	4078	;# 
  2066   000FEF                     INDF0           equ	4079	;# 
  2067   000FF0                     INTCON3         equ	4080	;# 
  2068   000FF1                     INTCON2         equ	4081	;# 
  2069   000FF2                     INTCON          equ	4082	;# 
  2070   000FF3                     PROD            equ	4083	;# 
  2071   000FF3                     PRODL           equ	4083	;# 
  2072   000FF4                     PRODH           equ	4084	;# 
  2073   000FF5                     TABLAT          equ	4085	;# 
  2074   000FF6                     TBLPTR          equ	4086	;# 
  2075   000FF6                     TBLPTRL         equ	4086	;# 
  2076   000FF7                     TBLPTRH         equ	4087	;# 
  2077   000FF8                     TBLPTRU         equ	4088	;# 
  2078   000FF9                     PCLAT           equ	4089	;# 
  2079   000FF9                     PC              equ	4089	;# 
  2080   000FF9                     PCL             equ	4089	;# 
  2081   000FFA                     PCLATH          equ	4090	;# 
  2082   000FFB                     PCLATU          equ	4091	;# 
  2083   000FFC                     STKPTR          equ	4092	;# 
  2084   000FFD                     TOS             equ	4093	;# 
  2085   000FFD                     TOSL            equ	4093	;# 
  2086   000FFE                     TOSH            equ	4094	;# 
  2087   000FFF                     TOSU            equ	4095	;# 
  2088   000F38                     ANSELA          equ	3896	;# 
  2089   000F39                     ANSELB          equ	3897	;# 
  2090   000F3A                     ANSELC          equ	3898	;# 
  2091   000F3D                     PMD2            equ	3901	;# 
  2092   000F3E                     PMD1            equ	3902	;# 
  2093   000F3F                     PMD0            equ	3903	;# 
  2094   000F40                     VREFCON2        equ	3904	;# 
  2095   000F40                     DACCON1         equ	3904	;# 
  2096   000F41                     VREFCON1        equ	3905	;# 
  2097   000F41                     DACCON0         equ	3905	;# 
  2098   000F42                     VREFCON0        equ	3906	;# 
  2099   000F42                     FVRCON          equ	3906	;# 
  2100   000F43                     CTMUICON        equ	3907	;# 
  2101   000F43                     CTMUICONH       equ	3907	;# 
  2102   000F44                     CTMUCONL        equ	3908	;# 
  2103   000F44                     CTMUCON1        equ	3908	;# 
  2104   000F45                     CTMUCONH        equ	3909	;# 
  2105   000F45                     CTMUCON0        equ	3909	;# 
  2106   000F46                     SRCON1          equ	3910	;# 
  2107   000F47                     SRCON0          equ	3911	;# 
  2108   000F48                     CCPTMRS1        equ	3912	;# 
  2109   000F49                     CCPTMRS0        equ	3913	;# 
  2110   000F4A                     T6CON           equ	3914	;# 
  2111   000F4B                     PR6             equ	3915	;# 
  2112   000F4C                     TMR6            equ	3916	;# 
  2113   000F4D                     T5GCON          equ	3917	;# 
  2114   000F4E                     T5CON           equ	3918	;# 
  2115   000F4F                     TMR5            equ	3919	;# 
  2116   000F4F                     TMR5L           equ	3919	;# 
  2117   000F50                     TMR5H           equ	3920	;# 
  2118   000F51                     T4CON           equ	3921	;# 
  2119   000F52                     PR4             equ	3922	;# 
  2120   000F53                     TMR4            equ	3923	;# 
  2121   000F54                     CCP5CON         equ	3924	;# 
  2122   000F55                     CCPR5           equ	3925	;# 
  2123   000F55                     CCPR5L          equ	3925	;# 
  2124   000F56                     CCPR5H          equ	3926	;# 
  2125   000F57                     CCP4CON         equ	3927	;# 
  2126   000F58                     CCPR4           equ	3928	;# 
  2127   000F58                     CCPR4L          equ	3928	;# 
  2128   000F59                     CCPR4H          equ	3929	;# 
  2129   000F5A                     PSTR3CON        equ	3930	;# 
  2130   000F5B                     ECCP3AS         equ	3931	;# 
  2131   000F5B                     CCP3AS          equ	3931	;# 
  2132   000F5C                     PWM3CON         equ	3932	;# 
  2133   000F5D                     CCP3CON         equ	3933	;# 
  2134   000F5E                     CCPR3           equ	3934	;# 
  2135   000F5E                     CCPR3L          equ	3934	;# 
  2136   000F5F                     CCPR3H          equ	3935	;# 
  2137   000F60                     SLRCON          equ	3936	;# 
  2138   000F61                     WPUB            equ	3937	;# 
  2139   000F62                     IOCB            equ	3938	;# 
  2140   000F63                     PSTR2CON        equ	3939	;# 
  2141   000F64                     ECCP2AS         equ	3940	;# 
  2142   000F64                     CCP2AS          equ	3940	;# 
  2143   000F65                     PWM2CON         equ	3941	;# 
  2144   000F66                     CCP2CON         equ	3942	;# 
  2145   000F67                     CCPR2           equ	3943	;# 
  2146   000F67                     CCPR2L          equ	3943	;# 
  2147   000F68                     CCPR2H          equ	3944	;# 
  2148   000F69                     SSP2CON3        equ	3945	;# 
  2149   000F6A                     SSP2MSK         equ	3946	;# 
  2150   000F6B                     SSP2CON2        equ	3947	;# 
  2151   000F6C                     SSP2CON1        equ	3948	;# 
  2152   000F6D                     SSP2STAT        equ	3949	;# 
  2153   000F6E                     SSP2ADD         equ	3950	;# 
  2154   000F6F                     SSP2BUF         equ	3951	;# 
  2155   000F70                     BAUDCON2        equ	3952	;# 
  2156   000F70                     BAUD2CON        equ	3952	;# 
  2157   000F71                     RCSTA2          equ	3953	;# 
  2158   000F71                     RC2STA          equ	3953	;# 
  2159   000F72                     TXSTA2          equ	3954	;# 
  2160   000F72                     TX2STA          equ	3954	;# 
  2161   000F73                     TXREG2          equ	3955	;# 
  2162   000F73                     TX2REG          equ	3955	;# 
  2163   000F74                     RCREG2          equ	3956	;# 
  2164   000F74                     RC2REG          equ	3956	;# 
  2165   000F75                     SPBRG2          equ	3957	;# 
  2166   000F75                     SP2BRG          equ	3957	;# 
  2167   000F76                     SPBRGH2         equ	3958	;# 
  2168   000F76                     SP2BRGH         equ	3958	;# 
  2169   000F77                     CM2CON1         equ	3959	;# 
  2170   000F77                     CM12CON         equ	3959	;# 
  2171   000F78                     CM2CON0         equ	3960	;# 
  2172   000F78                     CM2CON          equ	3960	;# 
  2173   000F79                     CM1CON0         equ	3961	;# 
  2174   000F79                     CM1CON          equ	3961	;# 
  2175   000F7A                     PIE4            equ	3962	;# 
  2176   000F7B                     PIR4            equ	3963	;# 
  2177   000F7C                     IPR4            equ	3964	;# 
  2178   000F7D                     PIE5            equ	3965	;# 
  2179   000F7E                     PIR5            equ	3966	;# 
  2180   000F7F                     IPR5            equ	3967	;# 
  2181   000F80                     PORTA           equ	3968	;# 
  2182   000F81                     PORTB           equ	3969	;# 
  2183   000F82                     PORTC           equ	3970	;# 
  2184   000F84                     PORTE           equ	3972	;# 
  2185   000F89                     LATA            equ	3977	;# 
  2186   000F8A                     LATB            equ	3978	;# 
  2187   000F8B                     LATC            equ	3979	;# 
  2188   000F92                     TRISA           equ	3986	;# 
  2189   000F92                     DDRA            equ	3986	;# 
  2190   000F93                     TRISB           equ	3987	;# 
  2191   000F93                     DDRB            equ	3987	;# 
  2192   000F94                     TRISC           equ	3988	;# 
  2193   000F94                     DDRC            equ	3988	;# 
  2194   000F96                     TRISE           equ	3990	;# 
  2195   000F9B                     OSCTUNE         equ	3995	;# 
  2196   000F9C                     HLVDCON         equ	3996	;# 
  2197   000F9C                     LVDCON          equ	3996	;# 
  2198   000F9D                     PIE1            equ	3997	;# 
  2199   000F9E                     PIR1            equ	3998	;# 
  2200   000F9F                     IPR1            equ	3999	;# 
  2201   000FA0                     PIE2            equ	4000	;# 
  2202   000FA1                     PIR2            equ	4001	;# 
  2203   000FA2                     IPR2            equ	4002	;# 
  2204   000FA3                     PIE3            equ	4003	;# 
  2205   000FA4                     PIR3            equ	4004	;# 
  2206   000FA5                     IPR3            equ	4005	;# 
  2207   000FA6                     EECON1          equ	4006	;# 
  2208   000FA7                     EECON2          equ	4007	;# 
  2209   000FA8                     EEDATA          equ	4008	;# 
  2210   000FA9                     EEADR           equ	4009	;# 
  2211   000FAB                     RCSTA1          equ	4011	;# 
  2212   000FAB                     RCSTA           equ	4011	;# 
  2213   000FAB                     RC1STA          equ	4011	;# 
  2214   000FAC                     TXSTA1          equ	4012	;# 
  2215   000FAC                     TXSTA           equ	4012	;# 
  2216   000FAC                     TX1STA          equ	4012	;# 
  2217   000FAD                     TXREG1          equ	4013	;# 
  2218   000FAD                     TXREG           equ	4013	;# 
  2219   000FAD                     TX1REG          equ	4013	;# 
  2220   000FAE                     RCREG1          equ	4014	;# 
  2221   000FAE                     RCREG           equ	4014	;# 
  2222   000FAE                     RC1REG          equ	4014	;# 
  2223   000FAF                     SPBRG1          equ	4015	;# 
  2224   000FAF                     SPBRG           equ	4015	;# 
  2225   000FAF                     SP1BRG          equ	4015	;# 
  2226   000FB0                     SPBRGH1         equ	4016	;# 
  2227   000FB0                     SPBRGH          equ	4016	;# 
  2228   000FB0                     SP1BRGH         equ	4016	;# 
  2229   000FB1                     T3CON           equ	4017	;# 
  2230   000FB2                     TMR3            equ	4018	;# 
  2231   000FB2                     TMR3L           equ	4018	;# 
  2232   000FB3                     TMR3H           equ	4019	;# 
  2233   000FB4                     T3GCON          equ	4020	;# 
  2234   000FB6                     ECCP1AS         equ	4022	;# 
  2235   000FB6                     ECCPAS          equ	4022	;# 
  2236   000FB7                     PWM1CON         equ	4023	;# 
  2237   000FB7                     PWMCON          equ	4023	;# 
  2238   000FB8                     BAUDCON1        equ	4024	;# 
  2239   000FB8                     BAUDCON         equ	4024	;# 
  2240   000FB8                     BAUDCTL         equ	4024	;# 
  2241   000FB8                     BAUD1CON        equ	4024	;# 
  2242   000FB9                     PSTR1CON        equ	4025	;# 
  2243   000FB9                     PSTRCON         equ	4025	;# 
  2244   000FBA                     T2CON           equ	4026	;# 
  2245   000FBB                     PR2             equ	4027	;# 
  2246   000FBC                     TMR2            equ	4028	;# 
  2247   000FBD                     CCP1CON         equ	4029	;# 
  2248   000FBE                     CCPR1           equ	4030	;# 
  2249   000FBE                     CCPR1L          equ	4030	;# 
  2250   000FBF                     CCPR1H          equ	4031	;# 
  2251   000FC0                     ADCON2          equ	4032	;# 
  2252   000FC1                     ADCON1          equ	4033	;# 
  2253   000FC2                     ADCON0          equ	4034	;# 
  2254   000FC3                     ADRES           equ	4035	;# 
  2255   000FC3                     ADRESL          equ	4035	;# 
  2256   000FC4                     ADRESH          equ	4036	;# 
  2257   000FC5                     SSP1CON2        equ	4037	;# 
  2258   000FC5                     SSPCON2         equ	4037	;# 
  2259   000FC6                     SSP1CON1        equ	4038	;# 
  2260   000FC6                     SSPCON1         equ	4038	;# 
  2261   000FC7                     SSP1STAT        equ	4039	;# 
  2262   000FC7                     SSPSTAT         equ	4039	;# 
  2263   000FC8                     SSP1ADD         equ	4040	;# 
  2264   000FC8                     SSPADD          equ	4040	;# 
  2265   000FC9                     SSP1BUF         equ	4041	;# 
  2266   000FC9                     SSPBUF          equ	4041	;# 
  2267   000FCA                     SSP1MSK         equ	4042	;# 
  2268   000FCA                     SSPMSK          equ	4042	;# 
  2269   000FCB                     SSP1CON3        equ	4043	;# 
  2270   000FCB                     SSPCON3         equ	4043	;# 
  2271   000FCC                     T1GCON          equ	4044	;# 
  2272   000FCD                     T1CON           equ	4045	;# 
  2273   000FCE                     TMR1            equ	4046	;# 
  2274   000FCE                     TMR1L           equ	4046	;# 
  2275   000FCF                     TMR1H           equ	4047	;# 
  2276   000FD0                     RCON            equ	4048	;# 
  2277   000FD1                     WDTCON          equ	4049	;# 
  2278   000FD2                     OSCCON2         equ	4050	;# 
  2279   000FD3                     OSCCON          equ	4051	;# 
  2280   000FD5                     T0CON           equ	4053	;# 
  2281   000FD6                     TMR0            equ	4054	;# 
  2282   000FD6                     TMR0L           equ	4054	;# 
  2283   000FD7                     TMR0H           equ	4055	;# 
  2284   000FD8                     STATUS          equ	4056	;# 
  2285   000FD9                     FSR2            equ	4057	;# 
  2286   000FD9                     FSR2L           equ	4057	;# 
  2287   000FDA                     FSR2H           equ	4058	;# 
  2288   000FDB                     PLUSW2          equ	4059	;# 
  2289   000FDC                     PREINC2         equ	4060	;# 
  2290   000FDD                     POSTDEC2        equ	4061	;# 
  2291   000FDE                     POSTINC2        equ	4062	;# 
  2292   000FDF                     INDF2           equ	4063	;# 
  2293   000FE0                     BSR             equ	4064	;# 
  2294   000FE1                     FSR1            equ	4065	;# 
  2295   000FE1                     FSR1L           equ	4065	;# 
  2296   000FE2                     FSR1H           equ	4066	;# 
  2297   000FE3                     PLUSW1          equ	4067	;# 
  2298   000FE4                     PREINC1         equ	4068	;# 
  2299   000FE5                     POSTDEC1        equ	4069	;# 
  2300   000FE6                     POSTINC1        equ	4070	;# 
  2301   000FE7                     INDF1           equ	4071	;# 
  2302   000FE8                     WREG            equ	4072	;# 
  2303   000FE9                     FSR0            equ	4073	;# 
  2304   000FE9                     FSR0L           equ	4073	;# 
  2305   000FEA                     FSR0H           equ	4074	;# 
  2306   000FEB                     PLUSW0          equ	4075	;# 
  2307   000FEC                     PREINC0         equ	4076	;# 
  2308   000FED                     POSTDEC0        equ	4077	;# 
  2309   000FEE                     POSTINC0        equ	4078	;# 
  2310   000FEF                     INDF0           equ	4079	;# 
  2311   000FF0                     INTCON3         equ	4080	;# 
  2312   000FF1                     INTCON2         equ	4081	;# 
  2313   000FF2                     INTCON          equ	4082	;# 
  2314   000FF3                     PROD            equ	4083	;# 
  2315   000FF3                     PRODL           equ	4083	;# 
  2316   000FF4                     PRODH           equ	4084	;# 
  2317   000FF5                     TABLAT          equ	4085	;# 
  2318   000FF6                     TBLPTR          equ	4086	;# 
  2319   000FF6                     TBLPTRL         equ	4086	;# 
  2320   000FF7                     TBLPTRH         equ	4087	;# 
  2321   000FF8                     TBLPTRU         equ	4088	;# 
  2322   000FF9                     PCLAT           equ	4089	;# 
  2323   000FF9                     PC              equ	4089	;# 
  2324   000FF9                     PCL             equ	4089	;# 
  2325   000FFA                     PCLATH          equ	4090	;# 
  2326   000FFB                     PCLATU          equ	4091	;# 
  2327   000FFC                     STKPTR          equ	4092	;# 
  2328   000FFD                     TOS             equ	4093	;# 
  2329   000FFD                     TOSL            equ	4093	;# 
  2330   000FFE                     TOSH            equ	4094	;# 
  2331   000FFF                     TOSU            equ	4095	;# 
  2332   000F38                     ANSELA          equ	3896	;# 
  2333   000F39                     ANSELB          equ	3897	;# 
  2334   000F3A                     ANSELC          equ	3898	;# 
  2335   000F3D                     PMD2            equ	3901	;# 
  2336   000F3E                     PMD1            equ	3902	;# 
  2337   000F3F                     PMD0            equ	3903	;# 
  2338   000F40                     VREFCON2        equ	3904	;# 
  2339   000F40                     DACCON1         equ	3904	;# 
  2340   000F41                     VREFCON1        equ	3905	;# 
  2341   000F41                     DACCON0         equ	3905	;# 
  2342   000F42                     VREFCON0        equ	3906	;# 
  2343   000F42                     FVRCON          equ	3906	;# 
  2344   000F43                     CTMUICON        equ	3907	;# 
  2345   000F43                     CTMUICONH       equ	3907	;# 
  2346   000F44                     CTMUCONL        equ	3908	;# 
  2347   000F44                     CTMUCON1        equ	3908	;# 
  2348   000F45                     CTMUCONH        equ	3909	;# 
  2349   000F45                     CTMUCON0        equ	3909	;# 
  2350   000F46                     SRCON1          equ	3910	;# 
  2351   000F47                     SRCON0          equ	3911	;# 
  2352   000F48                     CCPTMRS1        equ	3912	;# 
  2353   000F49                     CCPTMRS0        equ	3913	;# 
  2354   000F4A                     T6CON           equ	3914	;# 
  2355   000F4B                     PR6             equ	3915	;# 
  2356   000F4C                     TMR6            equ	3916	;# 
  2357   000F4D                     T5GCON          equ	3917	;# 
  2358   000F4E                     T5CON           equ	3918	;# 
  2359   000F4F                     TMR5            equ	3919	;# 
  2360   000F4F                     TMR5L           equ	3919	;# 
  2361   000F50                     TMR5H           equ	3920	;# 
  2362   000F51                     T4CON           equ	3921	;# 
  2363   000F52                     PR4             equ	3922	;# 
  2364   000F53                     TMR4            equ	3923	;# 
  2365   000F54                     CCP5CON         equ	3924	;# 
  2366   000F55                     CCPR5           equ	3925	;# 
  2367   000F55                     CCPR5L          equ	3925	;# 
  2368   000F56                     CCPR5H          equ	3926	;# 
  2369   000F57                     CCP4CON         equ	3927	;# 
  2370   000F58                     CCPR4           equ	3928	;# 
  2371   000F58                     CCPR4L          equ	3928	;# 
  2372   000F59                     CCPR4H          equ	3929	;# 
  2373   000F5A                     PSTR3CON        equ	3930	;# 
  2374   000F5B                     ECCP3AS         equ	3931	;# 
  2375   000F5B                     CCP3AS          equ	3931	;# 
  2376   000F5C                     PWM3CON         equ	3932	;# 
  2377   000F5D                     CCP3CON         equ	3933	;# 
  2378   000F5E                     CCPR3           equ	3934	;# 
  2379   000F5E                     CCPR3L          equ	3934	;# 
  2380   000F5F                     CCPR3H          equ	3935	;# 
  2381   000F60                     SLRCON          equ	3936	;# 
  2382   000F61                     WPUB            equ	3937	;# 
  2383   000F62                     IOCB            equ	3938	;# 
  2384   000F63                     PSTR2CON        equ	3939	;# 
  2385   000F64                     ECCP2AS         equ	3940	;# 
  2386   000F64                     CCP2AS          equ	3940	;# 
  2387   000F65                     PWM2CON         equ	3941	;# 
  2388   000F66                     CCP2CON         equ	3942	;# 
  2389   000F67                     CCPR2           equ	3943	;# 
  2390   000F67                     CCPR2L          equ	3943	;# 
  2391   000F68                     CCPR2H          equ	3944	;# 
  2392   000F69                     SSP2CON3        equ	3945	;# 
  2393   000F6A                     SSP2MSK         equ	3946	;# 
  2394   000F6B                     SSP2CON2        equ	3947	;# 
  2395   000F6C                     SSP2CON1        equ	3948	;# 
  2396   000F6D                     SSP2STAT        equ	3949	;# 
  2397   000F6E                     SSP2ADD         equ	3950	;# 
  2398   000F6F                     SSP2BUF         equ	3951	;# 
  2399   000F70                     BAUDCON2        equ	3952	;# 
  2400   000F70                     BAUD2CON        equ	3952	;# 
  2401   000F71                     RCSTA2          equ	3953	;# 
  2402   000F71                     RC2STA          equ	3953	;# 
  2403   000F72                     TXSTA2          equ	3954	;# 
  2404   000F72                     TX2STA          equ	3954	;# 
  2405   000F73                     TXREG2          equ	3955	;# 
  2406   000F73                     TX2REG          equ	3955	;# 
  2407   000F74                     RCREG2          equ	3956	;# 
  2408   000F74                     RC2REG          equ	3956	;# 
  2409   000F75                     SPBRG2          equ	3957	;# 
  2410   000F75                     SP2BRG          equ	3957	;# 
  2411   000F76                     SPBRGH2         equ	3958	;# 
  2412   000F76                     SP2BRGH         equ	3958	;# 
  2413   000F77                     CM2CON1         equ	3959	;# 
  2414   000F77                     CM12CON         equ	3959	;# 
  2415   000F78                     CM2CON0         equ	3960	;# 
  2416   000F78                     CM2CON          equ	3960	;# 
  2417   000F79                     CM1CON0         equ	3961	;# 
  2418   000F79                     CM1CON          equ	3961	;# 
  2419   000F7A                     PIE4            equ	3962	;# 
  2420   000F7B                     PIR4            equ	3963	;# 
  2421   000F7C                     IPR4            equ	3964	;# 
  2422   000F7D                     PIE5            equ	3965	;# 
  2423   000F7E                     PIR5            equ	3966	;# 
  2424   000F7F                     IPR5            equ	3967	;# 
  2425   000F80                     PORTA           equ	3968	;# 
  2426   000F81                     PORTB           equ	3969	;# 
  2427   000F82                     PORTC           equ	3970	;# 
  2428   000F84                     PORTE           equ	3972	;# 
  2429   000F89                     LATA            equ	3977	;# 
  2430   000F8A                     LATB            equ	3978	;# 
  2431   000F8B                     LATC            equ	3979	;# 
  2432   000F92                     TRISA           equ	3986	;# 
  2433   000F92                     DDRA            equ	3986	;# 
  2434   000F93                     TRISB           equ	3987	;# 
  2435   000F93                     DDRB            equ	3987	;# 
  2436   000F94                     TRISC           equ	3988	;# 
  2437   000F94                     DDRC            equ	3988	;# 
  2438   000F96                     TRISE           equ	3990	;# 
  2439   000F9B                     OSCTUNE         equ	3995	;# 
  2440   000F9C                     HLVDCON         equ	3996	;# 
  2441   000F9C                     LVDCON          equ	3996	;# 
  2442   000F9D                     PIE1            equ	3997	;# 
  2443   000F9E                     PIR1            equ	3998	;# 
  2444   000F9F                     IPR1            equ	3999	;# 
  2445   000FA0                     PIE2            equ	4000	;# 
  2446   000FA1                     PIR2            equ	4001	;# 
  2447   000FA2                     IPR2            equ	4002	;# 
  2448   000FA3                     PIE3            equ	4003	;# 
  2449   000FA4                     PIR3            equ	4004	;# 
  2450   000FA5                     IPR3            equ	4005	;# 
  2451   000FA6                     EECON1          equ	4006	;# 
  2452   000FA7                     EECON2          equ	4007	;# 
  2453   000FA8                     EEDATA          equ	4008	;# 
  2454   000FA9                     EEADR           equ	4009	;# 
  2455   000FAB                     RCSTA1          equ	4011	;# 
  2456   000FAB                     RCSTA           equ	4011	;# 
  2457   000FAB                     RC1STA          equ	4011	;# 
  2458   000FAC                     TXSTA1          equ	4012	;# 
  2459   000FAC                     TXSTA           equ	4012	;# 
  2460   000FAC                     TX1STA          equ	4012	;# 
  2461   000FAD                     TXREG1          equ	4013	;# 
  2462   000FAD                     TXREG           equ	4013	;# 
  2463   000FAD                     TX1REG          equ	4013	;# 
  2464   000FAE                     RCREG1          equ	4014	;# 
  2465   000FAE                     RCREG           equ	4014	;# 
  2466   000FAE                     RC1REG          equ	4014	;# 
  2467   000FAF                     SPBRG1          equ	4015	;# 
  2468   000FAF                     SPBRG           equ	4015	;# 
  2469   000FAF                     SP1BRG          equ	4015	;# 
  2470   000FB0                     SPBRGH1         equ	4016	;# 
  2471   000FB0                     SPBRGH          equ	4016	;# 
  2472   000FB0                     SP1BRGH         equ	4016	;# 
  2473   000FB1                     T3CON           equ	4017	;# 
  2474   000FB2                     TMR3            equ	4018	;# 
  2475   000FB2                     TMR3L           equ	4018	;# 
  2476   000FB3                     TMR3H           equ	4019	;# 
  2477   000FB4                     T3GCON          equ	4020	;# 
  2478   000FB6                     ECCP1AS         equ	4022	;# 
  2479   000FB6                     ECCPAS          equ	4022	;# 
  2480   000FB7                     PWM1CON         equ	4023	;# 
  2481   000FB7                     PWMCON          equ	4023	;# 
  2482   000FB8                     BAUDCON1        equ	4024	;# 
  2483   000FB8                     BAUDCON         equ	4024	;# 
  2484   000FB8                     BAUDCTL         equ	4024	;# 
  2485   000FB8                     BAUD1CON        equ	4024	;# 
  2486   000FB9                     PSTR1CON        equ	4025	;# 
  2487   000FB9                     PSTRCON         equ	4025	;# 
  2488   000FBA                     T2CON           equ	4026	;# 
  2489   000FBB                     PR2             equ	4027	;# 
  2490   000FBC                     TMR2            equ	4028	;# 
  2491   000FBD                     CCP1CON         equ	4029	;# 
  2492   000FBE                     CCPR1           equ	4030	;# 
  2493   000FBE                     CCPR1L          equ	4030	;# 
  2494   000FBF                     CCPR1H          equ	4031	;# 
  2495   000FC0                     ADCON2          equ	4032	;# 
  2496   000FC1                     ADCON1          equ	4033	;# 
  2497   000FC2                     ADCON0          equ	4034	;# 
  2498   000FC3                     ADRES           equ	4035	;# 
  2499   000FC3                     ADRESL          equ	4035	;# 
  2500   000FC4                     ADRESH          equ	4036	;# 
  2501   000FC5                     SSP1CON2        equ	4037	;# 
  2502   000FC5                     SSPCON2         equ	4037	;# 
  2503   000FC6                     SSP1CON1        equ	4038	;# 
  2504   000FC6                     SSPCON1         equ	4038	;# 
  2505   000FC7                     SSP1STAT        equ	4039	;# 
  2506   000FC7                     SSPSTAT         equ	4039	;# 
  2507   000FC8                     SSP1ADD         equ	4040	;# 
  2508   000FC8                     SSPADD          equ	4040	;# 
  2509   000FC9                     SSP1BUF         equ	4041	;# 
  2510   000FC9                     SSPBUF          equ	4041	;# 
  2511   000FCA                     SSP1MSK         equ	4042	;# 
  2512   000FCA                     SSPMSK          equ	4042	;# 
  2513   000FCB                     SSP1CON3        equ	4043	;# 
  2514   000FCB                     SSPCON3         equ	4043	;# 
  2515   000FCC                     T1GCON          equ	4044	;# 
  2516   000FCD                     T1CON           equ	4045	;# 
  2517   000FCE                     TMR1            equ	4046	;# 
  2518   000FCE                     TMR1L           equ	4046	;# 
  2519   000FCF                     TMR1H           equ	4047	;# 
  2520   000FD0                     RCON            equ	4048	;# 
  2521   000FD1                     WDTCON          equ	4049	;# 
  2522   000FD2                     OSCCON2         equ	4050	;# 
  2523   000FD3                     OSCCON          equ	4051	;# 
  2524   000FD5                     T0CON           equ	4053	;# 
  2525   000FD6                     TMR0            equ	4054	;# 
  2526   000FD6                     TMR0L           equ	4054	;# 
  2527   000FD7                     TMR0H           equ	4055	;# 
  2528   000FD8                     STATUS          equ	4056	;# 
  2529   000FD9                     FSR2            equ	4057	;# 
  2530   000FD9                     FSR2L           equ	4057	;# 
  2531   000FDA                     FSR2H           equ	4058	;# 
  2532   000FDB                     PLUSW2          equ	4059	;# 
  2533   000FDC                     PREINC2         equ	4060	;# 
  2534   000FDD                     POSTDEC2        equ	4061	;# 
  2535   000FDE                     POSTINC2        equ	4062	;# 
  2536   000FDF                     INDF2           equ	4063	;# 
  2537   000FE0                     BSR             equ	4064	;# 
  2538   000FE1                     FSR1            equ	4065	;# 
  2539   000FE1                     FSR1L           equ	4065	;# 
  2540   000FE2                     FSR1H           equ	4066	;# 
  2541   000FE3                     PLUSW1          equ	4067	;# 
  2542   000FE4                     PREINC1         equ	4068	;# 
  2543   000FE5                     POSTDEC1        equ	4069	;# 
  2544   000FE6                     POSTINC1        equ	4070	;# 
  2545   000FE7                     INDF1           equ	4071	;# 
  2546   000FE8                     WREG            equ	4072	;# 
  2547   000FE9                     FSR0            equ	4073	;# 
  2548   000FE9                     FSR0L           equ	4073	;# 
  2549   000FEA                     FSR0H           equ	4074	;# 
  2550   000FEB                     PLUSW0          equ	4075	;# 
  2551   000FEC                     PREINC0         equ	4076	;# 
  2552   000FED                     POSTDEC0        equ	4077	;# 
  2553   000FEE                     POSTINC0        equ	4078	;# 
  2554   000FEF                     INDF0           equ	4079	;# 
  2555   000FF0                     INTCON3         equ	4080	;# 
  2556   000FF1                     INTCON2         equ	4081	;# 
  2557   000FF2                     INTCON          equ	4082	;# 
  2558   000FF3                     PROD            equ	4083	;# 
  2559   000FF3                     PRODL           equ	4083	;# 
  2560   000FF4                     PRODH           equ	4084	;# 
  2561   000FF5                     TABLAT          equ	4085	;# 
  2562   000FF6                     TBLPTR          equ	4086	;# 
  2563   000FF6                     TBLPTRL         equ	4086	;# 
  2564   000FF7                     TBLPTRH         equ	4087	;# 
  2565   000FF8                     TBLPTRU         equ	4088	;# 
  2566   000FF9                     PCLAT           equ	4089	;# 
  2567   000FF9                     PC              equ	4089	;# 
  2568   000FF9                     PCL             equ	4089	;# 
  2569   000FFA                     PCLATH          equ	4090	;# 
  2570   000FFB                     PCLATU          equ	4091	;# 
  2571   000FFC                     STKPTR          equ	4092	;# 
  2572   000FFD                     TOS             equ	4093	;# 
  2573   000FFD                     TOSL            equ	4093	;# 
  2574   000FFE                     TOSH            equ	4094	;# 
  2575   000FFF                     TOSU            equ	4095	;# 
  2576   000F38                     ANSELA          equ	3896	;# 
  2577   000F39                     ANSELB          equ	3897	;# 
  2578   000F3A                     ANSELC          equ	3898	;# 
  2579   000F3D                     PMD2            equ	3901	;# 
  2580   000F3E                     PMD1            equ	3902	;# 
  2581   000F3F                     PMD0            equ	3903	;# 
  2582   000F40                     VREFCON2        equ	3904	;# 
  2583   000F40                     DACCON1         equ	3904	;# 
  2584   000F41                     VREFCON1        equ	3905	;# 
  2585   000F41                     DACCON0         equ	3905	;# 
  2586   000F42                     VREFCON0        equ	3906	;# 
  2587   000F42                     FVRCON          equ	3906	;# 
  2588   000F43                     CTMUICON        equ	3907	;# 
  2589   000F43                     CTMUICONH       equ	3907	;# 
  2590   000F44                     CTMUCONL        equ	3908	;# 
  2591   000F44                     CTMUCON1        equ	3908	;# 
  2592   000F45                     CTMUCONH        equ	3909	;# 
  2593   000F45                     CTMUCON0        equ	3909	;# 
  2594   000F46                     SRCON1          equ	3910	;# 
  2595   000F47                     SRCON0          equ	3911	;# 
  2596   000F48                     CCPTMRS1        equ	3912	;# 
  2597   000F49                     CCPTMRS0        equ	3913	;# 
  2598   000F4A                     T6CON           equ	3914	;# 
  2599   000F4B                     PR6             equ	3915	;# 
  2600   000F4C                     TMR6            equ	3916	;# 
  2601   000F4D                     T5GCON          equ	3917	;# 
  2602   000F4E                     T5CON           equ	3918	;# 
  2603   000F4F                     TMR5            equ	3919	;# 
  2604   000F4F                     TMR5L           equ	3919	;# 
  2605   000F50                     TMR5H           equ	3920	;# 
  2606   000F51                     T4CON           equ	3921	;# 
  2607   000F52                     PR4             equ	3922	;# 
  2608   000F53                     TMR4            equ	3923	;# 
  2609   000F54                     CCP5CON         equ	3924	;# 
  2610   000F55                     CCPR5           equ	3925	;# 
  2611   000F55                     CCPR5L          equ	3925	;# 
  2612   000F56                     CCPR5H          equ	3926	;# 
  2613   000F57                     CCP4CON         equ	3927	;# 
  2614   000F58                     CCPR4           equ	3928	;# 
  2615   000F58                     CCPR4L          equ	3928	;# 
  2616   000F59                     CCPR4H          equ	3929	;# 
  2617   000F5A                     PSTR3CON        equ	3930	;# 
  2618   000F5B                     ECCP3AS         equ	3931	;# 
  2619   000F5B                     CCP3AS          equ	3931	;# 
  2620   000F5C                     PWM3CON         equ	3932	;# 
  2621   000F5D                     CCP3CON         equ	3933	;# 
  2622   000F5E                     CCPR3           equ	3934	;# 
  2623   000F5E                     CCPR3L          equ	3934	;# 
  2624   000F5F                     CCPR3H          equ	3935	;# 
  2625   000F60                     SLRCON          equ	3936	;# 
  2626   000F61                     WPUB            equ	3937	;# 
  2627   000F62                     IOCB            equ	3938	;# 
  2628   000F63                     PSTR2CON        equ	3939	;# 
  2629   000F64                     ECCP2AS         equ	3940	;# 
  2630   000F64                     CCP2AS          equ	3940	;# 
  2631   000F65                     PWM2CON         equ	3941	;# 
  2632   000F66                     CCP2CON         equ	3942	;# 
  2633   000F67                     CCPR2           equ	3943	;# 
  2634   000F67                     CCPR2L          equ	3943	;# 
  2635   000F68                     CCPR2H          equ	3944	;# 
  2636   000F69                     SSP2CON3        equ	3945	;# 
  2637   000F6A                     SSP2MSK         equ	3946	;# 
  2638   000F6B                     SSP2CON2        equ	3947	;# 
  2639   000F6C                     SSP2CON1        equ	3948	;# 
  2640   000F6D                     SSP2STAT        equ	3949	;# 
  2641   000F6E                     SSP2ADD         equ	3950	;# 
  2642   000F6F                     SSP2BUF         equ	3951	;# 
  2643   000F70                     BAUDCON2        equ	3952	;# 
  2644   000F70                     BAUD2CON        equ	3952	;# 
  2645   000F71                     RCSTA2          equ	3953	;# 
  2646   000F71                     RC2STA          equ	3953	;# 
  2647   000F72                     TXSTA2          equ	3954	;# 
  2648   000F72                     TX2STA          equ	3954	;# 
  2649   000F73                     TXREG2          equ	3955	;# 
  2650   000F73                     TX2REG          equ	3955	;# 
  2651   000F74                     RCREG2          equ	3956	;# 
  2652   000F74                     RC2REG          equ	3956	;# 
  2653   000F75                     SPBRG2          equ	3957	;# 
  2654   000F75                     SP2BRG          equ	3957	;# 
  2655   000F76                     SPBRGH2         equ	3958	;# 
  2656   000F76                     SP2BRGH         equ	3958	;# 
  2657   000F77                     CM2CON1         equ	3959	;# 
  2658   000F77                     CM12CON         equ	3959	;# 
  2659   000F78                     CM2CON0         equ	3960	;# 
  2660   000F78                     CM2CON          equ	3960	;# 
  2661   000F79                     CM1CON0         equ	3961	;# 
  2662   000F79                     CM1CON          equ	3961	;# 
  2663   000F7A                     PIE4            equ	3962	;# 
  2664   000F7B                     PIR4            equ	3963	;# 
  2665   000F7C                     IPR4            equ	3964	;# 
  2666   000F7D                     PIE5            equ	3965	;# 
  2667   000F7E                     PIR5            equ	3966	;# 
  2668   000F7F                     IPR5            equ	3967	;# 
  2669   000F80                     PORTA           equ	3968	;# 
  2670   000F81                     PORTB           equ	3969	;# 
  2671   000F82                     PORTC           equ	3970	;# 
  2672   000F84                     PORTE           equ	3972	;# 
  2673   000F89                     LATA            equ	3977	;# 
  2674   000F8A                     LATB            equ	3978	;# 
  2675   000F8B                     LATC            equ	3979	;# 
  2676   000F92                     TRISA           equ	3986	;# 
  2677   000F92                     DDRA            equ	3986	;# 
  2678   000F93                     TRISB           equ	3987	;# 
  2679   000F93                     DDRB            equ	3987	;# 
  2680   000F94                     TRISC           equ	3988	;# 
  2681   000F94                     DDRC            equ	3988	;# 
  2682   000F96                     TRISE           equ	3990	;# 
  2683   000F9B                     OSCTUNE         equ	3995	;# 
  2684   000F9C                     HLVDCON         equ	3996	;# 
  2685   000F9C                     LVDCON          equ	3996	;# 
  2686   000F9D                     PIE1            equ	3997	;# 
  2687   000F9E                     PIR1            equ	3998	;# 
  2688   000F9F                     IPR1            equ	3999	;# 
  2689   000FA0                     PIE2            equ	4000	;# 
  2690   000FA1                     PIR2            equ	4001	;# 
  2691   000FA2                     IPR2            equ	4002	;# 
  2692   000FA3                     PIE3            equ	4003	;# 
  2693   000FA4                     PIR3            equ	4004	;# 
  2694   000FA5                     IPR3            equ	4005	;# 
  2695   000FA6                     EECON1          equ	4006	;# 
  2696   000FA7                     EECON2          equ	4007	;# 
  2697   000FA8                     EEDATA          equ	4008	;# 
  2698   000FA9                     EEADR           equ	4009	;# 
  2699   000FAB                     RCSTA1          equ	4011	;# 
  2700   000FAB                     RCSTA           equ	4011	;# 
  2701   000FAB                     RC1STA          equ	4011	;# 
  2702   000FAC                     TXSTA1          equ	4012	;# 
  2703   000FAC                     TXSTA           equ	4012	;# 
  2704   000FAC                     TX1STA          equ	4012	;# 
  2705   000FAD                     TXREG1          equ	4013	;# 
  2706   000FAD                     TXREG           equ	4013	;# 
  2707   000FAD                     TX1REG          equ	4013	;# 
  2708   000FAE                     RCREG1          equ	4014	;# 
  2709   000FAE                     RCREG           equ	4014	;# 
  2710   000FAE                     RC1REG          equ	4014	;# 
  2711   000FAF                     SPBRG1          equ	4015	;# 
  2712   000FAF                     SPBRG           equ	4015	;# 
  2713   000FAF                     SP1BRG          equ	4015	;# 
  2714   000FB0                     SPBRGH1         equ	4016	;# 
  2715   000FB0                     SPBRGH          equ	4016	;# 
  2716   000FB0                     SP1BRGH         equ	4016	;# 
  2717   000FB1                     T3CON           equ	4017	;# 
  2718   000FB2                     TMR3            equ	4018	;# 
  2719   000FB2                     TMR3L           equ	4018	;# 
  2720   000FB3                     TMR3H           equ	4019	;# 
  2721   000FB4                     T3GCON          equ	4020	;# 
  2722   000FB6                     ECCP1AS         equ	4022	;# 
  2723   000FB6                     ECCPAS          equ	4022	;# 
  2724   000FB7                     PWM1CON         equ	4023	;# 
  2725   000FB7                     PWMCON          equ	4023	;# 
  2726   000FB8                     BAUDCON1        equ	4024	;# 
  2727   000FB8                     BAUDCON         equ	4024	;# 
  2728   000FB8                     BAUDCTL         equ	4024	;# 
  2729   000FB8                     BAUD1CON        equ	4024	;# 
  2730   000FB9                     PSTR1CON        equ	4025	;# 
  2731   000FB9                     PSTRCON         equ	4025	;# 
  2732   000FBA                     T2CON           equ	4026	;# 
  2733   000FBB                     PR2             equ	4027	;# 
  2734   000FBC                     TMR2            equ	4028	;# 
  2735   000FBD                     CCP1CON         equ	4029	;# 
  2736   000FBE                     CCPR1           equ	4030	;# 
  2737   000FBE                     CCPR1L          equ	4030	;# 
  2738   000FBF                     CCPR1H          equ	4031	;# 
  2739   000FC0                     ADCON2          equ	4032	;# 
  2740   000FC1                     ADCON1          equ	4033	;# 
  2741   000FC2                     ADCON0          equ	4034	;# 
  2742   000FC3                     ADRES           equ	4035	;# 
  2743   000FC3                     ADRESL          equ	4035	;# 
  2744   000FC4                     ADRESH          equ	4036	;# 
  2745   000FC5                     SSP1CON2        equ	4037	;# 
  2746   000FC5                     SSPCON2         equ	4037	;# 
  2747   000FC6                     SSP1CON1        equ	4038	;# 
  2748   000FC6                     SSPCON1         equ	4038	;# 
  2749   000FC7                     SSP1STAT        equ	4039	;# 
  2750   000FC7                     SSPSTAT         equ	4039	;# 
  2751   000FC8                     SSP1ADD         equ	4040	;# 
  2752   000FC8                     SSPADD          equ	4040	;# 
  2753   000FC9                     SSP1BUF         equ	4041	;# 
  2754   000FC9                     SSPBUF          equ	4041	;# 
  2755   000FCA                     SSP1MSK         equ	4042	;# 
  2756   000FCA                     SSPMSK          equ	4042	;# 
  2757   000FCB                     SSP1CON3        equ	4043	;# 
  2758   000FCB                     SSPCON3         equ	4043	;# 
  2759   000FCC                     T1GCON          equ	4044	;# 
  2760   000FCD                     T1CON           equ	4045	;# 
  2761   000FCE                     TMR1            equ	4046	;# 
  2762   000FCE                     TMR1L           equ	4046	;# 
  2763   000FCF                     TMR1H           equ	4047	;# 
  2764   000FD0                     RCON            equ	4048	;# 
  2765   000FD1                     WDTCON          equ	4049	;# 
  2766   000FD2                     OSCCON2         equ	4050	;# 
  2767   000FD3                     OSCCON          equ	4051	;# 
  2768   000FD5                     T0CON           equ	4053	;# 
  2769   000FD6                     TMR0            equ	4054	;# 
  2770   000FD6                     TMR0L           equ	4054	;# 
  2771   000FD7                     TMR0H           equ	4055	;# 
  2772   000FD8                     STATUS          equ	4056	;# 
  2773   000FD9                     FSR2            equ	4057	;# 
  2774   000FD9                     FSR2L           equ	4057	;# 
  2775   000FDA                     FSR2H           equ	4058	;# 
  2776   000FDB                     PLUSW2          equ	4059	;# 
  2777   000FDC                     PREINC2         equ	4060	;# 
  2778   000FDD                     POSTDEC2        equ	4061	;# 
  2779   000FDE                     POSTINC2        equ	4062	;# 
  2780   000FDF                     INDF2           equ	4063	;# 
  2781   000FE0                     BSR             equ	4064	;# 
  2782   000FE1                     FSR1            equ	4065	;# 
  2783   000FE1                     FSR1L           equ	4065	;# 
  2784   000FE2                     FSR1H           equ	4066	;# 
  2785   000FE3                     PLUSW1          equ	4067	;# 
  2786   000FE4                     PREINC1         equ	4068	;# 
  2787   000FE5                     POSTDEC1        equ	4069	;# 
  2788   000FE6                     POSTINC1        equ	4070	;# 
  2789   000FE7                     INDF1           equ	4071	;# 
  2790   000FE8                     WREG            equ	4072	;# 
  2791   000FE9                     FSR0            equ	4073	;# 
  2792   000FE9                     FSR0L           equ	4073	;# 
  2793   000FEA                     FSR0H           equ	4074	;# 
  2794   000FEB                     PLUSW0          equ	4075	;# 
  2795   000FEC                     PREINC0         equ	4076	;# 
  2796   000FED                     POSTDEC0        equ	4077	;# 
  2797   000FEE                     POSTINC0        equ	4078	;# 
  2798   000FEF                     INDF0           equ	4079	;# 
  2799   000FF0                     INTCON3         equ	4080	;# 
  2800   000FF1                     INTCON2         equ	4081	;# 
  2801   000FF2                     INTCON          equ	4082	;# 
  2802   000FF3                     PROD            equ	4083	;# 
  2803   000FF3                     PRODL           equ	4083	;# 
  2804   000FF4                     PRODH           equ	4084	;# 
  2805   000FF5                     TABLAT          equ	4085	;# 
  2806   000FF6                     TBLPTR          equ	4086	;# 
  2807   000FF6                     TBLPTRL         equ	4086	;# 
  2808   000FF7                     TBLPTRH         equ	4087	;# 
  2809   000FF8                     TBLPTRU         equ	4088	;# 
  2810   000FF9                     PCLAT           equ	4089	;# 
  2811   000FF9                     PC              equ	4089	;# 
  2812   000FF9                     PCL             equ	4089	;# 
  2813   000FFA                     PCLATH          equ	4090	;# 
  2814   000FFB                     PCLATU          equ	4091	;# 
  2815   000FFC                     STKPTR          equ	4092	;# 
  2816   000FFD                     TOS             equ	4093	;# 
  2817   000FFD                     TOSL            equ	4093	;# 
  2818   000FFE                     TOSH            equ	4094	;# 
  2819   000FFF                     TOSU            equ	4095	;# 
  2820                           
  2821 ;; Function _INT0_DefaultInterruptHandler is unused but had its address taken
  2822   000000                     _INT0_DefaultInterruptHandler equ	0
  2823                           
  2824 ;; Function _INT1_DefaultInterruptHandler is unused but had its address taken
  2825   000000                     _INT1_DefaultInterruptHandler equ	0
  2826                           
  2827 ;; Function _INT2_DefaultInterruptHandler is unused but had its address taken
  2828   000000                     _INT2_DefaultInterruptHandler equ	0
  2829                           
  2830 ;; Function _TMR2_DefaultPeriodMatchCallback is unused but had its address taken
  2831   000000                     _TMR2_DefaultPeriodMatchCallback equ	0
  2832                           
  2833 ;; Function _EUSART1_Deinitialize is unused but had its address taken
  2834   000000                     _EUSART1_Deinitialize equ	0
  2835                           
  2836 ;; Function _EUSART1_TransmitEnable is unused but had its address taken
  2837   000000                     _EUSART1_TransmitEnable equ	0
  2838                           
  2839 ;; Function _EUSART1_TransmitDisable is unused but had its address taken
  2840   000000                     _EUSART1_TransmitDisable equ	0
  2841                           
  2842 ;; Function _EUSART1_AutoBaudSet is unused but had its address taken
  2843   000000                     _EUSART1_AutoBaudSet equ	0
  2844                           
  2845 ;; Function _EUSART1_AutoBaudQuery is unused but had its address taken
  2846   000000                     _EUSART1_AutoBaudQuery equ	0
  2847                           
  2848 ;; Function _EUSART1_IsTxDone is unused but had its address taken
  2849   000000                     _EUSART1_IsTxDone equ	0
  2850                           
  2851 ;; Function _EUSART1_ErrorGet is unused but had its address taken
  2852   000000                     _EUSART1_ErrorGet equ	0
  2853                           
  2854                           	psect	idataCOMRAM
  2855   000CEE                     __pidataCOMRAM:
  2856                           	callstack 0
  2857                           
  2858                           ;initializer for timer0ISR@currentBlueValue
  2859   000CEE  00FF               	dw	255
  2860                           
  2861                           	psect	idataBANK0
  2862   00089A                     __pidataBANK0:
  2863                           	callstack 0
  2864                           
  2865                           ;initializer for _initBlu
  2866   00089A  FFFF               	dw	65535
  2867   00089C  FFFF               	dw	65535
  2868   00089E  0000               	dw	0
  2869   0008A0  0000               	dw	0
  2870   0008A2  0000               	dw	0
  2871   0008A4  FFFF               	dw	65535
  2872                           
  2873                           ;initializer for _initGre
  2874   0008A6  0000               	dw	0
  2875   0008A8  FFFF               	dw	65535
  2876   0008AA  FFFF               	dw	65535
  2877   0008AC  FFFF               	dw	65535
  2878   0008AE  0000               	dw	0
  2879   0008B0  0000               	dw	0
  2880                           
  2881                           ;initializer for _initRed
  2882   0008B2  0000               	dw	0
  2883   0008B4  0000               	dw	0
  2884   0008B6  0000               	dw	0
  2885   0008B8  FFFF               	dw	65535
  2886   0008BA  FFFF               	dw	65535
  2887   0008BC  FFFF               	dw	65535
  2888                           
  2889                           ;initializer for _deltaBlu
  2890   0008BE  0000               	dw	0
  2891   0008C0  FFFF               	dw	65535
  2892   0008C2  0000               	dw	0
  2893   0008C4  0000               	dw	0
  2894   0008C6  0001               	dw	1
  2895   0008C8  0000               	dw	0
  2896                           
  2897                           ;initializer for _deltaGre
  2898   0008CA  0001               	dw	1
  2899   0008CC  0000               	dw	0
  2900   0008CE  0000               	dw	0
  2901   0008D0  FFFF               	dw	65535
  2902   0008D2  0000               	dw	0
  2903   0008D4  0000               	dw	0
  2904                           
  2905                           ;initializer for _deltaRed
  2906   0008D6  0000               	dw	0
  2907   0008D8  0000               	dw	0
  2908   0008DA  0001               	dw	1
  2909   0008DC  0000               	dw	0
  2910   0008DE  0000               	dw	0
  2911   0008E0  FFFF               	dw	65535
  2912                           
  2913                           	psect	mediumconst
  2914   007D22                     __pmediumconst:
  2915                           	callstack 0
  2916   007D22  00                 	db	0
  2917   007D23                     _UART1:
  2918                           	callstack 0
  2919   007D23  E4                 	db	low _EUSART1_Initialize
  2920   007D24  0A                 	db	high _EUSART1_Initialize
  2921   007D25  00                 	db	0
  2922   007D26  00                 	db	0
  2923   007D27  BE                 	db	low _EUSART1_Read
  2924   007D28  07                 	db	high _EUSART1_Read
  2925   007D29  E2                 	db	low _EUSART1_Write
  2926   007D2A  0C                 	db	high _EUSART1_Write
  2927   007D2B  8E                 	db	low _EUSART1_IsRxReady
  2928   007D2C  0C                 	db	high _EUSART1_IsRxReady
  2929   007D2D  46                 	db	low _EUSART1_IsTxReady
  2930   007D2E  0B                 	db	high _EUSART1_IsTxReady
  2931   007D2F  00                 	db	0
  2932   007D30  00                 	db	0
  2933   007D31  00                 	db	0
  2934   007D32  00                 	db	0
  2935   007D33  00                 	db	0
  2936   007D34  00                 	db	0
  2937   007D35  00                 	db	0
  2938   007D36  00                 	db	0
  2939   007D37  00                 	db	0
  2940   007D38  00                 	db	0
  2941   007D39  00                 	db	0
  2942   007D3A  00                 	db	0
  2943   007D3B  00                 	db	0
  2944   007D3C  00                 	db	0
  2945   007D3D  00                 	db	0
  2946   007D3E  00                 	db	0
  2947   007D3F  00                 	db	0
  2948   007D40  00                 	db	0
  2949   007D41  00                 	db	0
  2950   007D42  00                 	db	0
  2951   007D43  00                 	db	0
  2952   007D44  00                 	db	0
  2953   007D45  00                 	db	0
  2954   007D46  00                 	db	0
  2955   007D47  00                 	db	0
  2956   007D48  00                 	db	0
  2957   007D49  00                 	db	0
  2958   007D4A  00                 	db	0
  2959   007D4B  12                 	db	low _EUSART1_FramingErrorCallbackRegister
  2960   007D4C  0C                 	db	high _EUSART1_FramingErrorCallbackRegister
  2961   007D4D  F6                 	db	low _EUSART1_OverrunErrorCallbackRegister
  2962   007D4E  0B                 	db	high _EUSART1_OverrunErrorCallbackRegister
  2963   007D4F  00                 	db	0
  2964   007D50  00                 	db	0
  2965   007D51  00                 	db	0
  2966   007D52  00                 	db	0
  2967   007D53                     __end_of_UART1:
  2968                           	callstack 0
  2969   007D53                     STR_19:
  2970   007D53  2B                 	db	43
  2971   007D54  2F                 	db	47
  2972   007D55  2D                 	db	45
  2973   007D56  3A                 	db	58	;':'
  2974   007D57  20                 	db	32
  2975   007D58  69                 	db	105	;'i'
  2976   007D59  6E                 	db	110	;'n'
  2977   007D5A  63                 	db	99	;'c'
  2978   007D5B  72                 	db	114	;'r'
  2979   007D5C  65                 	db	101	;'e'
  2980   007D5D  61                 	db	97	;'a'
  2981   007D5E  73                 	db	115	;'s'
  2982   007D5F  65                 	db	101	;'e'
  2983   007D60  2F                 	db	47
  2984   007D61  64                 	db	100	;'d'
  2985   007D62  65                 	db	101	;'e'
  2986   007D63  63                 	db	99	;'c'
  2987   007D64  72                 	db	114	;'r'
  2988   007D65  65                 	db	101	;'e'
  2989   007D66  61                 	db	97	;'a'
  2990   007D67  73                 	db	115	;'s'
  2991   007D68  65                 	db	101	;'e'
  2992   007D69  20                 	db	32
  2993   007D6A  74                 	db	116	;'t'
  2994   007D6B  68                 	db	104	;'h'
  2995   007D6C  65                 	db	101	;'e'
  2996   007D6D  20                 	db	32
  2997   007D6E  63                 	db	99	;'c'
  2998   007D6F  6F                 	db	111	;'o'
  2999   007D70  6C                 	db	108	;'l'
  3000   007D71  6F                 	db	111	;'o'
  3001   007D72  72                 	db	114	;'r'
  3002   007D73  20                 	db	32
  3003   007D74  74                 	db	116	;'t'
  3004   007D75  6F                 	db	111	;'o'
  3005   007D76  75                 	db	117	;'u'
  3006   007D77  72                 	db	114	;'r'
  3007   007D78  20                 	db	32
  3008   007D79  73                 	db	115	;'s'
  3009   007D7A  70                 	db	112	;'p'
  3010   007D7B  65                 	db	101	;'e'
  3011   007D7C  65                 	db	101	;'e'
  3012   007D7D  64                 	db	100	;'d'
  3013   007D7E  2E                 	db	46
  3014   007D7F  0D                 	db	13
  3015   007D80  0A                 	db	10
  3016   007D81  00                 	db	0
  3017   007D82                     STR_15:
  3018   007D82  47                 	db	71	;'G'
  3019   007D83  2F                 	db	47
  3020   007D84  67                 	db	103	;'g'
  3021   007D85  3A                 	db	58	;':'
  3022   007D86  20                 	db	32
  3023   007D87  69                 	db	105	;'i'
  3024   007D88  6E                 	db	110	;'n'
  3025   007D89  63                 	db	99	;'c'
  3026   007D8A  72                 	db	114	;'r'
  3027   007D8B  65                 	db	101	;'e'
  3028   007D8C  61                 	db	97	;'a'
  3029   007D8D  73                 	db	115	;'s'
  3030   007D8E  65                 	db	101	;'e'
  3031   007D8F  2F                 	db	47
  3032   007D90  64                 	db	100	;'d'
  3033   007D91  65                 	db	101	;'e'
  3034   007D92  63                 	db	99	;'c'
  3035   007D93  72                 	db	114	;'r'
  3036   007D94  65                 	db	101	;'e'
  3037   007D95  61                 	db	97	;'a'
  3038   007D96  73                 	db	115	;'s'
  3039   007D97  65                 	db	101	;'e'
  3040   007D98  20                 	db	32
  3041   007D99  47                 	db	71	;'G'
  3042   007D9A  72                 	db	114	;'r'
  3043   007D9B  65                 	db	101	;'e'
  3044   007D9C  65                 	db	101	;'e'
  3045   007D9D  6E                 	db	110	;'n'
  3046   007D9E  20                 	db	32
  3047   007D9F  69                 	db	105	;'i'
  3048   007DA0  6E                 	db	110	;'n'
  3049   007DA1  74                 	db	116	;'t'
  3050   007DA2  65                 	db	101	;'e'
  3051   007DA3  6E                 	db	110	;'n'
  3052   007DA4  73                 	db	115	;'s'
  3053   007DA5  69                 	db	105	;'i'
  3054   007DA6  74                 	db	116	;'t'
  3055   007DA7  79                 	db	121	;'y'
  3056   007DA8  0D                 	db	13
  3057   007DA9  0A                 	db	10
  3058   007DAA  00                 	db	0
  3059   007DAB                     STR_16:
  3060   007DAB  42                 	db	66	;'B'
  3061   007DAC  2F                 	db	47
  3062   007DAD  62                 	db	98	;'b'
  3063   007DAE  3A                 	db	58	;':'
  3064   007DAF  20                 	db	32
  3065   007DB0  69                 	db	105	;'i'
  3066   007DB1  6E                 	db	110	;'n'
  3067   007DB2  63                 	db	99	;'c'
  3068   007DB3  72                 	db	114	;'r'
  3069   007DB4  65                 	db	101	;'e'
  3070   007DB5  61                 	db	97	;'a'
  3071   007DB6  73                 	db	115	;'s'
  3072   007DB7  65                 	db	101	;'e'
  3073   007DB8  2F                 	db	47
  3074   007DB9  64                 	db	100	;'d'
  3075   007DBA  65                 	db	101	;'e'
  3076   007DBB  63                 	db	99	;'c'
  3077   007DBC  72                 	db	114	;'r'
  3078   007DBD  65                 	db	101	;'e'
  3079   007DBE  61                 	db	97	;'a'
  3080   007DBF  73                 	db	115	;'s'
  3081   007DC0  65                 	db	101	;'e'
  3082   007DC1  20                 	db	32
  3083   007DC2  42                 	db	66	;'B'
  3084   007DC3  6C                 	db	108	;'l'
  3085   007DC4  75                 	db	117	;'u'
  3086   007DC5  65                 	db	101	;'e'
  3087   007DC6  20                 	db	32
  3088   007DC7  69                 	db	105	;'i'
  3089   007DC8  6E                 	db	110	;'n'
  3090   007DC9  74                 	db	116	;'t'
  3091   007DCA  65                 	db	101	;'e'
  3092   007DCB  6E                 	db	110	;'n'
  3093   007DCC  73                 	db	115	;'s'
  3094   007DCD  69                 	db	105	;'i'
  3095   007DCE  74                 	db	116	;'t'
  3096   007DCF  79                 	db	121	;'y'
  3097   007DD0  0D                 	db	13
  3098   007DD1  0A                 	db	10
  3099   007DD2  00                 	db	0
  3100   007DD3                     STR_14:
  3101   007DD3  52                 	db	82	;'R'
  3102   007DD4  2F                 	db	47
  3103   007DD5  72                 	db	114	;'r'
  3104   007DD6  3A                 	db	58	;':'
  3105   007DD7  20                 	db	32
  3106   007DD8  69                 	db	105	;'i'
  3107   007DD9  6E                 	db	110	;'n'
  3108   007DDA  63                 	db	99	;'c'
  3109   007DDB  72                 	db	114	;'r'
  3110   007DDC  65                 	db	101	;'e'
  3111   007DDD  61                 	db	97	;'a'
  3112   007DDE  73                 	db	115	;'s'
  3113   007DDF  65                 	db	101	;'e'
  3114   007DE0  2F                 	db	47
  3115   007DE1  64                 	db	100	;'d'
  3116   007DE2  65                 	db	101	;'e'
  3117   007DE3  63                 	db	99	;'c'
  3118   007DE4  72                 	db	114	;'r'
  3119   007DE5  65                 	db	101	;'e'
  3120   007DE6  61                 	db	97	;'a'
  3121   007DE7  73                 	db	115	;'s'
  3122   007DE8  65                 	db	101	;'e'
  3123   007DE9  20                 	db	32
  3124   007DEA  52                 	db	82	;'R'
  3125   007DEB  65                 	db	101	;'e'
  3126   007DEC  64                 	db	100	;'d'
  3127   007DED  20                 	db	32
  3128   007DEE  69                 	db	105	;'i'
  3129   007DEF  6E                 	db	110	;'n'
  3130   007DF0  74                 	db	116	;'t'
  3131   007DF1  65                 	db	101	;'e'
  3132   007DF2  6E                 	db	110	;'n'
  3133   007DF3  73                 	db	115	;'s'
  3134   007DF4  69                 	db	105	;'i'
  3135   007DF5  74                 	db	116	;'t'
  3136   007DF6  79                 	db	121	;'y'
  3137   007DF7  0D                 	db	13
  3138   007DF8  0A                 	db	10
  3139   007DF9  00                 	db	0
  3140   007DFA                     STR_6:
  3141   007DFA  2D                 	db	45
  3142   007DFB  2D                 	db	45
  3143   007DFC  2D                 	db	45
  3144   007DFD  2D                 	db	45
  3145   007DFE  2D                 	db	45
  3146   007DFF  2D                 	db	45
  3147   007E00  2D                 	db	45
  3148   007E01  2D                 	db	45
  3149   007E02  2D                 	db	45
  3150   007E03  2D                 	db	45
  3151   007E04  2D                 	db	45
  3152   007E05  2D                 	db	45
  3153   007E06  2D                 	db	45
  3154   007E07  2D                 	db	45
  3155   007E08  2D                 	db	45
  3156   007E09  2D                 	db	45
  3157   007E0A  2D                 	db	45
  3158   007E0B  2D                 	db	45
  3159   007E0C  2D                 	db	45
  3160   007E0D  2D                 	db	45
  3161   007E0E  2D                 	db	45
  3162   007E0F  2D                 	db	45
  3163   007E10  2D                 	db	45
  3164   007E11  2D                 	db	45
  3165   007E12  2D                 	db	45
  3166   007E13  2D                 	db	45
  3167   007E14  2D                 	db	45
  3168   007E15  2D                 	db	45
  3169   007E16  2D                 	db	45
  3170   007E17  2D                 	db	45
  3171   007E18  0D                 	db	13
  3172   007E19  0A                 	db	10
  3173   007E1A  00                 	db	0
  3174   007E1B                     STR_17:
  3175   007E1B  43                 	db	67	;'C'
  3176   007E1C  2F                 	db	47
  3177   007E1D  63                 	db	99	;'c'
  3178   007E1E  3A                 	db	58	;':'
  3179   007E1F  20                 	db	32
  3180   007E20  73                 	db	115	;'s'
  3181   007E21  74                 	db	116	;'t'
  3182   007E22  61                 	db	97	;'a'
  3183   007E23  72                 	db	114	;'r'
  3184   007E24  74                 	db	116	;'t'
  3185   007E25  2F                 	db	47
  3186   007E26  73                 	db	115	;'s'
  3187   007E27  74                 	db	116	;'t'
  3188   007E28  6F                 	db	111	;'o'
  3189   007E29  70                 	db	112	;'p'
  3190   007E2A  20                 	db	32
  3191   007E2B  63                 	db	99	;'c'
  3192   007E2C  6F                 	db	111	;'o'
  3193   007E2D  6C                 	db	108	;'l'
  3194   007E2E  6F                 	db	111	;'o'
  3195   007E2F  72                 	db	114	;'r'
  3196   007E30  20                 	db	32
  3197   007E31  63                 	db	99	;'c'
  3198   007E32  79                 	db	121	;'y'
  3199   007E33  63                 	db	99	;'c'
  3200   007E34  6C                 	db	108	;'l'
  3201   007E35  65                 	db	101	;'e'
  3202   007E36  0D                 	db	13
  3203   007E37  0A                 	db	10
  3204   007E38  00                 	db	0
  3205   007E39                     STR_35:
  3206   007E39  53                 	db	83	;'S'
  3207   007E3A  65                 	db	101	;'e'
  3208   007E3B  74                 	db	116	;'t'
  3209   007E3C  74                 	db	116	;'t'
  3210   007E3D  69                 	db	105	;'i'
  3211   007E3E  6E                 	db	110	;'n'
  3212   007E3F  67                 	db	103	;'g'
  3213   007E40  20                 	db	32
  3214   007E41  61                 	db	97	;'a'
  3215   007E42  6C                 	db	108	;'l'
  3216   007E43  6C                 	db	108	;'l'
  3217   007E44  20                 	db	32
  3218   007E45  63                 	db	99	;'c'
  3219   007E46  68                 	db	104	;'h'
  3220   007E47  61                 	db	97	;'a'
  3221   007E48  6E                 	db	110	;'n'
  3222   007E49  6E                 	db	110	;'n'
  3223   007E4A  65                 	db	101	;'e'
  3224   007E4B  6C                 	db	108	;'l'
  3225   007E4C  73                 	db	115	;'s'
  3226   007E4D  20                 	db	32
  3227   007E4E  74                 	db	116	;'t'
  3228   007E4F  6F                 	db	111	;'o'
  3229   007E50  20                 	db	32
  3230   007E51  30                 	db	48	;'0'
  3231   007E52  00                 	db	0
  3232   007E53                     STR_34:
  3233   007E53  43                 	db	67	;'C'
  3234   007E54  61                 	db	97	;'a'
  3235   007E55  6E                 	db	110	;'n'
  3236   007E56  27                 	db	39
  3237   007E57  74                 	db	116	;'t'
  3238   007E58  20                 	db	32
  3239   007E59  67                 	db	103	;'g'
  3240   007E5A  6F                 	db	111	;'o'
  3241   007E5B  20                 	db	32
  3242   007E5C  61                 	db	97	;'a'
  3243   007E5D  6E                 	db	110	;'n'
  3244   007E5E  79                 	db	121	;'y'
  3245   007E5F  20                 	db	32
  3246   007E60  66                 	db	102	;'f'
  3247   007E61  61                 	db	97	;'a'
  3248   007E62  73                 	db	115	;'s'
  3249   007E63  74                 	db	116	;'t'
  3250   007E64  65                 	db	101	;'e'
  3251   007E65  72                 	db	114	;'r'
  3252   007E66  21                 	db	33
  3253   007E67  20                 	db	32
  3254   007E68  0D                 	db	13
  3255   007E69  0A                 	db	10
  3256   007E6A  00                 	db	0
  3257   007E6B  43                 	db	67	;'C'
  3258   007E6C  61                 	db	97	;'a'
  3259   007E6D  6E                 	db	110	;'n'
  3260   007E6E  27                 	db	39
  3261   007E6F  74                 	db	116	;'t'
  3262   007E70  20                 	db	32
  3263   007E71  67                 	db	103	;'g'
  3264   007E72  6F                 	db	111	;'o'
  3265   007E73  20                 	db	32
  3266   007E74  61                 	db	97	;'a'
  3267   007E75  6E                 	db	110	;'n'
  3268   007E76  79                 	db	121	;'y'
  3269   007E77  20                 	db	32
  3270   007E78  73                 	db	115	;'s'
  3271   007E79  6C                 	db	108	;'l'
  3272   007E7A  6F                 	db	111	;'o'
  3273   007E7B  77                 	db	119	;'w'
  3274   007E7C  65                 	db	101	;'e'
  3275   007E7D  72                 	db	114	;'r'
  3276   007E7E  21                 	db	33
  3277   007E7F  20                 	db	32
  3278   007E80  0D                 	db	13
  3279   007E81  0A                 	db	10
  3280   007E82  00                 	db	0
  3281   007E83                     STR_13:
  3282   007E83  7A                 	db	122	;'z'
  3283   007E84  3A                 	db	58	;':'
  3284   007E85  20                 	db	32
  3285   007E86  43                 	db	67	;'C'
  3286   007E87  6C                 	db	108	;'l'
  3287   007E88  65                 	db	101	;'e'
  3288   007E89  61                 	db	97	;'a'
  3289   007E8A  72                 	db	114	;'r'
  3290   007E8B  20                 	db	32
  3291   007E8C  74                 	db	116	;'t'
  3292   007E8D  68                 	db	104	;'h'
  3293   007E8E  65                 	db	101	;'e'
  3294   007E8F  20                 	db	32
  3295   007E90  74                 	db	116	;'t'
  3296   007E91  65                 	db	101	;'e'
  3297   007E92  72                 	db	114	;'r'
  3298   007E93  6D                 	db	109	;'m'
  3299   007E94  69                 	db	105	;'i'
  3300   007E95  6E                 	db	110	;'n'
  3301   007E96  61                 	db	97	;'a'
  3302   007E97  6C                 	db	108	;'l'
  3303   007E98  0D                 	db	13
  3304   007E99  0A                 	db	10
  3305   007E9A  00                 	db	0
  3306   007E9B                     STR_24:
  3307   007E9B  43                 	db	67	;'C'
  3308   007E9C  61                 	db	97	;'a'
  3309   007E9D  6E                 	db	110	;'n'
  3310   007E9E  27                 	db	39
  3311   007E9F  74                 	db	116	;'t'
  3312   007EA0  20                 	db	32
  3313   007EA1  67                 	db	103	;'g'
  3314   007EA2  6F                 	db	111	;'o'
  3315   007EA3  20                 	db	32
  3316   007EA4  61                 	db	97	;'a'
  3317   007EA5  6E                 	db	110	;'n'
  3318   007EA6  79                 	db	121	;'y'
  3319   007EA7  20                 	db	32
  3320   007EA8  64                 	db	100	;'d'
  3321   007EA9  61                 	db	97	;'a'
  3322   007EAA  72                 	db	114	;'r'
  3323   007EAB  6B                 	db	107	;'k'
  3324   007EAC  65                 	db	101	;'e'
  3325   007EAD  72                 	db	114	;'r'
  3326   007EAE  21                 	db	33
  3327   007EAF  0D                 	db	13
  3328   007EB0  0A                 	db	10
  3329   007EB1  00                 	db	0
  3330   007EB2  41                 	db	65	;'A'
  3331   007EB3  6C                 	db	108	;'l'
  3332   007EB4  72                 	db	114	;'r'
  3333   007EB5  65                 	db	101	;'e'
  3334   007EB6  61                 	db	97	;'a'
  3335   007EB7  64                 	db	100	;'d'
  3336   007EB8  79                 	db	121	;'y'
  3337   007EB9  20                 	db	32
  3338   007EBA  61                 	db	97	;'a'
  3339   007EBB  74                 	db	116	;'t'
  3340   007EBC  20                 	db	32
  3341   007EBD  4D                 	db	77	;'M'
  3342   007EBE  61                 	db	97	;'a'
  3343   007EBF  78                 	db	120	;'x'
  3344   007EC0  20                 	db	32
  3345   007EC1  47                 	db	71	;'G'
  3346   007EC2  72                 	db	114	;'r'
  3347   007EC3  65                 	db	101	;'e'
  3348   007EC4  65                 	db	101	;'e'
  3349   007EC5  6E                 	db	110	;'n'
  3350   007EC6  0D                 	db	13
  3351   007EC7  0A                 	db	10
  3352   007EC8  00                 	db	0
  3353   007EC9  41                 	db	65	;'A'
  3354   007ECA  6C                 	db	108	;'l'
  3355   007ECB  72                 	db	114	;'r'
  3356   007ECC  65                 	db	101	;'e'
  3357   007ECD  61                 	db	97	;'a'
  3358   007ECE  64                 	db	100	;'d'
  3359   007ECF  79                 	db	121	;'y'
  3360   007ED0  20                 	db	32
  3361   007ED1  61                 	db	97	;'a'
  3362   007ED2  74                 	db	116	;'t'
  3363   007ED3  20                 	db	32
  3364   007ED4  4D                 	db	77	;'M'
  3365   007ED5  61                 	db	97	;'a'
  3366   007ED6  78                 	db	120	;'x'
  3367   007ED7  20                 	db	32
  3368   007ED8  42                 	db	66	;'B'
  3369   007ED9  4C                 	db	76	;'L'
  3370   007EDA  55                 	db	85	;'U'
  3371   007EDB  45                 	db	69	;'E'
  3372   007EDC  0D                 	db	13
  3373   007EDD  0A                 	db	10
  3374   007EDE  00                 	db	0
  3375   007EDF                     STR_3:
  3376   007EDF  44                 	db	68	;'D'
  3377   007EE0  65                 	db	101	;'e'
  3378   007EE1  76                 	db	118	;'v'
  3379   007EE2  27                 	db	39
  3380   007EE3  32                 	db	50	;'2'
  3381   007EE4  31                 	db	49	;'1'
  3382   007EE5  20                 	db	32
  3383   007EE6  62                 	db	98	;'b'
  3384   007EE7  6F                 	db	111	;'o'
  3385   007EE8  61                 	db	97	;'a'
  3386   007EE9  72                 	db	114	;'r'
  3387   007EEA  64                 	db	100	;'d'
  3388   007EEB  20                 	db	32
  3389   007EEC  77                 	db	119	;'w'
  3390   007EED  69                 	db	105	;'i'
  3391   007EEE  72                 	db	114	;'r'
  3392   007EEF  69                 	db	105	;'i'
  3393   007EF0  6E                 	db	110	;'n'
  3394   007EF1  67                 	db	103	;'g'
  3395   007EF2  0D                 	db	13
  3396   007EF3  0A                 	db	10
  3397   007EF4  00                 	db	0
  3398   007EF5                     STR_29:
  3399   007EF5  53                 	db	83	;'S'
  3400   007EF6  74                 	db	116	;'t'
  3401   007EF7  61                 	db	97	;'a'
  3402   007EF8  72                 	db	114	;'r'
  3403   007EF9  74                 	db	116	;'t'
  3404   007EFA  69                 	db	105	;'i'
  3405   007EFB  6E                 	db	110	;'n'
  3406   007EFC  67                 	db	103	;'g'
  3407   007EFD  20                 	db	32
  3408   007EFE  63                 	db	99	;'c'
  3409   007EFF  6F                 	db	111	;'o'
  3410   007F00  6C                 	db	108	;'l'
  3411   007F01  6F                 	db	111	;'o'
  3412   007F02  72                 	db	114	;'r'
  3413   007F03  20                 	db	32
  3414   007F04  74                 	db	116	;'t'
  3415   007F05  6F                 	db	111	;'o'
  3416   007F06  75                 	db	117	;'u'
  3417   007F07  72                 	db	114	;'r'
  3418   007F08  0D                 	db	13
  3419   007F09  0A                 	db	10
  3420   007F0A  00                 	db	0
  3421   007F0B  41                 	db	65	;'A'
  3422   007F0C  6C                 	db	108	;'l'
  3423   007F0D  72                 	db	114	;'r'
  3424   007F0E  65                 	db	101	;'e'
  3425   007F0F  61                 	db	97	;'a'
  3426   007F10  64                 	db	100	;'d'
  3427   007F11  79                 	db	121	;'y'
  3428   007F12  20                 	db	32
  3429   007F13  61                 	db	97	;'a'
  3430   007F14  74                 	db	116	;'t'
  3431   007F15  20                 	db	32
  3432   007F16  4D                 	db	77	;'M'
  3433   007F17  61                 	db	97	;'a'
  3434   007F18  78                 	db	120	;'x'
  3435   007F19  20                 	db	32
  3436   007F1A  52                 	db	82	;'R'
  3437   007F1B  65                 	db	101	;'e'
  3438   007F1C  64                 	db	100	;'d'
  3439   007F1D  0D                 	db	13
  3440   007F1E  0A                 	db	10
  3441   007F1F  00                 	db	0
  3442   007F20                     STR_12:
  3443   007F20  5A                 	db	90	;'Z'
  3444   007F21  3A                 	db	58	;':'
  3445   007F22  20                 	db	32
  3446   007F23  52                 	db	82	;'R'
  3447   007F24  65                 	db	101	;'e'
  3448   007F25  73                 	db	115	;'s'
  3449   007F26  65                 	db	101	;'e'
  3450   007F27  74                 	db	116	;'t'
  3451   007F28  20                 	db	32
  3452   007F29  70                 	db	112	;'p'
  3453   007F2A  72                 	db	114	;'r'
  3454   007F2B  6F                 	db	111	;'o'
  3455   007F2C  63                 	db	99	;'c'
  3456   007F2D  65                 	db	101	;'e'
  3457   007F2E  73                 	db	115	;'s'
  3458   007F2F  73                 	db	115	;'s'
  3459   007F30  6F                 	db	111	;'o'
  3460   007F31  72                 	db	114	;'r'
  3461   007F32  0D                 	db	13
  3462   007F33  0A                 	db	10
  3463   007F34  00                 	db	0
  3464   007F35                     STR_30:
  3465   007F35  45                 	db	69	;'E'
  3466   007F36  6E                 	db	110	;'n'
  3467   007F37  64                 	db	100	;'d'
  3468   007F38  69                 	db	105	;'i'
  3469   007F39  6E                 	db	110	;'n'
  3470   007F3A  67                 	db	103	;'g'
  3471   007F3B  20                 	db	32
  3472   007F3C  63                 	db	99	;'c'
  3473   007F3D  6F                 	db	111	;'o'
  3474   007F3E  6C                 	db	108	;'l'
  3475   007F3F  6F                 	db	111	;'o'
  3476   007F40  72                 	db	114	;'r'
  3477   007F41  20                 	db	32
  3478   007F42  74                 	db	116	;'t'
  3479   007F43  6F                 	db	111	;'o'
  3480   007F44  75                 	db	117	;'u'
  3481   007F45  72                 	db	114	;'r'
  3482   007F46  0D                 	db	13
  3483   007F47  0A                 	db	10
  3484   007F48  00                 	db	0
  3485   007F49                     STR_33:
  3486   007F49  53                 	db	83	;'S'
  3487   007F4A  75                 	db	117	;'u'
  3488   007F4B  62                 	db	98	;'b'
  3489   007F4C  74                 	db	116	;'t'
  3490   007F4D  72                 	db	114	;'r'
  3491   007F4E  61                 	db	97	;'a'
  3492   007F4F  63                 	db	99	;'c'
  3493   007F50  74                 	db	116	;'t'
  3494   007F51  69                 	db	105	;'i'
  3495   007F52  6E                 	db	110	;'n'
  3496   007F53  67                 	db	103	;'g'
  3497   007F54  20                 	db	32
  3498   007F55  32                 	db	50	;'2'
  3499   007F56  6D                 	db	109	;'m'
  3500   007F57  73                 	db	115	;'s'
  3501   007F58  20                 	db	32
  3502   007F59  0D                 	db	13
  3503   007F5A  0A                 	db	10
  3504   007F5B  00                 	db	0
  3505   007F5C                     STR_18:
  3506   007F5C  61                 	db	97	;'a'
  3507   007F5D  3A                 	db	58	;':'
  3508   007F5E  20                 	db	32
  3509   007F5F  41                 	db	65	;'A'
  3510   007F60  6C                 	db	108	;'l'
  3511   007F61  6C                 	db	108	;'l'
  3512   007F62  20                 	db	32
  3513   007F63  4C                 	db	76	;'L'
  3514   007F64  45                 	db	69	;'E'
  3515   007F65  44                 	db	68	;'D'
  3516   007F66  73                 	db	115	;'s'
  3517   007F67  20                 	db	32
  3518   007F68  6F                 	db	111	;'o'
  3519   007F69  66                 	db	102	;'f'
  3520   007F6A  66                 	db	102	;'f'
  3521   007F6B  0D                 	db	13
  3522   007F6C  0A                 	db	10
  3523   007F6D  00                 	db	0
  3524   007F6E                     STR_7:
  3525   007F6E  20                 	db	32
  3526   007F6F  20                 	db	32
  3527   007F70  20                 	db	32
  3528   007F71  20                 	db	32
  3529   007F72  52                 	db	82	;'R'
  3530   007F73  65                 	db	101	;'e'
  3531   007F74  64                 	db	100	;'d'
  3532   007F75  3A                 	db	58	;':'
  3533   007F76  20                 	db	32
  3534   007F77  20                 	db	32
  3535   007F78  20                 	db	32
  3536   007F79  30                 	db	48	;'0'
  3537   007F7A  78                 	db	120	;'x'
  3538   007F7B  25                 	db	37
  3539   007F7C  78                 	db	120	;'x'
  3540   007F7D  0D                 	db	13
  3541   007F7E  0A                 	db	10
  3542   007F7F  00                 	db	0
  3543   007F80                     STR_9:
  3544   007F80  20                 	db	32
  3545   007F81  20                 	db	32
  3546   007F82  20                 	db	32
  3547   007F83  20                 	db	32
  3548   007F84  42                 	db	66	;'B'
  3549   007F85  6C                 	db	108	;'l'
  3550   007F86  75                 	db	117	;'u'
  3551   007F87  65                 	db	101	;'e'
  3552   007F88  20                 	db	32
  3553   007F89  3A                 	db	58	;':'
  3554   007F8A  20                 	db	32
  3555   007F8B  30                 	db	48	;'0'
  3556   007F8C  78                 	db	120	;'x'
  3557   007F8D  25                 	db	37
  3558   007F8E  78                 	db	120	;'x'
  3559   007F8F  0D                 	db	13
  3560   007F90  0A                 	db	10
  3561   007F91  00                 	db	0
  3562   007F92                     STR_8:
  3563   007F92  20                 	db	32
  3564   007F93  20                 	db	32
  3565   007F94  20                 	db	32
  3566   007F95  20                 	db	32
  3567   007F96  47                 	db	71	;'G'
  3568   007F97  72                 	db	114	;'r'
  3569   007F98  65                 	db	101	;'e'
  3570   007F99  65                 	db	101	;'e'
  3571   007F9A  6E                 	db	110	;'n'
  3572   007F9B  3A                 	db	58	;':'
  3573   007F9C  20                 	db	32
  3574   007F9D  30                 	db	48	;'0'
  3575   007F9E  78                 	db	120	;'x'
  3576   007F9F  25                 	db	37
  3577   007FA0  78                 	db	120	;'x'
  3578   007FA1  0D                 	db	13
  3579   007FA2  0A                 	db	10
  3580   007FA3  00                 	db	0
  3581   007FA4                     STR_36:
  3582   007FA4  55                 	db	85	;'U'
  3583   007FA5  6E                 	db	110	;'n'
  3584   007FA6  6B                 	db	107	;'k'
  3585   007FA7  6E                 	db	110	;'n'
  3586   007FA8  6F                 	db	111	;'o'
  3587   007FA9  77                 	db	119	;'w'
  3588   007FAA  6E                 	db	110	;'n'
  3589   007FAB  20                 	db	32
  3590   007FAC  6B                 	db	107	;'k'
  3591   007FAD  65                 	db	101	;'e'
  3592   007FAE  79                 	db	121	;'y'
  3593   007FAF  20                 	db	32
  3594   007FB0  25                 	db	37
  3595   007FB1  63                 	db	99	;'c'
  3596   007FB2  0D                 	db	13
  3597   007FB3  0A                 	db	10
  3598   007FB4  00                 	db	0
  3599   007FB5                     STR_4:
  3600   007FB5  52                 	db	82	;'R'
  3601   007FB6  43                 	db	67	;'C'
  3602   007FB7  32                 	db	50	;'2'
  3603   007FB8  20                 	db	32
  3604   007FB9  3C                 	db	60	;'<'
  3605   007FBA  2D                 	db	45
  3606   007FBB  3E                 	db	62	;'>'
  3607   007FBC  20                 	db	32
  3608   007FBD  52                 	db	82	;'R'
  3609   007FBE  65                 	db	101	;'e'
  3610   007FBF  64                 	db	100	;'d'
  3611   007FC0  20                 	db	32
  3612   007FC1  4C                 	db	76	;'L'
  3613   007FC2  45                 	db	69	;'E'
  3614   007FC3  44                 	db	68	;'D'
  3615   007FC4  00                 	db	0
  3616   007FC5                     STR_11:
  3617   007FC5  3F                 	db	63	;'?'
  3618   007FC6  3A                 	db	58	;':'
  3619   007FC7  20                 	db	32
  3620   007FC8  48                 	db	72	;'H'
  3621   007FC9  65                 	db	101	;'e'
  3622   007FCA  6C                 	db	108	;'l'
  3623   007FCB  70                 	db	112	;'p'
  3624   007FCC  20                 	db	32
  3625   007FCD  6D                 	db	109	;'m'
  3626   007FCE  65                 	db	101	;'e'
  3627   007FCF  6E                 	db	110	;'n'
  3628   007FD0  75                 	db	117	;'u'
  3629   007FD1  0D                 	db	13
  3630   007FD2  0A                 	db	10
  3631   007FD3  00                 	db	0
  3632   007FD4                     STR_31:
  3633   007FD4  41                 	db	65	;'A'
  3634   007FD5  64                 	db	100	;'d'
  3635   007FD6  64                 	db	100	;'d'
  3636   007FD7  69                 	db	105	;'i'
  3637   007FD8  6E                 	db	110	;'n'
  3638   007FD9  67                 	db	103	;'g'
  3639   007FDA  20                 	db	32
  3640   007FDB  32                 	db	50	;'2'
  3641   007FDC  6D                 	db	109	;'m'
  3642   007FDD  73                 	db	115	;'s'
  3643   007FDE  20                 	db	32
  3644   007FDF  0D                 	db	13
  3645   007FE0  0A                 	db	10
  3646   007FE1  00                 	db	0
  3647   007FE2                     STR_2:
  3648   007FE2  43                 	db	67	;'C'
  3649   007FE3  6F                 	db	111	;'o'
  3650   007FE4  6C                 	db	108	;'l'
  3651   007FE5  6F                 	db	111	;'o'
  3652   007FE6  72                 	db	114	;'r'
  3653   007FE7  20                 	db	32
  3654   007FE8  43                 	db	67	;'C'
  3655   007FE9  75                 	db	117	;'u'
  3656   007FEA  62                 	db	98	;'b'
  3657   007FEB  65                 	db	101	;'e'
  3658   007FEC  0D                 	db	13
  3659   007FED  0A                 	db	10
  3660   007FEE  00                 	db	0
  3661   007FEF                     STR_1:
  3662   007FEF  69                 	db	105	;'i'
  3663   007FF0  6E                 	db	110	;'n'
  3664   007FF1  4C                 	db	76	;'L'
  3665   007FF2  61                 	db	97	;'a'
  3666   007FF3  62                 	db	98	;'b'
  3667   007FF4  20                 	db	32
  3668   007FF5  30                 	db	48	;'0'
  3669   007FF6  35                 	db	53	;'5'
  3670   007FF7  0D                 	db	13
  3671   007FF8  0A                 	db	10
  3672   007FF9  00                 	db	0
  3673   007FFA                     STR_5:
  3674   007FFA  0D                 	db	13
  3675   007FFB  0A                 	db	10
  3676   007FFC  3E                 	db	62	;'>'
  3677   007FFD  20                 	db	32
  3678   007FFE  00                 	db	0
  3679   007DFA                     STR_10          equ	STR_6
  3680   007DFA                     STR_20          equ	STR_6
  3681   007E9B                     STR_26          equ	STR_24
  3682   007E9B                     STR_28          equ	STR_24
  3683   007E69                     STR_21          equ	STR_34+22
  3684   007E69                     STR_22          equ	STR_34+22
  3685   007FFF  00                 	db	0	; dummy byte at the end
  3686   007D22                     __smallconst    set	__pmediumconst
  3687   007D22                     __mediumconst   set	__pmediumconst
  3688   000002                     __activetblptr  equ	2
  3689                           
  3690                           	psect	nvCOMRAM
  3691   00004D                     __pnvCOMRAM:
  3692                           	callstack 0
  3693   00004D                     _TMR0_OverflowCallback:
  3694                           	callstack 0
  3695   00004D                     	ds	2
  3696                           
  3697                           	psect	nvBANK0
  3698   0000D6                     __pnvBANK0:
  3699                           	callstack 0
  3700   0000D6                     _TMR2_PeriodMatchCallback:
  3701                           	callstack 0
  3702   0000D6                     	ds	2
  3703   000F3A                     _ANSELC         set	3898
  3704   000F39                     _ANSELB         set	3897
  3705   000F38                     _ANSELA         set	3896
  3706   000F5E                     _CCPR3L         set	3934
  3707   000F5F                     _CCPR3H         set	3935
  3708   000F5A                     _PSTR3CON       set	3930
  3709   000F5C                     _PWM3CON        set	3932
  3710   000F5B                     _ECCP3AS        set	3931
  3711   000F5D                     _CCP3CON        set	3933
  3712   000F49                     _CCPTMRS0bits   set	3913
  3713   000FAD                     _TXREG1         set	4013
  3714   000FAE                     _RCREG1         set	4014
  3715   000FB8                     _BAUDCON1bits   set	4024
  3716   000FAC                     _TXSTA1bits     set	4012
  3717   000FAB                     _RCSTA1bits     set	4011
  3718   000FB0                     _SPBRGH1        set	4016
  3719   000FAF                     _SPBRG1         set	4015
  3720   000FAC                     _TXSTA1         set	4012
  3721   000FAB                     _RCSTA1         set	4011
  3722   000FB8                     _BAUDCON1       set	4024
  3723   000F9D                     _PIE1bits       set	3997
  3724   000FBA                     _T2CONbits      set	4026
  3725   000FBA                     _T2CON          set	4026
  3726   000F9E                     _PIR1bits       set	3998
  3727   000FBC                     _TMR2           set	4028
  3728   000FBB                     _PR2            set	4027
  3729   000FD5                     _T0CON          set	4053
  3730   000FD6                     _TMR0L          set	4054
  3731   000FD7                     _TMR0H          set	4055
  3732   000FD5                     _T0CONbits      set	4053
  3733   000FF0                     _INTCON3bits    set	4080
  3734   000FF1                     _INTCON2bits    set	4081
  3735   000FD0                     _RCONbits       set	4048
  3736   000FF2                     _INTCONbits     set	4082
  3737   000F62                     _IOCB           set	3938
  3738   000F61                     _WPUB           set	3937
  3739   000F96                     _TRISE          set	3990
  3740   000F94                     _TRISC          set	3988
  3741   000F93                     _TRISB          set	3987
  3742   000F92                     _TRISA          set	3986
  3743   000F8B                     _LATC           set	3979
  3744   000F8A                     _LATB           set	3978
  3745   000F89                     _LATA           set	3977
  3746   000F9B                     _OSCTUNE        set	3995
  3747   000FD2                     _OSCCON2        set	4050
  3748   000FD3                     _OSCCON         set	4051
  3749   000F67                     _CCPR2L         set	3943
  3750   000F68                     _CCPR2H         set	3944
  3751   000F63                     _PSTR2CON       set	3939
  3752   000F65                     _PWM2CON        set	3941
  3753   000F64                     _ECCP2AS        set	3940
  3754   000F66                     _CCP2CON        set	3942
  3755   000FBE                     _CCPR1L         set	4030
  3756   000FBF                     _CCPR1H         set	4031
  3757   000FB9                     _PSTR1CON       set	4025
  3758   000FB7                     _PWM1CON        set	4023
  3759   000FB6                     _ECCP1AS        set	4022
  3760   000FBD                     _CCP1CON        set	4029
  3761                           
  3762                           ; #config settings
  3763                           
  3764                           	psect	cinit
  3765   00083C                     __pcinit:
  3766                           	callstack 0
  3767   00083C                     start_initialization:
  3768                           	callstack 0
  3769   00083C                     __initialization:
  3770                           	callstack 0
  3771                           
  3772                           ; Initialize objects allocated to BANK0 (72 bytes)
  3773                           ; load TBLPTR registers with __pidataBANK0
  3774   00083C  0E9A               	movlw	low __pidataBANK0
  3775   00083E  6EF6               	movwf	tblptrl,c
  3776   000840  0E08               	movlw	high __pidataBANK0
  3777   000842  6EF7               	movwf	tblptrh,c
  3778   000844  0E00               	movlw	low (__pidataBANK0 shr (0+16))
  3779   000846  6EF8               	movwf	tblptru,c
  3780   000848  EE00  F060         	lfsr	0,__pdataBANK0
  3781   00084C  EE10 F048          	lfsr	1,72
  3782   000850                     copy_data0:
  3783   000850  0009               	tblrd		*+
  3784   000852  CFF5 FFEE          	movff	tablat,postinc0
  3785   000856  50E5               	movf	postdec1,w,c
  3786   000858  50E1               	movf	fsr1l,w,c
  3787   00085A  E1FA               	bnz	copy_data0
  3788                           
  3789                           ; Initialize objects allocated to COMRAM (2 bytes)
  3790                           ; load TBLPTR registers with __pidataCOMRAM
  3791   00085C  0EEE               	movlw	low __pidataCOMRAM
  3792   00085E  6EF6               	movwf	tblptrl,c
  3793   000860  0E0C               	movlw	high __pidataCOMRAM
  3794   000862  6EF7               	movwf	tblptrh,c
  3795   000864  0E00               	movlw	low (__pidataCOMRAM shr (0+16))
  3796   000866  6EF8               	movwf	tblptru,c
  3797   000868  0009               	tblrd		*+	;fetch initializer
  3798   00086A  CFF5 F04F          	movff	tablat,__pdataCOMRAM
  3799   00086E  0009               	tblrd		*+	;fetch initializer
  3800   000870  CFF5 F050          	movff	tablat,__pdataCOMRAM+1
  3801                           
  3802                           ; Clear objects allocated to BANK0 (32 bytes)
  3803   000874  EE00  F0A8         	lfsr	0,__pbssBANK0
  3804   000878  0E20               	movlw	32
  3805   00087A                     clear_0:
  3806   00087A  6AEE               	clrf	postinc0,c
  3807   00087C  06E8               	decf	wreg,f,c
  3808   00087E  E1FD               	bnz	clear_0
  3809                           
  3810                           ; Clear objects allocated to COMRAM (26 bytes)
  3811   000880  EE00  F033         	lfsr	0,__pbssCOMRAM
  3812   000884  0E1A               	movlw	26
  3813   000886                     clear_1:
  3814   000886  6AEE               	clrf	postinc0,c
  3815   000888  06E8               	decf	wreg,f,c
  3816   00088A  E1FD               	bnz	clear_1
  3817   00088C                     end_of_initialization:
  3818                           	callstack 0
  3819   00088C                     __end_of__initialization:
  3820                           	callstack 0
  3821   00088C  9001               	bcf	int$flags,0,c	;clear compiler interrupt flag (level 1)
  3822   00088E  9201               	bcf	int$flags,1,c	;clear compiler interrupt flag (level 2)
  3823   000890  0E00               	movlw	low (__Lmediumconst shr (0+16))
  3824   000892  6EF8               	movwf	tblptru,c
  3825   000894  0100               	movlb	0
  3826   000896  EF38  F000         	goto	_main	;jump to C main() function
  3827                           
  3828                           	psect	bssCOMRAM
  3829   000033                     __pbssCOMRAM:
  3830                           	callstack 0
  3831   000033                     _width:
  3832                           	callstack 0
  3833   000033                     	ds	2
  3834   000035                     _prec:
  3835                           	callstack 0
  3836   000035                     	ds	2
  3837   000037                     timer0ISR@currentGreenValue:
  3838                           	callstack 0
  3839   000037                     	ds	2
  3840   000039                     timer0ISR@currentRedValue:
  3841                           	callstack 0
  3842   000039                     	ds	2
  3843   00003B                     _EUSART1_OverrunErrorHandler:
  3844                           	callstack 0
  3845   00003B                     	ds	2
  3846   00003D                     _EUSART1_FramingErrorHandler:
  3847                           	callstack 0
  3848   00003D                     	ds	2
  3849   00003F                     _eusart1RxLastError:
  3850                           	callstack 0
  3851   00003F                     	ds	2
  3852   000041                     _tmr0PeriodCount:
  3853                           	callstack 0
  3854   000041                     	ds	2
  3855   000043                     _INT2_InterruptHandler:
  3856                           	callstack 0
  3857   000043                     	ds	2
  3858   000045                     _INT1_InterruptHandler:
  3859                           	callstack 0
  3860   000045                     	ds	2
  3861   000047                     _INT0_InterruptHandler:
  3862                           	callstack 0
  3863   000047                     	ds	2
  3864   000049                     _flags:
  3865                           	callstack 0
  3866   000049                     	ds	1
  3867   00004A                     timer0ISR@currentIntraIndex:
  3868                           	callstack 0
  3869   00004A                     	ds	1
  3870   00004B                     timer0ISR@currentCubeIndex:
  3871                           	callstack 0
  3872   00004B                     	ds	1
  3873   00004C                     _colorTour:
  3874                           	callstack 0
  3875   00004C                     	ds	1
  3876                           
  3877                           	psect	dataCOMRAM
  3878   00004F                     __pdataCOMRAM:
  3879                           	callstack 0
  3880   00004F                     timer0ISR@currentBlueValue:
  3881                           	callstack 0
  3882   00004F                     	ds	2
  3883                           
  3884                           	psect	bssBANK0
  3885   0000A8                     __pbssBANK0:
  3886                           	callstack 0
  3887   0000A8                     _dbuf:
  3888                           	callstack 0
  3889   0000A8                     	ds	32
  3890                           
  3891                           	psect	dataBANK0
  3892   000060                     __pdataBANK0:
  3893                           	callstack 0
  3894   000060                     _initBlu:
  3895                           	callstack 0
  3896   000060                     	ds	12
  3897   00006C                     _initGre:
  3898                           	callstack 0
  3899   00006C                     	ds	12
  3900   000078                     _initRed:
  3901                           	callstack 0
  3902   000078                     	ds	12
  3903   000084                     _deltaBlu:
  3904                           	callstack 0
  3905   000084                     	ds	12
  3906   000090                     _deltaGre:
  3907                           	callstack 0
  3908   000090                     	ds	12
  3909   00009C                     _deltaRed:
  3910                           	callstack 0
  3911   00009C                     	ds	12
  3912                           
  3913                           	psect	cstackBANK0
  3914   0000C8                     __pcstackBANK0:
  3915                           	callstack 0
  3916   0000C8                     main@maxColorSpeed:
  3917                           	callstack 0
  3918                           
  3919                           ; 2 bytes @ 0x0
  3920   0000C8                     	ds	2
  3921   0000CA                     main@cmd:
  3922                           	callstack 0
  3923                           
  3924                           ; 1 bytes @ 0x2
  3925   0000CA                     	ds	1
  3926   0000CB                     main@twoHundRaw:
  3927                           	callstack 0
  3928                           
  3929                           ; 2 bytes @ 0x3
  3930   0000CB                     	ds	2
  3931   0000CD                     main@currentPeriod:
  3932                           	callstack 0
  3933                           
  3934                           ; 2 bytes @ 0x5
  3935   0000CD                     	ds	2
  3936   0000CF                     main@redDuty:
  3937                           	callstack 0
  3938                           
  3939                           ; 2 bytes @ 0x7
  3940   0000CF                     	ds	2
  3941   0000D1                     main@greenDuty:
  3942                           	callstack 0
  3943                           
  3944                           ; 2 bytes @ 0x9
  3945   0000D1                     	ds	2
  3946   0000D3                     main@blueDuty:
  3947                           	callstack 0
  3948                           
  3949                           ; 2 bytes @ 0xB
  3950   0000D3                     	ds	2
  3951   0000D5                     main@i:
  3952                           	callstack 0
  3953                           
  3954                           ; 1 bytes @ 0xD
  3955   0000D5                     	ds	1
  3956                           
  3957                           	psect	cstackCOMRAM
  3958   000002                     __pcstackCOMRAM:
  3959                           	callstack 0
  3960   000002                     i2ECCP1_LoadDutyValue@dutyValue:
  3961                           	callstack 0
  3962   000002                     i2ECCP2_LoadDutyValue@dutyValue:
  3963                           	callstack 0
  3964   000002                     i2ECCP3_LoadDutyValue@dutyValue:
  3965                           	callstack 0
  3966   000002                     
  3967                           ; 1 bytes @ 0x0
  3968   000002                     	ds	2
  3969   000004                     ??i2_ECCP1_LoadDutyValue:
  3970   000004                     ??i2_ECCP2_LoadDutyValue:
  3971   000004                     ??i2_ECCP3_LoadDutyValue:
  3972                           
  3973                           ; 1 bytes @ 0x2
  3974   000004                     	ds	2
  3975   000006                     ??_INTERRUPT_InterruptManager:
  3976                           
  3977                           ; 1 bytes @ 0x4
  3978   000006                     	ds	6
  3979   00000C                     _EUSART1_IsTxReady$1261:
  3980                           	callstack 0
  3981   00000C                     EUSART1_Write@txData:
  3982                           	callstack 0
  3983   00000C                     ECCP1_LoadDutyValue@dutyValue:
  3984                           	callstack 0
  3985   00000C                     ECCP2_LoadDutyValue@dutyValue:
  3986                           	callstack 0
  3987   00000C                     ECCP3_LoadDutyValue@dutyValue:
  3988                           	callstack 0
  3989   00000C                     INT0_SetInterruptHandler@InterruptHandler:
  3990                           	callstack 0
  3991   00000C                     INT1_SetInterruptHandler@InterruptHandler:
  3992                           	callstack 0
  3993   00000C                     INT2_SetInterruptHandler@InterruptHandler:
  3994                           	callstack 0
  3995   00000C                     TMR0_PeriodSet@periodCount:
  3996                           	callstack 0
  3997   00000C                     TMR0_OverflowCallbackRegister@callbackHandler:
  3998                           	callstack 0
  3999   00000C                     EUSART1_FramingErrorCallbackRegister@callbackHandler:
  4000                           	callstack 0
  4001   00000C                     EUSART1_OverrunErrorCallbackRegister@callbackHandler:
  4002                           	callstack 0
  4003   00000C                     
  4004                           ; 1 bytes @ 0xA
  4005   00000C                     	ds	1
  4006   00000D                     putch@txData:
  4007                           	callstack 0
  4008   00000D                     
  4009                           ; 1 bytes @ 0xB
  4010   00000D                     	ds	1
  4011   00000E                     fputc@c:
  4012                           	callstack 0
  4013   00000E                     ??_ECCP1_LoadDutyValue:
  4014   00000E                     ??_ECCP2_LoadDutyValue:
  4015   00000E                     ??_ECCP3_LoadDutyValue:
  4016   00000E                     
  4017                           ; 1 bytes @ 0xC
  4018   00000E                     	ds	2
  4019   000010                     fputc@fp:
  4020                           	callstack 0
  4021                           
  4022                           ; 2 bytes @ 0xE
  4023   000010                     	ds	2
  4024   000012                     ??_fputc:
  4025                           
  4026                           ; 1 bytes @ 0x10
  4027   000012                     	ds	5
  4028   000017                     vfpfcnvrt@fp:
  4029                           	callstack 0
  4030                           
  4031                           ; 2 bytes @ 0x15
  4032   000017                     	ds	2
  4033   000019                     vfpfcnvrt@fmt:
  4034                           	callstack 0
  4035                           
  4036                           ; 1 bytes @ 0x17
  4037   000019                     	ds	1
  4038   00001A                     vfpfcnvrt@ap:
  4039                           	callstack 0
  4040                           
  4041                           ; 1 bytes @ 0x18
  4042   00001A                     	ds	1
  4043   00001B                     ??_vfpfcnvrt:
  4044                           
  4045                           ; 1 bytes @ 0x19
  4046   00001B                     	ds	2
  4047   00001D                     vfpfcnvrt@convarg:
  4048                           	callstack 0
  4049                           
  4050                           ; 4 bytes @ 0x1B
  4051   00001D                     	ds	4
  4052   000021                     vfpfcnvrt@x:
  4053                           	callstack 0
  4054                           
  4055                           ; 1 bytes @ 0x1F
  4056   000021                     	ds	1
  4057   000022                     vfpfcnvrt@cp:
  4058                           	callstack 0
  4059                           
  4060                           ; 2 bytes @ 0x20
  4061   000022                     	ds	2
  4062   000024                     vfpfcnvrt@c:
  4063                           	callstack 0
  4064                           
  4065                           ; 1 bytes @ 0x22
  4066   000024                     	ds	1
  4067   000025                     ?_vfprintf:
  4068                           	callstack 0
  4069   000025                     vfprintf@fp:
  4070                           	callstack 0
  4071                           
  4072                           ; 2 bytes @ 0x23
  4073   000025                     	ds	2
  4074   000027                     vfprintf@fmt:
  4075                           	callstack 0
  4076                           
  4077                           ; 2 bytes @ 0x25
  4078   000027                     	ds	2
  4079   000029                     vfprintf@ap:
  4080                           	callstack 0
  4081                           
  4082                           ; 1 bytes @ 0x27
  4083   000029                     	ds	1
  4084   00002A                     vfprintf@cfmt:
  4085                           	callstack 0
  4086   00002A                     
  4087                           ; 1 bytes @ 0x28
  4088   00002A                     	ds	2
  4089   00002C                     ?_printf:
  4090                           	callstack 0
  4091   00002C                     printf@fmt:
  4092                           	callstack 0
  4093                           
  4094                           ; 2 bytes @ 0x2A
  4095   00002C                     	ds	4
  4096   000030                     printf@ap:
  4097                           	callstack 0
  4098   000030                     
  4099                           ; 1 bytes @ 0x2E
  4100   000030                     	ds	1
  4101   000031                     ??_main:
  4102                           
  4103                           ; 1 bytes @ 0x2F
  4104   000031                     	ds	2
  4105                           
  4106 ;;
  4107 ;;Main: autosize = 0, tempsize = 2, incstack = 0, save=0
  4108 ;;
  4109 ;; *************** function _main *****************
  4110 ;; Defined at:
  4111 ;;		line 46 in file "main.c"
  4112 ;; Parameters:    Size  Location     Type
  4113 ;;		None
  4114 ;; Auto vars:     Size  Location     Type
  4115 ;;  blueDuty        2   11[BANK0 ] unsigned short 
  4116 ;;  greenDuty       2    9[BANK0 ] unsigned short 
  4117 ;;  redDuty         2    7[BANK0 ] unsigned short 
  4118 ;;  currentPerio    2    5[BANK0 ] unsigned short 
  4119 ;;  twoHundRaw      2    3[BANK0 ] unsigned short 
  4120 ;;  maxColorSpee    2    0[BANK0 ] unsigned short 
  4121 ;;  twoFiftySixR    2    0        unsigned short 
  4122 ;;  i               1   13[BANK0 ] unsigned char 
  4123 ;;  cmd             1    2[BANK0 ] unsigned char 
  4124 ;; Return value:  Size  Location     Type
  4125 ;;                  1    wreg      void 
  4126 ;; Registers used:
  4127 ;;		wreg, fsr1l, fsr1h, fsr2l, fsr2h, status,2, status,0, pcl, pclath, pclatu, tosl, tblptrl, tblptrh, tblptru, cstack
  4128 ;; Tracked objects:
  4129 ;;		On entry : 0/0
  4130 ;;		On exit  : 0/0
  4131 ;;		Unchanged: 0/0
  4132 ;; Data sizes:     COMRAM   BANK0   BANK1   BANK2   BANK3   BANK4   BANK5
  4133 ;;      Params:         0       0       0       0       0       0       0
  4134 ;;      Locals:         0      14       0       0       0       0       0
  4135 ;;      Temps:          2       0       0       0       0       0       0
  4136 ;;      Totals:         2      14       0       0       0       0       0
  4137 ;;Total ram usage:       16 bytes
  4138 ;; Hardware stack levels required when called: 10
  4139 ;; This function calls:
  4140 ;;		_ECCP1_LoadDutyValue
  4141 ;;		_ECCP2_LoadDutyValue
  4142 ;;		_ECCP3_LoadDutyValue
  4143 ;;		_EUSART1_IsRxReady
  4144 ;;		_EUSART1_Read
  4145 ;;		_SYSTEM_Initialize
  4146 ;;		_TMR0_OverflowCallbackRegister
  4147 ;;		_TMR0_PeriodSet
  4148 ;;		_printf
  4149 ;; This function is called by:
  4150 ;;		Startup code after reset
  4151 ;; This function uses a non-reentrant model
  4152 ;;
  4153                           
  4154                           	psect	text0
  4155   000070                     __ptext0:
  4156                           	callstack 0
  4157   000070                     _main:
  4158                           	callstack 21
  4159   000070                     
  4160                           ;main.c: 52:     printf("RC2 <-> Red LED");
  4161   000070  0100               	movlb	0	; () banked
  4162   000072  6BD0               	clrf	(main@redDuty+1)& (0+255),b
  4163   000074  0E87               	movlw	135
  4164   000076  6FCF               	movwf	main@redDuty& (0+255),b
  4165                           
  4166                           ;main.c: 53:     printf("\r\n> ");
  4167   000078  6BD2               	clrf	(main@greenDuty+1)& (0+255),b
  4168   00007A  0E87               	movlw	135
  4169   00007C  6FD1               	movwf	main@greenDuty& (0+255),b
  4170                           
  4171                           ;main.c: 54: 
  4172   00007E  6BD4               	clrf	(main@blueDuty+1)& (0+255),b
  4173   000080  0E87               	movlw	135
  4174   000082  6FD3               	movwf	main@blueDuty& (0+255),b
  4175                           
  4176                           ;main.c: 55:     for (;;) {
  4177   000084  0EF8               	movlw	248
  4178   000086  6FC9               	movwf	(main@maxColorSpeed+1)& (0+255),b
  4179   000088  0E30               	movlw	48
  4180   00008A  6FC8               	movwf	main@maxColorSpeed& (0+255),b
  4181                           
  4182                           ;main.c: 57:         if (EUSART1_IsRxReady()) {
  4183   00008C  0E07               	movlw	7
  4184   00008E  6FCC               	movwf	(main@twoHundRaw+1)& (0+255),b
  4185   000090  0ED0               	movlw	208
  4186   000092  6FCB               	movwf	main@twoHundRaw& (0+255),b
  4187                           
  4188                           ;main.c: 58:             cmd = EUSART1_Read();
  4189   000094  0EF8               	movlw	248
  4190   000096  6FCE               	movwf	(main@currentPeriod+1)& (0+255),b
  4191   000098  0E30               	movlw	48
  4192   00009A  6FCD               	movwf	main@currentPeriod& (0+255),b
  4193   00009C                     
  4194                           ; BSR set to: 0
  4195                           ;main.c: 60:                 case '?':;main.c: 61:                     printf("---------
      +                          ---------------------\r\n");;main.c: 63:                     printf("    Green: 0x%x\r\n
      +                          ",greenDuty);
  4196   00009C  ECB6  F005         	call	_SYSTEM_Initialize	;wreg free
  4197   0000A0                     
  4198                           ;main.c: 68:                     printf("z: Clear the terminal\r\n");
  4199   0000A0  0E20               	movlw	low _timer0ISR
  4200   0000A2  6E0C               	movwf	TMR0_OverflowCallbackRegister@callbackHandler^0,c
  4201   0000A4  0E07               	movlw	high _timer0ISR
  4202   0000A6  6E0D               	movwf	(TMR0_OverflowCallbackRegister@callbackHandler+1)^0,c
  4203   0000A8  EC5D  F006         	call	_TMR0_OverflowCallbackRegister	;wreg free
  4204   0000AC                     
  4205                           ;main.c: 69:                     printf("R/r: increase/decrease Red intensity\r\n");
  4206   0000AC  8EF2               	bsf	242,7,c	;volatile
  4207   0000AE                     
  4208                           ;main.c: 70:                     printf("G/g: increase/decrease Green intensity\r\n");
  4209   0000AE  8CF2               	bsf	242,6,c	;volatile
  4210   0000B0                     
  4211                           ;main.c: 76:                     break;
  4212   0000B0  0EEF               	movlw	low STR_1
  4213   0000B2  6E2C               	movwf	printf@fmt^0,c
  4214   0000B4  0E7F               	movlw	high STR_1
  4215   0000B6  6E2D               	movwf	(printf@fmt+1)^0,c
  4216   0000B8  ECEC  F005         	call	_printf	;wreg free
  4217   0000BC                     
  4218                           ;main.c: 77: 
  4219   0000BC  0EE2               	movlw	low STR_2
  4220   0000BE  6E2C               	movwf	printf@fmt^0,c
  4221   0000C0  0E7F               	movlw	high STR_2
  4222   0000C2  6E2D               	movwf	(printf@fmt+1)^0,c
  4223   0000C4  ECEC  F005         	call	_printf	;wreg free
  4224   0000C8                     
  4225                           ;main.c: 78: 
  4226   0000C8  0EDF               	movlw	low STR_3
  4227   0000CA  6E2C               	movwf	printf@fmt^0,c
  4228   0000CC  0E7E               	movlw	high STR_3
  4229   0000CE  6E2D               	movwf	(printf@fmt+1)^0,c
  4230   0000D0  ECEC  F005         	call	_printf	;wreg free
  4231   0000D4                     
  4232                           ;main.c: 79: 
  4233   0000D4  0EB5               	movlw	low STR_4
  4234   0000D6  6E2C               	movwf	printf@fmt^0,c
  4235   0000D8  0E7F               	movlw	high STR_4
  4236   0000DA  6E2D               	movwf	(printf@fmt+1)^0,c
  4237   0000DC  ECEC  F005         	call	_printf	;wreg free
  4238   0000E0                     
  4239                           ;main.c: 80: 
  4240   0000E0  0EFA               	movlw	low STR_5
  4241   0000E2  6E2C               	movwf	printf@fmt^0,c
  4242   0000E4  0E7F               	movlw	high STR_5
  4243   0000E6  6E2D               	movwf	(printf@fmt+1)^0,c
  4244   0000E8  ECEC  F005         	call	_printf	;wreg free
  4245   0000EC                     l2671:
  4246                           
  4247                           ;main.c: 84:                 break;
  4248   0000EC  EC47  F006         	call	_EUSART1_IsRxReady	;wreg free
  4249   0000F0  0900               	iorlw	0
  4250   0000F2  B4D8               	btfsc	status,2,c
  4251   0000F4  EF7E  F000         	goto	u1111
  4252   0000F8  EF80  F000         	goto	u1110
  4253   0000FC                     u1111:
  4254   0000FC  EF76  F000         	goto	l2671
  4255   000100                     u1110:
  4256   000100                     
  4257                           ;main.c: 85: 
  4258   000100  ECDF  F003         	call	_EUSART1_Read	;wreg free
  4259   000104  0100               	movlb	0	; () banked
  4260   000106  6FCA               	movwf	main@cmd& (0+255),b
  4261                           
  4262                           ;main.c: 86: 
  4263   000108  EFFB  F001         	goto	l2777
  4264   00010C                     l2675:
  4265                           
  4266                           ; BSR set to: 0
  4267                           ;main.c: 88: 
  4268   00010C  0EFA               	movlw	low STR_6
  4269   00010E  6E2C               	movwf	printf@fmt^0,c
  4270   000110  0E7D               	movlw	high STR_6
  4271   000112  6E2D               	movwf	(printf@fmt+1)^0,c
  4272   000114  ECEC  F005         	call	_printf	;wreg free
  4273                           
  4274                           ;main.c: 89:                 case 'z':
  4275   000118  0E6E               	movlw	low STR_7
  4276   00011A  6E2C               	movwf	printf@fmt^0,c
  4277   00011C  0E7F               	movlw	high STR_7
  4278   00011E  6E2D               	movwf	(printf@fmt+1)^0,c
  4279   000120  C0CF  F02E         	movff	main@redDuty,?_printf+2
  4280   000124  C0D0  F02F         	movff	main@redDuty+1,?_printf+3
  4281   000128  ECEC  F005         	call	_printf	;wreg free
  4282                           
  4283                           ;main.c: 90:                     for (i = 0; i < 40; i++) printf("\n");
  4284   00012C  0E92               	movlw	low STR_8
  4285   00012E  6E2C               	movwf	printf@fmt^0,c
  4286   000130  0E7F               	movlw	high STR_8
  4287   000132  6E2D               	movwf	(printf@fmt+1)^0,c
  4288   000134  C0D1  F02E         	movff	main@greenDuty,?_printf+2
  4289   000138  C0D2  F02F         	movff	main@greenDuty+1,?_printf+3
  4290   00013C  ECEC  F005         	call	_printf	;wreg free
  4291                           
  4292                           ;main.c: 91:                     break;
  4293   000140  0E80               	movlw	low STR_9
  4294   000142  6E2C               	movwf	printf@fmt^0,c
  4295   000144  0E7F               	movlw	high STR_9
  4296   000146  6E2D               	movwf	(printf@fmt+1)^0,c
  4297   000148  C0D3  F02E         	movff	main@blueDuty,?_printf+2
  4298   00014C  C0D4  F02F         	movff	main@blueDuty+1,?_printf+3
  4299   000150  ECEC  F005         	call	_printf	;wreg free
  4300                           
  4301                           ;main.c: 92: 
  4302   000154  0EFA               	movlw	low STR_6
  4303   000156  6E2C               	movwf	printf@fmt^0,c
  4304   000158  0E7D               	movlw	high STR_6
  4305   00015A  6E2D               	movwf	(printf@fmt+1)^0,c
  4306   00015C  ECEC  F005         	call	_printf	;wreg free
  4307                           
  4308                           ;main.c: 93:                 case 'R':
  4309   000160  0EC5               	movlw	low STR_11
  4310   000162  6E2C               	movwf	printf@fmt^0,c
  4311   000164  0E7F               	movlw	high STR_11
  4312   000166  6E2D               	movwf	(printf@fmt+1)^0,c
  4313   000168  ECEC  F005         	call	_printf	;wreg free
  4314                           
  4315                           ;main.c: 94:                     if(redDuty-15<0){
  4316   00016C  0E20               	movlw	low STR_12
  4317   00016E  6E2C               	movwf	printf@fmt^0,c
  4318   000170  0E7F               	movlw	high STR_12
  4319   000172  6E2D               	movwf	(printf@fmt+1)^0,c
  4320   000174  ECEC  F005         	call	_printf	;wreg free
  4321                           
  4322                           ;main.c: 95:                         printf("Already at Max Red\r\n");
  4323   000178  0E83               	movlw	low STR_13
  4324   00017A  6E2C               	movwf	printf@fmt^0,c
  4325   00017C  0E7E               	movlw	high STR_13
  4326   00017E  6E2D               	movwf	(printf@fmt+1)^0,c
  4327   000180  ECEC  F005         	call	_printf	;wreg free
  4328                           
  4329                           ;main.c: 96:                     } else {
  4330   000184  0ED3               	movlw	low STR_14
  4331   000186  6E2C               	movwf	printf@fmt^0,c
  4332   000188  0E7D               	movlw	high STR_14
  4333   00018A  6E2D               	movwf	(printf@fmt+1)^0,c
  4334   00018C  ECEC  F005         	call	_printf	;wreg free
  4335                           
  4336                           ;main.c: 97:                         redDuty-=15;
  4337   000190  0E82               	movlw	low STR_15
  4338   000192  6E2C               	movwf	printf@fmt^0,c
  4339   000194  0E7D               	movlw	high STR_15
  4340   000196  6E2D               	movwf	(printf@fmt+1)^0,c
  4341   000198  ECEC  F005         	call	_printf	;wreg free
  4342                           
  4343                           ;main.c: 98:                         ECCP1_LoadDutyValue(redDuty);
  4344   00019C  0EAB               	movlw	low STR_16
  4345   00019E  6E2C               	movwf	printf@fmt^0,c
  4346   0001A0  0E7D               	movlw	high STR_16
  4347   0001A2  6E2D               	movwf	(printf@fmt+1)^0,c
  4348   0001A4  ECEC  F005         	call	_printf	;wreg free
  4349                           
  4350                           ;main.c: 99:                     }
  4351   0001A8  0E1B               	movlw	low STR_17
  4352   0001AA  6E2C               	movwf	printf@fmt^0,c
  4353   0001AC  0E7E               	movlw	high STR_17
  4354   0001AE  6E2D               	movwf	(printf@fmt+1)^0,c
  4355   0001B0  ECEC  F005         	call	_printf	;wreg free
  4356                           
  4357                           ;main.c: 100:                     break;
  4358   0001B4  0E5C               	movlw	low STR_18
  4359   0001B6  6E2C               	movwf	printf@fmt^0,c
  4360   0001B8  0E7F               	movlw	high STR_18
  4361   0001BA  6E2D               	movwf	(printf@fmt+1)^0,c
  4362   0001BC  ECEC  F005         	call	_printf	;wreg free
  4363                           
  4364                           ;main.c: 101: 
  4365   0001C0  0E53               	movlw	low STR_19
  4366   0001C2  6E2C               	movwf	printf@fmt^0,c
  4367   0001C4  0E7D               	movlw	high STR_19
  4368   0001C6  6E2D               	movwf	(printf@fmt+1)^0,c
  4369   0001C8  ECEC  F005         	call	_printf	;wreg free
  4370                           
  4371                           ;main.c: 102: 
  4372   0001CC  0EFA               	movlw	low STR_6
  4373   0001CE  6E2C               	movwf	printf@fmt^0,c
  4374   0001D0  0E7D               	movlw	high STR_6
  4375   0001D2  6E2D               	movwf	(printf@fmt+1)^0,c
  4376   0001D4  ECEC  F005         	call	_printf	;wreg free
  4377                           
  4378                           ;main.c: 103:                 case 'r':
  4379   0001D8  EF76  F000         	goto	l2671
  4380   0001DC                     l531:
  4381                           
  4382                           ; BSR set to: 0
  4383                           ;main.c: 109:                     }
  4384   0001DC  6BD5               	clrf	main@i& (0+255),b
  4385   0001DE                     l2681:
  4386                           
  4387                           ; BSR set to: 0
  4388   0001DE  0E69               	movlw	low (STR_34+22)
  4389   0001E0  6E2C               	movwf	printf@fmt^0,c
  4390   0001E2  0E7E               	movlw	high (STR_34+22)
  4391   0001E4  6E2D               	movwf	(printf@fmt+1)^0,c
  4392   0001E6  ECEC  F005         	call	_printf	;wreg free
  4393   0001EA  0100               	movlb	0	; () banked
  4394   0001EC  2BD5               	incf	main@i& (0+255),f,b
  4395   0001EE                     
  4396                           ; BSR set to: 0
  4397   0001EE  0E27               	movlw	39
  4398   0001F0  65D5               	cpfsgt	main@i& (0+255),b
  4399   0001F2  EFFD  F000         	goto	u1121
  4400   0001F6  EFFF  F000         	goto	u1120
  4401   0001FA                     u1121:
  4402   0001FA  EFEF  F000         	goto	l2681
  4403   0001FE                     u1120:
  4404   0001FE                     
  4405                           ; BSR set to: 0
  4406   0001FE  00FF               	reset		;# 
  4407                           
  4408                           ;main.c: 111: 
  4409   000200  EF76  F000         	goto	l2671
  4410   000204                     l534:
  4411                           
  4412                           ; BSR set to: 0
  4413                           ;main.c: 117:                         greenDuty-=15;
  4414   000204  6BD5               	clrf	main@i& (0+255),b
  4415   000206                     l2691:
  4416                           
  4417                           ; BSR set to: 0
  4418   000206  0E69               	movlw	low (STR_34+22)
  4419   000208  6E2C               	movwf	printf@fmt^0,c
  4420   00020A  0E7E               	movlw	high (STR_34+22)
  4421   00020C  6E2D               	movwf	(printf@fmt+1)^0,c
  4422   00020E  ECEC  F005         	call	_printf	;wreg free
  4423   000212  0100               	movlb	0	; () banked
  4424   000214  2BD5               	incf	main@i& (0+255),f,b
  4425   000216                     
  4426                           ; BSR set to: 0
  4427   000216  0E27               	movlw	39
  4428   000218  65D5               	cpfsgt	main@i& (0+255),b
  4429   00021A  EF11  F001         	goto	u1131
  4430   00021E  EF13  F001         	goto	u1130
  4431   000222                     u1131:
  4432   000222  EF03  F001         	goto	l2691
  4433   000226                     u1130:
  4434   000226  EF76  F000         	goto	l2671
  4435   00022A                     l2699:
  4436                           
  4437                           ; BSR set to: 0
  4438                           ;main.c: 124:                     if(greenDuty+15>255){
  4439   00022A  0E0F               	movlw	15
  4440   00022C  5FCF               	subwf	main@redDuty& (0+255),f,b
  4441   00022E  0E00               	movlw	0
  4442   000230  5BD0               	subwfb	(main@redDuty+1)& (0+255),f,b
  4443   000232                     l2701:
  4444                           
  4445                           ; BSR set to: 0
  4446                           ;main.c: 125:                         printf("Can't go any darker!\r\n");
  4447   000232  C0CF  F00C         	movff	main@redDuty,ECCP1_LoadDutyValue@dutyValue
  4448   000236  C0D0  F00D         	movff	main@redDuty+1,ECCP1_LoadDutyValue@dutyValue+1
  4449   00023A  ECE9  F004         	call	_ECCP1_LoadDutyValue	;wreg free
  4450   00023E  EF76  F000         	goto	l2671
  4451   000242                     l2703:
  4452                           
  4453                           ; BSR set to: 0
  4454                           ;main.c: 131: 
  4455   000242  0E0F               	movlw	15
  4456   000244  25CF               	addwf	main@redDuty& (0+255),w,b
  4457   000246  6E31               	movwf	??_main^0,c
  4458   000248  0E00               	movlw	0
  4459   00024A  21D0               	addwfc	(main@redDuty+1)& (0+255),w,b
  4460   00024C  6E32               	movwf	(??_main+1)^0,c
  4461   00024E  0432               	decf	(??_main+1)^0,w,c
  4462   000250  A0D8               	btfss	status,0,c
  4463   000252  EF2D  F001         	goto	u1141
  4464   000256  EF2F  F001         	goto	u1140
  4465   00025A                     u1141:
  4466   00025A  EF37  F001         	goto	l2707
  4467   00025E                     u1140:
  4468   00025E                     
  4469                           ; BSR set to: 0
  4470                           ;main.c: 132: 
  4471   00025E  0E9B               	movlw	low STR_24
  4472   000260  6E2C               	movwf	printf@fmt^0,c
  4473   000262  0E7E               	movlw	high STR_24
  4474   000264  6E2D               	movwf	(printf@fmt+1)^0,c
  4475   000266  ECEC  F005         	call	_printf	;wreg free
  4476                           
  4477                           ;main.c: 133:                 case 'B':
  4478   00026A  EF76  F000         	goto	l2671
  4479   00026E                     l2707:
  4480                           
  4481                           ; BSR set to: 0
  4482                           ;main.c: 134:                     if(blueDuty-15<0){
  4483   00026E  0E0F               	movlw	15
  4484   000270  27CF               	addwf	main@redDuty& (0+255),f,b
  4485   000272  0E00               	movlw	0
  4486   000274  23D0               	addwfc	(main@redDuty+1)& (0+255),f,b
  4487   000276  EF19  F001         	goto	l2701
  4488   00027A                     l2713:
  4489                           
  4490                           ; BSR set to: 0
  4491                           ;main.c: 144:                     if(blueDuty+15>255){
  4492   00027A  0E0F               	movlw	15
  4493   00027C  5FD1               	subwf	main@greenDuty& (0+255),f,b
  4494   00027E  0E00               	movlw	0
  4495   000280  5BD2               	subwfb	(main@greenDuty+1)& (0+255),f,b
  4496   000282                     l2715:
  4497                           
  4498                           ; BSR set to: 0
  4499                           ;main.c: 145:                         printf("Can't go any darker!\r\n");
  4500   000282  C0D1  F00C         	movff	main@greenDuty,ECCP2_LoadDutyValue@dutyValue
  4501   000286  C0D2  F00D         	movff	main@greenDuty+1,ECCP2_LoadDutyValue@dutyValue+1
  4502   00028A  ECCD  F004         	call	_ECCP2_LoadDutyValue	;wreg free
  4503   00028E  EF76  F000         	goto	l2671
  4504   000292                     l2717:
  4505                           
  4506                           ; BSR set to: 0
  4507                           ;main.c: 151: 
  4508   000292  0E0F               	movlw	15
  4509   000294  25D1               	addwf	main@greenDuty& (0+255),w,b
  4510   000296  6E31               	movwf	??_main^0,c
  4511   000298  0E00               	movlw	0
  4512   00029A  21D2               	addwfc	(main@greenDuty+1)& (0+255),w,b
  4513   00029C  6E32               	movwf	(??_main+1)^0,c
  4514   00029E  0432               	decf	(??_main+1)^0,w,c
  4515   0002A0  A0D8               	btfss	status,0,c
  4516   0002A2  EF55  F001         	goto	u1151
  4517   0002A6  EF57  F001         	goto	u1150
  4518   0002AA                     u1151:
  4519   0002AA  EF5F  F001         	goto	l2721
  4520   0002AE                     u1150:
  4521   0002AE                     
  4522                           ; BSR set to: 0
  4523                           ;main.c: 152: 
  4524   0002AE  0E9B               	movlw	low STR_24
  4525   0002B0  6E2C               	movwf	printf@fmt^0,c
  4526   0002B2  0E7E               	movlw	high STR_24
  4527   0002B4  6E2D               	movwf	(printf@fmt+1)^0,c
  4528   0002B6  ECEC  F005         	call	_printf	;wreg free
  4529                           
  4530                           ;main.c: 153:                 case 'C':
  4531   0002BA  EF76  F000         	goto	l2671
  4532   0002BE                     l2721:
  4533                           
  4534                           ; BSR set to: 0
  4535                           ;main.c: 154:                     printf("Starting color tour\r\n");
  4536   0002BE  0E0F               	movlw	15
  4537   0002C0  27D1               	addwf	main@greenDuty& (0+255),f,b
  4538   0002C2  0E00               	movlw	0
  4539   0002C4  23D2               	addwfc	(main@greenDuty+1)& (0+255),f,b
  4540   0002C6  EF41  F001         	goto	l2715
  4541   0002CA                     l2727:
  4542                           
  4543                           ; BSR set to: 0
  4544                           ;main.c: 164:                     printf("Adding 2ms \r\n");
  4545   0002CA  0E0F               	movlw	15
  4546   0002CC  5FD3               	subwf	main@blueDuty& (0+255),f,b
  4547   0002CE  0E00               	movlw	0
  4548   0002D0  5BD4               	subwfb	(main@blueDuty+1)& (0+255),f,b
  4549   0002D2                     l2729:
  4550                           
  4551                           ; BSR set to: 0
  4552                           ;main.c: 165:                     if(currentPeriod - twoHundRaw < 0) {
  4553   0002D2  C0D3  F00C         	movff	main@blueDuty,ECCP3_LoadDutyValue@dutyValue
  4554   0002D6  C0D4  F00D         	movff	main@blueDuty+1,ECCP3_LoadDutyValue@dutyValue+1
  4555   0002DA  EC93  F004         	call	_ECCP3_LoadDutyValue	;wreg free
  4556   0002DE  EF76  F000         	goto	l2671
  4557   0002E2                     l2731:
  4558                           
  4559                           ; BSR set to: 0
  4560                           ;main.c: 171:                     break;
  4561   0002E2  0E0F               	movlw	15
  4562   0002E4  25D3               	addwf	main@blueDuty& (0+255),w,b
  4563   0002E6  6E31               	movwf	??_main^0,c
  4564   0002E8  0E00               	movlw	0
  4565   0002EA  21D4               	addwfc	(main@blueDuty+1)& (0+255),w,b
  4566   0002EC  6E32               	movwf	(??_main+1)^0,c
  4567   0002EE  0432               	decf	(??_main+1)^0,w,c
  4568   0002F0  A0D8               	btfss	status,0,c
  4569   0002F2  EF7D  F001         	goto	u1161
  4570   0002F6  EF7F  F001         	goto	u1160
  4571   0002FA                     u1161:
  4572   0002FA  EF87  F001         	goto	l2735
  4573   0002FE                     u1160:
  4574   0002FE                     
  4575                           ; BSR set to: 0
  4576                           ;main.c: 172: 
  4577   0002FE  0E9B               	movlw	low STR_24
  4578   000300  6E2C               	movwf	printf@fmt^0,c
  4579   000302  0E7E               	movlw	high STR_24
  4580   000304  6E2D               	movwf	(printf@fmt+1)^0,c
  4581   000306  ECEC  F005         	call	_printf	;wreg free
  4582                           
  4583                           ;main.c: 173:                 case '-':
  4584   00030A  EF76  F000         	goto	l2671
  4585   00030E                     l2735:
  4586                           
  4587                           ; BSR set to: 0
  4588                           ;main.c: 174:                     printf("Subtracting 2ms \r\n");
  4589   00030E  0E0F               	movlw	15
  4590   000310  27D3               	addwf	main@blueDuty& (0+255),f,b
  4591   000312  0E00               	movlw	0
  4592   000314  23D4               	addwfc	(main@blueDuty+1)& (0+255),f,b
  4593   000316  EF69  F001         	goto	l2729
  4594   00031A                     l2739:
  4595                           
  4596                           ; BSR set to: 0
  4597                           ;main.c: 181:                     break;
  4598   00031A  0EF5               	movlw	low STR_29
  4599   00031C  6E2C               	movwf	printf@fmt^0,c
  4600   00031E  0E7E               	movlw	high STR_29
  4601   000320  6E2D               	movwf	(printf@fmt+1)^0,c
  4602   000322  ECEC  F005         	call	_printf	;wreg free
  4603   000326                     
  4604                           ;main.c: 182: 
  4605   000326  0E01               	movlw	1
  4606   000328  6E4C               	movwf	_colorTour^0,c
  4607                           
  4608                           ;main.c: 183:                 case 'a':
  4609   00032A  EF76  F000         	goto	l2671
  4610   00032E                     l2743:
  4611                           
  4612                           ; BSR set to: 0
  4613                           ;main.c: 186:                     ECCP2_LoadDutyValue(0);
  4614   00032E  0E35               	movlw	low STR_30
  4615   000330  6E2C               	movwf	printf@fmt^0,c
  4616   000332  0E7F               	movlw	high STR_30
  4617   000334  6E2D               	movwf	(printf@fmt+1)^0,c
  4618   000336  ECEC  F005         	call	_printf	;wreg free
  4619   00033A                     
  4620                           ;main.c: 187:                     ECCP3_LoadDutyValue(0);
  4621   00033A  6A4C               	clrf	_colorTour^0,c
  4622                           
  4623                           ;main.c: 188:                     break;
  4624   00033C  EF76  F000         	goto	l2671
  4625   000340                     l2747:
  4626                           
  4627                           ; BSR set to: 0
  4628                           ;main.c: 191: 
  4629   000340  0ED4               	movlw	low STR_31
  4630   000342  6E2C               	movwf	printf@fmt^0,c
  4631   000344  0E7F               	movlw	high STR_31
  4632   000346  6E2D               	movwf	(printf@fmt+1)^0,c
  4633   000348  ECEC  F005         	call	_printf	;wreg free
  4634   00034C                     
  4635                           ;main.c: 195:                     break;
  4636   00034C  0100               	movlb	0	; () banked
  4637   00034E  51CB               	movf	main@twoHundRaw& (0+255),w,b
  4638   000350  5FCD               	subwf	main@currentPeriod& (0+255),f,b
  4639   000352  51CC               	movf	(main@twoHundRaw+1)& (0+255),w,b
  4640   000354  5BCE               	subwfb	(main@currentPeriod+1)& (0+255),f,b
  4641   000356                     l2753:
  4642                           
  4643                           ; BSR set to: 0
  4644                           ;main.c: 196:             }
  4645   000356  C0CD  F00C         	movff	main@currentPeriod,TMR0_PeriodSet@periodCount
  4646   00035A  C0CE  F00D         	movff	main@currentPeriod+1,TMR0_PeriodSet@periodCount+1
  4647   00035E  EC58  F006         	call	_TMR0_PeriodSet	;wreg free
  4648   000362  EF76  F000         	goto	l2671
  4649   000366                     l2755:
  4650                           
  4651                           ; BSR set to: 0
  4652                           ;main.c: 201: 
  4653   000366  0E49               	movlw	low STR_33
  4654   000368  6E2C               	movwf	printf@fmt^0,c
  4655   00036A  0E7F               	movlw	high STR_33
  4656   00036C  6E2D               	movwf	(printf@fmt+1)^0,c
  4657   00036E  ECEC  F005         	call	_printf	;wreg free
  4658   000372                     
  4659                           ;main.c: 202: void timer0ISR(){
  4660   000372  0100               	movlb	0	; () banked
  4661   000374  51CB               	movf	main@twoHundRaw& (0+255),w,b
  4662   000376  25CD               	addwf	main@currentPeriod& (0+255),w,b
  4663   000378  6E31               	movwf	??_main^0,c
  4664   00037A  51CC               	movf	(main@twoHundRaw+1)& (0+255),w,b
  4665   00037C  21CE               	addwfc	(main@currentPeriod+1)& (0+255),w,b
  4666   00037E  6E32               	movwf	(??_main+1)^0,c
  4667   000380  5031               	movf	??_main^0,w,c
  4668   000382  5DC8               	subwf	main@maxColorSpeed& (0+255),w,b
  4669   000384  5032               	movf	(??_main+1)^0,w,c
  4670   000386  59C9               	subwfb	(main@maxColorSpeed+1)& (0+255),w,b
  4671   000388  B0D8               	btfsc	status,0,c
  4672   00038A  EFC9  F001         	goto	u1171
  4673   00038E  EFCB  F001         	goto	u1170
  4674   000392                     u1171:
  4675   000392  EFD3  F001         	goto	l2761
  4676   000396                     u1170:
  4677   000396                     
  4678                           ; BSR set to: 0
  4679                           ;main.c: 203: 
  4680   000396  0E53               	movlw	low STR_34
  4681   000398  6E2C               	movwf	printf@fmt^0,c
  4682   00039A  0E7E               	movlw	high STR_34
  4683   00039C  6E2D               	movwf	(printf@fmt+1)^0,c
  4684   00039E  ECEC  F005         	call	_printf	;wreg free
  4685                           
  4686                           ;main.c: 204:     static uint16_t currentRedValue = 0x0000;
  4687   0003A2  EF76  F000         	goto	l2671
  4688   0003A6                     l2761:
  4689                           
  4690                           ; BSR set to: 0
  4691                           ;main.c: 205:     static uint16_t currentGreenValue = 0x0000;
  4692   0003A6  51CB               	movf	main@twoHundRaw& (0+255),w,b
  4693   0003A8  27CD               	addwf	main@currentPeriod& (0+255),f,b
  4694   0003AA  51CC               	movf	(main@twoHundRaw+1)& (0+255),w,b
  4695   0003AC  23CE               	addwfc	(main@currentPeriod+1)& (0+255),f,b
  4696   0003AE  EFAB  F001         	goto	l2753
  4697   0003B2                     l2765:
  4698                           
  4699                           ; BSR set to: 0
  4700                           ;main.c: 211: 
  4701   0003B2  0E39               	movlw	low STR_35
  4702   0003B4  6E2C               	movwf	printf@fmt^0,c
  4703   0003B6  0E7E               	movlw	high STR_35
  4704   0003B8  6E2D               	movwf	(printf@fmt+1)^0,c
  4705   0003BA  ECEC  F005         	call	_printf	;wreg free
  4706   0003BE                     
  4707                           ;main.c: 212:         ECCP1_LoadDutyValue(currentRedValue);
  4708   0003BE  6A0D               	clrf	(ECCP1_LoadDutyValue@dutyValue+1)^0,c
  4709   0003C0  0E00               	movlw	0
  4710   0003C2  6E0C               	movwf	ECCP1_LoadDutyValue@dutyValue^0,c
  4711   0003C4  ECE9  F004         	call	_ECCP1_LoadDutyValue	;wreg free
  4712   0003C8                     
  4713                           ;main.c: 213:         ECCP2_LoadDutyValue(currentGreenValue);
  4714   0003C8  6A0D               	clrf	(ECCP2_LoadDutyValue@dutyValue+1)^0,c
  4715   0003CA  0E00               	movlw	0
  4716   0003CC  6E0C               	movwf	ECCP2_LoadDutyValue@dutyValue^0,c
  4717   0003CE  ECCD  F004         	call	_ECCP2_LoadDutyValue	;wreg free
  4718   0003D2                     
  4719                           ;main.c: 214:         ECCP3_LoadDutyValue(currentBlueValue);
  4720   0003D2  6A0D               	clrf	(ECCP3_LoadDutyValue@dutyValue+1)^0,c
  4721   0003D4  0E00               	movlw	0
  4722   0003D6  6E0C               	movwf	ECCP3_LoadDutyValue@dutyValue^0,c
  4723   0003D8  EC93  F004         	call	_ECCP3_LoadDutyValue	;wreg free
  4724                           
  4725                           ;main.c: 215: 
  4726   0003DC  EF76  F000         	goto	l2671
  4727   0003E0                     l2773:
  4728                           
  4729                           ; BSR set to: 0
  4730                           ;main.c: 221: 
  4731   0003E0  0EA4               	movlw	low STR_36
  4732   0003E2  6E2C               	movwf	printf@fmt^0,c
  4733   0003E4  0E7F               	movlw	high STR_36
  4734   0003E6  6E2D               	movwf	(printf@fmt+1)^0,c
  4735   0003E8  C0CA  F02E         	movff	main@cmd,?_printf+2
  4736   0003EC  6A2F               	clrf	(?_printf+3)^0,c
  4737   0003EE  ECEC  F005         	call	_printf	;wreg free
  4738                           
  4739                           ;main.c: 222:         if(currentIntraIndex >= 255) {
  4740   0003F2  EF76  F000         	goto	l2671
  4741   0003F6                     l2777:
  4742                           
  4743                           ; BSR set to: 0
  4744   0003F6  51CA               	movf	main@cmd& (0+255),w,b
  4745                           
  4746                           ; Switch size 1, requested type "simple"
  4747                           ; Number of cases is 14, Range of values is 43 to 122
  4748                           ; switch strategies available:
  4749                           ; Name         Instructions Cycles
  4750                           ; simple_byte           43    22 (average)
  4751                           ;	Chosen strategy is simple_byte
  4752   0003F8  0A2B               	xorlw	43	; case 43
  4753   0003FA  B4D8               	btfsc	status,2,c
  4754   0003FC  EFA0  F001         	goto	l2747
  4755   000400  0A06               	xorlw	6	; case 45
  4756   000402  B4D8               	btfsc	status,2,c
  4757   000404  EFB3  F001         	goto	l2755
  4758   000408  0A12               	xorlw	18	; case 63
  4759   00040A  B4D8               	btfsc	status,2,c
  4760   00040C  EF86  F000         	goto	l2675
  4761   000410  0A7D               	xorlw	125	; case 66
  4762   000412  B4D8               	btfsc	status,2,c
  4763   000414  EF65  F001         	goto	l2727
  4764   000418  0A01               	xorlw	1	; case 67
  4765   00041A  B4D8               	btfsc	status,2,c
  4766   00041C  EF8D  F001         	goto	l2739
  4767   000420  0A04               	xorlw	4	; case 71
  4768   000422  B4D8               	btfsc	status,2,c
  4769   000424  EF3D  F001         	goto	l2713
  4770   000428  0A15               	xorlw	21	; case 82
  4771   00042A  B4D8               	btfsc	status,2,c
  4772   00042C  EF15  F001         	goto	l2699
  4773   000430  0A08               	xorlw	8	; case 90
  4774   000432  B4D8               	btfsc	status,2,c
  4775   000434  EFEE  F000         	goto	l531
  4776   000438  0A3B               	xorlw	59	; case 97
  4777   00043A  B4D8               	btfsc	status,2,c
  4778   00043C  EFD9  F001         	goto	l2765
  4779   000440  0A03               	xorlw	3	; case 98
  4780   000442  B4D8               	btfsc	status,2,c
  4781   000444  EF71  F001         	goto	l2731
  4782   000448  0A01               	xorlw	1	; case 99
  4783   00044A  B4D8               	btfsc	status,2,c
  4784   00044C  EF97  F001         	goto	l2743
  4785   000450  0A04               	xorlw	4	; case 103
  4786   000452  B4D8               	btfsc	status,2,c
  4787   000454  EF49  F001         	goto	l2717
  4788   000458  0A15               	xorlw	21	; case 114
  4789   00045A  B4D8               	btfsc	status,2,c
  4790   00045C  EF21  F001         	goto	l2703
  4791   000460  0A08               	xorlw	8	; case 122
  4792   000462  B4D8               	btfsc	status,2,c
  4793   000464  EF02  F001         	goto	l534
  4794   000468  EFF0  F001         	goto	l2773
  4795   00046C  EF36  F000         	goto	start
  4796   000470                     __end_of_main:
  4797                           	callstack 0
  4798                           
  4799 ;; *************** function _printf *****************
  4800 ;; Defined at:
  4801 ;;		line 5 in file "/opt/microchip/xc8/v3.10/pic/sources/c99/common/printf.c"
  4802 ;; Parameters:    Size  Location     Type
  4803 ;;  fmt             2   42[COMRAM] PTR const unsigned char 
  4804 ;;		 -> STR_36(17), STR_35(26), STR_34(24), STR_33(19), 
  4805 ;;		 -> STR_32(24), STR_31(14), STR_30(20), STR_29(22), 
  4806 ;;		 -> STR_28(23), STR_27(22), STR_26(23), STR_25(23), 
  4807 ;;		 -> STR_24(23), STR_23(21), STR_22(2), STR_21(2), 
  4808 ;;		 -> STR_20(33), STR_19(47), STR_18(18), STR_17(30), 
  4809 ;;		 -> STR_16(40), STR_15(41), STR_14(39), STR_13(24), 
  4810 ;;		 -> STR_12(21), STR_11(15), STR_10(33), STR_9(18), 
  4811 ;;		 -> STR_8(18), STR_7(18), STR_6(33), STR_5(5), 
  4812 ;;		 -> STR_4(16), STR_3(22), STR_2(13), STR_1(11), 
  4813 ;; Auto vars:     Size  Location     Type
  4814 ;;  ret             2    0        int 
  4815 ;;  ap              1   46[COMRAM] PTR void [1]
  4816 ;;		 -> ?_printf(2), 
  4817 ;; Return value:  Size  Location     Type
  4818 ;;                  2   42[COMRAM] int 
  4819 ;; Registers used:
  4820 ;;		wreg, fsr1l, fsr1h, fsr2l, fsr2h, status,2, status,0, tblptrl, tblptrh, tblptru, cstack
  4821 ;; Tracked objects:
  4822 ;;		On entry : 0/0
  4823 ;;		On exit  : 0/0
  4824 ;;		Unchanged: 0/0
  4825 ;; Data sizes:     COMRAM   BANK0   BANK1   BANK2   BANK3   BANK4   BANK5
  4826 ;;      Params:         4       0       0       0       0       0       0
  4827 ;;      Locals:         1       0       0       0       0       0       0
  4828 ;;      Temps:          0       0       0       0       0       0       0
  4829 ;;      Totals:         5       0       0       0       0       0       0
  4830 ;;Total ram usage:        5 bytes
  4831 ;; Hardware stack levels used: 1
  4832 ;; Hardware stack levels required when called: 9
  4833 ;; This function calls:
  4834 ;;		_vfprintf
  4835 ;; This function is called by:
  4836 ;;		_main
  4837 ;; This function uses a non-reentrant model
  4838 ;;
  4839                           
  4840                           	psect	text1
  4841   000BD8                     __ptext1:
  4842                           	callstack 0
  4843   000BD8                     _printf:
  4844                           	callstack 21
  4845   000BD8  0E2E               	movlw	low (?_printf+2)
  4846   000BDA  6E30               	movwf	printf@ap^0,c
  4847   000BDC  0E00               	movlw	0
  4848   000BDE  6E25               	movwf	vfprintf@fp^0,c
  4849   000BE0  0E00               	movlw	0
  4850   000BE2  6E26               	movwf	(vfprintf@fp+1)^0,c
  4851   000BE4  C02C  F027         	movff	printf@fmt,vfprintf@fmt
  4852   000BE8  C02D  F028         	movff	printf@fmt+1,vfprintf@fmt+1
  4853   000BEC  0E30               	movlw	low printf@ap
  4854   000BEE  6E29               	movwf	vfprintf@ap^0,c
  4855   000BF0  EC71  F004         	call	_vfprintf	;wreg free
  4856   000BF4  0012               	return		;funcret
  4857   000BF6                     __end_of_printf:
  4858                           	callstack 0
  4859                           
  4860 ;; *************** function _vfprintf *****************
  4861 ;; Defined at:
  4862 ;;		line 1817 in file "/opt/microchip/xc8/v3.10/pic/sources/c99/common/doprnt.c"
  4863 ;; Parameters:    Size  Location     Type
  4864 ;;  fp              2   35[COMRAM] PTR struct _IO_FILE
  4865 ;;		 -> NULL(0), 
  4866 ;;  fmt             2   37[COMRAM] PTR const unsigned char 
  4867 ;;		 -> STR_36(17), STR_35(26), STR_34(24), STR_33(19), 
  4868 ;;		 -> STR_32(24), STR_31(14), STR_30(20), STR_29(22), 
  4869 ;;		 -> STR_28(23), STR_27(22), STR_26(23), STR_25(23), 
  4870 ;;		 -> STR_24(23), STR_23(21), STR_22(2), STR_21(2), 
  4871 ;;		 -> STR_20(33), STR_19(47), STR_18(18), STR_17(30), 
  4872 ;;		 -> STR_16(40), STR_15(41), STR_14(39), STR_13(24), 
  4873 ;;		 -> STR_12(21), STR_11(15), STR_10(33), STR_9(18), 
  4874 ;;		 -> STR_8(18), STR_7(18), STR_6(33), STR_5(5), 
  4875 ;;		 -> STR_4(16), STR_3(22), STR_2(13), STR_1(11), 
  4876 ;;  ap              1   39[COMRAM] PTR PTR void 
  4877 ;;		 -> printf@ap(1), 
  4878 ;; Auto vars:     Size  Location     Type
  4879 ;;  cfmt            2   40[COMRAM] PTR unsigned char 
  4880 ;;		 -> STR_36(17), STR_35(26), STR_34(24), STR_33(19), 
  4881 ;;		 -> STR_32(24), STR_31(14), STR_30(20), STR_29(22), 
  4882 ;;		 -> STR_28(23), STR_27(22), STR_26(23), STR_25(23), 
  4883 ;;		 -> STR_24(23), STR_23(21), STR_22(2), STR_21(2), 
  4884 ;;		 -> STR_20(33), STR_19(47), STR_18(18), STR_17(30), 
  4885 ;;		 -> STR_16(40), STR_15(41), STR_14(39), STR_13(24), 
  4886 ;;		 -> STR_12(21), STR_11(15), STR_10(33), STR_9(18), 
  4887 ;;		 -> STR_8(18), STR_7(18), STR_6(33), STR_5(5), 
  4888 ;;		 -> STR_4(16), STR_3(22), STR_2(13), STR_1(11), 
  4889 ;; Return value:  Size  Location     Type
  4890 ;;                  2   35[COMRAM] int 
  4891 ;; Registers used:
  4892 ;;		wreg, fsr1l, fsr1h, fsr2l, fsr2h, status,2, status,0, tblptrl, tblptrh, tblptru, cstack
  4893 ;; Tracked objects:
  4894 ;;		On entry : 0/0
  4895 ;;		On exit  : 0/0
  4896 ;;		Unchanged: 0/0
  4897 ;; Data sizes:     COMRAM   BANK0   BANK1   BANK2   BANK3   BANK4   BANK5
  4898 ;;      Params:         5       0       0       0       0       0       0
  4899 ;;      Locals:         2       0       0       0       0       0       0
  4900 ;;      Temps:          0       0       0       0       0       0       0
  4901 ;;      Totals:         7       0       0       0       0       0       0
  4902 ;;Total ram usage:        7 bytes
  4903 ;; Hardware stack levels used: 1
  4904 ;; Hardware stack levels required when called: 8
  4905 ;; This function calls:
  4906 ;;		_vfpfcnvrt
  4907 ;; This function is called by:
  4908 ;;		_printf
  4909 ;; This function uses a non-reentrant model
  4910 ;;
  4911                           
  4912                           	psect	text2
  4913   0008E2                     __ptext2:
  4914                           	callstack 0
  4915   0008E2                     _vfprintf:
  4916                           	callstack 21
  4917   0008E2                     
  4918                           ;/opt/microchip/xc8/v3.10/pic/sources/c99/common/doprnt.c: 1817: int vfprintf(FILE *fp, 
      +                          const char *fmt, va_list ap);/opt/microchip/xc8/v3.10/pic/sources/c99/common/doprnt.c: 1
      +                          818: {;/opt/microchip/xc8/v3.10/pic/sources/c99/common/doprnt.c: 1820:     char *cfmt;;/
      +                          opt/microchip/xc8/v3.10/pic/sources/c99/common/doprnt.c: 1822:     cfmt = (char *)fmt;
  4919   0008E2  C027  F02A         	movff	vfprintf@fmt,vfprintf@cfmt
  4920   0008E6  C028  F02B         	movff	vfprintf@fmt+1,vfprintf@cfmt+1
  4921                           
  4922                           ;/opt/microchip/xc8/v3.10/pic/sources/c99/common/doprnt.c: 1826:     while (*cfmt) {
  4923   0008EA  EF81  F004         	goto	l2587
  4924   0008EE                     l2585:
  4925                           
  4926                           ;/opt/microchip/xc8/v3.10/pic/sources/c99/common/doprnt.c: 1830:    vfpfcnvrt(fp, &cfmt,
      +                           ap);
  4927   0008EE  C025  F017         	movff	vfprintf@fp,vfpfcnvrt@fp
  4928   0008F2  C026  F018         	movff	vfprintf@fp+1,vfpfcnvrt@fp+1
  4929   0008F6  0E2A               	movlw	low vfprintf@cfmt
  4930   0008F8  6E19               	movwf	vfpfcnvrt@fmt^0,c
  4931   0008FA  C029  F01A         	movff	vfprintf@ap,vfpfcnvrt@ap
  4932   0008FE  EC38  F002         	call	_vfpfcnvrt	;wreg free
  4933   000902                     l2587:
  4934                           
  4935                           ;/opt/microchip/xc8/v3.10/pic/sources/c99/common/doprnt.c: 1826:     while (*cfmt) {
  4936   000902  C02A  FFF6         	movff	vfprintf@cfmt,tblptrl
  4937   000906  C02B  FFF7         	movff	vfprintf@cfmt+1,tblptrh
  4938   00090A                     	if	0	;tblptru may be non-zero
  4939   00090A                     	endif
  4940   00090A                     	if	0	;tblptru may be non-zero
  4941   00090A                     	endif
  4942   00090A  0008               	tblrd		*
  4943   00090C  50F5               	movf	tablat,w,c
  4944   00090E  0900               	iorlw	0
  4945   000910  A4D8               	btfss	status,2,c
  4946   000912  EF8D  F004         	goto	u1021
  4947   000916  EF8F  F004         	goto	u1020
  4948   00091A                     u1021:
  4949   00091A  EF77  F004         	goto	l2585
  4950   00091E                     u1020:
  4951   00091E                     
  4952                           ;/opt/microchip/xc8/v3.10/pic/sources/c99/common/doprnt.c: 1835:  return 0;
  4953   00091E  6A26               	clrf	(?_vfprintf+1)^0,c
  4954   000920  0E00               	movlw	0
  4955   000922  6E25               	movwf	?_vfprintf^0,c
  4956   000924  0012               	return		;funcret
  4957   000926                     __end_of_vfprintf:
  4958                           	callstack 0
  4959                           
  4960 ;; *************** function _vfpfcnvrt *****************
  4961 ;; Defined at:
  4962 ;;		line 1177 in file "/opt/microchip/xc8/v3.10/pic/sources/c99/common/doprnt.c"
  4963 ;; Parameters:    Size  Location     Type
  4964 ;;  fp              2   21[COMRAM] PTR struct _IO_FILE
  4965 ;;		 -> NULL(0), 
  4966 ;;  fmt             1   23[COMRAM] PTR PTR unsigned char 
  4967 ;;		 -> vfprintf@cfmt(2), 
  4968 ;;  ap              1   24[COMRAM] PTR PTR void 
  4969 ;;		 -> printf@ap(1), 
  4970 ;; Auto vars:     Size  Location     Type
  4971 ;;  convarg         4   27[COMRAM] struct .
  4972 ;;  cp              2   32[COMRAM] PTR unsigned char 
  4973 ;;		 -> STR_36(17), STR_35(26), STR_34(24), STR_33(19), 
  4974 ;;		 -> STR_32(24), STR_31(14), STR_30(20), STR_29(22), 
  4975 ;;		 -> STR_28(23), STR_27(22), STR_26(23), STR_25(23), 
  4976 ;;		 -> STR_24(23), STR_23(21), STR_22(2), STR_21(2), 
  4977 ;;		 -> STR_20(33), STR_19(47), STR_18(18), STR_17(30), 
  4978 ;;		 -> STR_16(40), STR_15(41), STR_14(39), STR_13(24), 
  4979 ;;		 -> STR_12(21), STR_11(15), STR_10(33), STR_9(18), 
  4980 ;;		 -> STR_8(18), STR_7(18), STR_6(33), STR_5(5), 
  4981 ;;		 -> STR_4(16), STR_3(22), STR_2(13), STR_1(11), 
  4982 ;;  c               1   34[COMRAM] unsigned char 
  4983 ;;  x               1   31[COMRAM] unsigned char 
  4984 ;;  done            1    0        _Bool 
  4985 ;; Return value:  Size  Location     Type
  4986 ;;                  1    wreg      void 
  4987 ;; Registers used:
  4988 ;;		wreg, fsr1l, fsr1h, fsr2l, fsr2h, status,2, status,0, tblptrl, tblptrh, tblptru, cstack
  4989 ;; Tracked objects:
  4990 ;;		On entry : 0/0
  4991 ;;		On exit  : 0/0
  4992 ;;		Unchanged: 0/0
  4993 ;; Data sizes:     COMRAM   BANK0   BANK1   BANK2   BANK3   BANK4   BANK5
  4994 ;;      Params:         4       0       0       0       0       0       0
  4995 ;;      Locals:         8       0       0       0       0       0       0
  4996 ;;      Temps:          2       0       0       0       0       0       0
  4997 ;;      Totals:        14       0       0       0       0       0       0
  4998 ;;Total ram usage:       14 bytes
  4999 ;; Hardware stack levels used: 1
  5000 ;; Hardware stack levels required when called: 7
  5001 ;; This function calls:
  5002 ;;		_fputc
  5003 ;; This function is called by:
  5004 ;;		_vfprintf
  5005 ;; This function uses a non-reentrant model
  5006 ;;
  5007                           
  5008                           	psect	text3
  5009   000470                     __ptext3:
  5010                           	callstack 0
  5011   000470                     _vfpfcnvrt:
  5012                           	callstack 21
  5013   000470                     
  5014                           ;/opt/microchip/xc8/v3.10/pic/sources/c99/common/doprnt.c: 1177: vfpfcnvrt(FILE *fp, cha
      +                          r *fmt[], va_list ap);/opt/microchip/xc8/v3.10/pic/sources/c99/common/doprnt.c: 1178: {;
      +                          /opt/microchip/xc8/v3.10/pic/sources/c99/common/doprnt.c: 1179:     char c, *cp;;/opt/mi
      +                          crochip/xc8/v3.10/pic/sources/c99/common/doprnt.c: 1180:     _Bool done;;/opt/microchip/
      +                          xc8/v3.10/pic/sources/c99/common/doprnt.c: 1188:  } convarg;;/opt/microchip/xc8/v3.10/pi
      +                          c/sources/c99/common/doprnt.c: 1194:  char x;;/opt/microchip/xc8/v3.10/pic/sources/c99/c
      +                          ommon/doprnt.c: 1201:     if ((*fmt)[0] == '%') {
  5015   000470  5019               	movf	vfpfcnvrt@fmt^0,w,c
  5016   000472  6ED9               	movwf	fsr2l,c
  5017   000474  6ADA               	clrf	fsr2h,c
  5018   000476  CFDE FFF6          	movff	postinc2,tblptrl
  5019   00047A  CFDD FFF7          	movff	postdec2,tblptrh
  5020   00047E                     	if	0	;tblptru may be non-zero
  5021   00047E                     	endif
  5022   00047E                     	if	0	;tblptru may be non-zero
  5023   00047E                     	endif
  5024   00047E  0008               	tblrd		*
  5025   000480  50F5               	movf	tablat,w,c
  5026   000482  0A25               	xorlw	37
  5027   000484  A4D8               	btfss	status,2,c
  5028   000486  EF47  F002         	goto	u951
  5029   00048A  EF49  F002         	goto	u950
  5030   00048E                     u951:
  5031   00048E  EF17  F003         	goto	l2491
  5032   000492                     u950:
  5033   000492                     
  5034                           ;/opt/microchip/xc8/v3.10/pic/sources/c99/common/doprnt.c: 1202:         ++*fmt;
  5035   000492  5019               	movf	vfpfcnvrt@fmt^0,w,c
  5036   000494  6ED9               	movwf	fsr2l,c
  5037   000496  6ADA               	clrf	fsr2h,c
  5038   000498  2ADE               	incf	postinc2,f,c
  5039   00049A  0E00               	movlw	0
  5040   00049C  22DD               	addwfc	postdec2,f,c
  5041   00049E                     
  5042                           ;/opt/microchip/xc8/v3.10/pic/sources/c99/common/doprnt.c: 1204:         flags = width =
      +                           0;
  5043   00049E  6A34               	clrf	(_width+1)^0,c
  5044   0004A0  0E00               	movlw	0
  5045   0004A2  6E33               	movwf	_width^0,c
  5046   0004A4  C033  F049         	movff	_width,_flags
  5047   0004A8                     
  5048                           ;/opt/microchip/xc8/v3.10/pic/sources/c99/common/doprnt.c: 1205:         prec = -1;
  5049   0004A8  6835               	setf	_prec^0,c
  5050   0004AA  6836               	setf	(_prec+1)^0,c
  5051   0004AC                     
  5052                           ;/opt/microchip/xc8/v3.10/pic/sources/c99/common/doprnt.c: 1273:         if ((*fmt)[0] =
      +                          = 'c') {
  5053   0004AC  5019               	movf	vfpfcnvrt@fmt^0,w,c
  5054   0004AE  6ED9               	movwf	fsr2l,c
  5055   0004B0  6ADA               	clrf	fsr2h,c
  5056   0004B2  CFDE FFF6          	movff	postinc2,tblptrl
  5057   0004B6  CFDD FFF7          	movff	postdec2,tblptrh
  5058   0004BA                     	if	0	;tblptru may be non-zero
  5059   0004BA                     	endif
  5060   0004BA                     	if	0	;tblptru may be non-zero
  5061   0004BA                     	endif
  5062   0004BA  0008               	tblrd		*
  5063   0004BC  50F5               	movf	tablat,w,c
  5064   0004BE  0A63               	xorlw	99
  5065   0004C0  A4D8               	btfss	status,2,c
  5066   0004C2  EF65  F002         	goto	u961
  5067   0004C6  EF67  F002         	goto	u960
  5068   0004CA                     u961:
  5069   0004CA  EF82  F002         	goto	l2451
  5070   0004CE                     u960:
  5071   0004CE                     
  5072                           ;/opt/microchip/xc8/v3.10/pic/sources/c99/common/doprnt.c: 1274:             ++*fmt;
  5073   0004CE  5019               	movf	vfpfcnvrt@fmt^0,w,c
  5074   0004D0  6ED9               	movwf	fsr2l,c
  5075   0004D2  6ADA               	clrf	fsr2h,c
  5076   0004D4  2ADE               	incf	postinc2,f,c
  5077   0004D6  0E00               	movlw	0
  5078   0004D8  22DD               	addwfc	postdec2,f,c
  5079   0004DA                     
  5080                           ;/opt/microchip/xc8/v3.10/pic/sources/c99/common/doprnt.c: 1275:             c = (unsign
      +                          ed char)(*(int *)__va_arg(*(int **)ap, (int)0));
  5081   0004DA  501A               	movf	vfpfcnvrt@ap^0,w,c
  5082   0004DC  6ED9               	movwf	fsr2l,c
  5083   0004DE  6ADA               	clrf	fsr2h,c
  5084   0004E0  50DF               	movf	indf2,w,c
  5085   0004E2  2ADF               	incf	indf2,f,c
  5086   0004E4  2ADF               	incf	indf2,f,c
  5087   0004E6  6ED9               	movwf	fsr2l,c
  5088   0004E8  6ADA               	clrf	fsr2h,c
  5089   0004EA  50DF               	movf	indf2,w,c
  5090   0004EC  6E24               	movwf	vfpfcnvrt@c^0,c
  5091   0004EE                     
  5092                           ;/opt/microchip/xc8/v3.10/pic/sources/c99/common/doprnt.c: 1277:    fputc(c, fp);
  5093   0004EE  C024  F00E         	movff	vfpfcnvrt@c,fputc@c
  5094   0004F2  6A0F               	clrf	(fputc@c+1)^0,c
  5095   0004F4  C017  F010         	movff	vfpfcnvrt@fp,fputc@fp
  5096   0004F8  C018  F011         	movff	vfpfcnvrt@fp+1,fputc@fp+1
  5097   0004FC  EC2B  F003         	call	_fputc	;wreg free
  5098   000500  EF2A  F003         	goto	l1400
  5099   000504                     l2451:
  5100                           
  5101                           ;/opt/microchip/xc8/v3.10/pic/sources/c99/common/doprnt.c: 1439:   if (0
  5102   000504  5019               	movf	vfpfcnvrt@fmt^0,w,c
  5103   000506  6ED9               	movwf	fsr2l,c
  5104   000508  6ADA               	clrf	fsr2h,c
  5105   00050A  CFDE F022          	movff	postinc2,vfpfcnvrt@cp
  5106   00050E  CFDD F023          	movff	postdec2,vfpfcnvrt@cp+1
  5107   000512  C022  FFF6         	movff	vfpfcnvrt@cp,tblptrl
  5108   000516  C023  FFF7         	movff	vfpfcnvrt@cp+1,tblptrh
  5109   00051A                     	if	0	;tblptru may be non-zero
  5110   00051A                     	endif
  5111   00051A                     	if	0	;tblptru may be non-zero
  5112   00051A                     	endif
  5113   00051A  0008               	tblrd		*
  5114   00051C  50F5               	movf	tablat,w,c
  5115   00051E  0A78               	xorlw	120
  5116   000520  A4D8               	btfss	status,2,c
  5117   000522  EF95  F002         	goto	u971
  5118   000526  EF97  F002         	goto	u970
  5119   00052A                     u971:
  5120   00052A  EF0F  F003         	goto	l2487
  5121   00052E                     u970:
  5122   00052E                     
  5123                           ;/opt/microchip/xc8/v3.10/pic/sources/c99/common/doprnt.c: 1452:     ) {;/opt/microchip/
      +                          xc8/v3.10/pic/sources/c99/common/doprnt.c: 1495:    convarg.uint = (vfpf_uint_t)(unsigne
      +                          d int)(*(unsigned int *)__va_arg(*(unsigned int **)ap, (unsigned int)0));
  5124   00052E  501A               	movf	vfpfcnvrt@ap^0,w,c
  5125   000530  6ED9               	movwf	fsr2l,c
  5126   000532  6ADA               	clrf	fsr2h,c
  5127   000534  0E02               	movlw	2
  5128   000536  26DF               	addwf	indf2,f,c
  5129   000538  5CDF               	subwf	indf2,w,c
  5130   00053A  6ED9               	movwf	fsr2l,c
  5131   00053C  6ADA               	clrf	fsr2h,c
  5132   00053E  CFDE F01D          	movff	postinc2,vfpfcnvrt@convarg
  5133   000542  CFDE F01E          	movff	postinc2,vfpfcnvrt@convarg+1
  5134   000546                     
  5135                           ;/opt/microchip/xc8/v3.10/pic/sources/c99/common/doprnt.c: 1497:    *fmt = cp+1;
  5136   000546  0E01               	movlw	1
  5137   000548  2422               	addwf	vfpfcnvrt@cp^0,w,c
  5138   00054A  6E1B               	movwf	??_vfpfcnvrt^0,c
  5139   00054C  0E00               	movlw	0
  5140   00054E  2023               	addwfc	(vfpfcnvrt@cp+1)^0,w,c
  5141   000550  6E1C               	movwf	(??_vfpfcnvrt+1)^0,c
  5142   000552  5019               	movf	vfpfcnvrt@fmt^0,w,c
  5143   000554  6ED9               	movwf	fsr2l,c
  5144   000556  6ADA               	clrf	fsr2h,c
  5145   000558  C01B  FFDE         	movff	??_vfpfcnvrt,postinc2
  5146   00055C  C01C  FFDD         	movff	??_vfpfcnvrt+1,postdec2
  5147                           
  5148                           ;/opt/microchip/xc8/v3.10/pic/sources/c99/common/doprnt.c: 1498:    switch (*cp) {
  5149   000560  EF03  F003         	goto	l2485
  5150   000564                     l2459:
  5151                           
  5152                           ;/opt/microchip/xc8/v3.10/pic/sources/c99/common/doprnt.c: 1553:      c = sizeof(dbuf);
  5153   000564  0E20               	movlw	32
  5154   000566  6E24               	movwf	vfpfcnvrt@c^0,c
  5155   000568                     l2461:
  5156                           
  5157                           ;/opt/microchip/xc8/v3.10/pic/sources/c99/common/doprnt.c: 1558:       x = (convarg.uint
      +                           & 0xf);
  5158   000568  501D               	movf	vfpfcnvrt@convarg^0,w,c
  5159   00056A  0B0F               	andlw	15
  5160   00056C  6E21               	movwf	vfpfcnvrt@x^0,c
  5161   00056E                     
  5162                           ;/opt/microchip/xc8/v3.10/pic/sources/c99/common/doprnt.c: 1559:       if (x < 10) {
  5163   00056E  0E0A               	movlw	10
  5164   000570  6021               	cpfslt	vfpfcnvrt@x^0,c
  5165   000572  EFBD  F002         	goto	u981
  5166   000576  EFBF  F002         	goto	u980
  5167   00057A                     u981:
  5168   00057A  EFC3  F002         	goto	l2467
  5169   00057E                     u980:
  5170   00057E                     
  5171                           ;/opt/microchip/xc8/v3.10/pic/sources/c99/common/doprnt.c: 1560:        x += '0';
  5172   00057E  0E30               	movlw	48
  5173   000580  2621               	addwf	vfpfcnvrt@x^0,f,c
  5174                           
  5175                           ;/opt/microchip/xc8/v3.10/pic/sources/c99/common/doprnt.c: 1561:       }
  5176   000582  EFC5  F002         	goto	l2469
  5177   000586                     l2467:
  5178                           
  5179                           ;/opt/microchip/xc8/v3.10/pic/sources/c99/common/doprnt.c: 1566:        x += 'a' - 10;
  5180   000586  0E57               	movlw	87
  5181   000588  2621               	addwf	vfpfcnvrt@x^0,f,c
  5182   00058A                     l2469:
  5183                           
  5184                           ;/opt/microchip/xc8/v3.10/pic/sources/c99/common/doprnt.c: 1571:       dbuf[--c] = x;
  5185   00058A  0624               	decf	vfpfcnvrt@c^0,f,c
  5186   00058C  5024               	movf	vfpfcnvrt@c^0,w,c
  5187   00058E  0FA8               	addlw	low _dbuf
  5188   000590  6ED9               	movwf	fsr2l,c
  5189   000592  6ADA               	clrf	fsr2h,c
  5190   000594  C021  FFDF         	movff	vfpfcnvrt@x,indf2
  5191   000598                     
  5192                           ;/opt/microchip/xc8/v3.10/pic/sources/c99/common/doprnt.c: 1572:       convarg.uint >>= 
      +                          4;
  5193   000598  3A1D               	swapf	vfpfcnvrt@convarg^0,f,c
  5194   00059A  3A1E               	swapf	(vfpfcnvrt@convarg+1)^0,f,c
  5195   00059C  0E0F               	movlw	15
  5196   00059E  161D               	andwf	vfpfcnvrt@convarg^0,f,c
  5197   0005A0  501E               	movf	(vfpfcnvrt@convarg+1)^0,w,c
  5198   0005A2  0BF0               	andlw	240
  5199   0005A4  121D               	iorwf	vfpfcnvrt@convarg^0,f,c
  5200   0005A6  0E0F               	movlw	15
  5201   0005A8  161E               	andwf	(vfpfcnvrt@convarg+1)^0,f,c
  5202   0005AA                     
  5203                           ;/opt/microchip/xc8/v3.10/pic/sources/c99/common/doprnt.c: 1576:      } while (convarg.u
      +                          int != 0 && c != 0);
  5204   0005AA  501D               	movf	vfpfcnvrt@convarg^0,w,c
  5205   0005AC  101E               	iorwf	(vfpfcnvrt@convarg+1)^0,w,c
  5206   0005AE  B4D8               	btfsc	status,2,c
  5207   0005B0  EFDC  F002         	goto	u991
  5208   0005B4  EFDE  F002         	goto	u990
  5209   0005B8                     u991:
  5210   0005B8  EFF8  F002         	goto	l2481
  5211   0005BC                     u990:
  5212   0005BC  5024               	movf	vfpfcnvrt@c^0,w,c
  5213   0005BE  A4D8               	btfss	status,2,c
  5214   0005C0  EFE4  F002         	goto	u1001
  5215   0005C4  EFE6  F002         	goto	u1000
  5216   0005C8                     u1001:
  5217   0005C8  EFB4  F002         	goto	l2461
  5218   0005CC                     u1000:
  5219   0005CC  EFF8  F002         	goto	l2481
  5220   0005D0                     l2477:
  5221                           
  5222                           ;/opt/microchip/xc8/v3.10/pic/sources/c99/common/doprnt.c: 1578:       fputc(dbuf[c++], 
      +                          fp);
  5223   0005D0  5024               	movf	vfpfcnvrt@c^0,w,c
  5224   0005D2  0FA8               	addlw	low _dbuf
  5225   0005D4  6ED9               	movwf	fsr2l,c
  5226   0005D6  6ADA               	clrf	fsr2h,c
  5227   0005D8  50DF               	movf	indf2,w,c
  5228   0005DA  6E1B               	movwf	??_vfpfcnvrt^0,c
  5229   0005DC  501B               	movf	??_vfpfcnvrt^0,w,c
  5230   0005DE  6E0E               	movwf	fputc@c^0,c
  5231   0005E0  6A0F               	clrf	(fputc@c+1)^0,c
  5232   0005E2  C017  F010         	movff	vfpfcnvrt@fp,fputc@fp
  5233   0005E6  C018  F011         	movff	vfpfcnvrt@fp+1,fputc@fp+1
  5234   0005EA  EC2B  F003         	call	_fputc	;wreg free
  5235   0005EE  2A24               	incf	vfpfcnvrt@c^0,f,c
  5236   0005F0                     l2481:
  5237                           
  5238                           ;/opt/microchip/xc8/v3.10/pic/sources/c99/common/doprnt.c: 1577:      while (c != sizeof
      +                          (dbuf)) {
  5239   0005F0  0E20               	movlw	32
  5240   0005F2  1824               	xorwf	vfpfcnvrt@c^0,w,c
  5241   0005F4  A4D8               	btfss	status,2,c
  5242   0005F6  EFFF  F002         	goto	u1011
  5243   0005FA  EF01  F003         	goto	u1010
  5244   0005FE                     u1011:
  5245   0005FE  EFE8  F002         	goto	l2477
  5246   000602                     u1010:
  5247   000602  EF2A  F003         	goto	l1400
  5248   000606                     l2485:
  5249   000606  C022  FFF6         	movff	vfpfcnvrt@cp,tblptrl
  5250   00060A  C023  FFF7         	movff	vfpfcnvrt@cp+1,tblptrh
  5251   00060E                     	if	0	;tblptru may be non-zero
  5252   00060E                     	endif
  5253   00060E                     	if	0	;tblptru may be non-zero
  5254   00060E                     	endif
  5255   00060E  0008               	tblrd		*
  5256   000610  50F5               	movf	tablat,w,c
  5257                           
  5258                           ; Switch size 1, requested type "simple"
  5259                           ; Number of cases is 1, Range of values is 120 to 120
  5260                           ; switch strategies available:
  5261                           ; Name         Instructions Cycles
  5262                           ; simple_byte            4     3 (average)
  5263                           ;	Chosen strategy is simple_byte
  5264   000612  0A78               	xorlw	120	; case 120
  5265   000614  B4D8               	btfsc	status,2,c
  5266   000616  EFB2  F002         	goto	l2459
  5267   00061A  EF0F  F003         	goto	l2487
  5268   00061E                     l2487:
  5269                           
  5270                           ;/opt/microchip/xc8/v3.10/pic/sources/c99/common/doprnt.c: 1806:         ++*fmt;
  5271   00061E  5019               	movf	vfpfcnvrt@fmt^0,w,c
  5272   000620  6ED9               	movwf	fsr2l,c
  5273   000622  6ADA               	clrf	fsr2h,c
  5274   000624  2ADE               	incf	postinc2,f,c
  5275   000626  0E00               	movlw	0
  5276   000628  22DD               	addwfc	postdec2,f,c
  5277   00062A  EF2A  F003         	goto	l1400
  5278   00062E                     l2491:
  5279                           
  5280                           ;/opt/microchip/xc8/v3.10/pic/sources/c99/common/doprnt.c: 1811:     fputc((int)(*fmt)[0
      +                          ], fp);
  5281   00062E  5019               	movf	vfpfcnvrt@fmt^0,w,c
  5282   000630  6ED9               	movwf	fsr2l,c
  5283   000632  6ADA               	clrf	fsr2h,c
  5284   000634  CFDE FFF6          	movff	postinc2,tblptrl
  5285   000638  CFDD FFF7          	movff	postdec2,tblptrh
  5286   00063C                     	if	0	;tblptru may be non-zero
  5287   00063C                     	endif
  5288   00063C                     	if	0	;tblptru may be non-zero
  5289   00063C                     	endif
  5290   00063C  0008               	tblrd		*
  5291   00063E  50F5               	movf	tablat,w,c
  5292   000640  6E0E               	movwf	fputc@c^0,c
  5293   000642  6A0F               	clrf	(fputc@c+1)^0,c
  5294   000644  C017  F010         	movff	vfpfcnvrt@fp,fputc@fp
  5295   000648  C018  F011         	movff	vfpfcnvrt@fp+1,fputc@fp+1
  5296   00064C  EC2B  F003         	call	_fputc	;wreg free
  5297   000650  EF0F  F003         	goto	l2487
  5298   000654                     l1400:
  5299   000654  0012               	return		;funcret
  5300   000656                     __end_of_vfpfcnvrt:
  5301                           	callstack 0
  5302                           
  5303 ;; *************** function _fputc *****************
  5304 ;; Defined at:
  5305 ;;		line 8 in file "/opt/microchip/xc8/v3.10/pic/sources/c99/common/nf_fputc.c"
  5306 ;; Parameters:    Size  Location     Type
  5307 ;;  c               2   12[COMRAM] int 
  5308 ;;  fp              2   14[COMRAM] PTR struct _IO_FILE
  5309 ;;		 -> NULL(0), 
  5310 ;; Auto vars:     Size  Location     Type
  5311 ;;		None
  5312 ;; Return value:  Size  Location     Type
  5313 ;;                  2   12[COMRAM] int 
  5314 ;; Registers used:
  5315 ;;		wreg, fsr1l, fsr1h, fsr2l, fsr2h, status,2, status,0, cstack
  5316 ;; Tracked objects:
  5317 ;;		On entry : 0/0
  5318 ;;		On exit  : 0/0
  5319 ;;		Unchanged: 0/0
  5320 ;; Data sizes:     COMRAM   BANK0   BANK1   BANK2   BANK3   BANK4   BANK5
  5321 ;;      Params:         4       0       0       0       0       0       0
  5322 ;;      Locals:         0       0       0       0       0       0       0
  5323 ;;      Temps:          5       0       0       0       0       0       0
  5324 ;;      Totals:         9       0       0       0       0       0       0
  5325 ;;Total ram usage:        9 bytes
  5326 ;; Hardware stack levels used: 1
  5327 ;; Hardware stack levels required when called: 6
  5328 ;; This function calls:
  5329 ;;		_putch
  5330 ;; This function is called by:
  5331 ;;		_vfpfcnvrt
  5332 ;; This function uses a non-reentrant model
  5333 ;;
  5334                           
  5335                           	psect	text4
  5336   000656                     __ptext4:
  5337                           	callstack 0
  5338   000656                     _fputc:
  5339                           	callstack 21
  5340   000656  5010               	movf	fputc@fp^0,w,c
  5341   000658  1011               	iorwf	(fputc@fp+1)^0,w,c
  5342   00065A  B4D8               	btfsc	status,2,c
  5343   00065C  EF32  F003         	goto	u891
  5344   000660  EF34  F003         	goto	u890
  5345   000664                     u891:
  5346   000664  EF3D  F003         	goto	l2407
  5347   000668                     u890:
  5348   000668  5010               	movf	fputc@fp^0,w,c
  5349   00066A  1011               	iorwf	(fputc@fp+1)^0,w,c
  5350   00066C  A4D8               	btfss	status,2,c
  5351   00066E  EF3B  F003         	goto	u901
  5352   000672  EF3D  F003         	goto	u900
  5353   000676                     u901:
  5354   000676  EF42  F003         	goto	l2409
  5355   00067A                     u900:
  5356   00067A                     l2407:
  5357   00067A  500E               	movf	fputc@c^0,w,c
  5358   00067C  ECDC  F005         	call	_putch
  5359   000680  EF8F  F003         	goto	l1433
  5360   000684                     l2409:
  5361   000684  EE20 F009          	lfsr	2,9
  5362   000688  5010               	movf	fputc@fp^0,w,c
  5363   00068A  26D9               	addwf	fsr2l,f,c
  5364   00068C  5011               	movf	(fputc@fp+1)^0,w,c
  5365   00068E  22DA               	addwfc	fsr2h,f,c
  5366   000690  50DE               	movf	postinc2,w,c
  5367   000692  10DE               	iorwf	postinc2,w,c
  5368   000694  B4D8               	btfsc	status,2,c
  5369   000696  EF4F  F003         	goto	u911
  5370   00069A  EF51  F003         	goto	u910
  5371   00069E                     u911:
  5372   00069E  EF6C  F003         	goto	l2413
  5373   0006A2                     u910:
  5374   0006A2  EE20 F009          	lfsr	2,9
  5375   0006A6  5010               	movf	fputc@fp^0,w,c
  5376   0006A8  26D9               	addwf	fsr2l,f,c
  5377   0006AA  5011               	movf	(fputc@fp+1)^0,w,c
  5378   0006AC  22DA               	addwfc	fsr2h,f,c
  5379   0006AE  EE10 F002          	lfsr	1,2
  5380   0006B2  5010               	movf	fputc@fp^0,w,c
  5381   0006B4  26E1               	addwf	fsr1l,f,c
  5382   0006B6  5011               	movf	(fputc@fp+1)^0,w,c
  5383   0006B8  22E2               	addwfc	fsr1h,f,c
  5384   0006BA  50DE               	movf	postinc2,w,c
  5385   0006BC  5CE6               	subwf	postinc1,w,c
  5386   0006BE  50E6               	movf	postinc1,w,c
  5387   0006C0  0A80               	xorlw	128
  5388   0006C2  6E16               	movwf	(??_fputc+4)^0,c
  5389   0006C4  50DE               	movf	postinc2,w,c
  5390   0006C6  0A80               	xorlw	128
  5391   0006C8  5816               	subwfb	(??_fputc+4)^0,w,c
  5392   0006CA  B0D8               	btfsc	status,0,c
  5393   0006CC  EF6A  F003         	goto	u921
  5394   0006D0  EF6C  F003         	goto	u920
  5395   0006D4                     u921:
  5396   0006D4  EF8F  F003         	goto	l1433
  5397   0006D8                     u920:
  5398   0006D8                     l2413:
  5399   0006D8  EE20 F002          	lfsr	2,2
  5400   0006DC  5010               	movf	fputc@fp^0,w,c
  5401   0006DE  26D9               	addwf	fsr2l,f,c
  5402   0006E0  5011               	movf	(fputc@fp+1)^0,w,c
  5403   0006E2  22DA               	addwfc	fsr2h,f,c
  5404   0006E4  CFDE F012          	movff	postinc2,??_fputc
  5405   0006E8  CFDD F013          	movff	postdec2,??_fputc+1
  5406   0006EC  C010  FFD9         	movff	fputc@fp,fsr2l
  5407   0006F0  C011  FFDA         	movff	fputc@fp+1,fsr2h
  5408   0006F4  CFDE F014          	movff	postinc2,??_fputc+2
  5409   0006F8  CFDD F015          	movff	postdec2,??_fputc+3
  5410   0006FC  5012               	movf	??_fputc^0,w,c
  5411   0006FE  2414               	addwf	(??_fputc+2)^0,w,c
  5412   000700  6ED9               	movwf	fsr2l,c
  5413   000702  5013               	movf	(??_fputc+1)^0,w,c
  5414   000704  2015               	addwfc	(??_fputc+3)^0,w,c
  5415   000706  6EDA               	movwf	fsr2h,c
  5416   000708  C00E  FFDF         	movff	fputc@c,indf2
  5417   00070C  EE20 F002          	lfsr	2,2
  5418   000710  5010               	movf	fputc@fp^0,w,c
  5419   000712  26D9               	addwf	fsr2l,f,c
  5420   000714  5011               	movf	(fputc@fp+1)^0,w,c
  5421   000716  22DA               	addwfc	fsr2h,f,c
  5422   000718  2ADE               	incf	postinc2,f,c
  5423   00071A  0E00               	movlw	0
  5424   00071C  22DD               	addwfc	postdec2,f,c
  5425   00071E                     l1433:
  5426   00071E  0012               	return		;funcret
  5427   000720                     __end_of_fputc:
  5428                           	callstack 0
  5429                           
  5430 ;; *************** function _putch *****************
  5431 ;; Defined at:
  5432 ;;		line 254 in file "mcc_generated_files/uart/src/eusart1.c"
  5433 ;; Parameters:    Size  Location     Type
  5434 ;;  txData          1    wreg     unsigned char 
  5435 ;; Auto vars:     Size  Location     Type
  5436 ;;  txData          1   11[COMRAM] unsigned char 
  5437 ;; Return value:  Size  Location     Type
  5438 ;;                  1    wreg      void 
  5439 ;; Registers used:
  5440 ;;		wreg, status,2, cstack
  5441 ;; Tracked objects:
  5442 ;;		On entry : 0/0
  5443 ;;		On exit  : 0/0
  5444 ;;		Unchanged: 0/0
  5445 ;; Data sizes:     COMRAM   BANK0   BANK1   BANK2   BANK3   BANK4   BANK5
  5446 ;;      Params:         0       0       0       0       0       0       0
  5447 ;;      Locals:         1       0       0       0       0       0       0
  5448 ;;      Temps:          0       0       0       0       0       0       0
  5449 ;;      Totals:         1       0       0       0       0       0       0
  5450 ;;Total ram usage:        1 bytes
  5451 ;; Hardware stack levels used: 1
  5452 ;; Hardware stack levels required when called: 5
  5453 ;; This function calls:
  5454 ;;		_EUSART1_IsTxReady
  5455 ;;		_EUSART1_Write
  5456 ;; This function is called by:
  5457 ;;		_fputc
  5458 ;; This function uses a non-reentrant model
  5459 ;;
  5460                           
  5461                           	psect	text5
  5462   000BB8                     __ptext5:
  5463                           	callstack 0
  5464   000BB8                     _putch:
  5465                           	callstack 21
  5466                           
  5467                           ;incstack = 0
  5468                           ;putch@txData stored from wreg
  5469   000BB8  6E0D               	movwf	putch@txData^0,c
  5470   000BBA                     l2397:
  5471                           
  5472                           ;mcc_generated_files/uart/src/eusart1.c: 256:     while(!(EUSART1_IsTxReady()))
  5473   000BBA  ECA3  F005         	call	_EUSART1_IsTxReady	;wreg free
  5474   000BBE  0900               	iorlw	0
  5475   000BC0  B4D8               	btfsc	status,2,c
  5476   000BC2  EFE5  F005         	goto	u881
  5477   000BC6  EFE7  F005         	goto	u880
  5478   000BCA                     u881:
  5479   000BCA  EFDD  F005         	goto	l2397
  5480   000BCE                     u880:
  5481   000BCE                     
  5482                           ;mcc_generated_files/uart/src/eusart1.c: 260:     return EUSART1_Write(txData);;	Return 
      +                          value of _putch is never used
  5483   000BCE  C00D  F00C         	movff	putch@txData,EUSART1_Write@txData
  5484   000BD2  EC71  F006         	call	_EUSART1_Write	;wreg free
  5485   000BD6  0012               	return		;funcret
  5486   000BD8                     __end_of_putch:
  5487                           	callstack 0
  5488                           
  5489 ;; *************** function _EUSART1_Write *****************
  5490 ;; Defined at:
  5491 ;;		line 240 in file "mcc_generated_files/uart/src/eusart1.c"
  5492 ;; Parameters:    Size  Location     Type
  5493 ;;  txData          1   10[COMRAM] unsigned char 
  5494 ;; Auto vars:     Size  Location     Type
  5495 ;;		None
  5496 ;; Return value:  Size  Location     Type
  5497 ;;                  1    wreg      void 
  5498 ;; Registers used:
  5499 ;;		None
  5500 ;; Tracked objects:
  5501 ;;		On entry : 0/0
  5502 ;;		On exit  : 0/0
  5503 ;;		Unchanged: 0/0
  5504 ;; Data sizes:     COMRAM   BANK0   BANK1   BANK2   BANK3   BANK4   BANK5
  5505 ;;      Params:         1       0       0       0       0       0       0
  5506 ;;      Locals:         0       0       0       0       0       0       0
  5507 ;;      Temps:          0       0       0       0       0       0       0
  5508 ;;      Totals:         1       0       0       0       0       0       0
  5509 ;;Total ram usage:        1 bytes
  5510 ;; Hardware stack levels used: 1
  5511 ;; Hardware stack levels required when called: 4
  5512 ;; This function calls:
  5513 ;;		Nothing
  5514 ;; This function is called by:
  5515 ;;		_putch
  5516 ;; This function uses a non-reentrant model
  5517 ;;
  5518                           
  5519                           	psect	text6
  5520   000CE2                     __ptext6:
  5521                           	callstack 0
  5522   000CE2                     _EUSART1_Write:
  5523                           	callstack 21
  5524   000CE2                     
  5525                           ;mcc_generated_files/uart/src/eusart1.c: 240: void EUSART1_Write(uint8_t txData);mcc_gen
      +                          erated_files/uart/src/eusart1.c: 241: {;mcc_generated_files/uart/src/eusart1.c: 242:    
      +                           TXREG1 = txData;
  5526   000CE2  C00C  FFAD         	movff	EUSART1_Write@txData,4013	;volatile
  5527   000CE6  0012               	return		;funcret
  5528   000CE8                     __end_of_EUSART1_Write:
  5529                           	callstack 0
  5530                           
  5531 ;; *************** function _EUSART1_IsTxReady *****************
  5532 ;; Defined at:
  5533 ;;		line 203 in file "mcc_generated_files/uart/src/eusart1.c"
  5534 ;; Parameters:    Size  Location     Type
  5535 ;;		None
  5536 ;; Auto vars:     Size  Location     Type
  5537 ;;		None
  5538 ;; Return value:  Size  Location     Type
  5539 ;;                  1    wreg      _Bool 
  5540 ;; Registers used:
  5541 ;;		wreg, status,2
  5542 ;; Tracked objects:
  5543 ;;		On entry : 0/0
  5544 ;;		On exit  : 0/0
  5545 ;;		Unchanged: 0/0
  5546 ;; Data sizes:     COMRAM   BANK0   BANK1   BANK2   BANK3   BANK4   BANK5
  5547 ;;      Params:         0       0       0       0       0       0       0
  5548 ;;      Locals:         1       0       0       0       0       0       0
  5549 ;;      Temps:          0       0       0       0       0       0       0
  5550 ;;      Totals:         1       0       0       0       0       0       0
  5551 ;;Total ram usage:        1 bytes
  5552 ;; Hardware stack levels used: 1
  5553 ;; Hardware stack levels required when called: 4
  5554 ;; This function calls:
  5555 ;;		Nothing
  5556 ;; This function is called by:
  5557 ;;		_putch
  5558 ;; This function uses a non-reentrant model
  5559 ;;
  5560                           
  5561                           	psect	text7
  5562   000B46                     __ptext7:
  5563                           	callstack 0
  5564   000B46                     _EUSART1_IsTxReady:
  5565                           	callstack 21
  5566   000B46                     
  5567                           ;mcc_generated_files/uart/src/eusart1.c: 205:     return (_Bool)(PIR1bits.TX1IF && TXSTA
      +                          1bits.TXEN);
  5568   000B46  6A0C               	clrf	_EUSART1_IsTxReady$1261^0,c
  5569   000B48  A89E               	btfss	158,4,c	;volatile
  5570   000B4A  EFA9  F005         	goto	u861
  5571   000B4E  EFAB  F005         	goto	u860
  5572   000B52                     u861:
  5573   000B52  EFB4  F005         	goto	l442
  5574   000B56                     u860:
  5575   000B56  AAAC               	btfss	172,5,c	;volatile
  5576   000B58  EFB0  F005         	goto	u871
  5577   000B5C  EFB2  F005         	goto	u870
  5578   000B60                     u871:
  5579   000B60  EFB4  F005         	goto	l442
  5580   000B64                     u870:
  5581   000B64  0E01               	movlw	1
  5582   000B66  6E0C               	movwf	_EUSART1_IsTxReady$1261^0,c
  5583   000B68                     l442:
  5584   000B68  500C               	movf	_EUSART1_IsTxReady$1261^0,w,c
  5585   000B6A  0012               	return		;funcret
  5586   000B6C                     __end_of_EUSART1_IsTxReady:
  5587                           	callstack 0
  5588                           
  5589 ;; *************** function _TMR0_PeriodSet *****************
  5590 ;; Defined at:
  5591 ;;		line 114 in file "mcc_generated_files/timer/src/tmr0.c"
  5592 ;; Parameters:    Size  Location     Type
  5593 ;;  periodCount     2   10[COMRAM] unsigned short 
  5594 ;; Auto vars:     Size  Location     Type
  5595 ;;		None
  5596 ;; Return value:  Size  Location     Type
  5597 ;;                  1    wreg      void 
  5598 ;; Registers used:
  5599 ;;		None
  5600 ;; Tracked objects:
  5601 ;;		On entry : 0/0
  5602 ;;		On exit  : 0/0
  5603 ;;		Unchanged: 0/0
  5604 ;; Data sizes:     COMRAM   BANK0   BANK1   BANK2   BANK3   BANK4   BANK5
  5605 ;;      Params:         2       0       0       0       0       0       0
  5606 ;;      Locals:         0       0       0       0       0       0       0
  5607 ;;      Temps:          0       0       0       0       0       0       0
  5608 ;;      Totals:         2       0       0       0       0       0       0
  5609 ;;Total ram usage:        2 bytes
  5610 ;; Hardware stack levels used: 1
  5611 ;; Hardware stack levels required when called: 4
  5612 ;; This function calls:
  5613 ;;		Nothing
  5614 ;; This function is called by:
  5615 ;;		_main
  5616 ;; This function uses a non-reentrant model
  5617 ;;
  5618                           
  5619                           	psect	text8
  5620   000CB0                     __ptext8:
  5621                           	callstack 0
  5622   000CB0                     _TMR0_PeriodSet:
  5623                           	callstack 26
  5624   000CB0                     
  5625                           ;mcc_generated_files/timer/src/tmr0.c: 114: void TMR0_PeriodSet(uint16_t periodCount);mc
      +                          c_generated_files/timer/src/tmr0.c: 115: {;mcc_generated_files/timer/src/tmr0.c: 116:   
      +                           tmr0PeriodCount = periodCount;
  5626   000CB0  C00C  F041         	movff	TMR0_PeriodSet@periodCount,_tmr0PeriodCount	;volatile
  5627   000CB4  C00D  F042         	movff	TMR0_PeriodSet@periodCount+1,_tmr0PeriodCount+1	;volatile
  5628   000CB8  0012               	return		;funcret
  5629   000CBA                     __end_of_TMR0_PeriodSet:
  5630                           	callstack 0
  5631                           
  5632 ;; *************** function _SYSTEM_Initialize *****************
  5633 ;; Defined at:
  5634 ;;		line 39 in file "mcc_generated_files/system/src/system.c"
  5635 ;; Parameters:    Size  Location     Type
  5636 ;;		None
  5637 ;; Auto vars:     Size  Location     Type
  5638 ;;		None
  5639 ;; Return value:  Size  Location     Type
  5640 ;;                  1    wreg      void 
  5641 ;; Registers used:
  5642 ;;		wreg, status,2, status,0, cstack
  5643 ;; Tracked objects:
  5644 ;;		On entry : 0/0
  5645 ;;		On exit  : 0/0
  5646 ;;		Unchanged: 0/0
  5647 ;; Data sizes:     COMRAM   BANK0   BANK1   BANK2   BANK3   BANK4   BANK5
  5648 ;;      Params:         0       0       0       0       0       0       0
  5649 ;;      Locals:         0       0       0       0       0       0       0
  5650 ;;      Temps:          0       0       0       0       0       0       0
  5651 ;;      Totals:         0       0       0       0       0       0       0
  5652 ;;Total ram usage:        0 bytes
  5653 ;; Hardware stack levels used: 1
  5654 ;; Hardware stack levels required when called: 6
  5655 ;; This function calls:
  5656 ;;		_CLOCK_Initialize
  5657 ;;		_ECCP1_Initialize
  5658 ;;		_ECCP2_Initialize
  5659 ;;		_ECCP3_Initialize
  5660 ;;		_EUSART1_Initialize
  5661 ;;		_INTERRUPT_Initialize
  5662 ;;		_PIN_MANAGER_Initialize
  5663 ;;		_TMR0_Initialize
  5664 ;;		_TMR2_Initialize
  5665 ;; This function is called by:
  5666 ;;		_main
  5667 ;; This function uses a non-reentrant model
  5668 ;;
  5669                           
  5670                           	psect	text9
  5671   000B6C                     __ptext9:
  5672                           	callstack 0
  5673   000B6C                     _SYSTEM_Initialize:
  5674                           	callstack 24
  5675   000B6C                     
  5676                           ;mcc_generated_files/system/src/system.c: 41:     CLOCK_Initialize();
  5677   000B6C  EC51  F006         	call	_CLOCK_Initialize	;wreg free
  5678                           
  5679                           ;mcc_generated_files/system/src/system.c: 42:     PIN_MANAGER_Initialize();
  5680   000B70  EC8C  F005         	call	_PIN_MANAGER_Initialize	;wreg free
  5681   000B74                     
  5682                           ;mcc_generated_files/system/src/system.c: 43:     TMR0_Initialize();
  5683   000B74  ECC9  F005         	call	_TMR0_Initialize	;wreg free
  5684   000B78                     
  5685                           ;mcc_generated_files/system/src/system.c: 44:     TMR2_Initialize();
  5686   000B78  EC17  F006         	call	_TMR2_Initialize	;wreg free
  5687                           
  5688                           ;mcc_generated_files/system/src/system.c: 45:     ECCP1_Initialize();
  5689   000B7C  EC3B  F006         	call	_ECCP1_Initialize	;wreg free
  5690                           
  5691                           ;mcc_generated_files/system/src/system.c: 46:     ECCP2_Initialize();
  5692   000B80  EC2F  F006         	call	_ECCP2_Initialize	;wreg free
  5693                           
  5694                           ;mcc_generated_files/system/src/system.c: 47:     ECCP3_Initialize();
  5695   000B84  EC23  F006         	call	_ECCP3_Initialize	;wreg free
  5696   000B88                     
  5697                           ;mcc_generated_files/system/src/system.c: 48:     EUSART1_Initialize();
  5698   000B88  EC72  F005         	call	_EUSART1_Initialize	;wreg free
  5699   000B8C                     
  5700                           ;mcc_generated_files/system/src/system.c: 49:     INTERRUPT_Initialize();
  5701   000B8C  EC58  F005         	call	_INTERRUPT_Initialize	;wreg free
  5702   000B90  0012               	return		;funcret
  5703   000B92                     __end_of_SYSTEM_Initialize:
  5704                           	callstack 0
  5705                           
  5706 ;; *************** function _TMR2_Initialize *****************
  5707 ;; Defined at:
  5708 ;;		line 45 in file "mcc_generated_files/timer/src/tmr2.c"
  5709 ;; Parameters:    Size  Location     Type
  5710 ;;		None
  5711 ;; Auto vars:     Size  Location     Type
  5712 ;;		None
  5713 ;; Return value:  Size  Location     Type
  5714 ;;                  1    wreg      void 
  5715 ;; Registers used:
  5716 ;;		wreg, status,2, status,0
  5717 ;; Tracked objects:
  5718 ;;		On entry : 0/0
  5719 ;;		On exit  : 0/0
  5720 ;;		Unchanged: 0/0
  5721 ;; Data sizes:     COMRAM   BANK0   BANK1   BANK2   BANK3   BANK4   BANK5
  5722 ;;      Params:         0       0       0       0       0       0       0
  5723 ;;      Locals:         0       0       0       0       0       0       0
  5724 ;;      Temps:          0       0       0       0       0       0       0
  5725 ;;      Totals:         0       0       0       0       0       0       0
  5726 ;;Total ram usage:        0 bytes
  5727 ;; Hardware stack levels used: 1
  5728 ;; Hardware stack levels required when called: 4
  5729 ;; This function calls:
  5730 ;;		Nothing
  5731 ;; This function is called by:
  5732 ;;		_SYSTEM_Initialize
  5733 ;; This function uses a non-reentrant model
  5734 ;;
  5735                           
  5736                           	psect	text10
  5737   000C2E                     __ptext10:
  5738                           	callstack 0
  5739   000C2E                     _TMR2_Initialize:
  5740                           	callstack 25
  5741   000C2E                     
  5742                           ;mcc_generated_files/timer/src/tmr2.c: 48:     PR2 = 0x3F;
  5743   000C2E  0E3F               	movlw	63
  5744   000C30  6EBB               	movwf	187,c	;volatile
  5745   000C32                     
  5746                           ;mcc_generated_files/timer/src/tmr2.c: 49:     TMR2 = 0x0;
  5747   000C32  6ABC               	clrf	188,c	;volatile
  5748   000C34                     
  5749                           ;mcc_generated_files/timer/src/tmr2.c: 50:     TMR2_PeriodMatchCallback = TMR2_DefaultPe
      +                          riodMatchCallback;
  5750   000C34  0E00               	movlw	0
  5751   000C36  0100               	movlb	0	; () banked
  5752   000C38  6FD6               	movwf	_TMR2_PeriodMatchCallback& (0+255),b
  5753   000C3A  0E00               	movlw	0
  5754   000C3C  6FD7               	movwf	(_TMR2_PeriodMatchCallback+1)& (0+255),b
  5755   000C3E                     
  5756                           ; BSR set to: 0
  5757                           ;mcc_generated_files/timer/src/tmr2.c: 52:     PIR1bits.TMR2IF = 0;
  5758   000C3E  929E               	bcf	158,1,c	;volatile
  5759   000C40                     
  5760                           ; BSR set to: 0
  5761                           ;mcc_generated_files/timer/src/tmr2.c: 53:     T2CON = (2 << 0x0)
  5762   000C40  0E06               	movlw	6
  5763   000C42  6EBA               	movwf	186,c	;volatile
  5764   000C44                     
  5765                           ; BSR set to: 0
  5766   000C44  0012               	return		;funcret
  5767   000C46                     __end_of_TMR2_Initialize:
  5768                           	callstack 0
  5769                           
  5770 ;; *************** function _TMR0_Initialize *****************
  5771 ;; Defined at:
  5772 ;;		line 48 in file "mcc_generated_files/timer/src/tmr0.c"
  5773 ;; Parameters:    Size  Location     Type
  5774 ;;		None
  5775 ;; Auto vars:     Size  Location     Type
  5776 ;;		None
  5777 ;; Return value:  Size  Location     Type
  5778 ;;                  1    wreg      void 
  5779 ;; Registers used:
  5780 ;;		wreg, status,2, status,0, cstack
  5781 ;; Tracked objects:
  5782 ;;		On entry : 0/0
  5783 ;;		On exit  : 0/0
  5784 ;;		Unchanged: 0/0
  5785 ;; Data sizes:     COMRAM   BANK0   BANK1   BANK2   BANK3   BANK4   BANK5
  5786 ;;      Params:         0       0       0       0       0       0       0
  5787 ;;      Locals:         0       0       0       0       0       0       0
  5788 ;;      Temps:          0       0       0       0       0       0       0
  5789 ;;      Totals:         0       0       0       0       0       0       0
  5790 ;;Total ram usage:        0 bytes
  5791 ;; Hardware stack levels used: 1
  5792 ;; Hardware stack levels required when called: 5
  5793 ;; This function calls:
  5794 ;;		_TMR0_OverflowCallbackRegister
  5795 ;; This function is called by:
  5796 ;;		_SYSTEM_Initialize
  5797 ;; This function uses a non-reentrant model
  5798 ;;
  5799                           
  5800                           	psect	text11
  5801   000B92                     __ptext11:
  5802                           	callstack 0
  5803   000B92                     _TMR0_Initialize:
  5804                           	callstack 24
  5805   000B92                     
  5806                           ;mcc_generated_files/timer/src/tmr0.c: 51:     T0CONbits.T08BIT = 0;
  5807   000B92  9CD5               	bcf	213,6,c	;volatile
  5808   000B94                     
  5809                           ;mcc_generated_files/timer/src/tmr0.c: 52:     TMR0H = 0xF6;
  5810   000B94  0EF6               	movlw	246
  5811   000B96  6ED7               	movwf	215,c	;volatile
  5812   000B98                     
  5813                           ;mcc_generated_files/timer/src/tmr0.c: 53:     TMR0L = 0x0;
  5814   000B98  6AD6               	clrf	214,c	;volatile
  5815                           
  5816                           ;mcc_generated_files/timer/src/tmr0.c: 54:     tmr0PeriodCount = 62976U;
  5817   000B9A  0EF6               	movlw	246
  5818   000B9C  6E42               	movwf	(_tmr0PeriodCount+1)^0,c	;volatile
  5819   000B9E  0E00               	movlw	0
  5820   000BA0  6E41               	movwf	_tmr0PeriodCount^0,c	;volatile
  5821   000BA2                     
  5822                           ;mcc_generated_files/timer/src/tmr0.c: 55:     TMR0_OverflowCallbackRegister(TMR0_Defaul
      +                          tOverflowCallback);
  5823   000BA2  0EF2               	movlw	low _TMR0_DefaultOverflowCallback
  5824   000BA4  6E0C               	movwf	TMR0_OverflowCallbackRegister@callbackHandler^0,c
  5825   000BA6  0E0C               	movlw	high _TMR0_DefaultOverflowCallback
  5826   000BA8  6E0D               	movwf	(TMR0_OverflowCallbackRegister@callbackHandler+1)^0,c
  5827   000BAA  EC5D  F006         	call	_TMR0_OverflowCallbackRegister	;wreg free
  5828   000BAE                     
  5829                           ;mcc_generated_files/timer/src/tmr0.c: 57:     INTCONbits.TMR0IF = 0;
  5830   000BAE  94F2               	bcf	242,2,c	;volatile
  5831   000BB0                     
  5832                           ;mcc_generated_files/timer/src/tmr0.c: 58:     INTCONbits.TMR0IE = 1;
  5833   000BB0  8AF2               	bsf	242,5,c	;volatile
  5834   000BB2                     
  5835                           ;mcc_generated_files/timer/src/tmr0.c: 60:     T0CON = (3 << 0x0)
  5836   000BB2  0E93               	movlw	147
  5837   000BB4  6ED5               	movwf	213,c	;volatile
  5838   000BB6  0012               	return		;funcret
  5839   000BB8                     __end_of_TMR0_Initialize:
  5840                           	callstack 0
  5841                           
  5842 ;; *************** function _TMR0_OverflowCallbackRegister *****************
  5843 ;; Defined at:
  5844 ;;		line 154 in file "mcc_generated_files/timer/src/tmr0.c"
  5845 ;; Parameters:    Size  Location     Type
  5846 ;;  callbackHand    2   10[COMRAM] PTR FTN()void 
  5847 ;;		 -> timer0ISR(1), TMR0_DefaultOverflowCallback(1), 
  5848 ;; Auto vars:     Size  Location     Type
  5849 ;;		None
  5850 ;; Return value:  Size  Location     Type
  5851 ;;                  1    wreg      void 
  5852 ;; Registers used:
  5853 ;;		wreg, status,2, status,0
  5854 ;; Tracked objects:
  5855 ;;		On entry : 0/0
  5856 ;;		On exit  : 0/0
  5857 ;;		Unchanged: 0/0
  5858 ;; Data sizes:     COMRAM   BANK0   BANK1   BANK2   BANK3   BANK4   BANK5
  5859 ;;      Params:         2       0       0       0       0       0       0
  5860 ;;      Locals:         0       0       0       0       0       0       0
  5861 ;;      Temps:          0       0       0       0       0       0       0
  5862 ;;      Totals:         2       0       0       0       0       0       0
  5863 ;;Total ram usage:        2 bytes
  5864 ;; Hardware stack levels used: 1
  5865 ;; Hardware stack levels required when called: 4
  5866 ;; This function calls:
  5867 ;;		Nothing
  5868 ;; This function is called by:
  5869 ;;		_TMR0_Initialize
  5870 ;;		_main
  5871 ;; This function uses a non-reentrant model
  5872 ;;
  5873                           
  5874                           	psect	text12
  5875   000CBA                     __ptext12:
  5876                           	callstack 0
  5877   000CBA                     _TMR0_OverflowCallbackRegister:
  5878                           	callstack 24
  5879   000CBA                     
  5880                           ;mcc_generated_files/timer/src/tmr0.c: 154: void TMR0_OverflowCallbackRegister(void (* c
      +                          allbackHandler)(void));mcc_generated_files/timer/src/tmr0.c: 155: {;mcc_generated_files/
      +                          timer/src/tmr0.c: 156:     TMR0_OverflowCallback = callbackHandler;
  5881   000CBA  C00C  F04D         	movff	TMR0_OverflowCallbackRegister@callbackHandler,_TMR0_OverflowCallback
  5882   000CBE  C00D  F04E         	movff	TMR0_OverflowCallbackRegister@callbackHandler+1,_TMR0_OverflowCallback+1
  5883   000CC2  0012               	return		;funcret
  5884   000CC4                     __end_of_TMR0_OverflowCallbackRegister:
  5885                           	callstack 0
  5886                           
  5887 ;; *************** function _PIN_MANAGER_Initialize *****************
  5888 ;; Defined at:
  5889 ;;		line 38 in file "mcc_generated_files/system/src/pins.c"
  5890 ;; Parameters:    Size  Location     Type
  5891 ;;		None
  5892 ;; Auto vars:     Size  Location     Type
  5893 ;;		None
  5894 ;; Return value:  Size  Location     Type
  5895 ;;                  1    wreg      void 
  5896 ;; Registers used:
  5897 ;;		wreg, status,2
  5898 ;; Tracked objects:
  5899 ;;		On entry : 0/0
  5900 ;;		On exit  : 0/0
  5901 ;;		Unchanged: 0/0
  5902 ;; Data sizes:     COMRAM   BANK0   BANK1   BANK2   BANK3   BANK4   BANK5
  5903 ;;      Params:         0       0       0       0       0       0       0
  5904 ;;      Locals:         0       0       0       0       0       0       0
  5905 ;;      Temps:          0       0       0       0       0       0       0
  5906 ;;      Totals:         0       0       0       0       0       0       0
  5907 ;;Total ram usage:        0 bytes
  5908 ;; Hardware stack levels used: 1
  5909 ;; Hardware stack levels required when called: 4
  5910 ;; This function calls:
  5911 ;;		Nothing
  5912 ;; This function is called by:
  5913 ;;		_SYSTEM_Initialize
  5914 ;; This function uses a non-reentrant model
  5915 ;;
  5916                           
  5917                           	psect	text13
  5918   000B18                     __ptext13:
  5919                           	callstack 0
  5920   000B18                     _PIN_MANAGER_Initialize:
  5921                           	callstack 25
  5922   000B18                     
  5923                           ;mcc_generated_files/system/src/pins.c: 43:     LATA = 0x0;
  5924   000B18  6A89               	clrf	137,c	;volatile
  5925                           
  5926                           ;mcc_generated_files/system/src/pins.c: 44:     LATB = 0x0;
  5927   000B1A  6A8A               	clrf	138,c	;volatile
  5928   000B1C                     
  5929                           ;mcc_generated_files/system/src/pins.c: 45:     LATC = 0x40;
  5930   000B1C  0E40               	movlw	64
  5931   000B1E  6E8B               	movwf	139,c	;volatile
  5932   000B20                     
  5933                           ;mcc_generated_files/system/src/pins.c: 53:     TRISA = 0xFF;
  5934   000B20  6892               	setf	146,c	;volatile
  5935                           
  5936                           ;mcc_generated_files/system/src/pins.c: 54:     TRISB = 0xDF;
  5937   000B22  0EDF               	movlw	223
  5938   000B24  6E93               	movwf	147,c	;volatile
  5939                           
  5940                           ;mcc_generated_files/system/src/pins.c: 55:     TRISC = 0xB9;
  5941   000B26  0EB9               	movlw	185
  5942   000B28  6E94               	movwf	148,c	;volatile
  5943                           
  5944                           ;mcc_generated_files/system/src/pins.c: 56:     TRISE = 0x80;
  5945   000B2A  0E80               	movlw	128
  5946   000B2C  6E96               	movwf	150,c	;volatile
  5947                           
  5948                           ;mcc_generated_files/system/src/pins.c: 61:     ANSELA = 0x2F;
  5949   000B2E  0E2F               	movlw	47
  5950   000B30  010F               	movlb	15	; () banked
  5951   000B32  6F38               	movwf	56,b	;volatile
  5952                           
  5953                           ;mcc_generated_files/system/src/pins.c: 62:     ANSELB = 0x3F;
  5954   000B34  0E3F               	movlw	63
  5955   000B36  6F39               	movwf	57,b	;volatile
  5956                           
  5957                           ;mcc_generated_files/system/src/pins.c: 63:     ANSELC = 0x3C;
  5958   000B38  0E3C               	movlw	60
  5959   000B3A  6F3A               	movwf	58,b	;volatile
  5960   000B3C                     
  5961                           ; BSR set to: 15
  5962                           ;mcc_generated_files/system/src/pins.c: 68:     WPUB = 0xFF;
  5963   000B3C  6861               	setf	97,c	;volatile
  5964                           
  5965                           ;mcc_generated_files/system/src/pins.c: 89:     IOCB = 0xF0;
  5966   000B3E  0EF0               	movlw	240
  5967   000B40  6E62               	movwf	98,c	;volatile
  5968   000B42                     
  5969                           ; BSR set to: 15
  5970                           ;mcc_generated_files/system/src/pins.c: 93:     INTCONbits.RBIE = 1;
  5971   000B42  86F2               	bsf	242,3,c	;volatile
  5972   000B44                     
  5973                           ; BSR set to: 15
  5974   000B44  0012               	return		;funcret
  5975   000B46                     __end_of_PIN_MANAGER_Initialize:
  5976                           	callstack 0
  5977                           
  5978 ;; *************** function _INTERRUPT_Initialize *****************
  5979 ;; Defined at:
  5980 ;;		line 42 in file "mcc_generated_files/system/src/interrupt.c"
  5981 ;; Parameters:    Size  Location     Type
  5982 ;;		None
  5983 ;; Auto vars:     Size  Location     Type
  5984 ;;		None
  5985 ;; Return value:  Size  Location     Type
  5986 ;;                  1    wreg      void 
  5987 ;; Registers used:
  5988 ;;		wreg, status,2, status,0, cstack
  5989 ;; Tracked objects:
  5990 ;;		On entry : 0/0
  5991 ;;		On exit  : 0/0
  5992 ;;		Unchanged: 0/0
  5993 ;; Data sizes:     COMRAM   BANK0   BANK1   BANK2   BANK3   BANK4   BANK5
  5994 ;;      Params:         0       0       0       0       0       0       0
  5995 ;;      Locals:         0       0       0       0       0       0       0
  5996 ;;      Temps:          0       0       0       0       0       0       0
  5997 ;;      Totals:         0       0       0       0       0       0       0
  5998 ;;Total ram usage:        0 bytes
  5999 ;; Hardware stack levels used: 1
  6000 ;; Hardware stack levels required when called: 5
  6001 ;; This function calls:
  6002 ;;		_INT0_SetInterruptHandler
  6003 ;;		_INT1_SetInterruptHandler
  6004 ;;		_INT2_SetInterruptHandler
  6005 ;; This function is called by:
  6006 ;;		_SYSTEM_Initialize
  6007 ;; This function uses a non-reentrant model
  6008 ;;
  6009                           
  6010                           	psect	text14
  6011   000AB0                     __ptext14:
  6012                           	callstack 0
  6013   000AB0                     _INTERRUPT_Initialize:
  6014                           	callstack 24
  6015   000AB0                     
  6016                           ;mcc_generated_files/system/src/interrupt.c: 45:     RCONbits.IPEN = 0;
  6017   000AB0  9ED0               	bcf	208,7,c	;volatile
  6018                           
  6019                           ;mcc_generated_files/system/src/interrupt.c: 49:     (INTCONbits.INT0IF = 0);
  6020   000AB2  92F2               	bcf	242,1,c	;volatile
  6021                           
  6022                           ;mcc_generated_files/system/src/interrupt.c: 50:     (INTCON2bits.INTEDG0 = 1);
  6023   000AB4  8CF1               	bsf	241,6,c	;volatile
  6024   000AB6                     
  6025                           ;mcc_generated_files/system/src/interrupt.c: 52:     INT0_SetInterruptHandler(INT0_Defau
      +                          ltInterruptHandler);
  6026   000AB6  0E00               	movlw	0
  6027   000AB8  6E0C               	movwf	INT0_SetInterruptHandler@InterruptHandler^0,c
  6028   000ABA  0E00               	movlw	0
  6029   000ABC  6E0D               	movwf	(INT0_SetInterruptHandler@InterruptHandler+1)^0,c
  6030   000ABE  EC6C  F006         	call	_INT0_SetInterruptHandler	;wreg free
  6031   000AC2                     
  6032                           ;mcc_generated_files/system/src/interrupt.c: 57:     (INTCON3bits.INT1IF = 0);
  6033   000AC2  90F0               	bcf	240,0,c	;volatile
  6034   000AC4                     
  6035                           ;mcc_generated_files/system/src/interrupt.c: 58:     (INTCON2bits.INTEDG1 = 1);
  6036   000AC4  8AF1               	bsf	241,5,c	;volatile
  6037                           
  6038                           ;mcc_generated_files/system/src/interrupt.c: 60:     INT1_SetInterruptHandler(INT1_Defau
      +                          ltInterruptHandler);
  6039   000AC6  0E00               	movlw	0
  6040   000AC8  6E0C               	movwf	INT1_SetInterruptHandler@InterruptHandler^0,c
  6041   000ACA  0E00               	movlw	0
  6042   000ACC  6E0D               	movwf	(INT1_SetInterruptHandler@InterruptHandler+1)^0,c
  6043   000ACE  EC67  F006         	call	_INT1_SetInterruptHandler	;wreg free
  6044   000AD2                     
  6045                           ;mcc_generated_files/system/src/interrupt.c: 65:     (INTCON3bits.INT2IF = 0);
  6046   000AD2  92F0               	bcf	240,1,c	;volatile
  6047   000AD4                     
  6048                           ;mcc_generated_files/system/src/interrupt.c: 66:     (INTCON2bits.INTEDG2 = 1);
  6049   000AD4  88F1               	bsf	241,4,c	;volatile
  6050                           
  6051                           ;mcc_generated_files/system/src/interrupt.c: 68:     INT2_SetInterruptHandler(INT2_Defau
      +                          ltInterruptHandler);
  6052   000AD6  0E00               	movlw	0
  6053   000AD8  6E0C               	movwf	INT2_SetInterruptHandler@InterruptHandler^0,c
  6054   000ADA  0E00               	movlw	0
  6055   000ADC  6E0D               	movwf	(INT2_SetInterruptHandler@InterruptHandler+1)^0,c
  6056   000ADE  EC62  F006         	call	_INT2_SetInterruptHandler	;wreg free
  6057   000AE2  0012               	return		;funcret
  6058   000AE4                     __end_of_INTERRUPT_Initialize:
  6059                           	callstack 0
  6060                           
  6061 ;; *************** function _INT2_SetInterruptHandler *****************
  6062 ;; Defined at:
  6063 ;;		line 162 in file "mcc_generated_files/system/src/interrupt.c"
  6064 ;; Parameters:    Size  Location     Type
  6065 ;;  InterruptHan    2   10[COMRAM] PTR FTN()void 
  6066 ;;		 -> INT2_DefaultInterruptHandler(1), 
  6067 ;; Auto vars:     Size  Location     Type
  6068 ;;		None
  6069 ;; Return value:  Size  Location     Type
  6070 ;;                  1    wreg      void 
  6071 ;; Registers used:
  6072 ;;		wreg, status,2, status,0
  6073 ;; Tracked objects:
  6074 ;;		On entry : 0/0
  6075 ;;		On exit  : 0/0
  6076 ;;		Unchanged: 0/0
  6077 ;; Data sizes:     COMRAM   BANK0   BANK1   BANK2   BANK3   BANK4   BANK5
  6078 ;;      Params:         2       0       0       0       0       0       0
  6079 ;;      Locals:         0       0       0       0       0       0       0
  6080 ;;      Temps:          0       0       0       0       0       0       0
  6081 ;;      Totals:         2       0       0       0       0       0       0
  6082 ;;Total ram usage:        2 bytes
  6083 ;; Hardware stack levels used: 1
  6084 ;; Hardware stack levels required when called: 4
  6085 ;; This function calls:
  6086 ;;		Nothing
  6087 ;; This function is called by:
  6088 ;;		_INTERRUPT_Initialize
  6089 ;; This function uses a non-reentrant model
  6090 ;;
  6091                           
  6092                           	psect	text15
  6093   000CC4                     __ptext15:
  6094                           	callstack 0
  6095   000CC4                     _INT2_SetInterruptHandler:
  6096                           	callstack 24
  6097   000CC4                     
  6098                           ;mcc_generated_files/system/src/interrupt.c: 163:     INT2_InterruptHandler = InterruptH
      +                          andler;
  6099   000CC4  C00C  F043         	movff	INT2_SetInterruptHandler@InterruptHandler,_INT2_InterruptHandler
  6100   000CC8  C00D  F044         	movff	INT2_SetInterruptHandler@InterruptHandler+1,_INT2_InterruptHandler+1
  6101   000CCC  0012               	return		;funcret
  6102   000CCE                     __end_of_INT2_SetInterruptHandler:
  6103                           	callstack 0
  6104                           
  6105 ;; *************** function _INT1_SetInterruptHandler *****************
  6106 ;; Defined at:
  6107 ;;		line 136 in file "mcc_generated_files/system/src/interrupt.c"
  6108 ;; Parameters:    Size  Location     Type
  6109 ;;  InterruptHan    2   10[COMRAM] PTR FTN()void 
  6110 ;;		 -> INT1_DefaultInterruptHandler(1), 
  6111 ;; Auto vars:     Size  Location     Type
  6112 ;;		None
  6113 ;; Return value:  Size  Location     Type
  6114 ;;                  1    wreg      void 
  6115 ;; Registers used:
  6116 ;;		wreg, status,2, status,0
  6117 ;; Tracked objects:
  6118 ;;		On entry : 0/0
  6119 ;;		On exit  : 0/0
  6120 ;;		Unchanged: 0/0
  6121 ;; Data sizes:     COMRAM   BANK0   BANK1   BANK2   BANK3   BANK4   BANK5
  6122 ;;      Params:         2       0       0       0       0       0       0
  6123 ;;      Locals:         0       0       0       0       0       0       0
  6124 ;;      Temps:          0       0       0       0       0       0       0
  6125 ;;      Totals:         2       0       0       0       0       0       0
  6126 ;;Total ram usage:        2 bytes
  6127 ;; Hardware stack levels used: 1
  6128 ;; Hardware stack levels required when called: 4
  6129 ;; This function calls:
  6130 ;;		Nothing
  6131 ;; This function is called by:
  6132 ;;		_INTERRUPT_Initialize
  6133 ;; This function uses a non-reentrant model
  6134 ;;
  6135                           
  6136                           	psect	text16
  6137   000CCE                     __ptext16:
  6138                           	callstack 0
  6139   000CCE                     _INT1_SetInterruptHandler:
  6140                           	callstack 24
  6141   000CCE                     
  6142                           ;mcc_generated_files/system/src/interrupt.c: 137:     INT1_InterruptHandler = InterruptH
      +                          andler;
  6143   000CCE  C00C  F045         	movff	INT1_SetInterruptHandler@InterruptHandler,_INT1_InterruptHandler
  6144   000CD2  C00D  F046         	movff	INT1_SetInterruptHandler@InterruptHandler+1,_INT1_InterruptHandler+1
  6145   000CD6  0012               	return		;funcret
  6146   000CD8                     __end_of_INT1_SetInterruptHandler:
  6147                           	callstack 0
  6148                           
  6149 ;; *************** function _INT0_SetInterruptHandler *****************
  6150 ;; Defined at:
  6151 ;;		line 110 in file "mcc_generated_files/system/src/interrupt.c"
  6152 ;; Parameters:    Size  Location     Type
  6153 ;;  InterruptHan    2   10[COMRAM] PTR FTN()void 
  6154 ;;		 -> INT0_DefaultInterruptHandler(1), 
  6155 ;; Auto vars:     Size  Location     Type
  6156 ;;		None
  6157 ;; Return value:  Size  Location     Type
  6158 ;;                  1    wreg      void 
  6159 ;; Registers used:
  6160 ;;		wreg, status,2, status,0
  6161 ;; Tracked objects:
  6162 ;;		On entry : 0/0
  6163 ;;		On exit  : 0/0
  6164 ;;		Unchanged: 0/0
  6165 ;; Data sizes:     COMRAM   BANK0   BANK1   BANK2   BANK3   BANK4   BANK5
  6166 ;;      Params:         2       0       0       0       0       0       0
  6167 ;;      Locals:         0       0       0       0       0       0       0
  6168 ;;      Temps:          0       0       0       0       0       0       0
  6169 ;;      Totals:         2       0       0       0       0       0       0
  6170 ;;Total ram usage:        2 bytes
  6171 ;; Hardware stack levels used: 1
  6172 ;; Hardware stack levels required when called: 4
  6173 ;; This function calls:
  6174 ;;		Nothing
  6175 ;; This function is called by:
  6176 ;;		_INTERRUPT_Initialize
  6177 ;; This function uses a non-reentrant model
  6178 ;;
  6179                           
  6180                           	psect	text17
  6181   000CD8                     __ptext17:
  6182                           	callstack 0
  6183   000CD8                     _INT0_SetInterruptHandler:
  6184                           	callstack 24
  6185   000CD8                     
  6186                           ;mcc_generated_files/system/src/interrupt.c: 111:     INT0_InterruptHandler = InterruptH
      +                          andler;
  6187   000CD8  C00C  F047         	movff	INT0_SetInterruptHandler@InterruptHandler,_INT0_InterruptHandler
  6188   000CDC  C00D  F048         	movff	INT0_SetInterruptHandler@InterruptHandler+1,_INT0_InterruptHandler+1
  6189   000CE0  0012               	return		;funcret
  6190   000CE2                     __end_of_INT0_SetInterruptHandler:
  6191                           	callstack 0
  6192                           
  6193 ;; *************** function _EUSART1_Initialize *****************
  6194 ;; Defined at:
  6195 ;;		line 99 in file "mcc_generated_files/uart/src/eusart1.c"
  6196 ;; Parameters:    Size  Location     Type
  6197 ;;		None
  6198 ;; Auto vars:     Size  Location     Type
  6199 ;;		None
  6200 ;; Return value:  Size  Location     Type
  6201 ;;                  1    wreg      void 
  6202 ;; Registers used:
  6203 ;;		wreg, status,2, status,0, cstack
  6204 ;; Tracked objects:
  6205 ;;		On entry : 0/0
  6206 ;;		On exit  : 0/0
  6207 ;;		Unchanged: 0/0
  6208 ;; Data sizes:     COMRAM   BANK0   BANK1   BANK2   BANK3   BANK4   BANK5
  6209 ;;      Params:         0       0       0       0       0       0       0
  6210 ;;      Locals:         0       0       0       0       0       0       0
  6211 ;;      Temps:          0       0       0       0       0       0       0
  6212 ;;      Totals:         0       0       0       0       0       0       0
  6213 ;;Total ram usage:        0 bytes
  6214 ;; Hardware stack levels used: 1
  6215 ;; Hardware stack levels required when called: 5
  6216 ;; This function calls:
  6217 ;;		_EUSART1_FramingErrorCallbackRegister
  6218 ;;		_EUSART1_OverrunErrorCallbackRegister
  6219 ;; This function is called by:
  6220 ;;		_SYSTEM_Initialize
  6221 ;; This function uses a non-reentrant model
  6222 ;;
  6223                           
  6224                           	psect	text18
  6225   000AE4                     __ptext18:
  6226                           	callstack 0
  6227   000AE4                     _EUSART1_Initialize:
  6228                           	callstack 24
  6229   000AE4                     
  6230                           ;mcc_generated_files/uart/src/eusart1.c: 104:     BAUDCON1 = 0x48;
  6231   000AE4  0E48               	movlw	72
  6232   000AE6  6EB8               	movwf	184,c	;volatile
  6233                           
  6234                           ;mcc_generated_files/uart/src/eusart1.c: 106:     RCSTA1 = 0x90;
  6235   000AE8  0E90               	movlw	144
  6236   000AEA  6EAB               	movwf	171,c	;volatile
  6237                           
  6238                           ;mcc_generated_files/uart/src/eusart1.c: 108:     TXSTA1 = 0x26;
  6239   000AEC  0E26               	movlw	38
  6240   000AEE  6EAC               	movwf	172,c	;volatile
  6241                           
  6242                           ;mcc_generated_files/uart/src/eusart1.c: 110:     SPBRG1 = 0x82;
  6243   000AF0  0E82               	movlw	130
  6244   000AF2  6EAF               	movwf	175,c	;volatile
  6245                           
  6246                           ;mcc_generated_files/uart/src/eusart1.c: 112:     SPBRGH1 = 0x6;
  6247   000AF4  0E06               	movlw	6
  6248   000AF6  6EB0               	movwf	176,c	;volatile
  6249   000AF8                     
  6250                           ;mcc_generated_files/uart/src/eusart1.c: 114:     EUSART1_FramingErrorCallbackRegister(E
      +                          USART1_DefaultFramingErrorCallback);
  6251   000AF8  0EF0               	movlw	low _EUSART1_DefaultFramingErrorCallback
  6252   000AFA  6E0C               	movwf	EUSART1_FramingErrorCallbackRegister@callbackHandler^0,c
  6253   000AFC  0E0C               	movlw	high _EUSART1_DefaultFramingErrorCallback
  6254   000AFE  6E0D               	movwf	(EUSART1_FramingErrorCallbackRegister@callbackHandler+1)^0,c
  6255   000B00  EC09  F006         	call	_EUSART1_FramingErrorCallbackRegister	;wreg free
  6256   000B04                     
  6257                           ;mcc_generated_files/uart/src/eusart1.c: 115:     EUSART1_OverrunErrorCallbackRegister(E
      +                          USART1_DefaultOverrunErrorCallback);
  6258   000B04  0EE8               	movlw	low _EUSART1_DefaultOverrunErrorCallback
  6259   000B06  6E0C               	movwf	EUSART1_OverrunErrorCallbackRegister@callbackHandler^0,c
  6260   000B08  0E0C               	movlw	high _EUSART1_DefaultOverrunErrorCallback
  6261   000B0A  6E0D               	movwf	(EUSART1_OverrunErrorCallbackRegister@callbackHandler+1)^0,c
  6262   000B0C  ECFB  F005         	call	_EUSART1_OverrunErrorCallbackRegister	;wreg free
  6263                           
  6264                           ;mcc_generated_files/uart/src/eusart1.c: 116:     eusart1RxLastError.status = 0;
  6265   000B10  6A40               	clrf	(_eusart1RxLastError+1)^0,c	;volatile
  6266   000B12  0E00               	movlw	0
  6267   000B14  6E3F               	movwf	_eusart1RxLastError^0,c	;volatile
  6268   000B16  0012               	return		;funcret
  6269   000B18                     __end_of_EUSART1_Initialize:
  6270                           	callstack 0
  6271                           
  6272 ;; *************** function _EUSART1_OverrunErrorCallbackRegister *****************
  6273 ;; Defined at:
  6274 ;;		line 283 in file "mcc_generated_files/uart/src/eusart1.c"
  6275 ;; Parameters:    Size  Location     Type
  6276 ;;  callbackHand    2   10[COMRAM] PTR FTN()void 
  6277 ;;		 -> EUSART1_DefaultOverrunErrorCallback(1), 
  6278 ;; Auto vars:     Size  Location     Type
  6279 ;;		None
  6280 ;; Return value:  Size  Location     Type
  6281 ;;                  1    wreg      void 
  6282 ;; Registers used:
  6283 ;;		wreg, status,2, status,0
  6284 ;; Tracked objects:
  6285 ;;		On entry : 0/0
  6286 ;;		On exit  : 0/0
  6287 ;;		Unchanged: 0/0
  6288 ;; Data sizes:     COMRAM   BANK0   BANK1   BANK2   BANK3   BANK4   BANK5
  6289 ;;      Params:         2       0       0       0       0       0       0
  6290 ;;      Locals:         0       0       0       0       0       0       0
  6291 ;;      Temps:          0       0       0       0       0       0       0
  6292 ;;      Totals:         2       0       0       0       0       0       0
  6293 ;;Total ram usage:        2 bytes
  6294 ;; Hardware stack levels used: 1
  6295 ;; Hardware stack levels required when called: 4
  6296 ;; This function calls:
  6297 ;;		Nothing
  6298 ;; This function is called by:
  6299 ;;		_EUSART1_Initialize
  6300 ;; This function uses a non-reentrant model
  6301 ;;
  6302                           
  6303                           	psect	text19
  6304   000BF6                     __ptext19:
  6305                           	callstack 0
  6306   000BF6                     _EUSART1_OverrunErrorCallbackRegister:
  6307                           	callstack 24
  6308   000BF6                     
  6309                           ;mcc_generated_files/uart/src/eusart1.c: 283: void EUSART1_OverrunErrorCallbackRegister(
      +                          void (* callbackHandler)(void));mcc_generated_files/uart/src/eusart1.c: 284: {;mcc_gener
      +                          ated_files/uart/src/eusart1.c: 285:     if(((void*)0) != callbackHandler)
  6310   000BF6  500C               	movf	EUSART1_OverrunErrorCallbackRegister@callbackHandler^0,w,c
  6311   000BF8  100D               	iorwf	(EUSART1_OverrunErrorCallbackRegister@callbackHandler+1)^0,w,c
  6312   000BFA  B4D8               	btfsc	status,2,c
  6313   000BFC  EF02  F006         	goto	u941
  6314   000C00  EF04  F006         	goto	u940
  6315   000C04                     u941:
  6316   000C04  EF08  F006         	goto	l485
  6317   000C08                     u940:
  6318   000C08                     
  6319                           ;mcc_generated_files/uart/src/eusart1.c: 286:     {;mcc_generated_files/uart/src/eusart1
      +                          .c: 287:         EUSART1_OverrunErrorHandler = callbackHandler;
  6320   000C08  C00C  F03B         	movff	EUSART1_OverrunErrorCallbackRegister@callbackHandler,_EUSART1_OverrunErrorHandler
  6321   000C0C  C00D  F03C         	movff	EUSART1_OverrunErrorCallbackRegister@callbackHandler+1,_EUSART1_OverrunErrorHandl
      +                          er+1
  6322   000C10                     l485:
  6323   000C10  0012               	return		;funcret
  6324   000C12                     __end_of_EUSART1_OverrunErrorCallbackRegister:
  6325                           	callstack 0
  6326                           
  6327 ;; *************** function _EUSART1_FramingErrorCallbackRegister *****************
  6328 ;; Defined at:
  6329 ;;		line 275 in file "mcc_generated_files/uart/src/eusart1.c"
  6330 ;; Parameters:    Size  Location     Type
  6331 ;;  callbackHand    2   10[COMRAM] PTR FTN()void 
  6332 ;;		 -> EUSART1_DefaultFramingErrorCallback(1), 
  6333 ;; Auto vars:     Size  Location     Type
  6334 ;;		None
  6335 ;; Return value:  Size  Location     Type
  6336 ;;                  1    wreg      void 
  6337 ;; Registers used:
  6338 ;;		wreg, status,2, status,0
  6339 ;; Tracked objects:
  6340 ;;		On entry : 0/0
  6341 ;;		On exit  : 0/0
  6342 ;;		Unchanged: 0/0
  6343 ;; Data sizes:     COMRAM   BANK0   BANK1   BANK2   BANK3   BANK4   BANK5
  6344 ;;      Params:         2       0       0       0       0       0       0
  6345 ;;      Locals:         0       0       0       0       0       0       0
  6346 ;;      Temps:          0       0       0       0       0       0       0
  6347 ;;      Totals:         2       0       0       0       0       0       0
  6348 ;;Total ram usage:        2 bytes
  6349 ;; Hardware stack levels used: 1
  6350 ;; Hardware stack levels required when called: 4
  6351 ;; This function calls:
  6352 ;;		Nothing
  6353 ;; This function is called by:
  6354 ;;		_EUSART1_Initialize
  6355 ;; This function uses a non-reentrant model
  6356 ;;
  6357                           
  6358                           	psect	text20
  6359   000C12                     __ptext20:
  6360                           	callstack 0
  6361   000C12                     _EUSART1_FramingErrorCallbackRegister:
  6362                           	callstack 24
  6363   000C12                     
  6364                           ;mcc_generated_files/uart/src/eusart1.c: 275: void EUSART1_FramingErrorCallbackRegister(
      +                          void (* callbackHandler)(void));mcc_generated_files/uart/src/eusart1.c: 276: {;mcc_gener
      +                          ated_files/uart/src/eusart1.c: 277:     if(((void*)0) != callbackHandler)
  6365   000C12  500C               	movf	EUSART1_FramingErrorCallbackRegister@callbackHandler^0,w,c
  6366   000C14  100D               	iorwf	(EUSART1_FramingErrorCallbackRegister@callbackHandler+1)^0,w,c
  6367   000C16  B4D8               	btfsc	status,2,c
  6368   000C18  EF10  F006         	goto	u931
  6369   000C1C  EF12  F006         	goto	u930
  6370   000C20                     u931:
  6371   000C20  EF16  F006         	goto	l481
  6372   000C24                     u930:
  6373   000C24                     
  6374                           ;mcc_generated_files/uart/src/eusart1.c: 278:     {;mcc_generated_files/uart/src/eusart1
      +                          .c: 279:         EUSART1_FramingErrorHandler = callbackHandler;
  6375   000C24  C00C  F03D         	movff	EUSART1_FramingErrorCallbackRegister@callbackHandler,_EUSART1_FramingErrorHandler
  6376   000C28  C00D  F03E         	movff	EUSART1_FramingErrorCallbackRegister@callbackHandler+1,_EUSART1_FramingErrorHandl
      +                          er+1
  6377   000C2C                     l481:
  6378   000C2C  0012               	return		;funcret
  6379   000C2E                     __end_of_EUSART1_FramingErrorCallbackRegister:
  6380                           	callstack 0
  6381                           
  6382 ;; *************** function _ECCP3_Initialize *****************
  6383 ;; Defined at:
  6384 ;;		line 38 in file "mcc_generated_files/pwm/src/eccp3.c"
  6385 ;; Parameters:    Size  Location     Type
  6386 ;;		None
  6387 ;; Auto vars:     Size  Location     Type
  6388 ;;		None
  6389 ;; Return value:  Size  Location     Type
  6390 ;;                  1    wreg      void 
  6391 ;; Registers used:
  6392 ;;		wreg, status,2
  6393 ;; Tracked objects:
  6394 ;;		On entry : 0/0
  6395 ;;		On exit  : 0/0
  6396 ;;		Unchanged: 0/0
  6397 ;; Data sizes:     COMRAM   BANK0   BANK1   BANK2   BANK3   BANK4   BANK5
  6398 ;;      Params:         0       0       0       0       0       0       0
  6399 ;;      Locals:         0       0       0       0       0       0       0
  6400 ;;      Temps:          0       0       0       0       0       0       0
  6401 ;;      Totals:         0       0       0       0       0       0       0
  6402 ;;Total ram usage:        0 bytes
  6403 ;; Hardware stack levels used: 1
  6404 ;; Hardware stack levels required when called: 4
  6405 ;; This function calls:
  6406 ;;		Nothing
  6407 ;; This function is called by:
  6408 ;;		_SYSTEM_Initialize
  6409 ;; This function uses a non-reentrant model
  6410 ;;
  6411                           
  6412                           	psect	text21
  6413   000C46                     __ptext21:
  6414                           	callstack 0
  6415   000C46                     _ECCP3_Initialize:
  6416                           	callstack 25
  6417   000C46                     
  6418                           ;mcc_generated_files/pwm/src/eccp3.c: 43:     CCP3CON = 0xC;
  6419   000C46  0E0C               	movlw	12
  6420   000C48  010F               	movlb	15	; () banked
  6421   000C4A  6F5D               	movwf	93,b	;volatile
  6422   000C4C                     
  6423                           ; BSR set to: 15
  6424                           ;mcc_generated_files/pwm/src/eccp3.c: 46:     ECCP3AS = 0x0;
  6425   000C4C  6B5B               	clrf	91,b	;volatile
  6426   000C4E                     
  6427                           ; BSR set to: 15
  6428                           ;mcc_generated_files/pwm/src/eccp3.c: 49:     PWM3CON = 0x0;
  6429   000C4E  6B5C               	clrf	92,b	;volatile
  6430                           
  6431                           ;mcc_generated_files/pwm/src/eccp3.c: 52:     PSTR3CON = 0x1;
  6432   000C50  0E01               	movlw	1
  6433   000C52  6F5A               	movwf	90,b	;volatile
  6434   000C54                     
  6435                           ; BSR set to: 15
  6436                           ;mcc_generated_files/pwm/src/eccp3.c: 55:     CCPR3H = 0x0;
  6437   000C54  6B5F               	clrf	95,b	;volatile
  6438   000C56                     
  6439                           ; BSR set to: 15
  6440                           ;mcc_generated_files/pwm/src/eccp3.c: 58:     CCPR3L = 0x0;
  6441   000C56  6B5E               	clrf	94,b	;volatile
  6442                           
  6443                           ;mcc_generated_files/pwm/src/eccp3.c: 61:     CCPTMRS0bits.C3TSEL = 0x0;
  6444   000C58  0E3F               	movlw	-193
  6445   000C5A  1749               	andwf	73,f,b	;volatile
  6446   000C5C                     
  6447                           ; BSR set to: 15
  6448   000C5C  0012               	return		;funcret
  6449   000C5E                     __end_of_ECCP3_Initialize:
  6450                           	callstack 0
  6451                           
  6452 ;; *************** function _ECCP2_Initialize *****************
  6453 ;; Defined at:
  6454 ;;		line 38 in file "mcc_generated_files/pwm/src/eccp2.c"
  6455 ;; Parameters:    Size  Location     Type
  6456 ;;		None
  6457 ;; Auto vars:     Size  Location     Type
  6458 ;;		None
  6459 ;; Return value:  Size  Location     Type
  6460 ;;                  1    wreg      void 
  6461 ;; Registers used:
  6462 ;;		wreg, status,2
  6463 ;; Tracked objects:
  6464 ;;		On entry : 0/0
  6465 ;;		On exit  : 0/0
  6466 ;;		Unchanged: 0/0
  6467 ;; Data sizes:     COMRAM   BANK0   BANK1   BANK2   BANK3   BANK4   BANK5
  6468 ;;      Params:         0       0       0       0       0       0       0
  6469 ;;      Locals:         0       0       0       0       0       0       0
  6470 ;;      Temps:          0       0       0       0       0       0       0
  6471 ;;      Totals:         0       0       0       0       0       0       0
  6472 ;;Total ram usage:        0 bytes
  6473 ;; Hardware stack levels used: 1
  6474 ;; Hardware stack levels required when called: 4
  6475 ;; This function calls:
  6476 ;;		Nothing
  6477 ;; This function is called by:
  6478 ;;		_SYSTEM_Initialize
  6479 ;; This function uses a non-reentrant model
  6480 ;;
  6481                           
  6482                           	psect	text22
  6483   000C5E                     __ptext22:
  6484                           	callstack 0
  6485   000C5E                     _ECCP2_Initialize:
  6486                           	callstack 25
  6487   000C5E                     
  6488                           ;mcc_generated_files/pwm/src/eccp2.c: 43:     CCP2CON = 0xC;
  6489   000C5E  0E0C               	movlw	12
  6490   000C60  6E66               	movwf	102,c	;volatile
  6491   000C62                     
  6492                           ;mcc_generated_files/pwm/src/eccp2.c: 46:     ECCP2AS = 0x0;
  6493   000C62  6A64               	clrf	100,c	;volatile
  6494   000C64                     
  6495                           ;mcc_generated_files/pwm/src/eccp2.c: 49:     PWM2CON = 0x0;
  6496   000C64  6A65               	clrf	101,c	;volatile
  6497                           
  6498                           ;mcc_generated_files/pwm/src/eccp2.c: 52:     PSTR2CON = 0x1;
  6499   000C66  0E01               	movlw	1
  6500   000C68  6E63               	movwf	99,c	;volatile
  6501   000C6A                     
  6502                           ;mcc_generated_files/pwm/src/eccp2.c: 55:     CCPR2H = 0x0;
  6503   000C6A  6A68               	clrf	104,c	;volatile
  6504   000C6C                     
  6505                           ;mcc_generated_files/pwm/src/eccp2.c: 58:     CCPR2L = 0x0;
  6506   000C6C  6A67               	clrf	103,c	;volatile
  6507                           
  6508                           ;mcc_generated_files/pwm/src/eccp2.c: 61:     CCPTMRS0bits.C2TSEL = 0x0;
  6509   000C6E  0EE7               	movlw	-25
  6510   000C70  010F               	movlb	15	; () banked
  6511   000C72  1749               	andwf	73,f,b	;volatile
  6512   000C74                     
  6513                           ; BSR set to: 15
  6514   000C74  0012               	return		;funcret
  6515   000C76                     __end_of_ECCP2_Initialize:
  6516                           	callstack 0
  6517                           
  6518 ;; *************** function _ECCP1_Initialize *****************
  6519 ;; Defined at:
  6520 ;;		line 38 in file "mcc_generated_files/pwm/src/eccp1.c"
  6521 ;; Parameters:    Size  Location     Type
  6522 ;;		None
  6523 ;; Auto vars:     Size  Location     Type
  6524 ;;		None
  6525 ;; Return value:  Size  Location     Type
  6526 ;;                  1    wreg      void 
  6527 ;; Registers used:
  6528 ;;		wreg, status,2
  6529 ;; Tracked objects:
  6530 ;;		On entry : 0/0
  6531 ;;		On exit  : 0/0
  6532 ;;		Unchanged: 0/0
  6533 ;; Data sizes:     COMRAM   BANK0   BANK1   BANK2   BANK3   BANK4   BANK5
  6534 ;;      Params:         0       0       0       0       0       0       0
  6535 ;;      Locals:         0       0       0       0       0       0       0
  6536 ;;      Temps:          0       0       0       0       0       0       0
  6537 ;;      Totals:         0       0       0       0       0       0       0
  6538 ;;Total ram usage:        0 bytes
  6539 ;; Hardware stack levels used: 1
  6540 ;; Hardware stack levels required when called: 4
  6541 ;; This function calls:
  6542 ;;		Nothing
  6543 ;; This function is called by:
  6544 ;;		_SYSTEM_Initialize
  6545 ;; This function uses a non-reentrant model
  6546 ;;
  6547                           
  6548                           	psect	text23
  6549   000C76                     __ptext23:
  6550                           	callstack 0
  6551   000C76                     _ECCP1_Initialize:
  6552                           	callstack 25
  6553   000C76                     
  6554                           ;mcc_generated_files/pwm/src/eccp1.c: 43:     CCP1CON = 0xC;
  6555   000C76  0E0C               	movlw	12
  6556   000C78  6EBD               	movwf	189,c	;volatile
  6557   000C7A                     
  6558                           ;mcc_generated_files/pwm/src/eccp1.c: 46:     ECCP1AS = 0x0;
  6559   000C7A  6AB6               	clrf	182,c	;volatile
  6560   000C7C                     
  6561                           ;mcc_generated_files/pwm/src/eccp1.c: 49:     PWM1CON = 0x0;
  6562   000C7C  6AB7               	clrf	183,c	;volatile
  6563                           
  6564                           ;mcc_generated_files/pwm/src/eccp1.c: 52:     PSTR1CON = 0x1;
  6565   000C7E  0E01               	movlw	1
  6566   000C80  6EB9               	movwf	185,c	;volatile
  6567   000C82                     
  6568                           ;mcc_generated_files/pwm/src/eccp1.c: 55:     CCPR1H = 0x0;
  6569   000C82  6ABF               	clrf	191,c	;volatile
  6570   000C84                     
  6571                           ;mcc_generated_files/pwm/src/eccp1.c: 58:     CCPR1L = 0x0;
  6572   000C84  6ABE               	clrf	190,c	;volatile
  6573                           
  6574                           ;mcc_generated_files/pwm/src/eccp1.c: 61:     CCPTMRS0bits.C1TSEL = 0x0;
  6575   000C86  0EFC               	movlw	-4
  6576   000C88  010F               	movlb	15	; () banked
  6577   000C8A  1749               	andwf	73,f,b	;volatile
  6578   000C8C                     
  6579                           ; BSR set to: 15
  6580   000C8C  0012               	return		;funcret
  6581   000C8E                     __end_of_ECCP1_Initialize:
  6582                           	callstack 0
  6583                           
  6584 ;; *************** function _CLOCK_Initialize *****************
  6585 ;; Defined at:
  6586 ;;		line 39 in file "mcc_generated_files/system/src/clock.c"
  6587 ;; Parameters:    Size  Location     Type
  6588 ;;		None
  6589 ;; Auto vars:     Size  Location     Type
  6590 ;;		None
  6591 ;; Return value:  Size  Location     Type
  6592 ;;                  1    wreg      void 
  6593 ;; Registers used:
  6594 ;;		wreg, status,2
  6595 ;; Tracked objects:
  6596 ;;		On entry : 0/0
  6597 ;;		On exit  : 0/0
  6598 ;;		Unchanged: 0/0
  6599 ;; Data sizes:     COMRAM   BANK0   BANK1   BANK2   BANK3   BANK4   BANK5
  6600 ;;      Params:         0       0       0       0       0       0       0
  6601 ;;      Locals:         0       0       0       0       0       0       0
  6602 ;;      Temps:          0       0       0       0       0       0       0
  6603 ;;      Totals:         0       0       0       0       0       0       0
  6604 ;;Total ram usage:        0 bytes
  6605 ;; Hardware stack levels used: 1
  6606 ;; Hardware stack levels required when called: 4
  6607 ;; This function calls:
  6608 ;;		Nothing
  6609 ;; This function is called by:
  6610 ;;		_SYSTEM_Initialize
  6611 ;; This function uses a non-reentrant model
  6612 ;;
  6613                           
  6614                           	psect	text24
  6615   000CA2                     __ptext24:
  6616                           	callstack 0
  6617   000CA2                     _CLOCK_Initialize:
  6618                           	callstack 25
  6619   000CA2                     
  6620                           ;mcc_generated_files/system/src/clock.c: 41:     OSCCON = (0 << 0x0)
  6621   000CA2  0E70               	movlw	112
  6622   000CA4  6ED3               	movwf	211,c	;volatile
  6623                           
  6624                           ;mcc_generated_files/system/src/clock.c: 44:     OSCCON2 = (1 << 0x2)
  6625   000CA6  0E04               	movlw	4
  6626   000CA8  6ED2               	movwf	210,c	;volatile
  6627                           
  6628                           ;mcc_generated_files/system/src/clock.c: 47:     OSCTUNE = (0 << 0x0)
  6629   000CAA  0E40               	movlw	64
  6630   000CAC  6E9B               	movwf	155,c	;volatile
  6631   000CAE  0012               	return		;funcret
  6632   000CB0                     __end_of_CLOCK_Initialize:
  6633                           	callstack 0
  6634                           
  6635 ;; *************** function _EUSART1_Read *****************
  6636 ;; Defined at:
  6637 ;;		line 218 in file "mcc_generated_files/uart/src/eusart1.c"
  6638 ;; Parameters:    Size  Location     Type
  6639 ;;		None
  6640 ;; Auto vars:     Size  Location     Type
  6641 ;;		None
  6642 ;; Return value:  Size  Location     Type
  6643 ;;                  1    wreg      unsigned char 
  6644 ;; Registers used:
  6645 ;;		wreg, status,2, status,0, pcl, pclath, pclatu, tosl, cstack
  6646 ;; Tracked objects:
  6647 ;;		On entry : 0/0
  6648 ;;		On exit  : 0/0
  6649 ;;		Unchanged: 0/0
  6650 ;; Data sizes:     COMRAM   BANK0   BANK1   BANK2   BANK3   BANK4   BANK5
  6651 ;;      Params:         0       0       0       0       0       0       0
  6652 ;;      Locals:         0       0       0       0       0       0       0
  6653 ;;      Temps:          0       0       0       0       0       0       0
  6654 ;;      Totals:         0       0       0       0       0       0       0
  6655 ;;Total ram usage:        0 bytes
  6656 ;; Hardware stack levels used: 1
  6657 ;; Hardware stack levels required when called: 5
  6658 ;; This function calls:
  6659 ;;		NULL
  6660 ;;		_EUSART1_DefaultFramingErrorCallback
  6661 ;;		_EUSART1_DefaultOverrunErrorCallback
  6662 ;; This function is called by:
  6663 ;;		_main
  6664 ;;		_getch
  6665 ;; This function uses a non-reentrant model
  6666 ;;
  6667                           
  6668                           	psect	text25
  6669   0007BE                     __ptext25:
  6670                           	callstack 0
  6671   0007BE                     _EUSART1_Read:
  6672                           	callstack 25
  6673   0007BE                     
  6674                           ;mcc_generated_files/uart/src/eusart1.c: 220:     eusart1RxLastError.status = 0;
  6675   0007BE  6A40               	clrf	(_eusart1RxLastError+1)^0,c	;volatile
  6676   0007C0  0E00               	movlw	0
  6677   0007C2  6E3F               	movwf	_eusart1RxLastError^0,c	;volatile
  6678   0007C4                     
  6679                           ;mcc_generated_files/uart/src/eusart1.c: 221:     if(1 == RCSTA1bits.OERR)
  6680   0007C4  A2AB               	btfss	171,1,c	;volatile
  6681   0007C6  EFE7  F003         	goto	u1041
  6682   0007CA  EFE9  F003         	goto	u1040
  6683   0007CE                     u1041:
  6684   0007CE  EFFF  F003         	goto	l2625
  6685   0007D2                     u1040:
  6686   0007D2                     
  6687                           ;mcc_generated_files/uart/src/eusart1.c: 222:     {;mcc_generated_files/uart/src/eusart1
      +                          .c: 223:         eusart1RxLastError.oerr = 1;
  6688   0007D2  843F               	bsf	_eusart1RxLastError^0,2,c	;volatile
  6689   0007D4                     
  6690                           ;mcc_generated_files/uart/src/eusart1.c: 224:         if(((void*)0) != EUSART1_OverrunEr
      +                          rorHandler)
  6691   0007D4  503B               	movf	_EUSART1_OverrunErrorHandler^0,w,c
  6692   0007D6  103C               	iorwf	(_EUSART1_OverrunErrorHandler+1)^0,w,c
  6693   0007D8  B4D8               	btfsc	status,2,c
  6694   0007DA  EFF1  F003         	goto	u1051
  6695   0007DE  EFF3  F003         	goto	u1050
  6696   0007E2                     u1051:
  6697   0007E2  EFFF  F003         	goto	l2625
  6698   0007E6                     u1050:
  6699   0007E6                     
  6700                           ;mcc_generated_files/uart/src/eusart1.c: 225:         {;mcc_generated_files/uart/src/eus
      +                          art1.c: 226:             EUSART1_OverrunErrorHandler();
  6701   0007E6  D802               	call	u1068
  6702   0007E8  EFFF  F003         	goto	u1069
  6703   0007EC                     u1068:
  6704   0007EC  0005               	push	
  6705   0007EE  6EFA               	movwf	pclath,c
  6706   0007F0  503B               	movf	_EUSART1_OverrunErrorHandler^0,w,c
  6707   0007F2  6EFD               	movwf	tosl,c
  6708   0007F4  503C               	movf	(_EUSART1_OverrunErrorHandler+1)^0,w,c
  6709   0007F6  6EFE               	movwf	tosh,c
  6710   0007F8  6AFF               	clrf	tosu,c
  6711   0007FA  50FA               	movf	pclath,w,c
  6712   0007FC  0012               	return		;indir
  6713   0007FE                     u1069:
  6714   0007FE                     l2625:
  6715                           
  6716                           ;mcc_generated_files/uart/src/eusart1.c: 229:     if(1 == RCSTA1bits.FERR)
  6717   0007FE  A4AB               	btfss	171,2,c	;volatile
  6718   000800  EF04  F004         	goto	u1071
  6719   000804  EF06  F004         	goto	u1070
  6720   000808                     u1071:
  6721   000808  EF1C  F004         	goto	l2633
  6722   00080C                     u1070:
  6723   00080C                     
  6724                           ;mcc_generated_files/uart/src/eusart1.c: 230:     {;mcc_generated_files/uart/src/eusart1
      +                          .c: 231:         eusart1RxLastError.ferr = 1;
  6725   00080C  823F               	bsf	_eusart1RxLastError^0,1,c	;volatile
  6726   00080E                     
  6727                           ;mcc_generated_files/uart/src/eusart1.c: 232:         if(((void*)0) != EUSART1_FramingEr
      +                          rorHandler)
  6728   00080E  503D               	movf	_EUSART1_FramingErrorHandler^0,w,c
  6729   000810  103E               	iorwf	(_EUSART1_FramingErrorHandler+1)^0,w,c
  6730   000812  B4D8               	btfsc	status,2,c
  6731   000814  EF0E  F004         	goto	u1081
  6732   000818  EF10  F004         	goto	u1080
  6733   00081C                     u1081:
  6734   00081C  EF1C  F004         	goto	l2633
  6735   000820                     u1080:
  6736   000820                     
  6737                           ;mcc_generated_files/uart/src/eusart1.c: 233:         {;mcc_generated_files/uart/src/eus
      +                          art1.c: 234:             EUSART1_FramingErrorHandler();
  6738   000820  D802               	call	u1098
  6739   000822  EF1C  F004         	goto	u1099
  6740   000826                     u1098:
  6741   000826  0005               	push	
  6742   000828  6EFA               	movwf	pclath,c
  6743   00082A  503D               	movf	_EUSART1_FramingErrorHandler^0,w,c
  6744   00082C  6EFD               	movwf	tosl,c
  6745   00082E  503E               	movf	(_EUSART1_FramingErrorHandler+1)^0,w,c
  6746   000830  6EFE               	movwf	tosh,c
  6747   000832  6AFF               	clrf	tosu,c
  6748   000834  50FA               	movf	pclath,w,c
  6749   000836  0012               	return		;indir
  6750   000838                     u1099:
  6751   000838                     l2633:
  6752                           
  6753                           ;mcc_generated_files/uart/src/eusart1.c: 237:     return RCREG1;
  6754   000838  50AE               	movf	174,w,c	;volatile
  6755   00083A  0012               	return		;funcret
  6756   00083C                     __end_of_EUSART1_Read:
  6757                           	callstack 0
  6758                           
  6759 ;; *************** function _EUSART1_DefaultOverrunErrorCallback *****************
  6760 ;; Defined at:
  6761 ;;		line 268 in file "mcc_generated_files/uart/src/eusart1.c"
  6762 ;; Parameters:    Size  Location     Type
  6763 ;;		None
  6764 ;; Auto vars:     Size  Location     Type
  6765 ;;		None
  6766 ;; Return value:  Size  Location     Type
  6767 ;;                  1    wreg      void 
  6768 ;; Registers used:
  6769 ;;		None
  6770 ;; Tracked objects:
  6771 ;;		On entry : 0/0
  6772 ;;		On exit  : 0/0
  6773 ;;		Unchanged: 0/0
  6774 ;; Data sizes:     COMRAM   BANK0   BANK1   BANK2   BANK3   BANK4   BANK5
  6775 ;;      Params:         0       0       0       0       0       0       0
  6776 ;;      Locals:         0       0       0       0       0       0       0
  6777 ;;      Temps:          0       0       0       0       0       0       0
  6778 ;;      Totals:         0       0       0       0       0       0       0
  6779 ;;Total ram usage:        0 bytes
  6780 ;; Hardware stack levels used: 1
  6781 ;; Hardware stack levels required when called: 4
  6782 ;; This function calls:
  6783 ;;		Nothing
  6784 ;; This function is called by:
  6785 ;;		_EUSART1_Initialize
  6786 ;;		_EUSART1_Read
  6787 ;; This function uses a non-reentrant model
  6788 ;;
  6789                           
  6790                           	psect	text26
  6791   000CE8                     __ptext26:
  6792                           	callstack 0
  6793   000CE8                     _EUSART1_DefaultOverrunErrorCallback:
  6794                           	callstack 25
  6795   000CE8                     
  6796                           ;mcc_generated_files/uart/src/eusart1.c: 271:     RCSTA1bits.CREN = 0;
  6797   000CE8  98AB               	bcf	171,4,c	;volatile
  6798                           
  6799                           ;mcc_generated_files/uart/src/eusart1.c: 272:     RCSTA1bits.CREN = 1;
  6800   000CEA  88AB               	bsf	171,4,c	;volatile
  6801   000CEC  0012               	return		;funcret
  6802   000CEE                     __end_of_EUSART1_DefaultOverrunErrorCallback:
  6803                           	callstack 0
  6804                           
  6805 ;; *************** function _EUSART1_DefaultFramingErrorCallback *****************
  6806 ;; Defined at:
  6807 ;;		line 263 in file "mcc_generated_files/uart/src/eusart1.c"
  6808 ;; Parameters:    Size  Location     Type
  6809 ;;		None
  6810 ;; Auto vars:     Size  Location     Type
  6811 ;;		None
  6812 ;; Return value:  Size  Location     Type
  6813 ;;                  1    wreg      void 
  6814 ;; Registers used:
  6815 ;;		None
  6816 ;; Tracked objects:
  6817 ;;		On entry : 0/0
  6818 ;;		On exit  : 0/0
  6819 ;;		Unchanged: 0/0
  6820 ;; Data sizes:     COMRAM   BANK0   BANK1   BANK2   BANK3   BANK4   BANK5
  6821 ;;      Params:         0       0       0       0       0       0       0
  6822 ;;      Locals:         0       0       0       0       0       0       0
  6823 ;;      Temps:          0       0       0       0       0       0       0
  6824 ;;      Totals:         0       0       0       0       0       0       0
  6825 ;;Total ram usage:        0 bytes
  6826 ;; Hardware stack levels used: 1
  6827 ;; Hardware stack levels required when called: 4
  6828 ;; This function calls:
  6829 ;;		Nothing
  6830 ;; This function is called by:
  6831 ;;		_EUSART1_Initialize
  6832 ;;		_EUSART1_Read
  6833 ;; This function uses a non-reentrant model
  6834 ;;
  6835                           
  6836                           	psect	text27
  6837   000CF0                     __ptext27:
  6838                           	callstack 0
  6839   000CF0                     _EUSART1_DefaultFramingErrorCallback:
  6840                           	callstack 25
  6841   000CF0  0012               	return		;funcret
  6842   000CF2                     __end_of_EUSART1_DefaultFramingErrorCallback:
  6843                           	callstack 0
  6844                           
  6845 ;; *************** function _EUSART1_IsRxReady *****************
  6846 ;; Defined at:
  6847 ;;		line 198 in file "mcc_generated_files/uart/src/eusart1.c"
  6848 ;; Parameters:    Size  Location     Type
  6849 ;;		None
  6850 ;; Auto vars:     Size  Location     Type
  6851 ;;		None
  6852 ;; Return value:  Size  Location     Type
  6853 ;;                  1    wreg      _Bool 
  6854 ;; Registers used:
  6855 ;;		wreg
  6856 ;; Tracked objects:
  6857 ;;		On entry : 0/0
  6858 ;;		On exit  : 0/0
  6859 ;;		Unchanged: 0/0
  6860 ;; Data sizes:     COMRAM   BANK0   BANK1   BANK2   BANK3   BANK4   BANK5
  6861 ;;      Params:         0       0       0       0       0       0       0
  6862 ;;      Locals:         0       0       0       0       0       0       0
  6863 ;;      Temps:          0       0       0       0       0       0       0
  6864 ;;      Totals:         0       0       0       0       0       0       0
  6865 ;;Total ram usage:        0 bytes
  6866 ;; Hardware stack levels used: 1
  6867 ;; Hardware stack levels required when called: 4
  6868 ;; This function calls:
  6869 ;;		Nothing
  6870 ;; This function is called by:
  6871 ;;		_main
  6872 ;;		_getch
  6873 ;; This function uses a non-reentrant model
  6874 ;;
  6875                           
  6876                           	psect	text28
  6877   000C8E                     __ptext28:
  6878                           	callstack 0
  6879   000C8E                     _EUSART1_IsRxReady:
  6880                           	callstack 26
  6881   000C8E                     
  6882                           ;mcc_generated_files/uart/src/eusart1.c: 200:     return (_Bool)(PIR1bits.RC1IF);
  6883   000C8E  BA9E               	btfsc	158,5,c	;volatile
  6884   000C90  EF4C  F006         	goto	u1031
  6885   000C94  EF4F  F006         	goto	u1030
  6886   000C98                     u1031:
  6887   000C98  0E01               	movlw	1
  6888   000C9A  EF50  F006         	goto	u1036
  6889   000C9E                     u1030:
  6890   000C9E  0E00               	movlw	0
  6891   000CA0                     u1036:
  6892   000CA0  0012               	return		;funcret
  6893   000CA2                     __end_of_EUSART1_IsRxReady:
  6894                           	callstack 0
  6895                           
  6896 ;; *************** function _ECCP3_LoadDutyValue *****************
  6897 ;; Defined at:
  6898 ;;		line 64 in file "mcc_generated_files/pwm/src/eccp3.c"
  6899 ;; Parameters:    Size  Location     Type
  6900 ;;  dutyValue       2   10[COMRAM] unsigned short 
  6901 ;; Auto vars:     Size  Location     Type
  6902 ;;		None
  6903 ;; Return value:  Size  Location     Type
  6904 ;;                  1    wreg      void 
  6905 ;; Registers used:
  6906 ;;		wreg, status,2, status,0
  6907 ;; Tracked objects:
  6908 ;;		On entry : 0/0
  6909 ;;		On exit  : 0/0
  6910 ;;		Unchanged: 0/0
  6911 ;; Data sizes:     COMRAM   BANK0   BANK1   BANK2   BANK3   BANK4   BANK5
  6912 ;;      Params:         2       0       0       0       0       0       0
  6913 ;;      Locals:         0       0       0       0       0       0       0
  6914 ;;      Temps:          2       0       0       0       0       0       0
  6915 ;;      Totals:         4       0       0       0       0       0       0
  6916 ;;Total ram usage:        4 bytes
  6917 ;; Hardware stack levels used: 1
  6918 ;; Hardware stack levels required when called: 4
  6919 ;; This function calls:
  6920 ;;		Nothing
  6921 ;; This function is called by:
  6922 ;;		_main
  6923 ;; This function uses a non-reentrant model
  6924 ;;
  6925                           
  6926                           	psect	text29
  6927   000926                     __ptext29:
  6928                           	callstack 0
  6929   000926                     _ECCP3_LoadDutyValue:
  6930                           	callstack 26
  6931   000926                     
  6932                           ;mcc_generated_files/pwm/src/eccp3.c: 64: void ECCP3_LoadDutyValue(uint16_t dutyValue);m
      +                          cc_generated_files/pwm/src/eccp3.c: 65: {;mcc_generated_files/pwm/src/eccp3.c: 66:  duty
      +                          Value &= 0x03FF;
  6933   000926  0EFF               	movlw	255
  6934   000928  160C               	andwf	ECCP3_LoadDutyValue@dutyValue^0,f,c
  6935   00092A  0E03               	movlw	3
  6936   00092C  160D               	andwf	(ECCP3_LoadDutyValue@dutyValue+1)^0,f,c
  6937                           
  6938                           ;mcc_generated_files/pwm/src/eccp3.c: 69:     CCPR3L = ((dutyValue & 0x03FC) >> 2);
  6939   00092E  C00C  F00E         	movff	ECCP3_LoadDutyValue@dutyValue,??_ECCP3_LoadDutyValue
  6940   000932  C00D  F00F         	movff	ECCP3_LoadDutyValue@dutyValue+1,??_ECCP3_LoadDutyValue+1
  6941   000936  90D8               	bcf	status,0,c
  6942   000938  320F               	rrcf	(??_ECCP3_LoadDutyValue+1)^0,f,c
  6943   00093A  320E               	rrcf	??_ECCP3_LoadDutyValue^0,f,c
  6944   00093C  90D8               	bcf	status,0,c
  6945   00093E  320F               	rrcf	(??_ECCP3_LoadDutyValue+1)^0,f,c
  6946   000940  320E               	rrcf	??_ECCP3_LoadDutyValue^0,f,c
  6947   000942  500E               	movf	??_ECCP3_LoadDutyValue^0,w,c
  6948   000944  010F               	movlb	15	; () banked
  6949   000946  6F5E               	movwf	94,b	;volatile
  6950                           
  6951                           ;mcc_generated_files/pwm/src/eccp3.c: 72:     CCP3CON = (uint8_t)((CCP3CON & 0xCF) | ((d
      +                          utyValue & 0x0003) << 4));
  6952   000948  C00C  F00E         	movff	ECCP3_LoadDutyValue@dutyValue,??_ECCP3_LoadDutyValue
  6953   00094C  0E03               	movlw	3
  6954   00094E  160E               	andwf	??_ECCP3_LoadDutyValue^0,f,c
  6955   000950  3A0E               	swapf	??_ECCP3_LoadDutyValue^0,f,c
  6956   000952  0EF0               	movlw	240
  6957   000954  160E               	andwf	??_ECCP3_LoadDutyValue^0,f,c
  6958   000956  515D               	movf	93,w,b	;volatile
  6959   000958  0BCF               	andlw	207
  6960   00095A  100E               	iorwf	??_ECCP3_LoadDutyValue^0,w,c
  6961   00095C  6F5D               	movwf	93,b	;volatile
  6962   00095E                     
  6963                           ; BSR set to: 15
  6964   00095E  0012               	return		;funcret
  6965   000960                     __end_of_ECCP3_LoadDutyValue:
  6966                           	callstack 0
  6967                           
  6968 ;; *************** function _ECCP2_LoadDutyValue *****************
  6969 ;; Defined at:
  6970 ;;		line 64 in file "mcc_generated_files/pwm/src/eccp2.c"
  6971 ;; Parameters:    Size  Location     Type
  6972 ;;  dutyValue       2   10[COMRAM] unsigned short 
  6973 ;; Auto vars:     Size  Location     Type
  6974 ;;		None
  6975 ;; Return value:  Size  Location     Type
  6976 ;;                  1    wreg      void 
  6977 ;; Registers used:
  6978 ;;		wreg, status,2, status,0
  6979 ;; Tracked objects:
  6980 ;;		On entry : 0/0
  6981 ;;		On exit  : 0/0
  6982 ;;		Unchanged: 0/0
  6983 ;; Data sizes:     COMRAM   BANK0   BANK1   BANK2   BANK3   BANK4   BANK5
  6984 ;;      Params:         2       0       0       0       0       0       0
  6985 ;;      Locals:         0       0       0       0       0       0       0
  6986 ;;      Temps:          2       0       0       0       0       0       0
  6987 ;;      Totals:         4       0       0       0       0       0       0
  6988 ;;Total ram usage:        4 bytes
  6989 ;; Hardware stack levels used: 1
  6990 ;; Hardware stack levels required when called: 4
  6991 ;; This function calls:
  6992 ;;		Nothing
  6993 ;; This function is called by:
  6994 ;;		_main
  6995 ;; This function uses a non-reentrant model
  6996 ;;
  6997                           
  6998                           	psect	text30
  6999   00099A                     __ptext30:
  7000                           	callstack 0
  7001   00099A                     _ECCP2_LoadDutyValue:
  7002                           	callstack 26
  7003   00099A                     
  7004                           ;mcc_generated_files/pwm/src/eccp2.c: 64: void ECCP2_LoadDutyValue(uint16_t dutyValue);m
      +                          cc_generated_files/pwm/src/eccp2.c: 65: {;mcc_generated_files/pwm/src/eccp2.c: 66:  duty
      +                          Value &= 0x03FF;
  7005   00099A  0EFF               	movlw	255
  7006   00099C  160C               	andwf	ECCP2_LoadDutyValue@dutyValue^0,f,c
  7007   00099E  0E03               	movlw	3
  7008   0009A0  160D               	andwf	(ECCP2_LoadDutyValue@dutyValue+1)^0,f,c
  7009                           
  7010                           ;mcc_generated_files/pwm/src/eccp2.c: 69:     CCPR2L = ((dutyValue & 0x03FC) >> 2);
  7011   0009A2  C00C  F00E         	movff	ECCP2_LoadDutyValue@dutyValue,??_ECCP2_LoadDutyValue
  7012   0009A6  C00D  F00F         	movff	ECCP2_LoadDutyValue@dutyValue+1,??_ECCP2_LoadDutyValue+1
  7013   0009AA  90D8               	bcf	status,0,c
  7014   0009AC  320F               	rrcf	(??_ECCP2_LoadDutyValue+1)^0,f,c
  7015   0009AE  320E               	rrcf	??_ECCP2_LoadDutyValue^0,f,c
  7016   0009B0  90D8               	bcf	status,0,c
  7017   0009B2  320F               	rrcf	(??_ECCP2_LoadDutyValue+1)^0,f,c
  7018   0009B4  320E               	rrcf	??_ECCP2_LoadDutyValue^0,f,c
  7019   0009B6  500E               	movf	??_ECCP2_LoadDutyValue^0,w,c
  7020   0009B8  6E67               	movwf	103,c	;volatile
  7021                           
  7022                           ;mcc_generated_files/pwm/src/eccp2.c: 72:     CCP2CON = (uint8_t)((CCP2CON & 0xCF) | ((d
      +                          utyValue & 0x0003) << 4));
  7023   0009BA  C00C  F00E         	movff	ECCP2_LoadDutyValue@dutyValue,??_ECCP2_LoadDutyValue
  7024   0009BE  0E03               	movlw	3
  7025   0009C0  160E               	andwf	??_ECCP2_LoadDutyValue^0,f,c
  7026   0009C2  3A0E               	swapf	??_ECCP2_LoadDutyValue^0,f,c
  7027   0009C4  0EF0               	movlw	240
  7028   0009C6  160E               	andwf	??_ECCP2_LoadDutyValue^0,f,c
  7029   0009C8  5066               	movf	102,w,c	;volatile
  7030   0009CA  0BCF               	andlw	207
  7031   0009CC  100E               	iorwf	??_ECCP2_LoadDutyValue^0,w,c
  7032   0009CE  6E66               	movwf	102,c	;volatile
  7033   0009D0  0012               	return		;funcret
  7034   0009D2                     __end_of_ECCP2_LoadDutyValue:
  7035                           	callstack 0
  7036                           
  7037 ;; *************** function _ECCP1_LoadDutyValue *****************
  7038 ;; Defined at:
  7039 ;;		line 64 in file "mcc_generated_files/pwm/src/eccp1.c"
  7040 ;; Parameters:    Size  Location     Type
  7041 ;;  dutyValue       2   10[COMRAM] unsigned short 
  7042 ;; Auto vars:     Size  Location     Type
  7043 ;;		None
  7044 ;; Return value:  Size  Location     Type
  7045 ;;                  1    wreg      void 
  7046 ;; Registers used:
  7047 ;;		wreg, status,2, status,0
  7048 ;; Tracked objects:
  7049 ;;		On entry : 0/0
  7050 ;;		On exit  : 0/0
  7051 ;;		Unchanged: 0/0
  7052 ;; Data sizes:     COMRAM   BANK0   BANK1   BANK2   BANK3   BANK4   BANK5
  7053 ;;      Params:         2       0       0       0       0       0       0
  7054 ;;      Locals:         0       0       0       0       0       0       0
  7055 ;;      Temps:          2       0       0       0       0       0       0
  7056 ;;      Totals:         4       0       0       0       0       0       0
  7057 ;;Total ram usage:        4 bytes
  7058 ;; Hardware stack levels used: 1
  7059 ;; Hardware stack levels required when called: 4
  7060 ;; This function calls:
  7061 ;;		Nothing
  7062 ;; This function is called by:
  7063 ;;		_main
  7064 ;; This function uses a non-reentrant model
  7065 ;;
  7066                           
  7067                           	psect	text31
  7068   0009D2                     __ptext31:
  7069                           	callstack 0
  7070   0009D2                     _ECCP1_LoadDutyValue:
  7071                           	callstack 26
  7072   0009D2                     
  7073                           ;mcc_generated_files/pwm/src/eccp1.c: 64: void ECCP1_LoadDutyValue(uint16_t dutyValue);m
      +                          cc_generated_files/pwm/src/eccp1.c: 65: {;mcc_generated_files/pwm/src/eccp1.c: 66:  duty
      +                          Value &= 0x03FF;
  7074   0009D2  0EFF               	movlw	255
  7075   0009D4  160C               	andwf	ECCP1_LoadDutyValue@dutyValue^0,f,c
  7076   0009D6  0E03               	movlw	3
  7077   0009D8  160D               	andwf	(ECCP1_LoadDutyValue@dutyValue+1)^0,f,c
  7078                           
  7079                           ;mcc_generated_files/pwm/src/eccp1.c: 69:     CCPR1L = ((dutyValue & 0x03FC) >> 2);
  7080   0009DA  C00C  F00E         	movff	ECCP1_LoadDutyValue@dutyValue,??_ECCP1_LoadDutyValue
  7081   0009DE  C00D  F00F         	movff	ECCP1_LoadDutyValue@dutyValue+1,??_ECCP1_LoadDutyValue+1
  7082   0009E2  90D8               	bcf	status,0,c
  7083   0009E4  320F               	rrcf	(??_ECCP1_LoadDutyValue+1)^0,f,c
  7084   0009E6  320E               	rrcf	??_ECCP1_LoadDutyValue^0,f,c
  7085   0009E8  90D8               	bcf	status,0,c
  7086   0009EA  320F               	rrcf	(??_ECCP1_LoadDutyValue+1)^0,f,c
  7087   0009EC  320E               	rrcf	??_ECCP1_LoadDutyValue^0,f,c
  7088   0009EE  500E               	movf	??_ECCP1_LoadDutyValue^0,w,c
  7089   0009F0  6EBE               	movwf	190,c	;volatile
  7090                           
  7091                           ;mcc_generated_files/pwm/src/eccp1.c: 72:     CCP1CON = (uint8_t)((CCP1CON & 0xCF) | ((d
      +                          utyValue & 0x0003) << 4));
  7092   0009F2  C00C  F00E         	movff	ECCP1_LoadDutyValue@dutyValue,??_ECCP1_LoadDutyValue
  7093   0009F6  0E03               	movlw	3
  7094   0009F8  160E               	andwf	??_ECCP1_LoadDutyValue^0,f,c
  7095   0009FA  3A0E               	swapf	??_ECCP1_LoadDutyValue^0,f,c
  7096   0009FC  0EF0               	movlw	240
  7097   0009FE  160E               	andwf	??_ECCP1_LoadDutyValue^0,f,c
  7098   000A00  50BD               	movf	189,w,c	;volatile
  7099   000A02  0BCF               	andlw	207
  7100   000A04  100E               	iorwf	??_ECCP1_LoadDutyValue^0,w,c
  7101   000A06  6EBD               	movwf	189,c	;volatile
  7102   000A08  0012               	return		;funcret
  7103   000A0A                     __end_of_ECCP1_LoadDutyValue:
  7104                           	callstack 0
  7105                           
  7106 ;; *************** function _INTERRUPT_InterruptManager *****************
  7107 ;; Defined at:
  7108 ;;		line 80 in file "mcc_generated_files/system/src/interrupt.c"
  7109 ;; Parameters:    Size  Location     Type
  7110 ;;		None
  7111 ;; Auto vars:     Size  Location     Type
  7112 ;;		None
  7113 ;; Return value:  Size  Location     Type
  7114 ;;                  1    wreg      void 
  7115 ;; Registers used:
  7116 ;;		wreg, fsr2l, fsr2h, status,2, status,0, pcl, pclath, pclatu, tosl, prodl, prodh, cstack
  7117 ;; Tracked objects:
  7118 ;;		On entry : 0/0
  7119 ;;		On exit  : 0/0
  7120 ;;		Unchanged: 0/0
  7121 ;; Data sizes:     COMRAM   BANK0   BANK1   BANK2   BANK3   BANK4   BANK5
  7122 ;;      Params:         0       0       0       0       0       0       0
  7123 ;;      Locals:         0       0       0       0       0       0       0
  7124 ;;      Temps:          6       0       0       0       0       0       0
  7125 ;;      Totals:         6       0       0       0       0       0       0
  7126 ;;Total ram usage:        6 bytes
  7127 ;; Hardware stack levels used: 1
  7128 ;; Hardware stack levels required when called: 3
  7129 ;; This function calls:
  7130 ;;		_TMR0_OverflowISR
  7131 ;; This function is called by:
  7132 ;;		Interrupt level 2
  7133 ;; This function uses a non-reentrant model
  7134 ;;
  7135                           
  7136                           	psect	intcode
  7137   000008                     __pintcode:
  7138                           	callstack 0
  7139   000008                     _INTERRUPT_InterruptManager:
  7140                           	callstack 21
  7141                           
  7142                           ;incstack = 0
  7143   000008  8201               	bsf	int$flags,1,c	;set compiler interrupt flag (level 2)
  7144   00000A  CFFA F006          	movff	pclath,??_INTERRUPT_InterruptManager
  7145   00000E  CFFB F007          	movff	pclatu,??_INTERRUPT_InterruptManager+1
  7146   000012  CFD9 F008          	movff	fsr2l,??_INTERRUPT_InterruptManager+2
  7147   000016  CFDA F009          	movff	fsr2h,??_INTERRUPT_InterruptManager+3
  7148   00001A  CFF3 F00A          	movff	prodl,??_INTERRUPT_InterruptManager+4
  7149   00001E  CFF4 F00B          	movff	prodh,??_INTERRUPT_InterruptManager+5
  7150   000022                     
  7151                           ;mcc_generated_files/system/src/interrupt.c: 83:     if(INTCONbits.PEIE == 1)
  7152   000022  ACF2               	btfss	242,6,c	;volatile
  7153   000024  EF16  F000         	goto	i2u73_41
  7154   000028  EF18  F000         	goto	i2u73_40
  7155   00002C                     i2u73_41:
  7156   00002C  EF28  F000         	goto	i2l166
  7157   000030                     i2u73_40:
  7158   000030                     
  7159                           ;mcc_generated_files/system/src/interrupt.c: 84:     {;mcc_generated_files/system/src/in
      +                          terrupt.c: 85:         if(INTCONbits.TMR0IE == 1 && INTCONbits.TMR0IF == 1)
  7160   000030  AAF2               	btfss	242,5,c	;volatile
  7161   000032  EF1D  F000         	goto	i2u74_41
  7162   000036  EF1F  F000         	goto	i2u74_40
  7163   00003A                     i2u74_41:
  7164   00003A  EF28  F000         	goto	i2l166
  7165   00003E                     i2u74_40:
  7166   00003E  A4F2               	btfss	242,2,c	;volatile
  7167   000040  EF24  F000         	goto	i2u75_41
  7168   000044  EF26  F000         	goto	i2u75_40
  7169   000048                     i2u75_41:
  7170   000048  EF28  F000         	goto	i2l166
  7171   00004C                     i2u75_40:
  7172   00004C                     
  7173                           ;mcc_generated_files/system/src/interrupt.c: 86:         {;mcc_generated_files/system/sr
      +                          c/interrupt.c: 87:             TMR0_OverflowISR();
  7174   00004C  EC3D  F005         	call	_TMR0_OverflowISR	;wreg free
  7175   000050                     i2l166:
  7176   000050  C00B  FFF4         	movff	??_INTERRUPT_InterruptManager+5,prodh
  7177   000054  C00A  FFF3         	movff	??_INTERRUPT_InterruptManager+4,prodl
  7178   000058  C009  FFDA         	movff	??_INTERRUPT_InterruptManager+3,fsr2h
  7179   00005C  C008  FFD9         	movff	??_INTERRUPT_InterruptManager+2,fsr2l
  7180   000060  C007  FFFB         	movff	??_INTERRUPT_InterruptManager+1,pclatu
  7181   000064  C006  FFFA         	movff	??_INTERRUPT_InterruptManager,pclath
  7182   000068  9201               	bcf	int$flags,1,c	;clear compiler interrupt flag (level 2)
  7183   00006A  0011               	retfie		f
  7184   00006C                     __end_of_INTERRUPT_InterruptManager:
  7185                           	callstack 0
  7186                           
  7187 ;; *************** function _TMR0_OverflowISR *****************
  7188 ;; Defined at:
  7189 ;;		line 139 in file "mcc_generated_files/timer/src/tmr0.c"
  7190 ;; Parameters:    Size  Location     Type
  7191 ;;		None
  7192 ;; Auto vars:     Size  Location     Type
  7193 ;;		None
  7194 ;; Return value:  Size  Location     Type
  7195 ;;                  1    wreg      void 
  7196 ;; Registers used:
  7197 ;;		wreg, fsr2l, fsr2h, status,2, status,0, pcl, pclath, pclatu, tosl, prodl, prodh, cstack
  7198 ;; Tracked objects:
  7199 ;;		On entry : 0/0
  7200 ;;		On exit  : 0/0
  7201 ;;		Unchanged: 0/0
  7202 ;; Data sizes:     COMRAM   BANK0   BANK1   BANK2   BANK3   BANK4   BANK5
  7203 ;;      Params:         0       0       0       0       0       0       0
  7204 ;;      Locals:         0       0       0       0       0       0       0
  7205 ;;      Temps:          0       0       0       0       0       0       0
  7206 ;;      Totals:         0       0       0       0       0       0       0
  7207 ;;Total ram usage:        0 bytes
  7208 ;; Hardware stack levels used: 1
  7209 ;; Hardware stack levels required when called: 2
  7210 ;; This function calls:
  7211 ;;		NULL
  7212 ;;		_TMR0_DefaultOverflowCallback
  7213 ;;		_timer0ISR
  7214 ;; This function is called by:
  7215 ;;		_INTERRUPT_InterruptManager
  7216 ;; This function uses a non-reentrant model
  7217 ;;
  7218                           
  7219                           	psect	text33
  7220   000A7A                     __ptext33:
  7221                           	callstack 0
  7222   000A7A                     _TMR0_OverflowISR:
  7223                           	callstack 21
  7224   000A7A                     
  7225                           ;mcc_generated_files/timer/src/tmr0.c: 144:     TMR0H = (uint8_t)(tmr0PeriodCount >> 8);
  7226   000A7A  5042               	movf	(_tmr0PeriodCount+1)^0,w,c	;volatile
  7227   000A7C  6ED7               	movwf	215,c	;volatile
  7228   000A7E                     
  7229                           ;mcc_generated_files/timer/src/tmr0.c: 145:     TMR0L = (uint8_t)(tmr0PeriodCount);
  7230   000A7E  C041  FFD6         	movff	_tmr0PeriodCount,4054	;volatile
  7231   000A82                     
  7232                           ;mcc_generated_files/timer/src/tmr0.c: 147:     if(((void*)0) != TMR0_OverflowCallback)
  7233   000A82  504D               	movf	_TMR0_OverflowCallback^0,w,c
  7234   000A84  104E               	iorwf	(_TMR0_OverflowCallback+1)^0,w,c
  7235   000A86  B4D8               	btfsc	status,2,c
  7236   000A88  EF48  F005         	goto	i2u71_41
  7237   000A8C  EF4A  F005         	goto	i2u71_40
  7238   000A90                     i2u71_41:
  7239   000A90  EF56  F005         	goto	i2l2229
  7240   000A94                     i2u71_40:
  7241   000A94                     
  7242                           ;mcc_generated_files/timer/src/tmr0.c: 148:     {;mcc_generated_files/timer/src/tmr0.c: 
      +                          149:         TMR0_OverflowCallback();
  7243   000A94  D802               	call	i2u72_48
  7244   000A96  EF56  F005         	goto	i2u72_49
  7245   000A9A                     i2u72_48:
  7246   000A9A  0005               	push	
  7247   000A9C  6EFA               	movwf	pclath,c
  7248   000A9E  504D               	movf	_TMR0_OverflowCallback^0,w,c
  7249   000AA0  6EFD               	movwf	tosl,c
  7250   000AA2  504E               	movf	(_TMR0_OverflowCallback+1)^0,w,c
  7251   000AA4  6EFE               	movwf	tosh,c
  7252   000AA6  6AFF               	clrf	tosu,c
  7253   000AA8  50FA               	movf	pclath,w,c
  7254   000AAA  0012               	return		;indir
  7255   000AAC                     i2u72_49:
  7256   000AAC                     i2l2229:
  7257                           
  7258                           ;mcc_generated_files/timer/src/tmr0.c: 151:     INTCONbits.TMR0IF = 0;
  7259   000AAC  94F2               	bcf	242,2,c	;volatile
  7260   000AAE  0012               	return		;funcret
  7261   000AB0                     __end_of_TMR0_OverflowISR:
  7262                           	callstack 0
  7263                           
  7264 ;; *************** function _TMR0_DefaultOverflowCallback *****************
  7265 ;; Defined at:
  7266 ;;		line 159 in file "mcc_generated_files/timer/src/tmr0.c"
  7267 ;; Parameters:    Size  Location     Type
  7268 ;;		None
  7269 ;; Auto vars:     Size  Location     Type
  7270 ;;		None
  7271 ;; Return value:  Size  Location     Type
  7272 ;;                  1    wreg      void 
  7273 ;; Registers used:
  7274 ;;		None
  7275 ;; Tracked objects:
  7276 ;;		On entry : 0/0
  7277 ;;		On exit  : 0/0
  7278 ;;		Unchanged: 0/0
  7279 ;; Data sizes:     COMRAM   BANK0   BANK1   BANK2   BANK3   BANK4   BANK5
  7280 ;;      Params:         0       0       0       0       0       0       0
  7281 ;;      Locals:         0       0       0       0       0       0       0
  7282 ;;      Temps:          0       0       0       0       0       0       0
  7283 ;;      Totals:         0       0       0       0       0       0       0
  7284 ;;Total ram usage:        0 bytes
  7285 ;; Hardware stack levels used: 1
  7286 ;; This function calls:
  7287 ;;		Nothing
  7288 ;; This function is called by:
  7289 ;;		_TMR0_Initialize
  7290 ;;		_TMR0_OverflowISR
  7291 ;; This function uses a non-reentrant model
  7292 ;;
  7293                           
  7294                           	psect	text34
  7295   000CF2                     __ptext34:
  7296                           	callstack 0
  7297   000CF2                     _TMR0_DefaultOverflowCallback:
  7298                           	callstack 22
  7299   000CF2  0012               	return		;funcret
  7300   000CF4                     __end_of_TMR0_DefaultOverflowCallback:
  7301                           	callstack 0
  7302                           
  7303 ;; *************** function _timer0ISR *****************
  7304 ;; Defined at:
  7305 ;;		line 229 in file "main.c"
  7306 ;; Parameters:    Size  Location     Type
  7307 ;;		None
  7308 ;; Auto vars:     Size  Location     Type
  7309 ;;		None
  7310 ;; Return value:  Size  Location     Type
  7311 ;;                  1    wreg      void 
  7312 ;; Registers used:
  7313 ;;		wreg, fsr2l, fsr2h, status,2, status,0, prodl, prodh, cstack
  7314 ;; Tracked objects:
  7315 ;;		On entry : 0/0
  7316 ;;		On exit  : 0/0
  7317 ;;		Unchanged: 0/0
  7318 ;; Data sizes:     COMRAM   BANK0   BANK1   BANK2   BANK3   BANK4   BANK5
  7319 ;;      Params:         0       0       0       0       0       0       0
  7320 ;;      Locals:         0       0       0       0       0       0       0
  7321 ;;      Temps:          0       0       0       0       0       0       0
  7322 ;;      Totals:         0       0       0       0       0       0       0
  7323 ;;Total ram usage:        0 bytes
  7324 ;; Hardware stack levels used: 1
  7325 ;; Hardware stack levels required when called: 1
  7326 ;; This function calls:
  7327 ;;		i2_ECCP1_LoadDutyValue
  7328 ;;		i2_ECCP2_LoadDutyValue
  7329 ;;		i2_ECCP3_LoadDutyValue
  7330 ;; This function is called by:
  7331 ;;		_main
  7332 ;;		_TMR0_OverflowISR
  7333 ;; This function uses a non-reentrant model
  7334 ;;
  7335                           
  7336                           	psect	text35
  7337   000720                     __ptext35:
  7338                           	callstack 0
  7339   000720                     _timer0ISR:
  7340                           	callstack 21
  7341   000720                     
  7342                           ;main.c: 231: ;main.c: 232:     };main.c: 233:     return;
  7343   000720  044C               	decf	_colorTour^0,w,c
  7344   000722  A4D8               	btfss	status,2,c
  7345   000724  EF96  F003         	goto	i2u67_41
  7346   000728  EF98  F003         	goto	i2u67_40
  7347   00072C                     i2u67_41:
  7348   00072C  EFDE  F003         	goto	i2l583
  7349   000730                     i2u67_40:
  7350   000730  C039  F002         	movff	timer0ISR@currentRedValue,i2ECCP1_LoadDutyValue@dutyValue
  7351   000734  C03A  F003         	movff	timer0ISR@currentRedValue+1,i2ECCP1_LoadDutyValue@dutyValue+1
  7352   000738  EC21  F005         	call	i2_ECCP1_LoadDutyValue	;wreg free
  7353   00073C  C037  F002         	movff	timer0ISR@currentGreenValue,i2ECCP2_LoadDutyValue@dutyValue
  7354   000740  C038  F003         	movff	timer0ISR@currentGreenValue+1,i2ECCP2_LoadDutyValue@dutyValue+1
  7355   000744  EC05  F005         	call	i2_ECCP2_LoadDutyValue	;wreg free
  7356   000748  C04F  F002         	movff	timer0ISR@currentBlueValue,i2ECCP3_LoadDutyValue@dutyValue
  7357   00074C  C050  F003         	movff	timer0ISR@currentBlueValue+1,i2ECCP3_LoadDutyValue@dutyValue+1
  7358   000750  ECB0  F004         	call	i2_ECCP3_LoadDutyValue	;wreg free
  7359   000754  504B               	movf	timer0ISR@currentCubeIndex^0,w,c
  7360   000756  0D02               	mullw	2
  7361   000758  50F3               	movf	243,w,c
  7362   00075A  0F9C               	addlw	low _deltaRed
  7363   00075C  6ED9               	movwf	fsr2l,c
  7364   00075E  6ADA               	clrf	fsr2h,c
  7365   000760  50DE               	movf	postinc2,w,c
  7366   000762  2639               	addwf	timer0ISR@currentRedValue^0,f,c
  7367   000764  50DD               	movf	postdec2,w,c
  7368   000766  223A               	addwfc	(timer0ISR@currentRedValue+1)^0,f,c
  7369   000768  504B               	movf	timer0ISR@currentCubeIndex^0,w,c
  7370   00076A  0D02               	mullw	2
  7371   00076C  50F3               	movf	243,w,c
  7372   00076E  0F90               	addlw	low _deltaGre
  7373   000770  6ED9               	movwf	fsr2l,c
  7374   000772  6ADA               	clrf	fsr2h,c
  7375   000774  50DE               	movf	postinc2,w,c
  7376   000776  2637               	addwf	timer0ISR@currentGreenValue^0,f,c
  7377   000778  50DD               	movf	postdec2,w,c
  7378   00077A  2238               	addwfc	(timer0ISR@currentGreenValue+1)^0,f,c
  7379   00077C  504B               	movf	timer0ISR@currentCubeIndex^0,w,c
  7380   00077E  0D02               	mullw	2
  7381   000780  50F3               	movf	243,w,c
  7382   000782  0F84               	addlw	low _deltaBlu
  7383   000784  6ED9               	movwf	fsr2l,c
  7384   000786  6ADA               	clrf	fsr2h,c
  7385   000788  50DE               	movf	postinc2,w,c
  7386   00078A  264F               	addwf	timer0ISR@currentBlueValue^0,f,c
  7387   00078C  50DD               	movf	postdec2,w,c
  7388   00078E  2250               	addwfc	(timer0ISR@currentBlueValue+1)^0,f,c
  7389   000790  2A4A               	incf	timer0ISR@currentIntraIndex^0,f,c
  7390   000792  284A               	incf	timer0ISR@currentIntraIndex^0,w,c
  7391   000794  A4D8               	btfss	status,2,c
  7392   000796  EFCF  F003         	goto	i2u68_41
  7393   00079A  EFD1  F003         	goto	i2u68_40
  7394   00079E                     i2u68_41:
  7395   00079E  EFDE  F003         	goto	i2l583
  7396   0007A2                     i2u68_40:
  7397   0007A2  6A4A               	clrf	timer0ISR@currentIntraIndex^0,c
  7398   0007A4  0E04               	movlw	4
  7399   0007A6  644B               	cpfsgt	timer0ISR@currentCubeIndex^0,c
  7400   0007A8  EFD8  F003         	goto	i2u69_41
  7401   0007AC  EFDA  F003         	goto	i2u69_40
  7402   0007B0                     i2u69_41:
  7403   0007B0  EFDD  F003         	goto	i2l2191
  7404   0007B4                     i2u69_40:
  7405   0007B4  6A4B               	clrf	timer0ISR@currentCubeIndex^0,c
  7406   0007B6  EFDE  F003         	goto	i2l583
  7407   0007BA                     i2l2191:
  7408   0007BA  2A4B               	incf	timer0ISR@currentCubeIndex^0,f,c
  7409   0007BC                     i2l583:
  7410   0007BC  0012               	return		;funcret
  7411   0007BE                     __end_of_timer0ISR:
  7412                           	callstack 0
  7413                           
  7414 ;; *************** function i2_ECCP3_LoadDutyValue *****************
  7415 ;; Defined at:
  7416 ;;		line 64 in file "mcc_generated_files/pwm/src/eccp3.c"
  7417 ;; Parameters:    Size  Location     Type
  7418 ;;  dutyValue       2    0[COMRAM] unsigned short 
  7419 ;; Auto vars:     Size  Location     Type
  7420 ;;		None
  7421 ;; Return value:  Size  Location     Type
  7422 ;;                  1    wreg      void 
  7423 ;; Registers used:
  7424 ;;		wreg, status,2, status,0
  7425 ;; Tracked objects:
  7426 ;;		On entry : 0/0
  7427 ;;		On exit  : 0/0
  7428 ;;		Unchanged: 0/0
  7429 ;; Data sizes:     COMRAM   BANK0   BANK1   BANK2   BANK3   BANK4   BANK5
  7430 ;;      Params:         2       0       0       0       0       0       0
  7431 ;;      Locals:         0       0       0       0       0       0       0
  7432 ;;      Temps:          2       0       0       0       0       0       0
  7433 ;;      Totals:         4       0       0       0       0       0       0
  7434 ;;Total ram usage:        4 bytes
  7435 ;; Hardware stack levels used: 1
  7436 ;; This function calls:
  7437 ;;		Nothing
  7438 ;; This function is called by:
  7439 ;;		_timer0ISR
  7440 ;; This function uses a non-reentrant model
  7441 ;;
  7442                           
  7443                           	psect	text36
  7444   000960                     __ptext36:
  7445                           	callstack 0
  7446   000960                     i2_ECCP3_LoadDutyValue:
  7447                           	callstack 21
  7448   000960                     
  7449                           ;mcc_generated_files/pwm/src/eccp3.c: 64: void ECCP3_LoadDutyValue(uint16_t dutyValue);m
      +                          cc_generated_files/pwm/src/eccp3.c: 65: {;mcc_generated_files/pwm/src/eccp3.c: 66:  duty
      +                          Value &= 0x03FF;
  7450   000960  0EFF               	movlw	255
  7451   000962  1602               	andwf	i2ECCP3_LoadDutyValue@dutyValue^0,f,c
  7452   000964  0E03               	movlw	3
  7453   000966  1603               	andwf	(i2ECCP3_LoadDutyValue@dutyValue+1)^0,f,c
  7454                           
  7455                           ;mcc_generated_files/pwm/src/eccp3.c: 69:     CCPR3L = ((dutyValue & 0x03FC) >> 2);
  7456   000968  C002  F004         	movff	i2ECCP3_LoadDutyValue@dutyValue,??i2_ECCP3_LoadDutyValue
  7457   00096C  C003  F005         	movff	i2ECCP3_LoadDutyValue@dutyValue+1,??i2_ECCP3_LoadDutyValue+1
  7458   000970  90D8               	bcf	status,0,c
  7459   000972  3205               	rrcf	(??i2_ECCP3_LoadDutyValue+1)^0,f,c
  7460   000974  3204               	rrcf	??i2_ECCP3_LoadDutyValue^0,f,c
  7461   000976  90D8               	bcf	status,0,c
  7462   000978  3205               	rrcf	(??i2_ECCP3_LoadDutyValue+1)^0,f,c
  7463   00097A  3204               	rrcf	??i2_ECCP3_LoadDutyValue^0,f,c
  7464   00097C  5004               	movf	??i2_ECCP3_LoadDutyValue^0,w,c
  7465   00097E  010F               	movlb	15	; () banked
  7466   000980  6F5E               	movwf	94,b	;volatile
  7467                           
  7468                           ;mcc_generated_files/pwm/src/eccp3.c: 72:     CCP3CON = (uint8_t)((CCP3CON & 0xCF) | ((d
      +                          utyValue & 0x0003) << 4));
  7469   000982  C002  F004         	movff	i2ECCP3_LoadDutyValue@dutyValue,??i2_ECCP3_LoadDutyValue
  7470   000986  0E03               	movlw	3
  7471   000988  1604               	andwf	??i2_ECCP3_LoadDutyValue^0,f,c
  7472   00098A  3A04               	swapf	??i2_ECCP3_LoadDutyValue^0,f,c
  7473   00098C  0EF0               	movlw	240
  7474   00098E  1604               	andwf	??i2_ECCP3_LoadDutyValue^0,f,c
  7475   000990  515D               	movf	93,w,b	;volatile
  7476   000992  0BCF               	andlw	207
  7477   000994  1004               	iorwf	??i2_ECCP3_LoadDutyValue^0,w,c
  7478   000996  6F5D               	movwf	93,b	;volatile
  7479   000998                     
  7480                           ; BSR set to: 15
  7481   000998  0012               	return		;funcret
  7482   00099A                     __end_ofi2_ECCP3_LoadDutyValue:
  7483                           	callstack 0
  7484                           
  7485 ;; *************** function i2_ECCP2_LoadDutyValue *****************
  7486 ;; Defined at:
  7487 ;;		line 64 in file "mcc_generated_files/pwm/src/eccp2.c"
  7488 ;; Parameters:    Size  Location     Type
  7489 ;;  dutyValue       2    0[COMRAM] unsigned short 
  7490 ;; Auto vars:     Size  Location     Type
  7491 ;;		None
  7492 ;; Return value:  Size  Location     Type
  7493 ;;                  1    wreg      void 
  7494 ;; Registers used:
  7495 ;;		wreg, status,2, status,0
  7496 ;; Tracked objects:
  7497 ;;		On entry : 0/0
  7498 ;;		On exit  : 0/0
  7499 ;;		Unchanged: 0/0
  7500 ;; Data sizes:     COMRAM   BANK0   BANK1   BANK2   BANK3   BANK4   BANK5
  7501 ;;      Params:         2       0       0       0       0       0       0
  7502 ;;      Locals:         0       0       0       0       0       0       0
  7503 ;;      Temps:          2       0       0       0       0       0       0
  7504 ;;      Totals:         4       0       0       0       0       0       0
  7505 ;;Total ram usage:        4 bytes
  7506 ;; Hardware stack levels used: 1
  7507 ;; This function calls:
  7508 ;;		Nothing
  7509 ;; This function is called by:
  7510 ;;		_timer0ISR
  7511 ;; This function uses a non-reentrant model
  7512 ;;
  7513                           
  7514                           	psect	text37
  7515   000A0A                     __ptext37:
  7516                           	callstack 0
  7517   000A0A                     i2_ECCP2_LoadDutyValue:
  7518                           	callstack 21
  7519   000A0A                     
  7520                           ;mcc_generated_files/pwm/src/eccp2.c: 64: void ECCP2_LoadDutyValue(uint16_t dutyValue);m
      +                          cc_generated_files/pwm/src/eccp2.c: 65: {;mcc_generated_files/pwm/src/eccp2.c: 66:  duty
      +                          Value &= 0x03FF;
  7521   000A0A  0EFF               	movlw	255
  7522   000A0C  1602               	andwf	i2ECCP2_LoadDutyValue@dutyValue^0,f,c
  7523   000A0E  0E03               	movlw	3
  7524   000A10  1603               	andwf	(i2ECCP2_LoadDutyValue@dutyValue+1)^0,f,c
  7525                           
  7526                           ;mcc_generated_files/pwm/src/eccp2.c: 69:     CCPR2L = ((dutyValue & 0x03FC) >> 2);
  7527   000A12  C002  F004         	movff	i2ECCP2_LoadDutyValue@dutyValue,??i2_ECCP2_LoadDutyValue
  7528   000A16  C003  F005         	movff	i2ECCP2_LoadDutyValue@dutyValue+1,??i2_ECCP2_LoadDutyValue+1
  7529   000A1A  90D8               	bcf	status,0,c
  7530   000A1C  3205               	rrcf	(??i2_ECCP2_LoadDutyValue+1)^0,f,c
  7531   000A1E  3204               	rrcf	??i2_ECCP2_LoadDutyValue^0,f,c
  7532   000A20  90D8               	bcf	status,0,c
  7533   000A22  3205               	rrcf	(??i2_ECCP2_LoadDutyValue+1)^0,f,c
  7534   000A24  3204               	rrcf	??i2_ECCP2_LoadDutyValue^0,f,c
  7535   000A26  5004               	movf	??i2_ECCP2_LoadDutyValue^0,w,c
  7536   000A28  6E67               	movwf	103,c	;volatile
  7537                           
  7538                           ;mcc_generated_files/pwm/src/eccp2.c: 72:     CCP2CON = (uint8_t)((CCP2CON & 0xCF) | ((d
      +                          utyValue & 0x0003) << 4));
  7539   000A2A  C002  F004         	movff	i2ECCP2_LoadDutyValue@dutyValue,??i2_ECCP2_LoadDutyValue
  7540   000A2E  0E03               	movlw	3
  7541   000A30  1604               	andwf	??i2_ECCP2_LoadDutyValue^0,f,c
  7542   000A32  3A04               	swapf	??i2_ECCP2_LoadDutyValue^0,f,c
  7543   000A34  0EF0               	movlw	240
  7544   000A36  1604               	andwf	??i2_ECCP2_LoadDutyValue^0,f,c
  7545   000A38  5066               	movf	102,w,c	;volatile
  7546   000A3A  0BCF               	andlw	207
  7547   000A3C  1004               	iorwf	??i2_ECCP2_LoadDutyValue^0,w,c
  7548   000A3E  6E66               	movwf	102,c	;volatile
  7549   000A40  0012               	return		;funcret
  7550   000A42                     __end_ofi2_ECCP2_LoadDutyValue:
  7551                           	callstack 0
  7552                           
  7553 ;; *************** function i2_ECCP1_LoadDutyValue *****************
  7554 ;; Defined at:
  7555 ;;		line 64 in file "mcc_generated_files/pwm/src/eccp1.c"
  7556 ;; Parameters:    Size  Location     Type
  7557 ;;  dutyValue       2    0[COMRAM] unsigned short 
  7558 ;; Auto vars:     Size  Location     Type
  7559 ;;		None
  7560 ;; Return value:  Size  Location     Type
  7561 ;;                  1    wreg      void 
  7562 ;; Registers used:
  7563 ;;		wreg, status,2, status,0
  7564 ;; Tracked objects:
  7565 ;;		On entry : 0/0
  7566 ;;		On exit  : 0/0
  7567 ;;		Unchanged: 0/0
  7568 ;; Data sizes:     COMRAM   BANK0   BANK1   BANK2   BANK3   BANK4   BANK5
  7569 ;;      Params:         2       0       0       0       0       0       0
  7570 ;;      Locals:         0       0       0       0       0       0       0
  7571 ;;      Temps:          2       0       0       0       0       0       0
  7572 ;;      Totals:         4       0       0       0       0       0       0
  7573 ;;Total ram usage:        4 bytes
  7574 ;; Hardware stack levels used: 1
  7575 ;; This function calls:
  7576 ;;		Nothing
  7577 ;; This function is called by:
  7578 ;;		_timer0ISR
  7579 ;; This function uses a non-reentrant model
  7580 ;;
  7581                           
  7582                           	psect	text38
  7583   000A42                     __ptext38:
  7584                           	callstack 0
  7585   000A42                     i2_ECCP1_LoadDutyValue:
  7586                           	callstack 21
  7587   000A42                     
  7588                           ;mcc_generated_files/pwm/src/eccp1.c: 64: void ECCP1_LoadDutyValue(uint16_t dutyValue);m
      +                          cc_generated_files/pwm/src/eccp1.c: 65: {;mcc_generated_files/pwm/src/eccp1.c: 66:  duty
      +                          Value &= 0x03FF;
  7589   000A42  0EFF               	movlw	255
  7590   000A44  1602               	andwf	i2ECCP1_LoadDutyValue@dutyValue^0,f,c
  7591   000A46  0E03               	movlw	3
  7592   000A48  1603               	andwf	(i2ECCP1_LoadDutyValue@dutyValue+1)^0,f,c
  7593                           
  7594                           ;mcc_generated_files/pwm/src/eccp1.c: 69:     CCPR1L = ((dutyValue & 0x03FC) >> 2);
  7595   000A4A  C002  F004         	movff	i2ECCP1_LoadDutyValue@dutyValue,??i2_ECCP1_LoadDutyValue
  7596   000A4E  C003  F005         	movff	i2ECCP1_LoadDutyValue@dutyValue+1,??i2_ECCP1_LoadDutyValue+1
  7597   000A52  90D8               	bcf	status,0,c
  7598   000A54  3205               	rrcf	(??i2_ECCP1_LoadDutyValue+1)^0,f,c
  7599   000A56  3204               	rrcf	??i2_ECCP1_LoadDutyValue^0,f,c
  7600   000A58  90D8               	bcf	status,0,c
  7601   000A5A  3205               	rrcf	(??i2_ECCP1_LoadDutyValue+1)^0,f,c
  7602   000A5C  3204               	rrcf	??i2_ECCP1_LoadDutyValue^0,f,c
  7603   000A5E  5004               	movf	??i2_ECCP1_LoadDutyValue^0,w,c
  7604   000A60  6EBE               	movwf	190,c	;volatile
  7605                           
  7606                           ;mcc_generated_files/pwm/src/eccp1.c: 72:     CCP1CON = (uint8_t)((CCP1CON & 0xCF) | ((d
      +                          utyValue & 0x0003) << 4));
  7607   000A62  C002  F004         	movff	i2ECCP1_LoadDutyValue@dutyValue,??i2_ECCP1_LoadDutyValue
  7608   000A66  0E03               	movlw	3
  7609   000A68  1604               	andwf	??i2_ECCP1_LoadDutyValue^0,f,c
  7610   000A6A  3A04               	swapf	??i2_ECCP1_LoadDutyValue^0,f,c
  7611   000A6C  0EF0               	movlw	240
  7612   000A6E  1604               	andwf	??i2_ECCP1_LoadDutyValue^0,f,c
  7613   000A70  50BD               	movf	189,w,c	;volatile
  7614   000A72  0BCF               	andlw	207
  7615   000A74  1004               	iorwf	??i2_ECCP1_LoadDutyValue^0,w,c
  7616   000A76  6EBD               	movwf	189,c	;volatile
  7617   000A78  0012               	return		;funcret
  7618   000A7A                     __end_ofi2_ECCP1_LoadDutyValue:
  7619                           	callstack 0
  7620                           
  7621                           	psect	rparam
  7622   000001                     ___rparam_used  equ	1
  7623   000000                     ___param_bank   equ	0
  7624   000000                     __Lparam        equ	__Lrparam
  7625   000000                     __Hparam        equ	__Hrparam
  7626   000001                     btemp           set	1	;btemp
  7627   000001                     int$flags       set	1
  7628   000001                     btemp0          set	1
  7629   000002                     btemp1          set	2
  7630                           
  7631                           	psect	config
  7632                           
  7633                           ; Padding undefined space
  7634   300000                     	org	3145728
  7635   300000  FF                 	db	255
  7636                           
  7637                           ;Config register CONFIG1H @ 0x300001
  7638                           ;	Oscillator Selection bits
  7639                           ;	FOSC = INTIO67, Internal oscillator block
  7640                           ;	4X PLL Enable
  7641                           ;	PLLCFG = OFF, Oscillator used directly
  7642                           ;	Primary clock enable bit
  7643                           ;	PRICLKEN = ON, Primary clock enabled
  7644                           ;	Fail-Safe Clock Monitor Enable bit
  7645                           ;	FCMEN = OFF, Fail-Safe Clock Monitor disabled
  7646                           ;	Internal/External Oscillator Switchover bit
  7647                           ;	IESO = OFF, Oscillator Switchover mode disabled
  7648   300001                     	org	3145729
  7649   300001  28                 	db	40
  7650                           
  7651                           ;Config register CONFIG2L @ 0x300002
  7652                           ;	Power-up Timer Enable bit
  7653                           ;	PWRTEN = OFF, Power up timer disabled
  7654                           ;	Brown-out Reset Enable bits
  7655                           ;	BOREN = SBORDIS, Brown-out Reset enabled in hardware only (SBOREN is disabled)
  7656                           ;	Brown Out Reset Voltage bits
  7657                           ;	BORV = 190, VBOR set to 1.90 V nominal
  7658   300002                     	org	3145730
  7659   300002  1F                 	db	31
  7660                           
  7661                           ;Config register CONFIG2H @ 0x300003
  7662                           ;	Watchdog Timer Enable bits
  7663                           ;	WDTEN = OFF, Watch dog timer is always disabled. SWDTEN has no effect.
  7664                           ;	Watchdog Timer Postscale Select bits
  7665                           ;	WDTPS = 32768, 1:32768
  7666   300003                     	org	3145731
  7667   300003  3C                 	db	60
  7668                           
  7669                           ; Padding undefined space
  7670   300004                     	org	3145732
  7671   300004  FF                 	db	255
  7672                           
  7673                           ;Config register CONFIG3H @ 0x300005
  7674                           ;	CCP2 MUX bit
  7675                           ;	CCP2MX = PORTC1, CCP2 input/output is multiplexed with RC1
  7676                           ;	PORTB A/D Enable bit
  7677                           ;	PBADEN = ON, PORTB<5:0> pins are configured as analog input channels on Reset
  7678                           ;	P3A/CCP3 Mux bit
  7679                           ;	CCP3MX = PORTB5, P3A/CCP3 input/output is multiplexed with RB5
  7680                           ;	HFINTOSC Fast Start-up
  7681                           ;	HFOFST = ON, HFINTOSC output and ready status are not delayed by the oscillator stable
      +                           status
  7682                           ;	Timer3 Clock input mux bit
  7683                           ;	T3CMX = PORTC0, T3CKI is on RC0
  7684                           ;	ECCP2 B output mux bit
  7685                           ;	P2BMX = PORTB5, P2B is on RB5
  7686                           ;	MCLR Pin Enable bit
  7687                           ;	MCLRE = EXTMCLR, MCLR pin enabled, RE3 input pin disabled
  7688   300005                     	org	3145733
  7689   300005  BF                 	db	191
  7690                           
  7691                           ;Config register CONFIG4L @ 0x300006
  7692                           ;	Stack Full/Underflow Reset Enable bit
  7693                           ;	STVREN = ON, Stack full/underflow will cause Reset
  7694                           ;	Single-Supply ICSP Enable bit
  7695                           ;	LVP = ON, Single-Supply ICSP enabled if MCLRE is also 1
  7696                           ;	Extended Instruction Set Enable bit
  7697                           ;	XINST = OFF, Instruction set extension and Indexed Addressing mode disabled (Legacy mo
      +                          de)
  7698                           ;	Background Debug
  7699                           ;	DEBUG = 0x1, unprogrammed default
  7700   300006                     	org	3145734
  7701   300006  85                 	db	133
  7702                           
  7703                           ; Padding undefined space
  7704   300007                     	org	3145735
  7705   300007  FF                 	db	255
  7706                           
  7707                           ;Config register CONFIG5L @ 0x300008
  7708                           ;	Code Protection Block 0
  7709                           ;	CP0 = OFF, Block 0 (000800-001FFFh) not code-protected
  7710                           ;	Code Protection Block 1
  7711                           ;	CP1 = OFF, Block 1 (002000-003FFFh) not code-protected
  7712                           ;	Code Protection Block 2
  7713                           ;	CP2 = OFF, Block 2 (004000-005FFFh) not code-protected
  7714                           ;	Code Protection Block 3
  7715                           ;	CP3 = OFF, Block 3 (006000-007FFFh) not code-protected
  7716   300008                     	org	3145736
  7717   300008  0F                 	db	15
  7718                           
  7719                           ;Config register CONFIG5H @ 0x300009
  7720                           ;	Boot Block Code Protection bit
  7721                           ;	CPB = OFF, Boot block (000000-0007FFh) not code-protected
  7722                           ;	Data EEPROM Code Protection bit
  7723                           ;	CPD = OFF, Data EEPROM not code-protected
  7724   300009                     	org	3145737
  7725   300009  C0                 	db	192
  7726                           
  7727                           ;Config register CONFIG6L @ 0x30000A
  7728                           ;	Write Protection Block 0
  7729                           ;	WRT0 = OFF, Block 0 (000800-001FFFh) not write-protected
  7730                           ;	Write Protection Block 1
  7731                           ;	WRT1 = OFF, Block 1 (002000-003FFFh) not write-protected
  7732                           ;	Write Protection Block 2
  7733                           ;	WRT2 = OFF, Block 2 (004000-005FFFh) not write-protected
  7734                           ;	Write Protection Block 3
  7735                           ;	WRT3 = OFF, Block 3 (006000-007FFFh) not write-protected
  7736   30000A                     	org	3145738
  7737   30000A  0F                 	db	15
  7738                           
  7739                           ;Config register CONFIG6H @ 0x30000B
  7740                           ;	Configuration Register Write Protection bit
  7741                           ;	WRTC = OFF, Configuration registers (300000-3000FFh) not write-protected
  7742                           ;	Boot Block Write Protection bit
  7743                           ;	WRTB = OFF, Boot Block (000000-0007FFh) not write-protected
  7744                           ;	Data EEPROM Write Protection bit
  7745                           ;	WRTD = OFF, Data EEPROM not write-protected
  7746   30000B                     	org	3145739
  7747   30000B  E0                 	db	224
  7748                           
  7749                           ;Config register CONFIG7L @ 0x30000C
  7750                           ;	Table Read Protection Block 0
  7751                           ;	EBTR0 = OFF, Block 0 (000800-001FFFh) not protected from table reads executed in other
      +                           blocks
  7752                           ;	Table Read Protection Block 1
  7753                           ;	EBTR1 = OFF, Block 1 (002000-003FFFh) not protected from table reads executed in other
      +                           blocks
  7754                           ;	Table Read Protection Block 2
  7755                           ;	EBTR2 = OFF, Block 2 (004000-005FFFh) not protected from table reads executed in other
      +                           blocks
  7756                           ;	Table Read Protection Block 3
  7757                           ;	EBTR3 = OFF, Block 3 (006000-007FFFh) not protected from table reads executed in other
      +                           blocks
  7758   30000C                     	org	3145740
  7759   30000C  0F                 	db	15
  7760                           
  7761                           ;Config register CONFIG7H @ 0x30000D
  7762                           ;	Boot Block Table Read Protection bit
  7763                           ;	EBTRB = OFF, Boot Block (000000-0007FFh) not protected from table reads executed in ot
      +                          her blocks
  7764   30000D                     	org	3145741
  7765   30000D  40                 	db	64
  7766                           tosu	equ	0xFFF
  7767                           tosh	equ	0xFFE
  7768                           tosl	equ	0xFFD
  7769                           stkptr	equ	0xFFC
  7770                           pclatu	equ	0xFFB
  7771                           pclath	equ	0xFFA
  7772                           pcl	equ	0xFF9
  7773                           tblptru	equ	0xFF8
  7774                           tblptrh	equ	0xFF7
  7775                           tblptrl	equ	0xFF6
  7776                           tablat	equ	0xFF5
  7777                           prodh	equ	0xFF4
  7778                           prodl	equ	0xFF3
  7779                           indf0	equ	0xFEF
  7780                           postinc0	equ	0xFEE
  7781                           postdec0	equ	0xFED
  7782                           preinc0	equ	0xFEC
  7783                           plusw0	equ	0xFEB
  7784                           fsr0h	equ	0xFEA
  7785                           fsr0l	equ	0xFE9
  7786                           wreg	equ	0xFE8
  7787                           indf1	equ	0xFE7
  7788                           postinc1	equ	0xFE6
  7789                           postdec1	equ	0xFE5
  7790                           preinc1	equ	0xFE4
  7791                           plusw1	equ	0xFE3
  7792                           fsr1h	equ	0xFE2
  7793                           fsr1l	equ	0xFE1
  7794                           bsr	equ	0xFE0
  7795                           indf2	equ	0xFDF
  7796                           postinc2	equ	0xFDE
  7797                           postdec2	equ	0xFDD
  7798                           preinc2	equ	0xFDC
  7799                           plusw2	equ	0xFDB
  7800                           fsr2h	equ	0xFDA
  7801                           fsr2l	equ	0xFD9
  7802                           status	equ	0xFD8

Data Sizes:
    Strings     684
    Constant    48
    Data        74
    BSS         58
    Persistent  4
    Stack       0

Auto Spaces:
    Space          Size  Autos    Used
    COMRAM           94     49      79
    BANK0           160     14     120
    BANK1           256      0       0
    BANK2           256      0       0
    BANK3           256      0       0
    BANK4           256      0       0
    BANK5           256      0       0

Pointer List with Targets:

    EUSART1_FramingErrorCallbackRegister@callbackHandler	PTR FTN()void  size(2) Largest target is 1
		 -> EUSART1_DefaultFramingErrorCallback(), 

    EUSART1_FramingErrorHandler	PTR FTN()void  size(2) Largest target is 1
		 -> EUSART1_DefaultFramingErrorCallback(), NULL(), 

    EUSART1_OverrunErrorCallbackRegister@callbackHandler	PTR FTN()void  size(2) Largest target is 1
		 -> EUSART1_DefaultOverrunErrorCallback(), 

    EUSART1_OverrunErrorHandler	PTR FTN()void  size(2) Largest target is 1
		 -> EUSART1_DefaultOverrunErrorCallback(), NULL(), 

    fputc@fp	PTR struct _IO_FILE size(2) Largest target is 0
		 -> NULL(NULL[0]), 

    fputc@fp$.$buffer	PTR unsigned char  size(2) Largest target is 0

    fputc@fp$.$source	PTR const unsigned char  size(2) Largest target is 0

    INT0_InterruptHandler	PTR FTN()void  size(2) Largest target is 1
		 -> INT0_DefaultInterruptHandler(), NULL(), 

    INT0_SetInterruptHandler@InterruptHandler	PTR FTN()void  size(2) Largest target is 1
		 -> INT0_DefaultInterruptHandler(), 

    INT1_InterruptHandler	PTR FTN()void  size(2) Largest target is 1
		 -> INT1_DefaultInterruptHandler(), NULL(), 

    INT1_SetInterruptHandler@InterruptHandler	PTR FTN()void  size(2) Largest target is 1
		 -> INT1_DefaultInterruptHandler(), 

    INT2_InterruptHandler	PTR FTN()void  size(2) Largest target is 1
		 -> INT2_DefaultInterruptHandler(), NULL(), 

    INT2_SetInterruptHandler@InterruptHandler	PTR FTN()void  size(2) Largest target is 1
		 -> INT2_DefaultInterruptHandler(), 

    printf@ap	PTR void [1] size(1) Largest target is 2
		 -> ?_printf(COMRAM[2]), 

    printf@fmt	PTR const unsigned char  size(2) Largest target is 47
		 -> STR_1(CODE[11]), STR_10(CODE[33]), STR_11(CODE[15]), STR_12(CODE[21]), 
		 -> STR_13(CODE[24]), STR_14(CODE[39]), STR_15(CODE[41]), STR_16(CODE[40]), 
		 -> STR_17(CODE[30]), STR_18(CODE[18]), STR_19(CODE[47]), STR_2(CODE[13]), 
		 -> STR_20(CODE[33]), STR_21(CODE[2]), STR_22(CODE[2]), STR_23(CODE[21]), 
		 -> STR_24(CODE[23]), STR_25(CODE[23]), STR_26(CODE[23]), STR_27(CODE[22]), 
		 -> STR_28(CODE[23]), STR_29(CODE[22]), STR_3(CODE[22]), STR_30(CODE[20]), 
		 -> STR_31(CODE[14]), STR_32(CODE[24]), STR_33(CODE[19]), STR_34(CODE[24]), 
		 -> STR_35(CODE[26]), STR_36(CODE[17]), STR_4(CODE[16]), STR_5(CODE[5]), 
		 -> STR_6(CODE[33]), STR_7(CODE[18]), STR_8(CODE[18]), STR_9(CODE[18]), 

    S1987$buffer	PTR unsigned char  size(2) Largest target is 0

    S1987$source	PTR const unsigned char  size(2) Largest target is 0

    S789$20$0	PTR FTN()void  size(2) Largest target is 1
		 -> EUSART1_DefaultFramingErrorCallback(), 

    S789$21$0	PTR FTN()void  size(2) Largest target is 1
		 -> EUSART1_DefaultOverrunErrorCallback(), 

    S789$AutoBaudEventEnableGet	PTR FTN()_Bool  size(2) Largest target is 1
		 -> NULL(), 

    S789$AutoBaudQuery	PTR FTN()_Bool  size(2) Largest target is 1
		 -> EUSART1_AutoBaudQuery(), 

    S789$AutoBaudSet	PTR FTN(_Bool ,)void  size(2) Largest target is 1
		 -> EUSART1_AutoBaudSet(), 

    S789$BaudRateGet	PTR FTN()unsigned long  size(2) Largest target is 1
		 -> NULL(), 

    S789$BaudRateSet	PTR FTN(unsigned long ,)void  size(2) Largest target is 1
		 -> NULL(), 

    S789$BRGCountGet	PTR FTN()unsigned long  size(2) Largest target is 1
		 -> NULL(), 

    S789$BRGCountSet	PTR FTN(unsigned long ,)void  size(2) Largest target is 1
		 -> NULL(), 

    S789$Deinitialize	PTR FTN()void  size(2) Largest target is 1
		 -> EUSART1_Deinitialize(), 

    S789$ErrorGet	PTR FTN()unsigned int  size(2) Largest target is 2
		 -> EUSART1_ErrorGet(), 

    S789$EventCallbackRegister	PTR FTN(PTR FTN()void ,)void  size(2) Largest target is 1
		 -> NULL(), 

    S789$FramingErrorCallbackRegister	PTR FTN(PTR FTN()void ,)void  size(2) Largest target is 1
		 -> EUSART1_FramingErrorCallbackRegister(), 

    S789$Initialize	PTR FTN()void  size(2) Largest target is 1
		 -> EUSART1_Initialize(), 

    S789$IsRxReady	PTR FTN()_Bool  size(2) Largest target is 1
		 -> EUSART1_IsRxReady(), 

    S789$IsTxDone	PTR FTN()_Bool  size(2) Largest target is 1
		 -> EUSART1_IsTxDone(), 

    S789$IsTxReady	PTR FTN()_Bool  size(2) Largest target is 1
		 -> EUSART1_IsTxReady(), 

    S789$OverrunErrorCallbackRegister	PTR FTN(PTR FTN()void ,)void  size(2) Largest target is 1
		 -> EUSART1_OverrunErrorCallbackRegister(), 

    S789$ParityErrorCallbackRegister	PTR FTN(PTR FTN()void ,)void  size(2) Largest target is 1
		 -> NULL(), 

    S789$Read	PTR FTN()unsigned char  size(2) Largest target is 1
		 -> EUSART1_Read(), 

    S789$RxCompleteCallbackRegister	PTR FTN(PTR FTN()void ,)void  size(2) Largest target is 1
		 -> NULL(), 

    S789$TransmitDisable	PTR FTN()void  size(2) Largest target is 1
		 -> EUSART1_TransmitDisable(), 

    S789$TransmitEnable	PTR FTN()void  size(2) Largest target is 1
		 -> EUSART1_TransmitEnable(), 

    S789$TxCollisionCallbackRegister	PTR FTN(PTR FTN()void ,)void  size(2) Largest target is 1
		 -> NULL(), 

    S789$TxCompleteCallbackRegister	PTR FTN(PTR FTN()void ,)void  size(2) Largest target is 1
		 -> NULL(), 

    S789$Write	PTR FTN(unsigned char ,)void  size(2) Largest target is 1
		 -> EUSART1_Write(), 

    TMR0_OverflowCallback	PTR FTN()void  size(2) Largest target is 1
		 -> timer0ISR(), TMR0_DefaultOverflowCallback(), NULL(), 

    TMR0_OverflowCallbackRegister@callbackHandler	PTR FTN()void  size(2) Largest target is 1
		 -> timer0ISR(), TMR0_DefaultOverflowCallback(), 

    TMR2_PeriodMatchCallback	PTR FTN()void  size(2) Largest target is 1
		 -> TMR2_DefaultPeriodMatchCallback(), NULL(), 

    UART1$AutoBaudEventEnableGet	PTR FTN()_Bool  size(2) Largest target is 1
		 -> NULL(), 

    UART1$AutoBaudQuery	PTR FTN()_Bool  size(2) Largest target is 1
		 -> EUSART1_AutoBaudQuery(), 

    UART1$AutoBaudSet	PTR FTN(_Bool ,)void  size(2) Largest target is 1
		 -> EUSART1_AutoBaudSet(), 

    UART1$BaudRateGet	PTR FTN()unsigned long  size(2) Largest target is 1
		 -> NULL(), 

    UART1$BaudRateSet	PTR FTN(unsigned long ,)void  size(2) Largest target is 1
		 -> NULL(), 

    UART1$BRGCountGet	PTR FTN()unsigned long  size(2) Largest target is 1
		 -> NULL(), 

    UART1$BRGCountSet	PTR FTN(unsigned long ,)void  size(2) Largest target is 1
		 -> NULL(), 

    UART1$Deinitialize	PTR FTN()void  size(2) Largest target is 1
		 -> EUSART1_Deinitialize(), 

    UART1$ErrorGet	PTR FTN()unsigned int  size(2) Largest target is 2
		 -> EUSART1_ErrorGet(), 

    UART1$EventCallbackRegister	PTR FTN(PTR FTN()void ,)void  size(2) Largest target is 1
		 -> NULL(), 

    UART1$FramingErrorCallbackRegister	PTR FTN(PTR FTN()void ,)void  size(2) Largest target is 1
		 -> EUSART1_FramingErrorCallbackRegister(), 

    UART1$Initialize	PTR FTN()void  size(2) Largest target is 1
		 -> EUSART1_Initialize(), 

    UART1$IsRxReady	PTR FTN()_Bool  size(2) Largest target is 1
		 -> EUSART1_IsRxReady(), 

    UART1$IsTxDone	PTR FTN()_Bool  size(2) Largest target is 1
		 -> EUSART1_IsTxDone(), 

    UART1$IsTxReady	PTR FTN()_Bool  size(2) Largest target is 1
		 -> EUSART1_IsTxReady(), 

    UART1$OverrunErrorCallbackRegister	PTR FTN(PTR FTN()void ,)void  size(2) Largest target is 1
		 -> EUSART1_OverrunErrorCallbackRegister(), 

    UART1$ParityErrorCallbackRegister	PTR FTN(PTR FTN()void ,)void  size(2) Largest target is 1
		 -> NULL(), 

    UART1$Read	PTR FTN()unsigned char  size(2) Largest target is 1
		 -> EUSART1_Read(), 

    UART1$RxCompleteCallbackRegister	PTR FTN(PTR FTN()void ,)void  size(2) Largest target is 1
		 -> NULL(), 

    UART1$TransmitDisable	PTR FTN()void  size(2) Largest target is 1
		 -> EUSART1_TransmitDisable(), 

    UART1$TransmitEnable	PTR FTN()void  size(2) Largest target is 1
		 -> EUSART1_TransmitEnable(), 

    UART1$TxCollisionCallbackRegister	PTR FTN(PTR FTN()void ,)void  size(2) Largest target is 1
		 -> NULL(), 

    UART1$TxCompleteCallbackRegister	PTR FTN(PTR FTN()void ,)void  size(2) Largest target is 1
		 -> NULL(), 

    UART1$Write	PTR FTN(unsigned char ,)void  size(2) Largest target is 1
		 -> EUSART1_Write(), 

    vfpfcnvrt@ap	PTR PTR void  size(1) Largest target is 1
		 -> printf@ap(COMRAM[1]), 

    vfpfcnvrt@cp	PTR unsigned char  size(2) Largest target is 47
		 -> STR_1(CODE[11]), STR_10(CODE[33]), STR_11(CODE[15]), STR_12(CODE[21]), 
		 -> STR_13(CODE[24]), STR_14(CODE[39]), STR_15(CODE[41]), STR_16(CODE[40]), 
		 -> STR_17(CODE[30]), STR_18(CODE[18]), STR_19(CODE[47]), STR_2(CODE[13]), 
		 -> STR_20(CODE[33]), STR_21(CODE[2]), STR_22(CODE[2]), STR_23(CODE[21]), 
		 -> STR_24(CODE[23]), STR_25(CODE[23]), STR_26(CODE[23]), STR_27(CODE[22]), 
		 -> STR_28(CODE[23]), STR_29(CODE[22]), STR_3(CODE[22]), STR_30(CODE[20]), 
		 -> STR_31(CODE[14]), STR_32(CODE[24]), STR_33(CODE[19]), STR_34(CODE[24]), 
		 -> STR_35(CODE[26]), STR_36(CODE[17]), STR_4(CODE[16]), STR_5(CODE[5]), 
		 -> STR_6(CODE[33]), STR_7(CODE[18]), STR_8(CODE[18]), STR_9(CODE[18]), 

    vfpfcnvrt@fmt	PTR PTR unsigned char  size(1) Largest target is 2
		 -> vfprintf@cfmt(COMRAM[2]), 

    vfpfcnvrt@fp	PTR struct _IO_FILE size(2) Largest target is 0
		 -> NULL(NULL[0]), 

    vfprintf@ap	PTR PTR void  size(1) Largest target is 1
		 -> printf@ap(COMRAM[1]), 

    vfprintf@cfmt	PTR unsigned char  size(2) Largest target is 47
		 -> STR_1(CODE[11]), STR_10(CODE[33]), STR_11(CODE[15]), STR_12(CODE[21]), 
		 -> STR_13(CODE[24]), STR_14(CODE[39]), STR_15(CODE[41]), STR_16(CODE[40]), 
		 -> STR_17(CODE[30]), STR_18(CODE[18]), STR_19(CODE[47]), STR_2(CODE[13]), 
		 -> STR_20(CODE[33]), STR_21(CODE[2]), STR_22(CODE[2]), STR_23(CODE[21]), 
		 -> STR_24(CODE[23]), STR_25(CODE[23]), STR_26(CODE[23]), STR_27(CODE[22]), 
		 -> STR_28(CODE[23]), STR_29(CODE[22]), STR_3(CODE[22]), STR_30(CODE[20]), 
		 -> STR_31(CODE[14]), STR_32(CODE[24]), STR_33(CODE[19]), STR_34(CODE[24]), 
		 -> STR_35(CODE[26]), STR_36(CODE[17]), STR_4(CODE[16]), STR_5(CODE[5]), 
		 -> STR_6(CODE[33]), STR_7(CODE[18]), STR_8(CODE[18]), STR_9(CODE[18]), 

    vfprintf@fmt	PTR const unsigned char  size(2) Largest target is 47
		 -> STR_1(CODE[11]), STR_10(CODE[33]), STR_11(CODE[15]), STR_12(CODE[21]), 
		 -> STR_13(CODE[24]), STR_14(CODE[39]), STR_15(CODE[41]), STR_16(CODE[40]), 
		 -> STR_17(CODE[30]), STR_18(CODE[18]), STR_19(CODE[47]), STR_2(CODE[13]), 
		 -> STR_20(CODE[33]), STR_21(CODE[2]), STR_22(CODE[2]), STR_23(CODE[21]), 
		 -> STR_24(CODE[23]), STR_25(CODE[23]), STR_26(CODE[23]), STR_27(CODE[22]), 
		 -> STR_28(CODE[23]), STR_29(CODE[22]), STR_3(CODE[22]), STR_30(CODE[20]), 
		 -> STR_31(CODE[14]), STR_32(CODE[24]), STR_33(CODE[19]), STR_34(CODE[24]), 
		 -> STR_35(CODE[26]), STR_36(CODE[17]), STR_4(CODE[16]), STR_5(CODE[5]), 
		 -> STR_6(CODE[33]), STR_7(CODE[18]), STR_8(CODE[18]), STR_9(CODE[18]), 

    vfprintf@fp	PTR struct _IO_FILE size(2) Largest target is 0
		 -> NULL(NULL[0]), 


Critical Paths under _main in COMRAM

    _main->_printf
    _printf->_vfprintf
    _vfprintf->_vfpfcnvrt
    _vfpfcnvrt->_fputc
    _fputc->_putch
    _putch->_EUSART1_IsTxReady
    _putch->_EUSART1_Write
    _TMR0_Initialize->_TMR0_OverflowCallbackRegister
    _INTERRUPT_Initialize->_INT0_SetInterruptHandler
    _INTERRUPT_Initialize->_INT1_SetInterruptHandler
    _INTERRUPT_Initialize->_INT2_SetInterruptHandler
    _EUSART1_Initialize->_EUSART1_FramingErrorCallbackRegister
    _EUSART1_Initialize->_EUSART1_OverrunErrorCallbackRegister

Critical Paths under _INTERRUPT_InterruptManager in COMRAM

    _timer0ISR->i2_ECCP1_LoadDutyValue
    _timer0ISR->i2_ECCP2_LoadDutyValue
    _timer0ISR->i2_ECCP3_LoadDutyValue

Critical Paths under _main in BANK0

    None.

Critical Paths under _INTERRUPT_InterruptManager in BANK0

    None.

Critical Paths under _main in BANK1

    None.

Critical Paths under _INTERRUPT_InterruptManager in BANK1

    None.

Critical Paths under _main in BANK2

    None.

Critical Paths under _INTERRUPT_InterruptManager in BANK2

    None.

Critical Paths under _main in BANK3

    None.

Critical Paths under _INTERRUPT_InterruptManager in BANK3

    None.

Critical Paths under _main in BANK4

    None.

Critical Paths under _INTERRUPT_InterruptManager in BANK4

    None.

Critical Paths under _main in BANK5

    None.

Critical Paths under _INTERRUPT_InterruptManager in BANK5

    None.

Call Graph Tables:

 ---------------------------------------------------------------------------------
 (Depth) Function   	        Calls       Base Space   Used Autos Params    Refs
 ---------------------------------------------------------------------------------
 (0) _main                                                18    18      0    3099
                                             47 COMRAM     2     2      0
                                              0 BANK0     14    14      0
                _ECCP1_LoadDutyValue
                _ECCP2_LoadDutyValue
                _ECCP3_LoadDutyValue
                  _EUSART1_IsRxReady
                       _EUSART1_Read
                  _SYSTEM_Initialize
      _TMR0_OverflowCallbackRegister
                     _TMR0_PeriodSet
                             _printf
 ---------------------------------------------------------------------------------
 (1) _printf                                               7     3      4    1699
                                             42 COMRAM     5     1      4
                           _vfprintf
 ---------------------------------------------------------------------------------
 (2) _vfprintf                                             7     2      5    1504
                                             35 COMRAM     7     2      5
                          _vfpfcnvrt
 ---------------------------------------------------------------------------------
 (3) _vfpfcnvrt                                           15    11      4    1295
                                             21 COMRAM    14    10      4
                              _fputc
 ---------------------------------------------------------------------------------
 (4) _fputc                                                9     5      4     453
                                             12 COMRAM     9     5      4
                              _putch
 ---------------------------------------------------------------------------------
 (5) _putch                                                1     1      0     118
                                             11 COMRAM     1     1      0
                  _EUSART1_IsTxReady
                      _EUSART1_Write
 ---------------------------------------------------------------------------------
 (6) _EUSART1_Write                                        1     0      1      34
                                             10 COMRAM     1     0      1
 ---------------------------------------------------------------------------------
 (6) _EUSART1_IsTxReady                                    1     1      0      37
                                             10 COMRAM     1     1      0
 ---------------------------------------------------------------------------------
 (1) _TMR0_PeriodSet                                       2     0      2      37
                                             10 COMRAM     2     0      2
 ---------------------------------------------------------------------------------
 (1) _SYSTEM_Initialize                                    0     0      0     269
                   _CLOCK_Initialize
                   _ECCP1_Initialize
                   _ECCP2_Initialize
                   _ECCP3_Initialize
                 _EUSART1_Initialize
               _INTERRUPT_Initialize
             _PIN_MANAGER_Initialize
                    _TMR0_Initialize
                    _TMR2_Initialize
 ---------------------------------------------------------------------------------
 (2) _TMR2_Initialize                                      0     0      0       0
 ---------------------------------------------------------------------------------
 (2) _TMR0_Initialize                                      0     0      0      37
      _TMR0_OverflowCallbackRegister
 ---------------------------------------------------------------------------------
 (3) _TMR0_OverflowCallbackRegister                        2     0      2      37
                                             10 COMRAM     2     0      2
 ---------------------------------------------------------------------------------
 (2) _PIN_MANAGER_Initialize                               0     0      0       0
 ---------------------------------------------------------------------------------
 (2) _INTERRUPT_Initialize                                 0     0      0     102
           _INT0_SetInterruptHandler
           _INT1_SetInterruptHandler
           _INT2_SetInterruptHandler
 ---------------------------------------------------------------------------------
 (3) _INT2_SetInterruptHandler                             2     0      2      34
                                             10 COMRAM     2     0      2
 ---------------------------------------------------------------------------------
 (3) _INT1_SetInterruptHandler                             2     0      2      34
                                             10 COMRAM     2     0      2
 ---------------------------------------------------------------------------------
 (3) _INT0_SetInterruptHandler                             2     0      2      34
                                             10 COMRAM     2     0      2
 ---------------------------------------------------------------------------------
 (2) _EUSART1_Initialize                                   0     0      0     130
_EUSART1_FramingErrorCallbackRegiste
_EUSART1_OverrunErrorCallbackRegiste
 ---------------------------------------------------------------------------------
 (3) _EUSART1_OverrunErrorCallbackRegister                 2     0      2      65
                                             10 COMRAM     2     0      2
 ---------------------------------------------------------------------------------
 (3) _EUSART1_FramingErrorCallbackRegister                 2     0      2      65
                                             10 COMRAM     2     0      2
 ---------------------------------------------------------------------------------
 (2) _ECCP3_Initialize                                     0     0      0       0
 ---------------------------------------------------------------------------------
 (2) _ECCP2_Initialize                                     0     0      0       0
 ---------------------------------------------------------------------------------
 (2) _ECCP1_Initialize                                     0     0      0       0
 ---------------------------------------------------------------------------------
 (2) _CLOCK_Initialize                                     0     0      0       0
 ---------------------------------------------------------------------------------
 (1) _EUSART1_Read                                         0     0      0       0
                                NULL *
_EUSART1_DefaultFramingErrorCallback *
_EUSART1_DefaultOverrunErrorCallback *
 ---------------------------------------------------------------------------------
 (2) _EUSART1_DefaultOverrunErrorCallback                  0     0      0       0
 ---------------------------------------------------------------------------------
 (2) _EUSART1_DefaultFramingErrorCallback                  0     0      0       0
 ---------------------------------------------------------------------------------
 (9) NULL(Fake)                                            0     0      0       0
 ---------------------------------------------------------------------------------
 (1) _EUSART1_IsRxReady                                    0     0      0       0
 ---------------------------------------------------------------------------------
 (1) _ECCP3_LoadDutyValue                                  4     2      2      74
                                             10 COMRAM     4     2      2
 ---------------------------------------------------------------------------------
 (1) _ECCP2_LoadDutyValue                                  4     2      2      74
                                             10 COMRAM     4     2      2
 ---------------------------------------------------------------------------------
 (1) _ECCP1_LoadDutyValue                                  4     2      2      74
                                             10 COMRAM     4     2      2
 ---------------------------------------------------------------------------------
 Estimated maximum stack depth 9
 ---------------------------------------------------------------------------------
 (Depth) Function   	        Calls       Base Space   Used Autos Params    Refs
 ---------------------------------------------------------------------------------
 (7) _INTERRUPT_InterruptManager                           6     6      0     138
                                              4 COMRAM     6     6      0
                   _TMR0_OverflowISR
 ---------------------------------------------------------------------------------
 (8) _TMR0_OverflowISR                                     0     0      0     138
                                NULL *
       _TMR0_DefaultOverflowCallback *
                          _timer0ISR *
 ---------------------------------------------------------------------------------
 (9) _timer0ISR                                            0     0      0     138
              i2_ECCP1_LoadDutyValue
              i2_ECCP2_LoadDutyValue
              i2_ECCP3_LoadDutyValue
 ---------------------------------------------------------------------------------
 (10) i2_ECCP3_LoadDutyValue                               4     2      2      46
                                              0 COMRAM     4     2      2
 ---------------------------------------------------------------------------------
 (10) i2_ECCP2_LoadDutyValue                               4     2      2      46
                                              0 COMRAM     4     2      2
 ---------------------------------------------------------------------------------
 (10) i2_ECCP1_LoadDutyValue                               4     2      2      46
                                              0 COMRAM     4     2      2
 ---------------------------------------------------------------------------------
 (9) _TMR0_DefaultOverflowCallback                         0     0      0       0
 ---------------------------------------------------------------------------------
 (9) NULL(Fake)                                            0     0      0       0
 ---------------------------------------------------------------------------------
 Estimated maximum stack depth 10
 ---------------------------------------------------------------------------------

 Call Graph Graphs:

 _main (ROOT)
   _ECCP1_LoadDutyValue
   _ECCP2_LoadDutyValue
   _ECCP3_LoadDutyValue
   _EUSART1_IsRxReady
   _EUSART1_Read
     NULL(Fake) *
     _EUSART1_DefaultFramingErrorCallback *
     _EUSART1_DefaultOverrunErrorCallback *
   _SYSTEM_Initialize
     _CLOCK_Initialize
     _ECCP1_Initialize
     _ECCP2_Initialize
     _ECCP3_Initialize
     _EUSART1_Initialize
       _EUSART1_FramingErrorCallbackRegister
       _EUSART1_OverrunErrorCallbackRegister
     _INTERRUPT_Initialize
       _INT0_SetInterruptHandler
       _INT1_SetInterruptHandler
       _INT2_SetInterruptHandler
     _PIN_MANAGER_Initialize
     _TMR0_Initialize
       _TMR0_OverflowCallbackRegister
     _TMR2_Initialize
   _TMR0_OverflowCallbackRegister
   _TMR0_PeriodSet
   _printf
     _vfprintf
       _vfpfcnvrt
         _fputc
           _putch
             _EUSART1_IsTxReady
             _EUSART1_Write

 _INTERRUPT_InterruptManager (ROOT)
   _TMR0_OverflowISR
     NULL(Fake) *
     _TMR0_DefaultOverflowCallback *
     _timer0ISR *
       i2_ECCP1_LoadDutyValue
       i2_ECCP2_LoadDutyValue
       i2_ECCP3_LoadDutyValue

Address spaces:
Name               Size   Autos  Total    Usage
BIGRAM            1535      0       0      0.0%
BITBANK5           256      0       0      0.0%
BANK5              256      0       0      0.0%
BITBANK4           256      0       0      0.0%
BANK4              256      0       0      0.0%
BITBANK3           256      0       0      0.0%
BANK3              256      0       0      0.0%
BITBANK2           256      0       0      0.0%
BANK2              256      0       0      0.0%
BITBANK1           256      0       0      0.0%
BANK1              256      0       0      0.0%
BITBANK0           160      0       0      0.0%
BANK0              160     14     120     75.0%
BITBIGSFRh         152      0       0      0.0%
BITCOMRAM           94      0       0      0.0%
COMRAM              94     49      79     84.0%
BITBIGSFRllh        19      0       0      0.0%
BITBIGSFRlll        14      0       0      0.0%
BITBIGSFRlh          6      0       0      0.0%
STACK                0      0       0      0.0%
DATA                 0      0     199      0.0%


Microchip Technology PIC18 Macro Assembler V3.10 build 20250813170317 
Symbol Table                                                                                   Mon Oct  6 21:53:44 2025

                           __end_of_ECCP2_Initialize 0C76                                                   l20 0A08  
                                                 l40 09D0                                                   l17 0C8C  
                                                 l60 095E                                                   l37 0C74  
                                                 l57 0C5C                                                   l90 0B90  
                                                 l69 0CAE                                                  l202 0CCC  
                                                l119 0B44                                                  l226 0BB6  
                                                l159 0AE2                                                  l247 0CB8  
                                                l176 0CE0                                                  l266 0CC2  
                                                l442 0B68                                                  l443 0B6A  
                                                l531 01DC                                                  l189 0CD6  
                                                l533 01FE                                                  l438 0CA0  
                                                l534 0204                                                  l471 0BD6  
                                                l456 083A                                                  l288 0C44  
                                                l481 0C2C                                                  l474 0CF0  
                                                l394 0B16                                                  l459 0CE6  
                                                l477 0CEC                                                  l485 0C10  
                                                _PR2 0FBB                                                  u900 067A  
                                                u901 0676                                                  u910 06A2  
                                                u911 069E                                                  u920 06D8  
                                                u921 06D4                                                  u930 0C24  
                                                u931 0C20                                                  u940 0C08  
                                                u860 0B56                                                  u941 0C04  
                                                u861 0B52                                                  u870 0B64  
                                                u950 0492                                                  u871 0B60  
                                                u951 048E                                                  u880 0BCE  
                                                u960 04CE                                                  u881 0BCA  
                                                u961 04CA                                                  u890 0668  
                                                u970 052E                                                  u891 0664  
                                                u971 052A                                                  u980 057E  
                                                u981 057A                                                  u990 05BC  
                                                u991 05B8                           ??_INT0_SetInterruptHandler 000E  
                                _ECCP2_LoadDutyValue 099A                                      _TMR2_Initialize 0C2E  
                                                tosl 0FFD                                                  wreg 0FE8  
                                         _TXSTA1bits 0FAC                                    main@currentPeriod 00CD  
                           __end_of_ECCP3_Initialize 0C5E                                                 l1400 0654  
                                               l1421 0924                                                 l1433 071E  
                                               l2411 06A2                                                 l2403 0656  
                                               l2501 0C7C                                                 l2421 0CC4  
                                               l2413 06D8                                                 l2405 0668  
                                               l1374 0BF4                                                 l2503 0C82  
                                               l2511 0C64                                                 l2431 0C08  
                                               l2423 0CBA                                                 l2407 067A  
                                               l2505 0C84                                                 l2513 0C6A  
                                               l2521 0C4E                                                 l2425 0C12  
                                               l2417 0CD8                                                 l2601 0B74  
                                               l2409 0684                                                 l2441 04AC  
                                               l2433 0470                                                 l2611 0C8E  
                                               l2515 0C6C                                                 l2507 0C5E  
                                               l2523 0C54                                                 l2427 0C24  
                                               l2419 0CCE                                                 l2531 0B1C  
                                               l2603 0B78                                                 l2443 04CE  
                                               l2451 0504                                                 l2435 0492  
                                               l2621 07D4                                                 l2509 0C62  
                                               l2525 0C56                                                 l2517 0C46  
                                               l2429 0BF6                                                 l2533 0B20  
                                               l2541 0B94                                                 l2605 0B88  
                                               l2461 0568                                                 l2453 0512  
                                               l2445 04DA                                                 l2437 049E  
                                               l2701 0232                                                 l2631 0820  
                                               l2623 07E6                                                 l2615 07BE  
                                               l2527 0CA2                                                 l2519 0C4C  
                                               l2535 0B3C                                                 l2551 0BB2  
                                               l2543 0B98                                                 l2607 0B8C  
                                               l2471 0598                                                 l2463 056E  
                                               l2455 052E                                                 l2447 04EE  
                                               l2439 04A8                                                 l2703 0242  
                                               l2633 0838                                                 l2625 07FE  
                                               l2617 07C4                                                 l2537 0B42  
                                               l2529 0B18                                                 l2545 0BA2  
                                               l2561 0C40                                                 l2553 0C2E  
                                               l2609 0CB0                                                 l2385 0B46  
                                               l2393 0CE2                                                 l2481 05F0  
                                               l2473 05AA                                                 l2465 057E  
                                               l2457 0546                                                 l2721 02BE  
                                               l2713 027A                                                 l2705 025E  
                                               l2627 080C                                                 l2619 07D2  
                                               l2563 0AE4                                                 l2571 0AB6  
                                               l2547 0BAE                                                 l2539 0B92  
                                               l2555 0C32                                                 l2387 0B56  
                                               l2395 0BBA                                                 l2475 05BC  
                                               l2467 0586                                                 l2459 0564  
                                               l2491 062E                                                 l2731 02E2  
                                               l2715 0282                                                 l2707 026E  
                                               l2651 0070                                                 l2581 0CE8  
                                               l2629 080E                                                 l2565 0AF8  
                                               l2573 0AC2                                                 l2549 0BB0  
                                               l2557 0C34                                                 l2389 0B64  
                                               l2397 0BBA                                                 l2477 05D0  
                                               l2469 058A                                                 l2485 0606  
                                               l2637 0BD8                                                 l2741 0326  
                                               l2733 02FE                                                 l2717 0292  
                                               l2661 00B0                                                 l2653 009C  
                                               l2567 0B04                                                 l2575 0AC4  
                                               l2559 0C3E                                                 l2399 0BCE  
                                               l2479 05EE                                                 l2487 061E  
                                               l2583 08E2                                                 l2639 0BDC  
                                               l2751 034C                                                 l2743 032E  
                                               l2735 030E                                                 l2727 02CA  
                                               l2719 02AE                                                 l2671 00EC  
                                               l2663 00BC                                                 l2655 00A0  
                                               l2593 09D2                                                 l2497 0C76  
                                               l2577 0AD2                                                 l2569 0AB0  
                                               l2585 08EE                                                 l2761 03A6  
                                               l2753 0356                                                 l2745 033A  
                                               l2729 02D2                                                 l2681 01DE  
                                               l2673 0100                                                 l2665 00C8  
                                               l2657 00AC                                                 l2595 099A  
                                               l2499 0C7A                                                 l2579 0AD4  
                                               l2587 0902                                                 l2771 03D2  
                                               l2755 0366                                                 l2747 0340  
                                               l2739 031A                                                 l2691 0206  
                                               l2683 01EA                                                 l2675 010C  
                                               l2667 00D4                                                 l2659 00AE  
                                               l2597 0926                                                 l2589 091E  
                                               l2773 03E0                                                 l2765 03B2  
                                               l2757 0372                                                 l2693 0212  
                                               l2685 01EE                                                 l2669 00E0  
                                               l2599 0B6C                                                 l2767 03BE  
                                               l2759 0396                                                 l2695 0216  
                                               l2769 03C8                                                 l2777 03F6  
                                               l2699 022A                                                 STR_1 7FEF  
                                               STR_2 7FE2                                                 STR_3 7EDF  
                                               STR_4 7FB5                                                 STR_5 7FFA  
                                               STR_6 7DFA                                                 STR_7 7F6E  
                                               STR_8 7F92                                                 STR_9 7F80  
                                               u1000 05CC                                                 u1001 05C8  
                                               u1010 0602                                                 u1011 05FE  
                                               u1020 091E                                                 u1021 091A  
                                               u1030 0C9E                                                 u1110 0100  
                                               u1031 0C98                                                 u1111 00FC  
                                               u1040 07D2                                                 u1120 01FE  
                                               u1041 07CE                                                 u1121 01FA  
                                               u1050 07E6                                                 u1130 0226  
                                               u1051 07E2                                                 u1131 0222  
                                               u1036 0CA0                                                 u1140 025E  
                                               u1141 025A                                                 u1070 080C  
                                               u1150 02AE                                                 u1071 0808  
                                               u1151 02AA                                                 u1080 0820  
                                               u1160 02FE                                                 u1081 081C  
                                               u1161 02FA                                                 u1170 0396  
                                               u1171 0392                                                 u1068 07EC  
                                               _IOCB 0F62                                                 u1069 07FE  
                                               _LATA 0F89                                                 _LATB 0F8A  
                                               _LATC 0F8B                                                 u1098 0826  
                                               u1099 0838                                                 i2l20 0A78  
                                               i2l40 0A40                                                 i2l60 0998  
                                        main@redDuty 00CF                                                 _TMR2 0FBC  
                                               _WPUB 0F61                                        _EUSART1_Write 0CE2  
                                               _dbuf 00A8                                                 _main 0070  
                                      ?_EUSART1_Read 0002                                                 _prec 0035  
                                               fsr1h 0FE2                                                 fsr2h 0FDA  
                                               indf2 0FDF                                                 fsr1l 0FE1  
                                               fsr2l 0FD9                                                 btemp 0001  
                          ?_INT2_SetInterruptHandler 000C                                                 prodh 0FF4  
                                               prodl 0FF3                                                 start 006C  
                               ?_ECCP2_LoadDutyValue 000C                                         ___param_bank 0000  
                                   _TMR0_OverflowISR 0A7A                                         main@blueDuty 00D3  
                            __end_of_TMR0_Initialize 0BB8                                         _BAUDCON1bits 0FB8  
                                              ?_main 0002                                                STR_10 7DFA  
                                              STR_11 7FC5                                                STR_20 7DFA  
                                              STR_12 7F20                                                STR_21 7E69  
                                              STR_13 7E83                                                STR_22 7E69  
                                              STR_30 7F35                                                STR_14 7DD3  
                                              STR_31 7FD4                                                STR_23 7F0B  
                                              STR_15 7D82                                                STR_24 7E9B  
                                              STR_32 7E6B                                                STR_16 7DAB  
                                              STR_33 7F49                                                STR_25 7EB2  
                                              STR_17 7E1B                                                STR_26 7E9B  
                                              STR_18 7F5C                                                STR_34 7E53  
                                              STR_27 7EC9                                                STR_35 7E39  
                                              STR_19 7D53                                                STR_28 7E9B  
                                              STR_36 7FA4                                                STR_29 7EF5  
                                              _T0CON 0FD5                                                _T2CON 0FBA  
                                              i2l166 0050                                                i2l263 0AAE  
                                              i2l269 0CF2                                                i2l583 07BC  
                                              _UART1 7D23                                         vfpfcnvrt@fmt 0019  
                                              _TMR0H 0FD7                                                _TMR0L 0FD6  
                                              _TRISA 0F92                                                _TRISB 0F93  
                                              _TRISC 0F94                                                _TRISE 0F96  
                              i2_ECCP3_LoadDutyValue 0960         __end_of_EUSART1_FramingErrorCallbackRegister 0C2E  
             ??_EUSART1_FramingErrorCallbackRegister 000E                ?_EUSART1_FramingErrorCallbackRegister 000C  
               _EUSART1_FramingErrorCallbackRegister 0C12                                                _flags 0049  
                                              _fputc 0656                                                btemp0 0001  
                                              btemp1 0002                                                _width 0033  
                                              _putch 0BB8                                                main@i 00D5  
                           _INT1_SetInterruptHandler 0CCE                                       ?_EUSART1_Write 000C  
                                              pclath 0FFA                                                pclatu 0FFB  
                                    _tmr0PeriodCount 0041                                                tablat 0FF5  
                                     ??_EUSART1_Read 000C                                _EUSART1_AutoBaudQuery 0000  
                                              status 0FD8                                ??_ECCP2_LoadDutyValue 000E  
                                    __initialization 083C                           __end_of_EUSART1_Initialize 0B18  
                                       __end_of_main 0470                              __end_of_TMR2_Initialize 0C46  
                        ?_INTERRUPT_InterruptManager 0002                                               ??_main 0031  
                                      __activetblptr 0002  EUSART1_OverrunErrorCallbackRegister@callbackHandler 000C  
EUSART1_FramingErrorCallbackRegister@callbackHandler 000C         TMR0_OverflowCallbackRegister@callbackHandler 000C  
                        __end_of_ECCP1_LoadDutyValue 0A0A                                               ?_fputc 000E  
                                             _CCPR1H 0FBF                                               _CCPR2H 0F68  
                                             _CCPR1L 0FBE                                               _CCPR3H 0F5F  
                                             _CCPR2L 0F67                                               _CCPR3L 0F5E  
                                             _ANSELA 0F38                                               ?_putch 0002  
                                             _ANSELB 0F39                                               _ANSELC 0F3A  
                                      main@greenDuty 00D1                                               i2l2123 0A42  
                                             i2l2125 0A0A                                               i2l2221 0A7A  
                                             i2l2127 0960                                               i2l2223 0A7E  
                                             i2l2225 0A82                                               i2l2241 0030  
                                             i2l2171 0720                                               i2l2227 0A94  
                                             i2l2243 003E                                               i2l2181 0790  
                                             i2l2173 0730                                               i2l2229 0AAC  
                                             i2l2245 004C                                               i2l2191 07BA  
                                             i2l2183 0792                                               i2l2175 0754  
                                             i2l2239 0022                                               i2l2185 07A2  
                                             i2l2177 0768                                               i2l2187 07A4  
                                             i2l2179 077C                                               i2l2189 07B4  
                                             _RCREG1 0FAE                                               _RCSTA1 0FAB  
                                             _OSCCON 0FD3                                               _SPBRG1 0FAF  
                     i2ECCP3_LoadDutyValue@dutyValue 0002                                               _TXREG1 0FAD  
                                             _TXSTA1 0FAC                                         _CCPTMRS0bits 0F49  
                                       vfprintf@cfmt 002A                         ECCP1_LoadDutyValue@dutyValue 000C  
                            ??i2_ECCP2_LoadDutyValue 0004                                     ?_TMR0_Initialize 0002  
                      __end_ofi2_ECCP1_LoadDutyValue 0A7A                                               clear_0 087A  
                                             clear_1 0886                                               isa$std 0001  
                                             _printf 0BD8                                    ?_CLOCK_Initialize 0002  
                                             fputc@c 000E                               ?i2_ECCP3_LoadDutyValue 0002  
                       _INT2_DefaultInterruptHandler 0000                                         __pdataCOMRAM 004F  
                                 ??_CLOCK_Initialize 000C                                         __mediumconst 7D22  
                                             tblptrh 0FF7                                               tblptrl 0FF6  
                                             tblptru 0FF8         __end_of_EUSART1_OverrunErrorCallbackRegister 0C12  
             ??_EUSART1_OverrunErrorCallbackRegister 000E                ?_EUSART1_OverrunErrorCallbackRegister 000C  
               _EUSART1_OverrunErrorCallbackRegister 0BF6                                     __end_of_vfprintf 0926  
                                    ??_EUSART1_Write 000D             INT2_SetInterruptHandler@InterruptHandler 000C  
           INT1_SetInterruptHandler@InterruptHandler 000C             INT0_SetInterruptHandler@InterruptHandler 000C  
                                  ?_ECCP1_Initialize 0002                                    _SYSTEM_Initialize 0B6C  
                                 ??_ECCP1_Initialize 000C                                           __accesstop 0060  
                            __end_of__initialization 088C                                   ?_SYSTEM_Initialize 0002  
                                      ___rparam_used 0001                                        __end_of_UART1 7D53  
                                     __pcstackCOMRAM 0002                                         __pidataBANK0 089A  
                                ??_SYSTEM_Initialize 000E                                    ?_ECCP2_Initialize 0002  
                                      __end_of_fputc 0720                                        __end_of_putch 0BD8  
                                   ?_TMR2_Initialize 0002                                   ??_ECCP2_Initialize 000C  
                               __end_of_EUSART1_Read 083C                     __end_of_INT2_SetInterruptHandler 0CCE  
                                _ECCP3_LoadDutyValue 0926                             __end_of_TMR0_OverflowISR 0AB0  
                                            ??_fputc 0012                            __end_of_SYSTEM_Initialize 0B92  
                                  ?_ECCP3_Initialize 0002                                              ??_putch 000D  
                                         __pbssBANK0 00A8                                   ??_ECCP3_Initialize 000C  
                              _INT0_InterruptHandler 0047                                           __pnvCOMRAM 004D  
                              _TMR0_OverflowCallback 004D                                 ?_ECCP3_LoadDutyValue 000C  
                                            _CCP1CON 0FBD                                              _CCP2CON 0F66  
                                            _CCP3CON 0F5D                                              _ECCP1AS 0FB6  
                                            _ECCP2AS 0F64                                              _ECCP3AS 0F5B  
                                   _EUSART1_IsTxDone 0000                               _EUSART1_IsTxReady$1261 000C  
                                            ?_printf 002C                                     _EUSART1_ErrorGet 0000  
                         ??_INT1_SetInterruptHandler 000E                                              _OSCCON2 0FD2  
                                            _OSCTUNE 0F9B                                              i2u71_40 0A94  
                                            i2u71_41 0A90                                              _PWM1CON 0FB7  
                                            _PWM2CON 0F65                                              i2u72_48 0A9A  
                                            i2u73_40 0030                                              i2u72_49 0AAC  
                                            i2u73_41 002C                                              _PWM3CON 0F5C  
                                            i2u74_40 003E                                              i2u74_41 003A  
                                            i2u67_40 0730                                              i2u75_40 004C  
                                            i2u67_41 072C                                              i2u75_41 0048  
                                            _SPBRGH1 0FB0                                              i2u68_40 07A2  
                                            i2u68_41 079E                                              i2u69_40 07B4  
                                            i2u69_41 07B0                            ?_INT0_SetInterruptHandler 000C  
                               _EUSART1_Deinitialize 0000                               _EUSART1_TransmitEnable 0000  
                              ??_ECCP3_LoadDutyValue 000E                                              __Hparam 0000  
                                            __Lparam 0000                                            ?_vfprintf 0025  
                                            __pcinit 083C                                              __ramtop 0600  
                                            __ptext0 0070                                              __ptext1 0BD8  
                                            __ptext2 08E2                                              __ptext3 0470  
                                            __ptext4 0656                                              __ptext5 0BB8  
                                            __ptext6 0CE2                                              __ptext7 0B46  
                                            __ptext8 0CB0                                              __ptext9 0B6C  
                                          _T0CONbits 0FD5                                              _initBlu 0060  
                                            _initGre 006C                                              _initRed 0078  
                                          _T2CONbits 0FBA                                   _EUSART1_Initialize 0AE4  
                           ??_PIN_MANAGER_Initialize 000C                                              main@cmd 00CA  
                        __end_of_ECCP2_LoadDutyValue 09D2                                 end_of_initialization 088C  
                           _INT2_SetInterruptHandler 0CC4                                  ?_EUSART1_Initialize 0002  
                                            fputc@fp 0010                                        __Lmediumconst 7D22  
                        _EUSART1_OverrunErrorHandler 003B                                    __end_of_timer0ISR 07BE  
                                  __end_of_vfpfcnvrt 0656                                              postdec1 0FE5  
                                            postdec2 0FDD                                              postinc0 0FEE  
                                            postinc1 0FE6                                              postinc2 0FDE  
                                   vfpfcnvrt@convarg 001D                                           ??_vfprintf 002A  
                               ??_EUSART1_Initialize 000E                              ??i2_ECCP3_LoadDutyValue 0004  
                      __end_ofi2_ECCP2_LoadDutyValue 0A42                                _INT1_InterruptHandler 0045  
                                     main@twoHundRaw 00CB                __end_of_TMR0_OverflowCallbackRegister 0CC4  
                      _TMR0_OverflowCallbackRegister 0CBA                                       _TMR0_PeriodSet 0CB0  
                     i2ECCP1_LoadDutyValue@dutyValue 0002                                  EUSART1_Write@txData 000C  
                                       _EUSART1_Read 07BE                 __end_of_TMR0_DefaultOverflowCallback 0CF4  
                       _TMR0_DefaultOverflowCallback 0CF2                             timer0ISR@currentRedValue 0039  
                    _TMR2_DefaultPeriodMatchCallback 0000                         __end_of_INTERRUPT_Initialize 0AE4  
                       _INT0_DefaultInterruptHandler 0000                                          vfpfcnvrt@ap 001A  
                                        vfpfcnvrt@cp 0022                                          vfpfcnvrt@fp 0017  
                                      __pidataCOMRAM 0CEE                         ECCP2_LoadDutyValue@dutyValue 000C  
                             __end_of_TMR0_PeriodSet 0CBA                                i2_ECCP1_LoadDutyValue 0A42  
                                     __end_of_printf 0BF6                                  start_initialization 083C  
                                  ?_TMR0_OverflowISR 0002                                          putch@txData 000D  
                              __end_of_EUSART1_Write 0CE8                                   ??_TMR0_OverflowISR 0006  
                      ?_TMR0_DefaultOverflowCallback 0002                                          vfprintf@fmt 0027  
                                        __pdataBANK0 0060                            timer0ISR@currentBlueValue 004F  
                          timer0ISR@currentCubeIndex 004B                                             ??_printf 0030  
                                    ?_TMR0_PeriodSet 000C                                          __pbssCOMRAM 0033  
                   __end_of_INT0_SetInterruptHandler 0CE2                            TMR0_PeriodSet@periodCount 000C  
                                      __pcstackBANK0 00C8                       ?_TMR0_OverflowCallbackRegister 000C  
                              _INT2_InterruptHandler 0043                                            __pnvBANK0 00D6  
                             _PIN_MANAGER_Initialize 0B18                                            __pintcode 0008  
                                      __pmediumconst 7D22                         ??_INTERRUPT_InterruptManager 0006  
                             ?i2_ECCP1_LoadDutyValue 0002                                            _colorTour 004C  
                                        __smallconst 7D22                           ??_INT2_SetInterruptHandler 000E  
                                           _BAUDCON1 0FB8                                    _EUSART1_IsRxReady 0C8E  
                                  _EUSART1_IsTxReady 0B46                                   ?_EUSART1_IsRxReady 0002  
                                 ?_EUSART1_IsTxReady 0002                                 _INTERRUPT_Initialize 0AB0  
                        __end_of_ECCP3_LoadDutyValue 0960                                     _CLOCK_Initialize 0CA2  
                                  ??_TMR0_Initialize 000E                                  ??_EUSART1_IsRxReady 000C  
                                ??_EUSART1_IsTxReady 000C                            ?_INT1_SetInterruptHandler 000C  
                                           _PIE1bits 0F9D                                             _PIR1bits 0F9E  
                                          _timer0ISR 0720                                             _RCONbits 0FD0  
                                   _ECCP1_Initialize 0C76                                             _PSTR1CON 0FB9  
                                           _PSTR2CON 0F63                                             _PSTR3CON 0F5A  
                     ??_TMR0_DefaultOverflowCallback 0002                                            _vfpfcnvrt 0470  
                      __end_ofi2_ECCP3_LoadDutyValue 099A                            __end_of_EUSART1_IsRxReady 0CA2  
                                _ECCP1_LoadDutyValue 09D2                            __end_of_EUSART1_IsTxReady 0B6C  
                                   _ECCP2_Initialize 0C5E                                           vfpfcnvrt@c 0024  
                                         vfpfcnvrt@x 0021                                          _INTCON2bits 0FF1  
                                        _INTCON3bits 0FF0                                            copy_data0 0850  
                              ?_INTERRUPT_Initialize 0002                             _INT0_SetInterruptHandler 0CD8  
                                _EUSART1_AutoBaudSet 0000                                    main@maxColorSpeed 00C8  
                                  ??_TMR2_Initialize 000C                              _EUSART1_TransmitDisable 0000  
                               ?_ECCP1_LoadDutyValue 000C                                             __Hrparam 0000  
                                         ?_timer0ISR 0002                                           vfprintf@ap 0029  
                                           __Lrparam 0000                                           vfprintf@fp 0025  
                                   _ECCP3_Initialize 0C46                                           ?_vfpfcnvrt 0017  
        __end_of_EUSART1_DefaultFramingErrorCallback 0CF2                ??_EUSART1_DefaultFramingErrorCallback 000C  
               ?_EUSART1_DefaultFramingErrorCallback 0002                  _EUSART1_DefaultFramingErrorCallback 0CF0  
                              i2_ECCP2_LoadDutyValue 0A0A                                             _deltaBlu 0084  
                                           _deltaGre 0090                                             _deltaRed 009C  
                                           __ptext10 0C2E                                             __ptext11 0B92  
                                           __ptext20 0C12                                             __ptext12 0CBA  
                                           __ptext21 0C46                                             __ptext13 0B18  
                                           __ptext30 099A                                             __ptext22 0C5E  
                                           __ptext14 0AB0                                             __ptext31 09D2  
                                           __ptext23 0C76                                             __ptext15 0CC4  
                                           __ptext24 0CA2                                             __ptext16 0CCE  
                                           __ptext33 0A7A                                             __ptext25 07BE  
                                           __ptext17 0CD8                                             __ptext34 0CF2  
                                           __ptext26 0CE8                                             __ptext18 0AE4  
                                           __ptext35 0720                                             __ptext27 0CF0  
                                           __ptext19 0BF6                                             __ptext36 0960  
                                           __ptext28 0C8E                                             __ptext37 0A0A  
                                           __ptext29 0926                                             __ptext38 0A42  
                     i2ECCP2_LoadDutyValue@dutyValue 0002                                ??_ECCP1_LoadDutyValue 000E  
                         timer0ISR@currentGreenValue 0037                                             isa$xinst 0000  
                                   ??_TMR0_PeriodSet 000E                                             int$flags 0001  
                                           _vfprintf 08E2                   __end_of_INTERRUPT_InterruptManager 006C  
                         _INTERRUPT_InterruptManager 0008                                            printf@fmt 002C  
                        _EUSART1_FramingErrorHandler 003D                         _INT1_DefaultInterruptHandler 0000  
                       ECCP3_LoadDutyValue@dutyValue 000C                                           _INTCONbits 0FF2  
                         timer0ISR@currentIntraIndex 004A                               ??_INTERRUPT_Initialize 000E  
                                           intlevel2 0000                              ?_PIN_MANAGER_Initialize 0002  
                                         _RCSTA1bits 0FAB                                          ??_timer0ISR 0006  
                    ??_TMR0_OverflowCallbackRegister 000E                              ??i2_ECCP1_LoadDutyValue 0004  
                                           printf@ap 0030                                          ??_vfpfcnvrt 001B  
                                 _eusart1RxLastError 003F                             __end_of_CLOCK_Initialize 0CB0  
                             ?i2_ECCP2_LoadDutyValue 0002                                      _TMR0_Initialize 0B92  
                   __end_of_INT1_SetInterruptHandler 0CD8          __end_of_EUSART1_DefaultOverrunErrorCallback 0CEE  
              ??_EUSART1_DefaultOverrunErrorCallback 000C                 ?_EUSART1_DefaultOverrunErrorCallback 0002  
                _EUSART1_DefaultOverrunErrorCallback 0CE8                             __end_of_ECCP1_Initialize 0C8E  
                     __end_of_PIN_MANAGER_Initialize 0B46                             _TMR2_PeriodMatchCallback 00D6  
