

Microchip MPLAB XC8 Assembler V3.00 build 20241204225717 
                                                                                               Thu Oct 30 17:54:17 2025

Microchip MPLAB XC8 C Compiler v3.00 (Free license) build 20241204225717 Og1 
     1                           	processor	18F25K22
     2                           	fnconf	rparam,??,?,0
     3                           	pagewidth 120
     4                           	opt	flic
     5                           	psect	mediumconst,global,reloc=2,class=MEDIUMCONST,space=0,delta=1,noexec
     6                           	psect	nvBANK0,global,class=BANK0,space=1,delta=1,lowdata,noexec
     7                           	psect	cinit,global,reloc=2,class=CODE,space=0,delta=1
     8                           	psect	bssCOMRAM,global,class=COMRAM,space=1,delta=1,lowdata,noexec
     9                           	psect	bssBANK0,global,class=BANK0,space=1,delta=1,lowdata,noexec
    10                           	psect	bssBIGRAM,global,class=BIGRAM,space=1,delta=1,noexec
    11                           	psect	cstackBANK0,global,class=BANK0,space=1,delta=1,lowdata,noexec
    12                           	psect	cstackCOMRAM,global,class=COMRAM,space=1,delta=1,lowdata,noexec
    13                           	psect	text0,global,reloc=2,class=CODE,space=0,delta=1
    14                           	psect	text1,global,reloc=2,class=CODE,space=0,delta=1
    15                           	psect	text2,global,reloc=2,class=CODE,space=0,delta=1
    16                           	psect	text3,global,reloc=2,class=CODE,space=0,delta=1
    17                           	psect	text4,global,reloc=2,class=CODE,space=0,delta=1
    18                           	psect	text5,global,reloc=2,class=CODE,space=0,delta=1
    19                           	psect	text6,global,reloc=2,class=CODE,space=0,delta=1
    20                           	psect	text7,global,reloc=2,class=CODE,space=0,delta=1
    21                           	psect	text8,global,reloc=2,class=CODE,space=0,delta=1
    22                           	psect	text9,global,reloc=2,class=CODE,space=0,delta=1
    23                           	psect	text10,global,reloc=2,class=CODE,space=0,delta=1
    24                           	psect	text11,global,reloc=2,class=CODE,space=0,delta=1
    25                           	psect	text12,global,reloc=2,class=CODE,space=0,delta=1
    26                           	psect	text13,global,reloc=2,class=CODE,space=0,delta=1
    27                           	psect	text14,global,reloc=2,class=CODE,space=0,delta=1
    28                           	psect	text15,global,reloc=2,class=CODE,space=0,delta=1
    29                           	psect	text16,global,reloc=2,class=CODE,space=0,delta=1
    30                           	psect	text17,global,reloc=2,class=CODE,space=0,delta=1
    31                           	psect	text18,global,reloc=2,class=CODE,space=0,delta=1
    32                           	psect	text19,global,reloc=2,class=CODE,space=0,delta=1
    33                           	psect	text20,global,reloc=2,class=CODE,space=0,delta=1
    34                           	psect	text21,global,reloc=2,class=CODE,space=0,delta=1
    35                           	psect	text22,global,reloc=2,class=CODE,space=0,delta=1,group=3
    36                           	psect	text23,global,reloc=2,class=CODE,space=0,delta=1,group=1
    37                           	psect	text24,global,reloc=2,class=CODE,space=0,delta=1,group=1
    38                           	psect	text25,global,reloc=2,class=CODE,space=0,delta=1,group=1
    39                           	psect	text26,global,reloc=2,class=CODE,space=0,delta=1,group=1
    40                           	psect	text27,global,reloc=2,class=CODE,space=0,delta=1,group=1
    41                           	psect	text28,global,reloc=2,class=CODE,space=0,delta=1,group=1
    42                           	psect	text29,global,reloc=2,class=CODE,space=0,delta=1,group=3
    43                           	psect	text30,global,reloc=2,class=CODE,space=0,delta=1,group=3
    44                           	psect	text31,global,reloc=2,class=CODE,space=0,delta=1,group=2
    45                           	psect	text32,global,reloc=2,class=CODE,space=0,delta=1,group=2
    46                           	psect	text33,global,reloc=2,class=CODE,space=0,delta=1,group=1
    47                           	psect	text34,global,reloc=2,class=CODE,space=0,delta=1,group=3
    48                           	psect	text35,global,reloc=2,class=CODE,space=0,delta=1
    49                           	psect	text36,global,reloc=2,class=CODE,space=0,delta=1
    50                           	psect	text37,global,reloc=2,class=CODE,space=0,delta=1
    51                           	psect	text38,global,reloc=2,class=CODE,space=0,delta=1
    52                           	psect	text39,global,reloc=2,class=CODE,space=0,delta=1
    53                           	psect	text40,global,reloc=2,class=CODE,space=0,delta=1
    54                           	psect	text41,global,reloc=2,class=CODE,space=0,delta=1
    55                           	psect	text42,global,reloc=2,class=CODE,space=0,delta=1
    56                           	psect	intcode,global,reloc=2,class=CODE,space=0,delta=1
    57                           	psect	text44,global,reloc=2,class=CODE,space=0,delta=1
    58                           	psect	text45,global,reloc=2,class=CODE,space=0,delta=1
    59                           	psect	text46,global,reloc=2,class=CODE,space=0,delta=1
    60                           	psect	text47,global,reloc=2,class=CODE,space=0,delta=1
    61                           	psect	text48,global,reloc=2,class=CODE,space=0,delta=1
    62                           	psect	intsave_regs,global,class=BIGRAM,space=1,delta=1,noexec
    63                           	psect	rparam,global,class=COMRAM,space=1,delta=1,noexec
    64                           	psect	temp,global,ovrld,common,class=COMRAM,space=1,delta=1,lowdata
    65                           	psect	config,global,abs,ovrld,class=CONFIG,space=4,delta=1,noexec
    66   000000                     
    67                           ; Generated 13/12/2024 GMT
    68                           ; 
    69                           ; Copyright © 2024, Microchip Technology Inc. and its subsidiaries ("Microchip")
    70                           ; All rights reserved.
    71                           ; 
    72                           ; This software is developed by Microchip Technology Inc. and its subsidiaries ("Microch
      +                          ip").
    73                           ; 
    74                           ; Redistribution and use in source and binary forms, with or without modification, are
    75                           ; permitted provided that the following conditions are met:
    76                           ; 
    77                           ;     1. Redistributions of source code must retain the above copyright notice, this lis
      +                          t of
    78                           ;        conditions and the following disclaimer.
    79                           ; 
    80                           ;     2. Redistributions in binary form must reproduce the above copyright notice, this 
      +                          list
    81                           ;        of conditions and the following disclaimer in the documentation and/or other
    82                           ;        materials provided with the distribution. Publication is not required when
    83                           ;        this file is used in an embedded application.
    84                           ; 
    85                           ;     3. Microchip's name may not be used to endorse or promote products derived from th
      +                          is
    86                           ;        software without specific prior written permission.
    87                           ; 
    88                           ; THIS SOFTWARE IS PROVIDED BY MICROCHIP "AS IS" AND ANY EXPRESS OR IMPLIED WARRANTIES,
    89                           ; INCLUDING, BUT NOT LIMITED TO, THE IMPLIED WARRANTIES OF MERCHANTABILITY AND FITNESS F
      +                          OR
    90                           ; PURPOSE ARE DISCLAIMED.  IN NO EVENT SHALL MICROCHIP BE LIABLE FOR ANY DIRECT, INDIREC
      +                          T,
    91                           ; INCIDENTAL, SPECIAL, EXEMPLARY, OR CONSEQUENTIAL DAMAGES (INCLUDING BUT NOT LIMITED TO
    92                           ; PROCUREMENT OF SUBSTITUTE GOODS OR SERVICES; LOSS OF USE, DATA OR PROFITS; OR BUSINESS
    93                           ; INTERRUPTION) HOWSOEVER CAUSED AND ON ANY THEORY OF LIABILITY, WHETHER IN CONTRACT, ST
      +                          RICT
    94                           ; LIABILITY, OR TORT (INCLUDING NEGLIGENCE OR OTHERWISE) ARISING IN ANY WAY OUT OF THE U
      +                          SE OF
    95                           ; THIS SOFTWARE, EVEN IF ADVISED OF THE POSSIBILITY OF SUCH DAMAGE.
    96                           ; 
    97                           ; 
    98                           ; Code-generator required, PIC18F25K22 Definitions
    99                           ; 
   100                           ; SFR Addresses
   101   000FE0                     bsr             equ	4064
   102   000FE9                     fsr0            equ	4073
   103   000FEA                     fsr0h           equ	4074
   104   000FE9                     fsr0l           equ	4073
   105   000FE1                     fsr1            equ	4065
   106   000FE2                     fsr1h           equ	4066
   107   000FE1                     fsr1l           equ	4065
   108   000FD9                     fsr2            equ	4057
   109   000FDA                     fsr2h           equ	4058
   110   000FD9                     fsr2l           equ	4057
   111   000FEF                     indf0           equ	4079
   112   000FE7                     indf1           equ	4071
   113   000FDF                     indf2           equ	4063
   114   000FF2                     intcon          equ	4082
   115   000000                     nvmcon          equ	0
   116   000FF9                     pcl             equ	4089
   117   000FFA                     pclath          equ	4090
   118   000FFB                     pclatu          equ	4091
   119   000FEB                     plusw0          equ	4075
   120   000FE3                     plusw1          equ	4067
   121   000FDB                     plusw2          equ	4059
   122   000FED                     postdec0        equ	4077
   123   000FE5                     postdec1        equ	4069
   124   000FDD                     postdec2        equ	4061
   125   000FEE                     postinc0        equ	4078
   126   000FE6                     postinc1        equ	4070
   127   000FDE                     postinc2        equ	4062
   128   000FEC                     preinc0         equ	4076
   129   000FE4                     preinc1         equ	4068
   130   000FDC                     preinc2         equ	4060
   131   000FF3                     prod            equ	4083
   132   000FF4                     prodh           equ	4084
   133   000FF3                     prodl           equ	4083
   134   000FD8                     status          equ	4056
   135   000FF5                     tablat          equ	4085
   136   000FF6                     tblptr          equ	4086
   137   000FF7                     tblptrh         equ	4087
   138   000FF6                     tblptrl         equ	4086
   139   000FF8                     tblptru         equ	4088
   140   000FFD                     tosl            equ	4093
   141   000FE8                     wreg            equ	4072
   142   000F38                     ANSELA          equ	3896	;# 
   143   000F39                     ANSELB          equ	3897	;# 
   144   000F3A                     ANSELC          equ	3898	;# 
   145   000F3D                     PMD2            equ	3901	;# 
   146   000F3E                     PMD1            equ	3902	;# 
   147   000F3F                     PMD0            equ	3903	;# 
   148   000F40                     VREFCON2        equ	3904	;# 
   149   000F40                     DACCON1         equ	3904	;# 
   150   000F41                     VREFCON1        equ	3905	;# 
   151   000F41                     DACCON0         equ	3905	;# 
   152   000F42                     VREFCON0        equ	3906	;# 
   153   000F42                     FVRCON          equ	3906	;# 
   154   000F43                     CTMUICON        equ	3907	;# 
   155   000F43                     CTMUICONH       equ	3907	;# 
   156   000F44                     CTMUCONL        equ	3908	;# 
   157   000F44                     CTMUCON1        equ	3908	;# 
   158   000F45                     CTMUCONH        equ	3909	;# 
   159   000F45                     CTMUCON0        equ	3909	;# 
   160   000F46                     SRCON1          equ	3910	;# 
   161   000F47                     SRCON0          equ	3911	;# 
   162   000F48                     CCPTMRS1        equ	3912	;# 
   163   000F49                     CCPTMRS0        equ	3913	;# 
   164   000F4A                     T6CON           equ	3914	;# 
   165   000F4B                     PR6             equ	3915	;# 
   166   000F4C                     TMR6            equ	3916	;# 
   167   000F4D                     T5GCON          equ	3917	;# 
   168   000F4E                     T5CON           equ	3918	;# 
   169   000F4F                     TMR5            equ	3919	;# 
   170   000F4F                     TMR5L           equ	3919	;# 
   171   000F50                     TMR5H           equ	3920	;# 
   172   000F51                     T4CON           equ	3921	;# 
   173   000F52                     PR4             equ	3922	;# 
   174   000F53                     TMR4            equ	3923	;# 
   175   000F54                     CCP5CON         equ	3924	;# 
   176   000F55                     CCPR5           equ	3925	;# 
   177   000F55                     CCPR5L          equ	3925	;# 
   178   000F56                     CCPR5H          equ	3926	;# 
   179   000F57                     CCP4CON         equ	3927	;# 
   180   000F58                     CCPR4           equ	3928	;# 
   181   000F58                     CCPR4L          equ	3928	;# 
   182   000F59                     CCPR4H          equ	3929	;# 
   183   000F5A                     PSTR3CON        equ	3930	;# 
   184   000F5B                     ECCP3AS         equ	3931	;# 
   185   000F5B                     CCP3AS          equ	3931	;# 
   186   000F5C                     PWM3CON         equ	3932	;# 
   187   000F5D                     CCP3CON         equ	3933	;# 
   188   000F5E                     CCPR3           equ	3934	;# 
   189   000F5E                     CCPR3L          equ	3934	;# 
   190   000F5F                     CCPR3H          equ	3935	;# 
   191   000F60                     SLRCON          equ	3936	;# 
   192   000F61                     WPUB            equ	3937	;# 
   193   000F62                     IOCB            equ	3938	;# 
   194   000F63                     PSTR2CON        equ	3939	;# 
   195   000F64                     ECCP2AS         equ	3940	;# 
   196   000F64                     CCP2AS          equ	3940	;# 
   197   000F65                     PWM2CON         equ	3941	;# 
   198   000F66                     CCP2CON         equ	3942	;# 
   199   000F67                     CCPR2           equ	3943	;# 
   200   000F67                     CCPR2L          equ	3943	;# 
   201   000F68                     CCPR2H          equ	3944	;# 
   202   000F69                     SSP2CON3        equ	3945	;# 
   203   000F6A                     SSP2MSK         equ	3946	;# 
   204   000F6B                     SSP2CON2        equ	3947	;# 
   205   000F6C                     SSP2CON1        equ	3948	;# 
   206   000F6D                     SSP2STAT        equ	3949	;# 
   207   000F6E                     SSP2ADD         equ	3950	;# 
   208   000F6F                     SSP2BUF         equ	3951	;# 
   209   000F70                     BAUDCON2        equ	3952	;# 
   210   000F70                     BAUD2CON        equ	3952	;# 
   211   000F71                     RCSTA2          equ	3953	;# 
   212   000F71                     RC2STA          equ	3953	;# 
   213   000F72                     TXSTA2          equ	3954	;# 
   214   000F72                     TX2STA          equ	3954	;# 
   215   000F73                     TXREG2          equ	3955	;# 
   216   000F73                     TX2REG          equ	3955	;# 
   217   000F74                     RCREG2          equ	3956	;# 
   218   000F74                     RC2REG          equ	3956	;# 
   219   000F75                     SPBRG2          equ	3957	;# 
   220   000F75                     SP2BRG          equ	3957	;# 
   221   000F76                     SPBRGH2         equ	3958	;# 
   222   000F76                     SP2BRGH         equ	3958	;# 
   223   000F77                     CM2CON1         equ	3959	;# 
   224   000F77                     CM12CON         equ	3959	;# 
   225   000F78                     CM2CON0         equ	3960	;# 
   226   000F78                     CM2CON          equ	3960	;# 
   227   000F79                     CM1CON0         equ	3961	;# 
   228   000F79                     CM1CON          equ	3961	;# 
   229   000F7A                     PIE4            equ	3962	;# 
   230   000F7B                     PIR4            equ	3963	;# 
   231   000F7C                     IPR4            equ	3964	;# 
   232   000F7D                     PIE5            equ	3965	;# 
   233   000F7E                     PIR5            equ	3966	;# 
   234   000F7F                     IPR5            equ	3967	;# 
   235   000F80                     PORTA           equ	3968	;# 
   236   000F81                     PORTB           equ	3969	;# 
   237   000F82                     PORTC           equ	3970	;# 
   238   000F84                     PORTE           equ	3972	;# 
   239   000F89                     LATA            equ	3977	;# 
   240   000F8A                     LATB            equ	3978	;# 
   241   000F8B                     LATC            equ	3979	;# 
   242   000F92                     TRISA           equ	3986	;# 
   243   000F92                     DDRA            equ	3986	;# 
   244   000F93                     TRISB           equ	3987	;# 
   245   000F93                     DDRB            equ	3987	;# 
   246   000F94                     TRISC           equ	3988	;# 
   247   000F94                     DDRC            equ	3988	;# 
   248   000F96                     TRISE           equ	3990	;# 
   249   000F9B                     OSCTUNE         equ	3995	;# 
   250   000F9C                     HLVDCON         equ	3996	;# 
   251   000F9C                     LVDCON          equ	3996	;# 
   252   000F9D                     PIE1            equ	3997	;# 
   253   000F9E                     PIR1            equ	3998	;# 
   254   000F9F                     IPR1            equ	3999	;# 
   255   000FA0                     PIE2            equ	4000	;# 
   256   000FA1                     PIR2            equ	4001	;# 
   257   000FA2                     IPR2            equ	4002	;# 
   258   000FA3                     PIE3            equ	4003	;# 
   259   000FA4                     PIR3            equ	4004	;# 
   260   000FA5                     IPR3            equ	4005	;# 
   261   000FA6                     EECON1          equ	4006	;# 
   262   000FA7                     EECON2          equ	4007	;# 
   263   000FA8                     EEDATA          equ	4008	;# 
   264   000FA9                     EEADR           equ	4009	;# 
   265   000FAB                     RCSTA1          equ	4011	;# 
   266   000FAB                     RCSTA           equ	4011	;# 
   267   000FAB                     RC1STA          equ	4011	;# 
   268   000FAC                     TXSTA1          equ	4012	;# 
   269   000FAC                     TXSTA           equ	4012	;# 
   270   000FAC                     TX1STA          equ	4012	;# 
   271   000FAD                     TXREG1          equ	4013	;# 
   272   000FAD                     TXREG           equ	4013	;# 
   273   000FAD                     TX1REG          equ	4013	;# 
   274   000FAE                     RCREG1          equ	4014	;# 
   275   000FAE                     RCREG           equ	4014	;# 
   276   000FAE                     RC1REG          equ	4014	;# 
   277   000FAF                     SPBRG1          equ	4015	;# 
   278   000FAF                     SPBRG           equ	4015	;# 
   279   000FAF                     SP1BRG          equ	4015	;# 
   280   000FB0                     SPBRGH1         equ	4016	;# 
   281   000FB0                     SPBRGH          equ	4016	;# 
   282   000FB0                     SP1BRGH         equ	4016	;# 
   283   000FB1                     T3CON           equ	4017	;# 
   284   000FB2                     TMR3            equ	4018	;# 
   285   000FB2                     TMR3L           equ	4018	;# 
   286   000FB3                     TMR3H           equ	4019	;# 
   287   000FB4                     T3GCON          equ	4020	;# 
   288   000FB6                     ECCP1AS         equ	4022	;# 
   289   000FB6                     ECCPAS          equ	4022	;# 
   290   000FB7                     PWM1CON         equ	4023	;# 
   291   000FB7                     PWMCON          equ	4023	;# 
   292   000FB8                     BAUDCON1        equ	4024	;# 
   293   000FB8                     BAUDCON         equ	4024	;# 
   294   000FB8                     BAUDCTL         equ	4024	;# 
   295   000FB8                     BAUD1CON        equ	4024	;# 
   296   000FB9                     PSTR1CON        equ	4025	;# 
   297   000FB9                     PSTRCON         equ	4025	;# 
   298   000FBA                     T2CON           equ	4026	;# 
   299   000FBB                     PR2             equ	4027	;# 
   300   000FBC                     TMR2            equ	4028	;# 
   301   000FBD                     CCP1CON         equ	4029	;# 
   302   000FBE                     CCPR1           equ	4030	;# 
   303   000FBE                     CCPR1L          equ	4030	;# 
   304   000FBF                     CCPR1H          equ	4031	;# 
   305   000FC0                     ADCON2          equ	4032	;# 
   306   000FC1                     ADCON1          equ	4033	;# 
   307   000FC2                     ADCON0          equ	4034	;# 
   308   000FC3                     ADRES           equ	4035	;# 
   309   000FC3                     ADRESL          equ	4035	;# 
   310   000FC4                     ADRESH          equ	4036	;# 
   311   000FC5                     SSP1CON2        equ	4037	;# 
   312   000FC5                     SSPCON2         equ	4037	;# 
   313   000FC6                     SSP1CON1        equ	4038	;# 
   314   000FC6                     SSPCON1         equ	4038	;# 
   315   000FC7                     SSP1STAT        equ	4039	;# 
   316   000FC7                     SSPSTAT         equ	4039	;# 
   317   000FC8                     SSP1ADD         equ	4040	;# 
   318   000FC8                     SSPADD          equ	4040	;# 
   319   000FC9                     SSP1BUF         equ	4041	;# 
   320   000FC9                     SSPBUF          equ	4041	;# 
   321   000FCA                     SSP1MSK         equ	4042	;# 
   322   000FCA                     SSPMSK          equ	4042	;# 
   323   000FCB                     SSP1CON3        equ	4043	;# 
   324   000FCB                     SSPCON3         equ	4043	;# 
   325   000FCC                     T1GCON          equ	4044	;# 
   326   000FCD                     T1CON           equ	4045	;# 
   327   000FCE                     TMR1            equ	4046	;# 
   328   000FCE                     TMR1L           equ	4046	;# 
   329   000FCF                     TMR1H           equ	4047	;# 
   330   000FD0                     RCON            equ	4048	;# 
   331   000FD1                     WDTCON          equ	4049	;# 
   332   000FD2                     OSCCON2         equ	4050	;# 
   333   000FD3                     OSCCON          equ	4051	;# 
   334   000FD5                     T0CON           equ	4053	;# 
   335   000FD6                     TMR0            equ	4054	;# 
   336   000FD6                     TMR0L           equ	4054	;# 
   337   000FD7                     TMR0H           equ	4055	;# 
   338   000FD8                     STATUS          equ	4056	;# 
   339   000FD9                     FSR2            equ	4057	;# 
   340   000FD9                     FSR2L           equ	4057	;# 
   341   000FDA                     FSR2H           equ	4058	;# 
   342   000FDB                     PLUSW2          equ	4059	;# 
   343   000FDC                     PREINC2         equ	4060	;# 
   344   000FDD                     POSTDEC2        equ	4061	;# 
   345   000FDE                     POSTINC2        equ	4062	;# 
   346   000FDF                     INDF2           equ	4063	;# 
   347   000FE0                     BSR             equ	4064	;# 
   348   000FE1                     FSR1            equ	4065	;# 
   349   000FE1                     FSR1L           equ	4065	;# 
   350   000FE2                     FSR1H           equ	4066	;# 
   351   000FE3                     PLUSW1          equ	4067	;# 
   352   000FE4                     PREINC1         equ	4068	;# 
   353   000FE5                     POSTDEC1        equ	4069	;# 
   354   000FE6                     POSTINC1        equ	4070	;# 
   355   000FE7                     INDF1           equ	4071	;# 
   356   000FE8                     WREG            equ	4072	;# 
   357   000FE9                     FSR0            equ	4073	;# 
   358   000FE9                     FSR0L           equ	4073	;# 
   359   000FEA                     FSR0H           equ	4074	;# 
   360   000FEB                     PLUSW0          equ	4075	;# 
   361   000FEC                     PREINC0         equ	4076	;# 
   362   000FED                     POSTDEC0        equ	4077	;# 
   363   000FEE                     POSTINC0        equ	4078	;# 
   364   000FEF                     INDF0           equ	4079	;# 
   365   000FF0                     INTCON3         equ	4080	;# 
   366   000FF1                     INTCON2         equ	4081	;# 
   367   000FF2                     INTCON          equ	4082	;# 
   368   000FF3                     PROD            equ	4083	;# 
   369   000FF3                     PRODL           equ	4083	;# 
   370   000FF4                     PRODH           equ	4084	;# 
   371   000FF5                     TABLAT          equ	4085	;# 
   372   000FF6                     TBLPTR          equ	4086	;# 
   373   000FF6                     TBLPTRL         equ	4086	;# 
   374   000FF7                     TBLPTRH         equ	4087	;# 
   375   000FF8                     TBLPTRU         equ	4088	;# 
   376   000FF9                     PCLAT           equ	4089	;# 
   377   000FF9                     PC              equ	4089	;# 
   378   000FF9                     PCL             equ	4089	;# 
   379   000FFA                     PCLATH          equ	4090	;# 
   380   000FFB                     PCLATU          equ	4091	;# 
   381   000FFC                     STKPTR          equ	4092	;# 
   382   000FFD                     TOS             equ	4093	;# 
   383   000FFD                     TOSL            equ	4093	;# 
   384   000FFE                     TOSH            equ	4094	;# 
   385   000FFF                     TOSU            equ	4095	;# 
   386   000F38                     ANSELA          equ	3896	;# 
   387   000F39                     ANSELB          equ	3897	;# 
   388   000F3A                     ANSELC          equ	3898	;# 
   389   000F3D                     PMD2            equ	3901	;# 
   390   000F3E                     PMD1            equ	3902	;# 
   391   000F3F                     PMD0            equ	3903	;# 
   392   000F40                     VREFCON2        equ	3904	;# 
   393   000F40                     DACCON1         equ	3904	;# 
   394   000F41                     VREFCON1        equ	3905	;# 
   395   000F41                     DACCON0         equ	3905	;# 
   396   000F42                     VREFCON0        equ	3906	;# 
   397   000F42                     FVRCON          equ	3906	;# 
   398   000F43                     CTMUICON        equ	3907	;# 
   399   000F43                     CTMUICONH       equ	3907	;# 
   400   000F44                     CTMUCONL        equ	3908	;# 
   401   000F44                     CTMUCON1        equ	3908	;# 
   402   000F45                     CTMUCONH        equ	3909	;# 
   403   000F45                     CTMUCON0        equ	3909	;# 
   404   000F46                     SRCON1          equ	3910	;# 
   405   000F47                     SRCON0          equ	3911	;# 
   406   000F48                     CCPTMRS1        equ	3912	;# 
   407   000F49                     CCPTMRS0        equ	3913	;# 
   408   000F4A                     T6CON           equ	3914	;# 
   409   000F4B                     PR6             equ	3915	;# 
   410   000F4C                     TMR6            equ	3916	;# 
   411   000F4D                     T5GCON          equ	3917	;# 
   412   000F4E                     T5CON           equ	3918	;# 
   413   000F4F                     TMR5            equ	3919	;# 
   414   000F4F                     TMR5L           equ	3919	;# 
   415   000F50                     TMR5H           equ	3920	;# 
   416   000F51                     T4CON           equ	3921	;# 
   417   000F52                     PR4             equ	3922	;# 
   418   000F53                     TMR4            equ	3923	;# 
   419   000F54                     CCP5CON         equ	3924	;# 
   420   000F55                     CCPR5           equ	3925	;# 
   421   000F55                     CCPR5L          equ	3925	;# 
   422   000F56                     CCPR5H          equ	3926	;# 
   423   000F57                     CCP4CON         equ	3927	;# 
   424   000F58                     CCPR4           equ	3928	;# 
   425   000F58                     CCPR4L          equ	3928	;# 
   426   000F59                     CCPR4H          equ	3929	;# 
   427   000F5A                     PSTR3CON        equ	3930	;# 
   428   000F5B                     ECCP3AS         equ	3931	;# 
   429   000F5B                     CCP3AS          equ	3931	;# 
   430   000F5C                     PWM3CON         equ	3932	;# 
   431   000F5D                     CCP3CON         equ	3933	;# 
   432   000F5E                     CCPR3           equ	3934	;# 
   433   000F5E                     CCPR3L          equ	3934	;# 
   434   000F5F                     CCPR3H          equ	3935	;# 
   435   000F60                     SLRCON          equ	3936	;# 
   436   000F61                     WPUB            equ	3937	;# 
   437   000F62                     IOCB            equ	3938	;# 
   438   000F63                     PSTR2CON        equ	3939	;# 
   439   000F64                     ECCP2AS         equ	3940	;# 
   440   000F64                     CCP2AS          equ	3940	;# 
   441   000F65                     PWM2CON         equ	3941	;# 
   442   000F66                     CCP2CON         equ	3942	;# 
   443   000F67                     CCPR2           equ	3943	;# 
   444   000F67                     CCPR2L          equ	3943	;# 
   445   000F68                     CCPR2H          equ	3944	;# 
   446   000F69                     SSP2CON3        equ	3945	;# 
   447   000F6A                     SSP2MSK         equ	3946	;# 
   448   000F6B                     SSP2CON2        equ	3947	;# 
   449   000F6C                     SSP2CON1        equ	3948	;# 
   450   000F6D                     SSP2STAT        equ	3949	;# 
   451   000F6E                     SSP2ADD         equ	3950	;# 
   452   000F6F                     SSP2BUF         equ	3951	;# 
   453   000F70                     BAUDCON2        equ	3952	;# 
   454   000F70                     BAUD2CON        equ	3952	;# 
   455   000F71                     RCSTA2          equ	3953	;# 
   456   000F71                     RC2STA          equ	3953	;# 
   457   000F72                     TXSTA2          equ	3954	;# 
   458   000F72                     TX2STA          equ	3954	;# 
   459   000F73                     TXREG2          equ	3955	;# 
   460   000F73                     TX2REG          equ	3955	;# 
   461   000F74                     RCREG2          equ	3956	;# 
   462   000F74                     RC2REG          equ	3956	;# 
   463   000F75                     SPBRG2          equ	3957	;# 
   464   000F75                     SP2BRG          equ	3957	;# 
   465   000F76                     SPBRGH2         equ	3958	;# 
   466   000F76                     SP2BRGH         equ	3958	;# 
   467   000F77                     CM2CON1         equ	3959	;# 
   468   000F77                     CM12CON         equ	3959	;# 
   469   000F78                     CM2CON0         equ	3960	;# 
   470   000F78                     CM2CON          equ	3960	;# 
   471   000F79                     CM1CON0         equ	3961	;# 
   472   000F79                     CM1CON          equ	3961	;# 
   473   000F7A                     PIE4            equ	3962	;# 
   474   000F7B                     PIR4            equ	3963	;# 
   475   000F7C                     IPR4            equ	3964	;# 
   476   000F7D                     PIE5            equ	3965	;# 
   477   000F7E                     PIR5            equ	3966	;# 
   478   000F7F                     IPR5            equ	3967	;# 
   479   000F80                     PORTA           equ	3968	;# 
   480   000F81                     PORTB           equ	3969	;# 
   481   000F82                     PORTC           equ	3970	;# 
   482   000F84                     PORTE           equ	3972	;# 
   483   000F89                     LATA            equ	3977	;# 
   484   000F8A                     LATB            equ	3978	;# 
   485   000F8B                     LATC            equ	3979	;# 
   486   000F92                     TRISA           equ	3986	;# 
   487   000F92                     DDRA            equ	3986	;# 
   488   000F93                     TRISB           equ	3987	;# 
   489   000F93                     DDRB            equ	3987	;# 
   490   000F94                     TRISC           equ	3988	;# 
   491   000F94                     DDRC            equ	3988	;# 
   492   000F96                     TRISE           equ	3990	;# 
   493   000F9B                     OSCTUNE         equ	3995	;# 
   494   000F9C                     HLVDCON         equ	3996	;# 
   495   000F9C                     LVDCON          equ	3996	;# 
   496   000F9D                     PIE1            equ	3997	;# 
   497   000F9E                     PIR1            equ	3998	;# 
   498   000F9F                     IPR1            equ	3999	;# 
   499   000FA0                     PIE2            equ	4000	;# 
   500   000FA1                     PIR2            equ	4001	;# 
   501   000FA2                     IPR2            equ	4002	;# 
   502   000FA3                     PIE3            equ	4003	;# 
   503   000FA4                     PIR3            equ	4004	;# 
   504   000FA5                     IPR3            equ	4005	;# 
   505   000FA6                     EECON1          equ	4006	;# 
   506   000FA7                     EECON2          equ	4007	;# 
   507   000FA8                     EEDATA          equ	4008	;# 
   508   000FA9                     EEADR           equ	4009	;# 
   509   000FAB                     RCSTA1          equ	4011	;# 
   510   000FAB                     RCSTA           equ	4011	;# 
   511   000FAB                     RC1STA          equ	4011	;# 
   512   000FAC                     TXSTA1          equ	4012	;# 
   513   000FAC                     TXSTA           equ	4012	;# 
   514   000FAC                     TX1STA          equ	4012	;# 
   515   000FAD                     TXREG1          equ	4013	;# 
   516   000FAD                     TXREG           equ	4013	;# 
   517   000FAD                     TX1REG          equ	4013	;# 
   518   000FAE                     RCREG1          equ	4014	;# 
   519   000FAE                     RCREG           equ	4014	;# 
   520   000FAE                     RC1REG          equ	4014	;# 
   521   000FAF                     SPBRG1          equ	4015	;# 
   522   000FAF                     SPBRG           equ	4015	;# 
   523   000FAF                     SP1BRG          equ	4015	;# 
   524   000FB0                     SPBRGH1         equ	4016	;# 
   525   000FB0                     SPBRGH          equ	4016	;# 
   526   000FB0                     SP1BRGH         equ	4016	;# 
   527   000FB1                     T3CON           equ	4017	;# 
   528   000FB2                     TMR3            equ	4018	;# 
   529   000FB2                     TMR3L           equ	4018	;# 
   530   000FB3                     TMR3H           equ	4019	;# 
   531   000FB4                     T3GCON          equ	4020	;# 
   532   000FB6                     ECCP1AS         equ	4022	;# 
   533   000FB6                     ECCPAS          equ	4022	;# 
   534   000FB7                     PWM1CON         equ	4023	;# 
   535   000FB7                     PWMCON          equ	4023	;# 
   536   000FB8                     BAUDCON1        equ	4024	;# 
   537   000FB8                     BAUDCON         equ	4024	;# 
   538   000FB8                     BAUDCTL         equ	4024	;# 
   539   000FB8                     BAUD1CON        equ	4024	;# 
   540   000FB9                     PSTR1CON        equ	4025	;# 
   541   000FB9                     PSTRCON         equ	4025	;# 
   542   000FBA                     T2CON           equ	4026	;# 
   543   000FBB                     PR2             equ	4027	;# 
   544   000FBC                     TMR2            equ	4028	;# 
   545   000FBD                     CCP1CON         equ	4029	;# 
   546   000FBE                     CCPR1           equ	4030	;# 
   547   000FBE                     CCPR1L          equ	4030	;# 
   548   000FBF                     CCPR1H          equ	4031	;# 
   549   000FC0                     ADCON2          equ	4032	;# 
   550   000FC1                     ADCON1          equ	4033	;# 
   551   000FC2                     ADCON0          equ	4034	;# 
   552   000FC3                     ADRES           equ	4035	;# 
   553   000FC3                     ADRESL          equ	4035	;# 
   554   000FC4                     ADRESH          equ	4036	;# 
   555   000FC5                     SSP1CON2        equ	4037	;# 
   556   000FC5                     SSPCON2         equ	4037	;# 
   557   000FC6                     SSP1CON1        equ	4038	;# 
   558   000FC6                     SSPCON1         equ	4038	;# 
   559   000FC7                     SSP1STAT        equ	4039	;# 
   560   000FC7                     SSPSTAT         equ	4039	;# 
   561   000FC8                     SSP1ADD         equ	4040	;# 
   562   000FC8                     SSPADD          equ	4040	;# 
   563   000FC9                     SSP1BUF         equ	4041	;# 
   564   000FC9                     SSPBUF          equ	4041	;# 
   565   000FCA                     SSP1MSK         equ	4042	;# 
   566   000FCA                     SSPMSK          equ	4042	;# 
   567   000FCB                     SSP1CON3        equ	4043	;# 
   568   000FCB                     SSPCON3         equ	4043	;# 
   569   000FCC                     T1GCON          equ	4044	;# 
   570   000FCD                     T1CON           equ	4045	;# 
   571   000FCE                     TMR1            equ	4046	;# 
   572   000FCE                     TMR1L           equ	4046	;# 
   573   000FCF                     TMR1H           equ	4047	;# 
   574   000FD0                     RCON            equ	4048	;# 
   575   000FD1                     WDTCON          equ	4049	;# 
   576   000FD2                     OSCCON2         equ	4050	;# 
   577   000FD3                     OSCCON          equ	4051	;# 
   578   000FD5                     T0CON           equ	4053	;# 
   579   000FD6                     TMR0            equ	4054	;# 
   580   000FD6                     TMR0L           equ	4054	;# 
   581   000FD7                     TMR0H           equ	4055	;# 
   582   000FD8                     STATUS          equ	4056	;# 
   583   000FD9                     FSR2            equ	4057	;# 
   584   000FD9                     FSR2L           equ	4057	;# 
   585   000FDA                     FSR2H           equ	4058	;# 
   586   000FDB                     PLUSW2          equ	4059	;# 
   587   000FDC                     PREINC2         equ	4060	;# 
   588   000FDD                     POSTDEC2        equ	4061	;# 
   589   000FDE                     POSTINC2        equ	4062	;# 
   590   000FDF                     INDF2           equ	4063	;# 
   591   000FE0                     BSR             equ	4064	;# 
   592   000FE1                     FSR1            equ	4065	;# 
   593   000FE1                     FSR1L           equ	4065	;# 
   594   000FE2                     FSR1H           equ	4066	;# 
   595   000FE3                     PLUSW1          equ	4067	;# 
   596   000FE4                     PREINC1         equ	4068	;# 
   597   000FE5                     POSTDEC1        equ	4069	;# 
   598   000FE6                     POSTINC1        equ	4070	;# 
   599   000FE7                     INDF1           equ	4071	;# 
   600   000FE8                     WREG            equ	4072	;# 
   601   000FE9                     FSR0            equ	4073	;# 
   602   000FE9                     FSR0L           equ	4073	;# 
   603   000FEA                     FSR0H           equ	4074	;# 
   604   000FEB                     PLUSW0          equ	4075	;# 
   605   000FEC                     PREINC0         equ	4076	;# 
   606   000FED                     POSTDEC0        equ	4077	;# 
   607   000FEE                     POSTINC0        equ	4078	;# 
   608   000FEF                     INDF0           equ	4079	;# 
   609   000FF0                     INTCON3         equ	4080	;# 
   610   000FF1                     INTCON2         equ	4081	;# 
   611   000FF2                     INTCON          equ	4082	;# 
   612   000FF3                     PROD            equ	4083	;# 
   613   000FF3                     PRODL           equ	4083	;# 
   614   000FF4                     PRODH           equ	4084	;# 
   615   000FF5                     TABLAT          equ	4085	;# 
   616   000FF6                     TBLPTR          equ	4086	;# 
   617   000FF6                     TBLPTRL         equ	4086	;# 
   618   000FF7                     TBLPTRH         equ	4087	;# 
   619   000FF8                     TBLPTRU         equ	4088	;# 
   620   000FF9                     PCLAT           equ	4089	;# 
   621   000FF9                     PC              equ	4089	;# 
   622   000FF9                     PCL             equ	4089	;# 
   623   000FFA                     PCLATH          equ	4090	;# 
   624   000FFB                     PCLATU          equ	4091	;# 
   625   000FFC                     STKPTR          equ	4092	;# 
   626   000FFD                     TOS             equ	4093	;# 
   627   000FFD                     TOSL            equ	4093	;# 
   628   000FFE                     TOSH            equ	4094	;# 
   629   000FFF                     TOSU            equ	4095	;# 
   630   000F38                     ANSELA          equ	3896	;# 
   631   000F39                     ANSELB          equ	3897	;# 
   632   000F3A                     ANSELC          equ	3898	;# 
   633   000F3D                     PMD2            equ	3901	;# 
   634   000F3E                     PMD1            equ	3902	;# 
   635   000F3F                     PMD0            equ	3903	;# 
   636   000F40                     VREFCON2        equ	3904	;# 
   637   000F40                     DACCON1         equ	3904	;# 
   638   000F41                     VREFCON1        equ	3905	;# 
   639   000F41                     DACCON0         equ	3905	;# 
   640   000F42                     VREFCON0        equ	3906	;# 
   641   000F42                     FVRCON          equ	3906	;# 
   642   000F43                     CTMUICON        equ	3907	;# 
   643   000F43                     CTMUICONH       equ	3907	;# 
   644   000F44                     CTMUCONL        equ	3908	;# 
   645   000F44                     CTMUCON1        equ	3908	;# 
   646   000F45                     CTMUCONH        equ	3909	;# 
   647   000F45                     CTMUCON0        equ	3909	;# 
   648   000F46                     SRCON1          equ	3910	;# 
   649   000F47                     SRCON0          equ	3911	;# 
   650   000F48                     CCPTMRS1        equ	3912	;# 
   651   000F49                     CCPTMRS0        equ	3913	;# 
   652   000F4A                     T6CON           equ	3914	;# 
   653   000F4B                     PR6             equ	3915	;# 
   654   000F4C                     TMR6            equ	3916	;# 
   655   000F4D                     T5GCON          equ	3917	;# 
   656   000F4E                     T5CON           equ	3918	;# 
   657   000F4F                     TMR5            equ	3919	;# 
   658   000F4F                     TMR5L           equ	3919	;# 
   659   000F50                     TMR5H           equ	3920	;# 
   660   000F51                     T4CON           equ	3921	;# 
   661   000F52                     PR4             equ	3922	;# 
   662   000F53                     TMR4            equ	3923	;# 
   663   000F54                     CCP5CON         equ	3924	;# 
   664   000F55                     CCPR5           equ	3925	;# 
   665   000F55                     CCPR5L          equ	3925	;# 
   666   000F56                     CCPR5H          equ	3926	;# 
   667   000F57                     CCP4CON         equ	3927	;# 
   668   000F58                     CCPR4           equ	3928	;# 
   669   000F58                     CCPR4L          equ	3928	;# 
   670   000F59                     CCPR4H          equ	3929	;# 
   671   000F5A                     PSTR3CON        equ	3930	;# 
   672   000F5B                     ECCP3AS         equ	3931	;# 
   673   000F5B                     CCP3AS          equ	3931	;# 
   674   000F5C                     PWM3CON         equ	3932	;# 
   675   000F5D                     CCP3CON         equ	3933	;# 
   676   000F5E                     CCPR3           equ	3934	;# 
   677   000F5E                     CCPR3L          equ	3934	;# 
   678   000F5F                     CCPR3H          equ	3935	;# 
   679   000F60                     SLRCON          equ	3936	;# 
   680   000F61                     WPUB            equ	3937	;# 
   681   000F62                     IOCB            equ	3938	;# 
   682   000F63                     PSTR2CON        equ	3939	;# 
   683   000F64                     ECCP2AS         equ	3940	;# 
   684   000F64                     CCP2AS          equ	3940	;# 
   685   000F65                     PWM2CON         equ	3941	;# 
   686   000F66                     CCP2CON         equ	3942	;# 
   687   000F67                     CCPR2           equ	3943	;# 
   688   000F67                     CCPR2L          equ	3943	;# 
   689   000F68                     CCPR2H          equ	3944	;# 
   690   000F69                     SSP2CON3        equ	3945	;# 
   691   000F6A                     SSP2MSK         equ	3946	;# 
   692   000F6B                     SSP2CON2        equ	3947	;# 
   693   000F6C                     SSP2CON1        equ	3948	;# 
   694   000F6D                     SSP2STAT        equ	3949	;# 
   695   000F6E                     SSP2ADD         equ	3950	;# 
   696   000F6F                     SSP2BUF         equ	3951	;# 
   697   000F70                     BAUDCON2        equ	3952	;# 
   698   000F70                     BAUD2CON        equ	3952	;# 
   699   000F71                     RCSTA2          equ	3953	;# 
   700   000F71                     RC2STA          equ	3953	;# 
   701   000F72                     TXSTA2          equ	3954	;# 
   702   000F72                     TX2STA          equ	3954	;# 
   703   000F73                     TXREG2          equ	3955	;# 
   704   000F73                     TX2REG          equ	3955	;# 
   705   000F74                     RCREG2          equ	3956	;# 
   706   000F74                     RC2REG          equ	3956	;# 
   707   000F75                     SPBRG2          equ	3957	;# 
   708   000F75                     SP2BRG          equ	3957	;# 
   709   000F76                     SPBRGH2         equ	3958	;# 
   710   000F76                     SP2BRGH         equ	3958	;# 
   711   000F77                     CM2CON1         equ	3959	;# 
   712   000F77                     CM12CON         equ	3959	;# 
   713   000F78                     CM2CON0         equ	3960	;# 
   714   000F78                     CM2CON          equ	3960	;# 
   715   000F79                     CM1CON0         equ	3961	;# 
   716   000F79                     CM1CON          equ	3961	;# 
   717   000F7A                     PIE4            equ	3962	;# 
   718   000F7B                     PIR4            equ	3963	;# 
   719   000F7C                     IPR4            equ	3964	;# 
   720   000F7D                     PIE5            equ	3965	;# 
   721   000F7E                     PIR5            equ	3966	;# 
   722   000F7F                     IPR5            equ	3967	;# 
   723   000F80                     PORTA           equ	3968	;# 
   724   000F81                     PORTB           equ	3969	;# 
   725   000F82                     PORTC           equ	3970	;# 
   726   000F84                     PORTE           equ	3972	;# 
   727   000F89                     LATA            equ	3977	;# 
   728   000F8A                     LATB            equ	3978	;# 
   729   000F8B                     LATC            equ	3979	;# 
   730   000F92                     TRISA           equ	3986	;# 
   731   000F92                     DDRA            equ	3986	;# 
   732   000F93                     TRISB           equ	3987	;# 
   733   000F93                     DDRB            equ	3987	;# 
   734   000F94                     TRISC           equ	3988	;# 
   735   000F94                     DDRC            equ	3988	;# 
   736   000F96                     TRISE           equ	3990	;# 
   737   000F9B                     OSCTUNE         equ	3995	;# 
   738   000F9C                     HLVDCON         equ	3996	;# 
   739   000F9C                     LVDCON          equ	3996	;# 
   740   000F9D                     PIE1            equ	3997	;# 
   741   000F9E                     PIR1            equ	3998	;# 
   742   000F9F                     IPR1            equ	3999	;# 
   743   000FA0                     PIE2            equ	4000	;# 
   744   000FA1                     PIR2            equ	4001	;# 
   745   000FA2                     IPR2            equ	4002	;# 
   746   000FA3                     PIE3            equ	4003	;# 
   747   000FA4                     PIR3            equ	4004	;# 
   748   000FA5                     IPR3            equ	4005	;# 
   749   000FA6                     EECON1          equ	4006	;# 
   750   000FA7                     EECON2          equ	4007	;# 
   751   000FA8                     EEDATA          equ	4008	;# 
   752   000FA9                     EEADR           equ	4009	;# 
   753   000FAB                     RCSTA1          equ	4011	;# 
   754   000FAB                     RCSTA           equ	4011	;# 
   755   000FAB                     RC1STA          equ	4011	;# 
   756   000FAC                     TXSTA1          equ	4012	;# 
   757   000FAC                     TXSTA           equ	4012	;# 
   758   000FAC                     TX1STA          equ	4012	;# 
   759   000FAD                     TXREG1          equ	4013	;# 
   760   000FAD                     TXREG           equ	4013	;# 
   761   000FAD                     TX1REG          equ	4013	;# 
   762   000FAE                     RCREG1          equ	4014	;# 
   763   000FAE                     RCREG           equ	4014	;# 
   764   000FAE                     RC1REG          equ	4014	;# 
   765   000FAF                     SPBRG1          equ	4015	;# 
   766   000FAF                     SPBRG           equ	4015	;# 
   767   000FAF                     SP1BRG          equ	4015	;# 
   768   000FB0                     SPBRGH1         equ	4016	;# 
   769   000FB0                     SPBRGH          equ	4016	;# 
   770   000FB0                     SP1BRGH         equ	4016	;# 
   771   000FB1                     T3CON           equ	4017	;# 
   772   000FB2                     TMR3            equ	4018	;# 
   773   000FB2                     TMR3L           equ	4018	;# 
   774   000FB3                     TMR3H           equ	4019	;# 
   775   000FB4                     T3GCON          equ	4020	;# 
   776   000FB6                     ECCP1AS         equ	4022	;# 
   777   000FB6                     ECCPAS          equ	4022	;# 
   778   000FB7                     PWM1CON         equ	4023	;# 
   779   000FB7                     PWMCON          equ	4023	;# 
   780   000FB8                     BAUDCON1        equ	4024	;# 
   781   000FB8                     BAUDCON         equ	4024	;# 
   782   000FB8                     BAUDCTL         equ	4024	;# 
   783   000FB8                     BAUD1CON        equ	4024	;# 
   784   000FB9                     PSTR1CON        equ	4025	;# 
   785   000FB9                     PSTRCON         equ	4025	;# 
   786   000FBA                     T2CON           equ	4026	;# 
   787   000FBB                     PR2             equ	4027	;# 
   788   000FBC                     TMR2            equ	4028	;# 
   789   000FBD                     CCP1CON         equ	4029	;# 
   790   000FBE                     CCPR1           equ	4030	;# 
   791   000FBE                     CCPR1L          equ	4030	;# 
   792   000FBF                     CCPR1H          equ	4031	;# 
   793   000FC0                     ADCON2          equ	4032	;# 
   794   000FC1                     ADCON1          equ	4033	;# 
   795   000FC2                     ADCON0          equ	4034	;# 
   796   000FC3                     ADRES           equ	4035	;# 
   797   000FC3                     ADRESL          equ	4035	;# 
   798   000FC4                     ADRESH          equ	4036	;# 
   799   000FC5                     SSP1CON2        equ	4037	;# 
   800   000FC5                     SSPCON2         equ	4037	;# 
   801   000FC6                     SSP1CON1        equ	4038	;# 
   802   000FC6                     SSPCON1         equ	4038	;# 
   803   000FC7                     SSP1STAT        equ	4039	;# 
   804   000FC7                     SSPSTAT         equ	4039	;# 
   805   000FC8                     SSP1ADD         equ	4040	;# 
   806   000FC8                     SSPADD          equ	4040	;# 
   807   000FC9                     SSP1BUF         equ	4041	;# 
   808   000FC9                     SSPBUF          equ	4041	;# 
   809   000FCA                     SSP1MSK         equ	4042	;# 
   810   000FCA                     SSPMSK          equ	4042	;# 
   811   000FCB                     SSP1CON3        equ	4043	;# 
   812   000FCB                     SSPCON3         equ	4043	;# 
   813   000FCC                     T1GCON          equ	4044	;# 
   814   000FCD                     T1CON           equ	4045	;# 
   815   000FCE                     TMR1            equ	4046	;# 
   816   000FCE                     TMR1L           equ	4046	;# 
   817   000FCF                     TMR1H           equ	4047	;# 
   818   000FD0                     RCON            equ	4048	;# 
   819   000FD1                     WDTCON          equ	4049	;# 
   820   000FD2                     OSCCON2         equ	4050	;# 
   821   000FD3                     OSCCON          equ	4051	;# 
   822   000FD5                     T0CON           equ	4053	;# 
   823   000FD6                     TMR0            equ	4054	;# 
   824   000FD6                     TMR0L           equ	4054	;# 
   825   000FD7                     TMR0H           equ	4055	;# 
   826   000FD8                     STATUS          equ	4056	;# 
   827   000FD9                     FSR2            equ	4057	;# 
   828   000FD9                     FSR2L           equ	4057	;# 
   829   000FDA                     FSR2H           equ	4058	;# 
   830   000FDB                     PLUSW2          equ	4059	;# 
   831   000FDC                     PREINC2         equ	4060	;# 
   832   000FDD                     POSTDEC2        equ	4061	;# 
   833   000FDE                     POSTINC2        equ	4062	;# 
   834   000FDF                     INDF2           equ	4063	;# 
   835   000FE0                     BSR             equ	4064	;# 
   836   000FE1                     FSR1            equ	4065	;# 
   837   000FE1                     FSR1L           equ	4065	;# 
   838   000FE2                     FSR1H           equ	4066	;# 
   839   000FE3                     PLUSW1          equ	4067	;# 
   840   000FE4                     PREINC1         equ	4068	;# 
   841   000FE5                     POSTDEC1        equ	4069	;# 
   842   000FE6                     POSTINC1        equ	4070	;# 
   843   000FE7                     INDF1           equ	4071	;# 
   844   000FE8                     WREG            equ	4072	;# 
   845   000FE9                     FSR0            equ	4073	;# 
   846   000FE9                     FSR0L           equ	4073	;# 
   847   000FEA                     FSR0H           equ	4074	;# 
   848   000FEB                     PLUSW0          equ	4075	;# 
   849   000FEC                     PREINC0         equ	4076	;# 
   850   000FED                     POSTDEC0        equ	4077	;# 
   851   000FEE                     POSTINC0        equ	4078	;# 
   852   000FEF                     INDF0           equ	4079	;# 
   853   000FF0                     INTCON3         equ	4080	;# 
   854   000FF1                     INTCON2         equ	4081	;# 
   855   000FF2                     INTCON          equ	4082	;# 
   856   000FF3                     PROD            equ	4083	;# 
   857   000FF3                     PRODL           equ	4083	;# 
   858   000FF4                     PRODH           equ	4084	;# 
   859   000FF5                     TABLAT          equ	4085	;# 
   860   000FF6                     TBLPTR          equ	4086	;# 
   861   000FF6                     TBLPTRL         equ	4086	;# 
   862   000FF7                     TBLPTRH         equ	4087	;# 
   863   000FF8                     TBLPTRU         equ	4088	;# 
   864   000FF9                     PCLAT           equ	4089	;# 
   865   000FF9                     PC              equ	4089	;# 
   866   000FF9                     PCL             equ	4089	;# 
   867   000FFA                     PCLATH          equ	4090	;# 
   868   000FFB                     PCLATU          equ	4091	;# 
   869   000FFC                     STKPTR          equ	4092	;# 
   870   000FFD                     TOS             equ	4093	;# 
   871   000FFD                     TOSL            equ	4093	;# 
   872   000FFE                     TOSH            equ	4094	;# 
   873   000FFF                     TOSU            equ	4095	;# 
   874   000F38                     ANSELA          equ	3896	;# 
   875   000F39                     ANSELB          equ	3897	;# 
   876   000F3A                     ANSELC          equ	3898	;# 
   877   000F3D                     PMD2            equ	3901	;# 
   878   000F3E                     PMD1            equ	3902	;# 
   879   000F3F                     PMD0            equ	3903	;# 
   880   000F40                     VREFCON2        equ	3904	;# 
   881   000F40                     DACCON1         equ	3904	;# 
   882   000F41                     VREFCON1        equ	3905	;# 
   883   000F41                     DACCON0         equ	3905	;# 
   884   000F42                     VREFCON0        equ	3906	;# 
   885   000F42                     FVRCON          equ	3906	;# 
   886   000F43                     CTMUICON        equ	3907	;# 
   887   000F43                     CTMUICONH       equ	3907	;# 
   888   000F44                     CTMUCONL        equ	3908	;# 
   889   000F44                     CTMUCON1        equ	3908	;# 
   890   000F45                     CTMUCONH        equ	3909	;# 
   891   000F45                     CTMUCON0        equ	3909	;# 
   892   000F46                     SRCON1          equ	3910	;# 
   893   000F47                     SRCON0          equ	3911	;# 
   894   000F48                     CCPTMRS1        equ	3912	;# 
   895   000F49                     CCPTMRS0        equ	3913	;# 
   896   000F4A                     T6CON           equ	3914	;# 
   897   000F4B                     PR6             equ	3915	;# 
   898   000F4C                     TMR6            equ	3916	;# 
   899   000F4D                     T5GCON          equ	3917	;# 
   900   000F4E                     T5CON           equ	3918	;# 
   901   000F4F                     TMR5            equ	3919	;# 
   902   000F4F                     TMR5L           equ	3919	;# 
   903   000F50                     TMR5H           equ	3920	;# 
   904   000F51                     T4CON           equ	3921	;# 
   905   000F52                     PR4             equ	3922	;# 
   906   000F53                     TMR4            equ	3923	;# 
   907   000F54                     CCP5CON         equ	3924	;# 
   908   000F55                     CCPR5           equ	3925	;# 
   909   000F55                     CCPR5L          equ	3925	;# 
   910   000F56                     CCPR5H          equ	3926	;# 
   911   000F57                     CCP4CON         equ	3927	;# 
   912   000F58                     CCPR4           equ	3928	;# 
   913   000F58                     CCPR4L          equ	3928	;# 
   914   000F59                     CCPR4H          equ	3929	;# 
   915   000F5A                     PSTR3CON        equ	3930	;# 
   916   000F5B                     ECCP3AS         equ	3931	;# 
   917   000F5B                     CCP3AS          equ	3931	;# 
   918   000F5C                     PWM3CON         equ	3932	;# 
   919   000F5D                     CCP3CON         equ	3933	;# 
   920   000F5E                     CCPR3           equ	3934	;# 
   921   000F5E                     CCPR3L          equ	3934	;# 
   922   000F5F                     CCPR3H          equ	3935	;# 
   923   000F60                     SLRCON          equ	3936	;# 
   924   000F61                     WPUB            equ	3937	;# 
   925   000F62                     IOCB            equ	3938	;# 
   926   000F63                     PSTR2CON        equ	3939	;# 
   927   000F64                     ECCP2AS         equ	3940	;# 
   928   000F64                     CCP2AS          equ	3940	;# 
   929   000F65                     PWM2CON         equ	3941	;# 
   930   000F66                     CCP2CON         equ	3942	;# 
   931   000F67                     CCPR2           equ	3943	;# 
   932   000F67                     CCPR2L          equ	3943	;# 
   933   000F68                     CCPR2H          equ	3944	;# 
   934   000F69                     SSP2CON3        equ	3945	;# 
   935   000F6A                     SSP2MSK         equ	3946	;# 
   936   000F6B                     SSP2CON2        equ	3947	;# 
   937   000F6C                     SSP2CON1        equ	3948	;# 
   938   000F6D                     SSP2STAT        equ	3949	;# 
   939   000F6E                     SSP2ADD         equ	3950	;# 
   940   000F6F                     SSP2BUF         equ	3951	;# 
   941   000F70                     BAUDCON2        equ	3952	;# 
   942   000F70                     BAUD2CON        equ	3952	;# 
   943   000F71                     RCSTA2          equ	3953	;# 
   944   000F71                     RC2STA          equ	3953	;# 
   945   000F72                     TXSTA2          equ	3954	;# 
   946   000F72                     TX2STA          equ	3954	;# 
   947   000F73                     TXREG2          equ	3955	;# 
   948   000F73                     TX2REG          equ	3955	;# 
   949   000F74                     RCREG2          equ	3956	;# 
   950   000F74                     RC2REG          equ	3956	;# 
   951   000F75                     SPBRG2          equ	3957	;# 
   952   000F75                     SP2BRG          equ	3957	;# 
   953   000F76                     SPBRGH2         equ	3958	;# 
   954   000F76                     SP2BRGH         equ	3958	;# 
   955   000F77                     CM2CON1         equ	3959	;# 
   956   000F77                     CM12CON         equ	3959	;# 
   957   000F78                     CM2CON0         equ	3960	;# 
   958   000F78                     CM2CON          equ	3960	;# 
   959   000F79                     CM1CON0         equ	3961	;# 
   960   000F79                     CM1CON          equ	3961	;# 
   961   000F7A                     PIE4            equ	3962	;# 
   962   000F7B                     PIR4            equ	3963	;# 
   963   000F7C                     IPR4            equ	3964	;# 
   964   000F7D                     PIE5            equ	3965	;# 
   965   000F7E                     PIR5            equ	3966	;# 
   966   000F7F                     IPR5            equ	3967	;# 
   967   000F80                     PORTA           equ	3968	;# 
   968   000F81                     PORTB           equ	3969	;# 
   969   000F82                     PORTC           equ	3970	;# 
   970   000F84                     PORTE           equ	3972	;# 
   971   000F89                     LATA            equ	3977	;# 
   972   000F8A                     LATB            equ	3978	;# 
   973   000F8B                     LATC            equ	3979	;# 
   974   000F92                     TRISA           equ	3986	;# 
   975   000F92                     DDRA            equ	3986	;# 
   976   000F93                     TRISB           equ	3987	;# 
   977   000F93                     DDRB            equ	3987	;# 
   978   000F94                     TRISC           equ	3988	;# 
   979   000F94                     DDRC            equ	3988	;# 
   980   000F96                     TRISE           equ	3990	;# 
   981   000F9B                     OSCTUNE         equ	3995	;# 
   982   000F9C                     HLVDCON         equ	3996	;# 
   983   000F9C                     LVDCON          equ	3996	;# 
   984   000F9D                     PIE1            equ	3997	;# 
   985   000F9E                     PIR1            equ	3998	;# 
   986   000F9F                     IPR1            equ	3999	;# 
   987   000FA0                     PIE2            equ	4000	;# 
   988   000FA1                     PIR2            equ	4001	;# 
   989   000FA2                     IPR2            equ	4002	;# 
   990   000FA3                     PIE3            equ	4003	;# 
   991   000FA4                     PIR3            equ	4004	;# 
   992   000FA5                     IPR3            equ	4005	;# 
   993   000FA6                     EECON1          equ	4006	;# 
   994   000FA7                     EECON2          equ	4007	;# 
   995   000FA8                     EEDATA          equ	4008	;# 
   996   000FA9                     EEADR           equ	4009	;# 
   997   000FAB                     RCSTA1          equ	4011	;# 
   998   000FAB                     RCSTA           equ	4011	;# 
   999   000FAB                     RC1STA          equ	4011	;# 
  1000   000FAC                     TXSTA1          equ	4012	;# 
  1001   000FAC                     TXSTA           equ	4012	;# 
  1002   000FAC                     TX1STA          equ	4012	;# 
  1003   000FAD                     TXREG1          equ	4013	;# 
  1004   000FAD                     TXREG           equ	4013	;# 
  1005   000FAD                     TX1REG          equ	4013	;# 
  1006   000FAE                     RCREG1          equ	4014	;# 
  1007   000FAE                     RCREG           equ	4014	;# 
  1008   000FAE                     RC1REG          equ	4014	;# 
  1009   000FAF                     SPBRG1          equ	4015	;# 
  1010   000FAF                     SPBRG           equ	4015	;# 
  1011   000FAF                     SP1BRG          equ	4015	;# 
  1012   000FB0                     SPBRGH1         equ	4016	;# 
  1013   000FB0                     SPBRGH          equ	4016	;# 
  1014   000FB0                     SP1BRGH         equ	4016	;# 
  1015   000FB1                     T3CON           equ	4017	;# 
  1016   000FB2                     TMR3            equ	4018	;# 
  1017   000FB2                     TMR3L           equ	4018	;# 
  1018   000FB3                     TMR3H           equ	4019	;# 
  1019   000FB4                     T3GCON          equ	4020	;# 
  1020   000FB6                     ECCP1AS         equ	4022	;# 
  1021   000FB6                     ECCPAS          equ	4022	;# 
  1022   000FB7                     PWM1CON         equ	4023	;# 
  1023   000FB7                     PWMCON          equ	4023	;# 
  1024   000FB8                     BAUDCON1        equ	4024	;# 
  1025   000FB8                     BAUDCON         equ	4024	;# 
  1026   000FB8                     BAUDCTL         equ	4024	;# 
  1027   000FB8                     BAUD1CON        equ	4024	;# 
  1028   000FB9                     PSTR1CON        equ	4025	;# 
  1029   000FB9                     PSTRCON         equ	4025	;# 
  1030   000FBA                     T2CON           equ	4026	;# 
  1031   000FBB                     PR2             equ	4027	;# 
  1032   000FBC                     TMR2            equ	4028	;# 
  1033   000FBD                     CCP1CON         equ	4029	;# 
  1034   000FBE                     CCPR1           equ	4030	;# 
  1035   000FBE                     CCPR1L          equ	4030	;# 
  1036   000FBF                     CCPR1H          equ	4031	;# 
  1037   000FC0                     ADCON2          equ	4032	;# 
  1038   000FC1                     ADCON1          equ	4033	;# 
  1039   000FC2                     ADCON0          equ	4034	;# 
  1040   000FC3                     ADRES           equ	4035	;# 
  1041   000FC3                     ADRESL          equ	4035	;# 
  1042   000FC4                     ADRESH          equ	4036	;# 
  1043   000FC5                     SSP1CON2        equ	4037	;# 
  1044   000FC5                     SSPCON2         equ	4037	;# 
  1045   000FC6                     SSP1CON1        equ	4038	;# 
  1046   000FC6                     SSPCON1         equ	4038	;# 
  1047   000FC7                     SSP1STAT        equ	4039	;# 
  1048   000FC7                     SSPSTAT         equ	4039	;# 
  1049   000FC8                     SSP1ADD         equ	4040	;# 
  1050   000FC8                     SSPADD          equ	4040	;# 
  1051   000FC9                     SSP1BUF         equ	4041	;# 
  1052   000FC9                     SSPBUF          equ	4041	;# 
  1053   000FCA                     SSP1MSK         equ	4042	;# 
  1054   000FCA                     SSPMSK          equ	4042	;# 
  1055   000FCB                     SSP1CON3        equ	4043	;# 
  1056   000FCB                     SSPCON3         equ	4043	;# 
  1057   000FCC                     T1GCON          equ	4044	;# 
  1058   000FCD                     T1CON           equ	4045	;# 
  1059   000FCE                     TMR1            equ	4046	;# 
  1060   000FCE                     TMR1L           equ	4046	;# 
  1061   000FCF                     TMR1H           equ	4047	;# 
  1062   000FD0                     RCON            equ	4048	;# 
  1063   000FD1                     WDTCON          equ	4049	;# 
  1064   000FD2                     OSCCON2         equ	4050	;# 
  1065   000FD3                     OSCCON          equ	4051	;# 
  1066   000FD5                     T0CON           equ	4053	;# 
  1067   000FD6                     TMR0            equ	4054	;# 
  1068   000FD6                     TMR0L           equ	4054	;# 
  1069   000FD7                     TMR0H           equ	4055	;# 
  1070   000FD8                     STATUS          equ	4056	;# 
  1071   000FD9                     FSR2            equ	4057	;# 
  1072   000FD9                     FSR2L           equ	4057	;# 
  1073   000FDA                     FSR2H           equ	4058	;# 
  1074   000FDB                     PLUSW2          equ	4059	;# 
  1075   000FDC                     PREINC2         equ	4060	;# 
  1076   000FDD                     POSTDEC2        equ	4061	;# 
  1077   000FDE                     POSTINC2        equ	4062	;# 
  1078   000FDF                     INDF2           equ	4063	;# 
  1079   000FE0                     BSR             equ	4064	;# 
  1080   000FE1                     FSR1            equ	4065	;# 
  1081   000FE1                     FSR1L           equ	4065	;# 
  1082   000FE2                     FSR1H           equ	4066	;# 
  1083   000FE3                     PLUSW1          equ	4067	;# 
  1084   000FE4                     PREINC1         equ	4068	;# 
  1085   000FE5                     POSTDEC1        equ	4069	;# 
  1086   000FE6                     POSTINC1        equ	4070	;# 
  1087   000FE7                     INDF1           equ	4071	;# 
  1088   000FE8                     WREG            equ	4072	;# 
  1089   000FE9                     FSR0            equ	4073	;# 
  1090   000FE9                     FSR0L           equ	4073	;# 
  1091   000FEA                     FSR0H           equ	4074	;# 
  1092   000FEB                     PLUSW0          equ	4075	;# 
  1093   000FEC                     PREINC0         equ	4076	;# 
  1094   000FED                     POSTDEC0        equ	4077	;# 
  1095   000FEE                     POSTINC0        equ	4078	;# 
  1096   000FEF                     INDF0           equ	4079	;# 
  1097   000FF0                     INTCON3         equ	4080	;# 
  1098   000FF1                     INTCON2         equ	4081	;# 
  1099   000FF2                     INTCON          equ	4082	;# 
  1100   000FF3                     PROD            equ	4083	;# 
  1101   000FF3                     PRODL           equ	4083	;# 
  1102   000FF4                     PRODH           equ	4084	;# 
  1103   000FF5                     TABLAT          equ	4085	;# 
  1104   000FF6                     TBLPTR          equ	4086	;# 
  1105   000FF6                     TBLPTRL         equ	4086	;# 
  1106   000FF7                     TBLPTRH         equ	4087	;# 
  1107   000FF8                     TBLPTRU         equ	4088	;# 
  1108   000FF9                     PCLAT           equ	4089	;# 
  1109   000FF9                     PC              equ	4089	;# 
  1110   000FF9                     PCL             equ	4089	;# 
  1111   000FFA                     PCLATH          equ	4090	;# 
  1112   000FFB                     PCLATU          equ	4091	;# 
  1113   000FFC                     STKPTR          equ	4092	;# 
  1114   000FFD                     TOS             equ	4093	;# 
  1115   000FFD                     TOSL            equ	4093	;# 
  1116   000FFE                     TOSH            equ	4094	;# 
  1117   000FFF                     TOSU            equ	4095	;# 
  1118   000F38                     ANSELA          equ	3896	;# 
  1119   000F39                     ANSELB          equ	3897	;# 
  1120   000F3A                     ANSELC          equ	3898	;# 
  1121   000F3D                     PMD2            equ	3901	;# 
  1122   000F3E                     PMD1            equ	3902	;# 
  1123   000F3F                     PMD0            equ	3903	;# 
  1124   000F40                     VREFCON2        equ	3904	;# 
  1125   000F40                     DACCON1         equ	3904	;# 
  1126   000F41                     VREFCON1        equ	3905	;# 
  1127   000F41                     DACCON0         equ	3905	;# 
  1128   000F42                     VREFCON0        equ	3906	;# 
  1129   000F42                     FVRCON          equ	3906	;# 
  1130   000F43                     CTMUICON        equ	3907	;# 
  1131   000F43                     CTMUICONH       equ	3907	;# 
  1132   000F44                     CTMUCONL        equ	3908	;# 
  1133   000F44                     CTMUCON1        equ	3908	;# 
  1134   000F45                     CTMUCONH        equ	3909	;# 
  1135   000F45                     CTMUCON0        equ	3909	;# 
  1136   000F46                     SRCON1          equ	3910	;# 
  1137   000F47                     SRCON0          equ	3911	;# 
  1138   000F48                     CCPTMRS1        equ	3912	;# 
  1139   000F49                     CCPTMRS0        equ	3913	;# 
  1140   000F4A                     T6CON           equ	3914	;# 
  1141   000F4B                     PR6             equ	3915	;# 
  1142   000F4C                     TMR6            equ	3916	;# 
  1143   000F4D                     T5GCON          equ	3917	;# 
  1144   000F4E                     T5CON           equ	3918	;# 
  1145   000F4F                     TMR5            equ	3919	;# 
  1146   000F4F                     TMR5L           equ	3919	;# 
  1147   000F50                     TMR5H           equ	3920	;# 
  1148   000F51                     T4CON           equ	3921	;# 
  1149   000F52                     PR4             equ	3922	;# 
  1150   000F53                     TMR4            equ	3923	;# 
  1151   000F54                     CCP5CON         equ	3924	;# 
  1152   000F55                     CCPR5           equ	3925	;# 
  1153   000F55                     CCPR5L          equ	3925	;# 
  1154   000F56                     CCPR5H          equ	3926	;# 
  1155   000F57                     CCP4CON         equ	3927	;# 
  1156   000F58                     CCPR4           equ	3928	;# 
  1157   000F58                     CCPR4L          equ	3928	;# 
  1158   000F59                     CCPR4H          equ	3929	;# 
  1159   000F5A                     PSTR3CON        equ	3930	;# 
  1160   000F5B                     ECCP3AS         equ	3931	;# 
  1161   000F5B                     CCP3AS          equ	3931	;# 
  1162   000F5C                     PWM3CON         equ	3932	;# 
  1163   000F5D                     CCP3CON         equ	3933	;# 
  1164   000F5E                     CCPR3           equ	3934	;# 
  1165   000F5E                     CCPR3L          equ	3934	;# 
  1166   000F5F                     CCPR3H          equ	3935	;# 
  1167   000F60                     SLRCON          equ	3936	;# 
  1168   000F61                     WPUB            equ	3937	;# 
  1169   000F62                     IOCB            equ	3938	;# 
  1170   000F63                     PSTR2CON        equ	3939	;# 
  1171   000F64                     ECCP2AS         equ	3940	;# 
  1172   000F64                     CCP2AS          equ	3940	;# 
  1173   000F65                     PWM2CON         equ	3941	;# 
  1174   000F66                     CCP2CON         equ	3942	;# 
  1175   000F67                     CCPR2           equ	3943	;# 
  1176   000F67                     CCPR2L          equ	3943	;# 
  1177   000F68                     CCPR2H          equ	3944	;# 
  1178   000F69                     SSP2CON3        equ	3945	;# 
  1179   000F6A                     SSP2MSK         equ	3946	;# 
  1180   000F6B                     SSP2CON2        equ	3947	;# 
  1181   000F6C                     SSP2CON1        equ	3948	;# 
  1182   000F6D                     SSP2STAT        equ	3949	;# 
  1183   000F6E                     SSP2ADD         equ	3950	;# 
  1184   000F6F                     SSP2BUF         equ	3951	;# 
  1185   000F70                     BAUDCON2        equ	3952	;# 
  1186   000F70                     BAUD2CON        equ	3952	;# 
  1187   000F71                     RCSTA2          equ	3953	;# 
  1188   000F71                     RC2STA          equ	3953	;# 
  1189   000F72                     TXSTA2          equ	3954	;# 
  1190   000F72                     TX2STA          equ	3954	;# 
  1191   000F73                     TXREG2          equ	3955	;# 
  1192   000F73                     TX2REG          equ	3955	;# 
  1193   000F74                     RCREG2          equ	3956	;# 
  1194   000F74                     RC2REG          equ	3956	;# 
  1195   000F75                     SPBRG2          equ	3957	;# 
  1196   000F75                     SP2BRG          equ	3957	;# 
  1197   000F76                     SPBRGH2         equ	3958	;# 
  1198   000F76                     SP2BRGH         equ	3958	;# 
  1199   000F77                     CM2CON1         equ	3959	;# 
  1200   000F77                     CM12CON         equ	3959	;# 
  1201   000F78                     CM2CON0         equ	3960	;# 
  1202   000F78                     CM2CON          equ	3960	;# 
  1203   000F79                     CM1CON0         equ	3961	;# 
  1204   000F79                     CM1CON          equ	3961	;# 
  1205   000F7A                     PIE4            equ	3962	;# 
  1206   000F7B                     PIR4            equ	3963	;# 
  1207   000F7C                     IPR4            equ	3964	;# 
  1208   000F7D                     PIE5            equ	3965	;# 
  1209   000F7E                     PIR5            equ	3966	;# 
  1210   000F7F                     IPR5            equ	3967	;# 
  1211   000F80                     PORTA           equ	3968	;# 
  1212   000F81                     PORTB           equ	3969	;# 
  1213   000F82                     PORTC           equ	3970	;# 
  1214   000F84                     PORTE           equ	3972	;# 
  1215   000F89                     LATA            equ	3977	;# 
  1216   000F8A                     LATB            equ	3978	;# 
  1217   000F8B                     LATC            equ	3979	;# 
  1218   000F92                     TRISA           equ	3986	;# 
  1219   000F92                     DDRA            equ	3986	;# 
  1220   000F93                     TRISB           equ	3987	;# 
  1221   000F93                     DDRB            equ	3987	;# 
  1222   000F94                     TRISC           equ	3988	;# 
  1223   000F94                     DDRC            equ	3988	;# 
  1224   000F96                     TRISE           equ	3990	;# 
  1225   000F9B                     OSCTUNE         equ	3995	;# 
  1226   000F9C                     HLVDCON         equ	3996	;# 
  1227   000F9C                     LVDCON          equ	3996	;# 
  1228   000F9D                     PIE1            equ	3997	;# 
  1229   000F9E                     PIR1            equ	3998	;# 
  1230   000F9F                     IPR1            equ	3999	;# 
  1231   000FA0                     PIE2            equ	4000	;# 
  1232   000FA1                     PIR2            equ	4001	;# 
  1233   000FA2                     IPR2            equ	4002	;# 
  1234   000FA3                     PIE3            equ	4003	;# 
  1235   000FA4                     PIR3            equ	4004	;# 
  1236   000FA5                     IPR3            equ	4005	;# 
  1237   000FA6                     EECON1          equ	4006	;# 
  1238   000FA7                     EECON2          equ	4007	;# 
  1239   000FA8                     EEDATA          equ	4008	;# 
  1240   000FA9                     EEADR           equ	4009	;# 
  1241   000FAB                     RCSTA1          equ	4011	;# 
  1242   000FAB                     RCSTA           equ	4011	;# 
  1243   000FAB                     RC1STA          equ	4011	;# 
  1244   000FAC                     TXSTA1          equ	4012	;# 
  1245   000FAC                     TXSTA           equ	4012	;# 
  1246   000FAC                     TX1STA          equ	4012	;# 
  1247   000FAD                     TXREG1          equ	4013	;# 
  1248   000FAD                     TXREG           equ	4013	;# 
  1249   000FAD                     TX1REG          equ	4013	;# 
  1250   000FAE                     RCREG1          equ	4014	;# 
  1251   000FAE                     RCREG           equ	4014	;# 
  1252   000FAE                     RC1REG          equ	4014	;# 
  1253   000FAF                     SPBRG1          equ	4015	;# 
  1254   000FAF                     SPBRG           equ	4015	;# 
  1255   000FAF                     SP1BRG          equ	4015	;# 
  1256   000FB0                     SPBRGH1         equ	4016	;# 
  1257   000FB0                     SPBRGH          equ	4016	;# 
  1258   000FB0                     SP1BRGH         equ	4016	;# 
  1259   000FB1                     T3CON           equ	4017	;# 
  1260   000FB2                     TMR3            equ	4018	;# 
  1261   000FB2                     TMR3L           equ	4018	;# 
  1262   000FB3                     TMR3H           equ	4019	;# 
  1263   000FB4                     T3GCON          equ	4020	;# 
  1264   000FB6                     ECCP1AS         equ	4022	;# 
  1265   000FB6                     ECCPAS          equ	4022	;# 
  1266   000FB7                     PWM1CON         equ	4023	;# 
  1267   000FB7                     PWMCON          equ	4023	;# 
  1268   000FB8                     BAUDCON1        equ	4024	;# 
  1269   000FB8                     BAUDCON         equ	4024	;# 
  1270   000FB8                     BAUDCTL         equ	4024	;# 
  1271   000FB8                     BAUD1CON        equ	4024	;# 
  1272   000FB9                     PSTR1CON        equ	4025	;# 
  1273   000FB9                     PSTRCON         equ	4025	;# 
  1274   000FBA                     T2CON           equ	4026	;# 
  1275   000FBB                     PR2             equ	4027	;# 
  1276   000FBC                     TMR2            equ	4028	;# 
  1277   000FBD                     CCP1CON         equ	4029	;# 
  1278   000FBE                     CCPR1           equ	4030	;# 
  1279   000FBE                     CCPR1L          equ	4030	;# 
  1280   000FBF                     CCPR1H          equ	4031	;# 
  1281   000FC0                     ADCON2          equ	4032	;# 
  1282   000FC1                     ADCON1          equ	4033	;# 
  1283   000FC2                     ADCON0          equ	4034	;# 
  1284   000FC3                     ADRES           equ	4035	;# 
  1285   000FC3                     ADRESL          equ	4035	;# 
  1286   000FC4                     ADRESH          equ	4036	;# 
  1287   000FC5                     SSP1CON2        equ	4037	;# 
  1288   000FC5                     SSPCON2         equ	4037	;# 
  1289   000FC6                     SSP1CON1        equ	4038	;# 
  1290   000FC6                     SSPCON1         equ	4038	;# 
  1291   000FC7                     SSP1STAT        equ	4039	;# 
  1292   000FC7                     SSPSTAT         equ	4039	;# 
  1293   000FC8                     SSP1ADD         equ	4040	;# 
  1294   000FC8                     SSPADD          equ	4040	;# 
  1295   000FC9                     SSP1BUF         equ	4041	;# 
  1296   000FC9                     SSPBUF          equ	4041	;# 
  1297   000FCA                     SSP1MSK         equ	4042	;# 
  1298   000FCA                     SSPMSK          equ	4042	;# 
  1299   000FCB                     SSP1CON3        equ	4043	;# 
  1300   000FCB                     SSPCON3         equ	4043	;# 
  1301   000FCC                     T1GCON          equ	4044	;# 
  1302   000FCD                     T1CON           equ	4045	;# 
  1303   000FCE                     TMR1            equ	4046	;# 
  1304   000FCE                     TMR1L           equ	4046	;# 
  1305   000FCF                     TMR1H           equ	4047	;# 
  1306   000FD0                     RCON            equ	4048	;# 
  1307   000FD1                     WDTCON          equ	4049	;# 
  1308   000FD2                     OSCCON2         equ	4050	;# 
  1309   000FD3                     OSCCON          equ	4051	;# 
  1310   000FD5                     T0CON           equ	4053	;# 
  1311   000FD6                     TMR0            equ	4054	;# 
  1312   000FD6                     TMR0L           equ	4054	;# 
  1313   000FD7                     TMR0H           equ	4055	;# 
  1314   000FD8                     STATUS          equ	4056	;# 
  1315   000FD9                     FSR2            equ	4057	;# 
  1316   000FD9                     FSR2L           equ	4057	;# 
  1317   000FDA                     FSR2H           equ	4058	;# 
  1318   000FDB                     PLUSW2          equ	4059	;# 
  1319   000FDC                     PREINC2         equ	4060	;# 
  1320   000FDD                     POSTDEC2        equ	4061	;# 
  1321   000FDE                     POSTINC2        equ	4062	;# 
  1322   000FDF                     INDF2           equ	4063	;# 
  1323   000FE0                     BSR             equ	4064	;# 
  1324   000FE1                     FSR1            equ	4065	;# 
  1325   000FE1                     FSR1L           equ	4065	;# 
  1326   000FE2                     FSR1H           equ	4066	;# 
  1327   000FE3                     PLUSW1          equ	4067	;# 
  1328   000FE4                     PREINC1         equ	4068	;# 
  1329   000FE5                     POSTDEC1        equ	4069	;# 
  1330   000FE6                     POSTINC1        equ	4070	;# 
  1331   000FE7                     INDF1           equ	4071	;# 
  1332   000FE8                     WREG            equ	4072	;# 
  1333   000FE9                     FSR0            equ	4073	;# 
  1334   000FE9                     FSR0L           equ	4073	;# 
  1335   000FEA                     FSR0H           equ	4074	;# 
  1336   000FEB                     PLUSW0          equ	4075	;# 
  1337   000FEC                     PREINC0         equ	4076	;# 
  1338   000FED                     POSTDEC0        equ	4077	;# 
  1339   000FEE                     POSTINC0        equ	4078	;# 
  1340   000FEF                     INDF0           equ	4079	;# 
  1341   000FF0                     INTCON3         equ	4080	;# 
  1342   000FF1                     INTCON2         equ	4081	;# 
  1343   000FF2                     INTCON          equ	4082	;# 
  1344   000FF3                     PROD            equ	4083	;# 
  1345   000FF3                     PRODL           equ	4083	;# 
  1346   000FF4                     PRODH           equ	4084	;# 
  1347   000FF5                     TABLAT          equ	4085	;# 
  1348   000FF6                     TBLPTR          equ	4086	;# 
  1349   000FF6                     TBLPTRL         equ	4086	;# 
  1350   000FF7                     TBLPTRH         equ	4087	;# 
  1351   000FF8                     TBLPTRU         equ	4088	;# 
  1352   000FF9                     PCLAT           equ	4089	;# 
  1353   000FF9                     PC              equ	4089	;# 
  1354   000FF9                     PCL             equ	4089	;# 
  1355   000FFA                     PCLATH          equ	4090	;# 
  1356   000FFB                     PCLATU          equ	4091	;# 
  1357   000FFC                     STKPTR          equ	4092	;# 
  1358   000FFD                     TOS             equ	4093	;# 
  1359   000FFD                     TOSL            equ	4093	;# 
  1360   000FFE                     TOSH            equ	4094	;# 
  1361   000FFF                     TOSU            equ	4095	;# 
  1362   000F38                     ANSELA          equ	3896	;# 
  1363   000F39                     ANSELB          equ	3897	;# 
  1364   000F3A                     ANSELC          equ	3898	;# 
  1365   000F3D                     PMD2            equ	3901	;# 
  1366   000F3E                     PMD1            equ	3902	;# 
  1367   000F3F                     PMD0            equ	3903	;# 
  1368   000F40                     VREFCON2        equ	3904	;# 
  1369   000F40                     DACCON1         equ	3904	;# 
  1370   000F41                     VREFCON1        equ	3905	;# 
  1371   000F41                     DACCON0         equ	3905	;# 
  1372   000F42                     VREFCON0        equ	3906	;# 
  1373   000F42                     FVRCON          equ	3906	;# 
  1374   000F43                     CTMUICON        equ	3907	;# 
  1375   000F43                     CTMUICONH       equ	3907	;# 
  1376   000F44                     CTMUCONL        equ	3908	;# 
  1377   000F44                     CTMUCON1        equ	3908	;# 
  1378   000F45                     CTMUCONH        equ	3909	;# 
  1379   000F45                     CTMUCON0        equ	3909	;# 
  1380   000F46                     SRCON1          equ	3910	;# 
  1381   000F47                     SRCON0          equ	3911	;# 
  1382   000F48                     CCPTMRS1        equ	3912	;# 
  1383   000F49                     CCPTMRS0        equ	3913	;# 
  1384   000F4A                     T6CON           equ	3914	;# 
  1385   000F4B                     PR6             equ	3915	;# 
  1386   000F4C                     TMR6            equ	3916	;# 
  1387   000F4D                     T5GCON          equ	3917	;# 
  1388   000F4E                     T5CON           equ	3918	;# 
  1389   000F4F                     TMR5            equ	3919	;# 
  1390   000F4F                     TMR5L           equ	3919	;# 
  1391   000F50                     TMR5H           equ	3920	;# 
  1392   000F51                     T4CON           equ	3921	;# 
  1393   000F52                     PR4             equ	3922	;# 
  1394   000F53                     TMR4            equ	3923	;# 
  1395   000F54                     CCP5CON         equ	3924	;# 
  1396   000F55                     CCPR5           equ	3925	;# 
  1397   000F55                     CCPR5L          equ	3925	;# 
  1398   000F56                     CCPR5H          equ	3926	;# 
  1399   000F57                     CCP4CON         equ	3927	;# 
  1400   000F58                     CCPR4           equ	3928	;# 
  1401   000F58                     CCPR4L          equ	3928	;# 
  1402   000F59                     CCPR4H          equ	3929	;# 
  1403   000F5A                     PSTR3CON        equ	3930	;# 
  1404   000F5B                     ECCP3AS         equ	3931	;# 
  1405   000F5B                     CCP3AS          equ	3931	;# 
  1406   000F5C                     PWM3CON         equ	3932	;# 
  1407   000F5D                     CCP3CON         equ	3933	;# 
  1408   000F5E                     CCPR3           equ	3934	;# 
  1409   000F5E                     CCPR3L          equ	3934	;# 
  1410   000F5F                     CCPR3H          equ	3935	;# 
  1411   000F60                     SLRCON          equ	3936	;# 
  1412   000F61                     WPUB            equ	3937	;# 
  1413   000F62                     IOCB            equ	3938	;# 
  1414   000F63                     PSTR2CON        equ	3939	;# 
  1415   000F64                     ECCP2AS         equ	3940	;# 
  1416   000F64                     CCP2AS          equ	3940	;# 
  1417   000F65                     PWM2CON         equ	3941	;# 
  1418   000F66                     CCP2CON         equ	3942	;# 
  1419   000F67                     CCPR2           equ	3943	;# 
  1420   000F67                     CCPR2L          equ	3943	;# 
  1421   000F68                     CCPR2H          equ	3944	;# 
  1422   000F69                     SSP2CON3        equ	3945	;# 
  1423   000F6A                     SSP2MSK         equ	3946	;# 
  1424   000F6B                     SSP2CON2        equ	3947	;# 
  1425   000F6C                     SSP2CON1        equ	3948	;# 
  1426   000F6D                     SSP2STAT        equ	3949	;# 
  1427   000F6E                     SSP2ADD         equ	3950	;# 
  1428   000F6F                     SSP2BUF         equ	3951	;# 
  1429   000F70                     BAUDCON2        equ	3952	;# 
  1430   000F70                     BAUD2CON        equ	3952	;# 
  1431   000F71                     RCSTA2          equ	3953	;# 
  1432   000F71                     RC2STA          equ	3953	;# 
  1433   000F72                     TXSTA2          equ	3954	;# 
  1434   000F72                     TX2STA          equ	3954	;# 
  1435   000F73                     TXREG2          equ	3955	;# 
  1436   000F73                     TX2REG          equ	3955	;# 
  1437   000F74                     RCREG2          equ	3956	;# 
  1438   000F74                     RC2REG          equ	3956	;# 
  1439   000F75                     SPBRG2          equ	3957	;# 
  1440   000F75                     SP2BRG          equ	3957	;# 
  1441   000F76                     SPBRGH2         equ	3958	;# 
  1442   000F76                     SP2BRGH         equ	3958	;# 
  1443   000F77                     CM2CON1         equ	3959	;# 
  1444   000F77                     CM12CON         equ	3959	;# 
  1445   000F78                     CM2CON0         equ	3960	;# 
  1446   000F78                     CM2CON          equ	3960	;# 
  1447   000F79                     CM1CON0         equ	3961	;# 
  1448   000F79                     CM1CON          equ	3961	;# 
  1449   000F7A                     PIE4            equ	3962	;# 
  1450   000F7B                     PIR4            equ	3963	;# 
  1451   000F7C                     IPR4            equ	3964	;# 
  1452   000F7D                     PIE5            equ	3965	;# 
  1453   000F7E                     PIR5            equ	3966	;# 
  1454   000F7F                     IPR5            equ	3967	;# 
  1455   000F80                     PORTA           equ	3968	;# 
  1456   000F81                     PORTB           equ	3969	;# 
  1457   000F82                     PORTC           equ	3970	;# 
  1458   000F84                     PORTE           equ	3972	;# 
  1459   000F89                     LATA            equ	3977	;# 
  1460   000F8A                     LATB            equ	3978	;# 
  1461   000F8B                     LATC            equ	3979	;# 
  1462   000F92                     TRISA           equ	3986	;# 
  1463   000F92                     DDRA            equ	3986	;# 
  1464   000F93                     TRISB           equ	3987	;# 
  1465   000F93                     DDRB            equ	3987	;# 
  1466   000F94                     TRISC           equ	3988	;# 
  1467   000F94                     DDRC            equ	3988	;# 
  1468   000F96                     TRISE           equ	3990	;# 
  1469   000F9B                     OSCTUNE         equ	3995	;# 
  1470   000F9C                     HLVDCON         equ	3996	;# 
  1471   000F9C                     LVDCON          equ	3996	;# 
  1472   000F9D                     PIE1            equ	3997	;# 
  1473   000F9E                     PIR1            equ	3998	;# 
  1474   000F9F                     IPR1            equ	3999	;# 
  1475   000FA0                     PIE2            equ	4000	;# 
  1476   000FA1                     PIR2            equ	4001	;# 
  1477   000FA2                     IPR2            equ	4002	;# 
  1478   000FA3                     PIE3            equ	4003	;# 
  1479   000FA4                     PIR3            equ	4004	;# 
  1480   000FA5                     IPR3            equ	4005	;# 
  1481   000FA6                     EECON1          equ	4006	;# 
  1482   000FA7                     EECON2          equ	4007	;# 
  1483   000FA8                     EEDATA          equ	4008	;# 
  1484   000FA9                     EEADR           equ	4009	;# 
  1485   000FAB                     RCSTA1          equ	4011	;# 
  1486   000FAB                     RCSTA           equ	4011	;# 
  1487   000FAB                     RC1STA          equ	4011	;# 
  1488   000FAC                     TXSTA1          equ	4012	;# 
  1489   000FAC                     TXSTA           equ	4012	;# 
  1490   000FAC                     TX1STA          equ	4012	;# 
  1491   000FAD                     TXREG1          equ	4013	;# 
  1492   000FAD                     TXREG           equ	4013	;# 
  1493   000FAD                     TX1REG          equ	4013	;# 
  1494   000FAE                     RCREG1          equ	4014	;# 
  1495   000FAE                     RCREG           equ	4014	;# 
  1496   000FAE                     RC1REG          equ	4014	;# 
  1497   000FAF                     SPBRG1          equ	4015	;# 
  1498   000FAF                     SPBRG           equ	4015	;# 
  1499   000FAF                     SP1BRG          equ	4015	;# 
  1500   000FB0                     SPBRGH1         equ	4016	;# 
  1501   000FB0                     SPBRGH          equ	4016	;# 
  1502   000FB0                     SP1BRGH         equ	4016	;# 
  1503   000FB1                     T3CON           equ	4017	;# 
  1504   000FB2                     TMR3            equ	4018	;# 
  1505   000FB2                     TMR3L           equ	4018	;# 
  1506   000FB3                     TMR3H           equ	4019	;# 
  1507   000FB4                     T3GCON          equ	4020	;# 
  1508   000FB6                     ECCP1AS         equ	4022	;# 
  1509   000FB6                     ECCPAS          equ	4022	;# 
  1510   000FB7                     PWM1CON         equ	4023	;# 
  1511   000FB7                     PWMCON          equ	4023	;# 
  1512   000FB8                     BAUDCON1        equ	4024	;# 
  1513   000FB8                     BAUDCON         equ	4024	;# 
  1514   000FB8                     BAUDCTL         equ	4024	;# 
  1515   000FB8                     BAUD1CON        equ	4024	;# 
  1516   000FB9                     PSTR1CON        equ	4025	;# 
  1517   000FB9                     PSTRCON         equ	4025	;# 
  1518   000FBA                     T2CON           equ	4026	;# 
  1519   000FBB                     PR2             equ	4027	;# 
  1520   000FBC                     TMR2            equ	4028	;# 
  1521   000FBD                     CCP1CON         equ	4029	;# 
  1522   000FBE                     CCPR1           equ	4030	;# 
  1523   000FBE                     CCPR1L          equ	4030	;# 
  1524   000FBF                     CCPR1H          equ	4031	;# 
  1525   000FC0                     ADCON2          equ	4032	;# 
  1526   000FC1                     ADCON1          equ	4033	;# 
  1527   000FC2                     ADCON0          equ	4034	;# 
  1528   000FC3                     ADRES           equ	4035	;# 
  1529   000FC3                     ADRESL          equ	4035	;# 
  1530   000FC4                     ADRESH          equ	4036	;# 
  1531   000FC5                     SSP1CON2        equ	4037	;# 
  1532   000FC5                     SSPCON2         equ	4037	;# 
  1533   000FC6                     SSP1CON1        equ	4038	;# 
  1534   000FC6                     SSPCON1         equ	4038	;# 
  1535   000FC7                     SSP1STAT        equ	4039	;# 
  1536   000FC7                     SSPSTAT         equ	4039	;# 
  1537   000FC8                     SSP1ADD         equ	4040	;# 
  1538   000FC8                     SSPADD          equ	4040	;# 
  1539   000FC9                     SSP1BUF         equ	4041	;# 
  1540   000FC9                     SSPBUF          equ	4041	;# 
  1541   000FCA                     SSP1MSK         equ	4042	;# 
  1542   000FCA                     SSPMSK          equ	4042	;# 
  1543   000FCB                     SSP1CON3        equ	4043	;# 
  1544   000FCB                     SSPCON3         equ	4043	;# 
  1545   000FCC                     T1GCON          equ	4044	;# 
  1546   000FCD                     T1CON           equ	4045	;# 
  1547   000FCE                     TMR1            equ	4046	;# 
  1548   000FCE                     TMR1L           equ	4046	;# 
  1549   000FCF                     TMR1H           equ	4047	;# 
  1550   000FD0                     RCON            equ	4048	;# 
  1551   000FD1                     WDTCON          equ	4049	;# 
  1552   000FD2                     OSCCON2         equ	4050	;# 
  1553   000FD3                     OSCCON          equ	4051	;# 
  1554   000FD5                     T0CON           equ	4053	;# 
  1555   000FD6                     TMR0            equ	4054	;# 
  1556   000FD6                     TMR0L           equ	4054	;# 
  1557   000FD7                     TMR0H           equ	4055	;# 
  1558   000FD8                     STATUS          equ	4056	;# 
  1559   000FD9                     FSR2            equ	4057	;# 
  1560   000FD9                     FSR2L           equ	4057	;# 
  1561   000FDA                     FSR2H           equ	4058	;# 
  1562   000FDB                     PLUSW2          equ	4059	;# 
  1563   000FDC                     PREINC2         equ	4060	;# 
  1564   000FDD                     POSTDEC2        equ	4061	;# 
  1565   000FDE                     POSTINC2        equ	4062	;# 
  1566   000FDF                     INDF2           equ	4063	;# 
  1567   000FE0                     BSR             equ	4064	;# 
  1568   000FE1                     FSR1            equ	4065	;# 
  1569   000FE1                     FSR1L           equ	4065	;# 
  1570   000FE2                     FSR1H           equ	4066	;# 
  1571   000FE3                     PLUSW1          equ	4067	;# 
  1572   000FE4                     PREINC1         equ	4068	;# 
  1573   000FE5                     POSTDEC1        equ	4069	;# 
  1574   000FE6                     POSTINC1        equ	4070	;# 
  1575   000FE7                     INDF1           equ	4071	;# 
  1576   000FE8                     WREG            equ	4072	;# 
  1577   000FE9                     FSR0            equ	4073	;# 
  1578   000FE9                     FSR0L           equ	4073	;# 
  1579   000FEA                     FSR0H           equ	4074	;# 
  1580   000FEB                     PLUSW0          equ	4075	;# 
  1581   000FEC                     PREINC0         equ	4076	;# 
  1582   000FED                     POSTDEC0        equ	4077	;# 
  1583   000FEE                     POSTINC0        equ	4078	;# 
  1584   000FEF                     INDF0           equ	4079	;# 
  1585   000FF0                     INTCON3         equ	4080	;# 
  1586   000FF1                     INTCON2         equ	4081	;# 
  1587   000FF2                     INTCON          equ	4082	;# 
  1588   000FF3                     PROD            equ	4083	;# 
  1589   000FF3                     PRODL           equ	4083	;# 
  1590   000FF4                     PRODH           equ	4084	;# 
  1591   000FF5                     TABLAT          equ	4085	;# 
  1592   000FF6                     TBLPTR          equ	4086	;# 
  1593   000FF6                     TBLPTRL         equ	4086	;# 
  1594   000FF7                     TBLPTRH         equ	4087	;# 
  1595   000FF8                     TBLPTRU         equ	4088	;# 
  1596   000FF9                     PCLAT           equ	4089	;# 
  1597   000FF9                     PC              equ	4089	;# 
  1598   000FF9                     PCL             equ	4089	;# 
  1599   000FFA                     PCLATH          equ	4090	;# 
  1600   000FFB                     PCLATU          equ	4091	;# 
  1601   000FFC                     STKPTR          equ	4092	;# 
  1602   000FFD                     TOS             equ	4093	;# 
  1603   000FFD                     TOSL            equ	4093	;# 
  1604   000FFE                     TOSH            equ	4094	;# 
  1605   000FFF                     TOSU            equ	4095	;# 
  1606   000F38                     ANSELA          equ	3896	;# 
  1607   000F39                     ANSELB          equ	3897	;# 
  1608   000F3A                     ANSELC          equ	3898	;# 
  1609   000F3D                     PMD2            equ	3901	;# 
  1610   000F3E                     PMD1            equ	3902	;# 
  1611   000F3F                     PMD0            equ	3903	;# 
  1612   000F40                     VREFCON2        equ	3904	;# 
  1613   000F40                     DACCON1         equ	3904	;# 
  1614   000F41                     VREFCON1        equ	3905	;# 
  1615   000F41                     DACCON0         equ	3905	;# 
  1616   000F42                     VREFCON0        equ	3906	;# 
  1617   000F42                     FVRCON          equ	3906	;# 
  1618   000F43                     CTMUICON        equ	3907	;# 
  1619   000F43                     CTMUICONH       equ	3907	;# 
  1620   000F44                     CTMUCONL        equ	3908	;# 
  1621   000F44                     CTMUCON1        equ	3908	;# 
  1622   000F45                     CTMUCONH        equ	3909	;# 
  1623   000F45                     CTMUCON0        equ	3909	;# 
  1624   000F46                     SRCON1          equ	3910	;# 
  1625   000F47                     SRCON0          equ	3911	;# 
  1626   000F48                     CCPTMRS1        equ	3912	;# 
  1627   000F49                     CCPTMRS0        equ	3913	;# 
  1628   000F4A                     T6CON           equ	3914	;# 
  1629   000F4B                     PR6             equ	3915	;# 
  1630   000F4C                     TMR6            equ	3916	;# 
  1631   000F4D                     T5GCON          equ	3917	;# 
  1632   000F4E                     T5CON           equ	3918	;# 
  1633   000F4F                     TMR5            equ	3919	;# 
  1634   000F4F                     TMR5L           equ	3919	;# 
  1635   000F50                     TMR5H           equ	3920	;# 
  1636   000F51                     T4CON           equ	3921	;# 
  1637   000F52                     PR4             equ	3922	;# 
  1638   000F53                     TMR4            equ	3923	;# 
  1639   000F54                     CCP5CON         equ	3924	;# 
  1640   000F55                     CCPR5           equ	3925	;# 
  1641   000F55                     CCPR5L          equ	3925	;# 
  1642   000F56                     CCPR5H          equ	3926	;# 
  1643   000F57                     CCP4CON         equ	3927	;# 
  1644   000F58                     CCPR4           equ	3928	;# 
  1645   000F58                     CCPR4L          equ	3928	;# 
  1646   000F59                     CCPR4H          equ	3929	;# 
  1647   000F5A                     PSTR3CON        equ	3930	;# 
  1648   000F5B                     ECCP3AS         equ	3931	;# 
  1649   000F5B                     CCP3AS          equ	3931	;# 
  1650   000F5C                     PWM3CON         equ	3932	;# 
  1651   000F5D                     CCP3CON         equ	3933	;# 
  1652   000F5E                     CCPR3           equ	3934	;# 
  1653   000F5E                     CCPR3L          equ	3934	;# 
  1654   000F5F                     CCPR3H          equ	3935	;# 
  1655   000F60                     SLRCON          equ	3936	;# 
  1656   000F61                     WPUB            equ	3937	;# 
  1657   000F62                     IOCB            equ	3938	;# 
  1658   000F63                     PSTR2CON        equ	3939	;# 
  1659   000F64                     ECCP2AS         equ	3940	;# 
  1660   000F64                     CCP2AS          equ	3940	;# 
  1661   000F65                     PWM2CON         equ	3941	;# 
  1662   000F66                     CCP2CON         equ	3942	;# 
  1663   000F67                     CCPR2           equ	3943	;# 
  1664   000F67                     CCPR2L          equ	3943	;# 
  1665   000F68                     CCPR2H          equ	3944	;# 
  1666   000F69                     SSP2CON3        equ	3945	;# 
  1667   000F6A                     SSP2MSK         equ	3946	;# 
  1668   000F6B                     SSP2CON2        equ	3947	;# 
  1669   000F6C                     SSP2CON1        equ	3948	;# 
  1670   000F6D                     SSP2STAT        equ	3949	;# 
  1671   000F6E                     SSP2ADD         equ	3950	;# 
  1672   000F6F                     SSP2BUF         equ	3951	;# 
  1673   000F70                     BAUDCON2        equ	3952	;# 
  1674   000F70                     BAUD2CON        equ	3952	;# 
  1675   000F71                     RCSTA2          equ	3953	;# 
  1676   000F71                     RC2STA          equ	3953	;# 
  1677   000F72                     TXSTA2          equ	3954	;# 
  1678   000F72                     TX2STA          equ	3954	;# 
  1679   000F73                     TXREG2          equ	3955	;# 
  1680   000F73                     TX2REG          equ	3955	;# 
  1681   000F74                     RCREG2          equ	3956	;# 
  1682   000F74                     RC2REG          equ	3956	;# 
  1683   000F75                     SPBRG2          equ	3957	;# 
  1684   000F75                     SP2BRG          equ	3957	;# 
  1685   000F76                     SPBRGH2         equ	3958	;# 
  1686   000F76                     SP2BRGH         equ	3958	;# 
  1687   000F77                     CM2CON1         equ	3959	;# 
  1688   000F77                     CM12CON         equ	3959	;# 
  1689   000F78                     CM2CON0         equ	3960	;# 
  1690   000F78                     CM2CON          equ	3960	;# 
  1691   000F79                     CM1CON0         equ	3961	;# 
  1692   000F79                     CM1CON          equ	3961	;# 
  1693   000F7A                     PIE4            equ	3962	;# 
  1694   000F7B                     PIR4            equ	3963	;# 
  1695   000F7C                     IPR4            equ	3964	;# 
  1696   000F7D                     PIE5            equ	3965	;# 
  1697   000F7E                     PIR5            equ	3966	;# 
  1698   000F7F                     IPR5            equ	3967	;# 
  1699   000F80                     PORTA           equ	3968	;# 
  1700   000F81                     PORTB           equ	3969	;# 
  1701   000F82                     PORTC           equ	3970	;# 
  1702   000F84                     PORTE           equ	3972	;# 
  1703   000F89                     LATA            equ	3977	;# 
  1704   000F8A                     LATB            equ	3978	;# 
  1705   000F8B                     LATC            equ	3979	;# 
  1706   000F92                     TRISA           equ	3986	;# 
  1707   000F92                     DDRA            equ	3986	;# 
  1708   000F93                     TRISB           equ	3987	;# 
  1709   000F93                     DDRB            equ	3987	;# 
  1710   000F94                     TRISC           equ	3988	;# 
  1711   000F94                     DDRC            equ	3988	;# 
  1712   000F96                     TRISE           equ	3990	;# 
  1713   000F9B                     OSCTUNE         equ	3995	;# 
  1714   000F9C                     HLVDCON         equ	3996	;# 
  1715   000F9C                     LVDCON          equ	3996	;# 
  1716   000F9D                     PIE1            equ	3997	;# 
  1717   000F9E                     PIR1            equ	3998	;# 
  1718   000F9F                     IPR1            equ	3999	;# 
  1719   000FA0                     PIE2            equ	4000	;# 
  1720   000FA1                     PIR2            equ	4001	;# 
  1721   000FA2                     IPR2            equ	4002	;# 
  1722   000FA3                     PIE3            equ	4003	;# 
  1723   000FA4                     PIR3            equ	4004	;# 
  1724   000FA5                     IPR3            equ	4005	;# 
  1725   000FA6                     EECON1          equ	4006	;# 
  1726   000FA7                     EECON2          equ	4007	;# 
  1727   000FA8                     EEDATA          equ	4008	;# 
  1728   000FA9                     EEADR           equ	4009	;# 
  1729   000FAB                     RCSTA1          equ	4011	;# 
  1730   000FAB                     RCSTA           equ	4011	;# 
  1731   000FAB                     RC1STA          equ	4011	;# 
  1732   000FAC                     TXSTA1          equ	4012	;# 
  1733   000FAC                     TXSTA           equ	4012	;# 
  1734   000FAC                     TX1STA          equ	4012	;# 
  1735   000FAD                     TXREG1          equ	4013	;# 
  1736   000FAD                     TXREG           equ	4013	;# 
  1737   000FAD                     TX1REG          equ	4013	;# 
  1738   000FAE                     RCREG1          equ	4014	;# 
  1739   000FAE                     RCREG           equ	4014	;# 
  1740   000FAE                     RC1REG          equ	4014	;# 
  1741   000FAF                     SPBRG1          equ	4015	;# 
  1742   000FAF                     SPBRG           equ	4015	;# 
  1743   000FAF                     SP1BRG          equ	4015	;# 
  1744   000FB0                     SPBRGH1         equ	4016	;# 
  1745   000FB0                     SPBRGH          equ	4016	;# 
  1746   000FB0                     SP1BRGH         equ	4016	;# 
  1747   000FB1                     T3CON           equ	4017	;# 
  1748   000FB2                     TMR3            equ	4018	;# 
  1749   000FB2                     TMR3L           equ	4018	;# 
  1750   000FB3                     TMR3H           equ	4019	;# 
  1751   000FB4                     T3GCON          equ	4020	;# 
  1752   000FB6                     ECCP1AS         equ	4022	;# 
  1753   000FB6                     ECCPAS          equ	4022	;# 
  1754   000FB7                     PWM1CON         equ	4023	;# 
  1755   000FB7                     PWMCON          equ	4023	;# 
  1756   000FB8                     BAUDCON1        equ	4024	;# 
  1757   000FB8                     BAUDCON         equ	4024	;# 
  1758   000FB8                     BAUDCTL         equ	4024	;# 
  1759   000FB8                     BAUD1CON        equ	4024	;# 
  1760   000FB9                     PSTR1CON        equ	4025	;# 
  1761   000FB9                     PSTRCON         equ	4025	;# 
  1762   000FBA                     T2CON           equ	4026	;# 
  1763   000FBB                     PR2             equ	4027	;# 
  1764   000FBC                     TMR2            equ	4028	;# 
  1765   000FBD                     CCP1CON         equ	4029	;# 
  1766   000FBE                     CCPR1           equ	4030	;# 
  1767   000FBE                     CCPR1L          equ	4030	;# 
  1768   000FBF                     CCPR1H          equ	4031	;# 
  1769   000FC0                     ADCON2          equ	4032	;# 
  1770   000FC1                     ADCON1          equ	4033	;# 
  1771   000FC2                     ADCON0          equ	4034	;# 
  1772   000FC3                     ADRES           equ	4035	;# 
  1773   000FC3                     ADRESL          equ	4035	;# 
  1774   000FC4                     ADRESH          equ	4036	;# 
  1775   000FC5                     SSP1CON2        equ	4037	;# 
  1776   000FC5                     SSPCON2         equ	4037	;# 
  1777   000FC6                     SSP1CON1        equ	4038	;# 
  1778   000FC6                     SSPCON1         equ	4038	;# 
  1779   000FC7                     SSP1STAT        equ	4039	;# 
  1780   000FC7                     SSPSTAT         equ	4039	;# 
  1781   000FC8                     SSP1ADD         equ	4040	;# 
  1782   000FC8                     SSPADD          equ	4040	;# 
  1783   000FC9                     SSP1BUF         equ	4041	;# 
  1784   000FC9                     SSPBUF          equ	4041	;# 
  1785   000FCA                     SSP1MSK         equ	4042	;# 
  1786   000FCA                     SSPMSK          equ	4042	;# 
  1787   000FCB                     SSP1CON3        equ	4043	;# 
  1788   000FCB                     SSPCON3         equ	4043	;# 
  1789   000FCC                     T1GCON          equ	4044	;# 
  1790   000FCD                     T1CON           equ	4045	;# 
  1791   000FCE                     TMR1            equ	4046	;# 
  1792   000FCE                     TMR1L           equ	4046	;# 
  1793   000FCF                     TMR1H           equ	4047	;# 
  1794   000FD0                     RCON            equ	4048	;# 
  1795   000FD1                     WDTCON          equ	4049	;# 
  1796   000FD2                     OSCCON2         equ	4050	;# 
  1797   000FD3                     OSCCON          equ	4051	;# 
  1798   000FD5                     T0CON           equ	4053	;# 
  1799   000FD6                     TMR0            equ	4054	;# 
  1800   000FD6                     TMR0L           equ	4054	;# 
  1801   000FD7                     TMR0H           equ	4055	;# 
  1802   000FD8                     STATUS          equ	4056	;# 
  1803   000FD9                     FSR2            equ	4057	;# 
  1804   000FD9                     FSR2L           equ	4057	;# 
  1805   000FDA                     FSR2H           equ	4058	;# 
  1806   000FDB                     PLUSW2          equ	4059	;# 
  1807   000FDC                     PREINC2         equ	4060	;# 
  1808   000FDD                     POSTDEC2        equ	4061	;# 
  1809   000FDE                     POSTINC2        equ	4062	;# 
  1810   000FDF                     INDF2           equ	4063	;# 
  1811   000FE0                     BSR             equ	4064	;# 
  1812   000FE1                     FSR1            equ	4065	;# 
  1813   000FE1                     FSR1L           equ	4065	;# 
  1814   000FE2                     FSR1H           equ	4066	;# 
  1815   000FE3                     PLUSW1          equ	4067	;# 
  1816   000FE4                     PREINC1         equ	4068	;# 
  1817   000FE5                     POSTDEC1        equ	4069	;# 
  1818   000FE6                     POSTINC1        equ	4070	;# 
  1819   000FE7                     INDF1           equ	4071	;# 
  1820   000FE8                     WREG            equ	4072	;# 
  1821   000FE9                     FSR0            equ	4073	;# 
  1822   000FE9                     FSR0L           equ	4073	;# 
  1823   000FEA                     FSR0H           equ	4074	;# 
  1824   000FEB                     PLUSW0          equ	4075	;# 
  1825   000FEC                     PREINC0         equ	4076	;# 
  1826   000FED                     POSTDEC0        equ	4077	;# 
  1827   000FEE                     POSTINC0        equ	4078	;# 
  1828   000FEF                     INDF0           equ	4079	;# 
  1829   000FF0                     INTCON3         equ	4080	;# 
  1830   000FF1                     INTCON2         equ	4081	;# 
  1831   000FF2                     INTCON          equ	4082	;# 
  1832   000FF3                     PROD            equ	4083	;# 
  1833   000FF3                     PRODL           equ	4083	;# 
  1834   000FF4                     PRODH           equ	4084	;# 
  1835   000FF5                     TABLAT          equ	4085	;# 
  1836   000FF6                     TBLPTR          equ	4086	;# 
  1837   000FF6                     TBLPTRL         equ	4086	;# 
  1838   000FF7                     TBLPTRH         equ	4087	;# 
  1839   000FF8                     TBLPTRU         equ	4088	;# 
  1840   000FF9                     PCLAT           equ	4089	;# 
  1841   000FF9                     PC              equ	4089	;# 
  1842   000FF9                     PCL             equ	4089	;# 
  1843   000FFA                     PCLATH          equ	4090	;# 
  1844   000FFB                     PCLATU          equ	4091	;# 
  1845   000FFC                     STKPTR          equ	4092	;# 
  1846   000FFD                     TOS             equ	4093	;# 
  1847   000FFD                     TOSL            equ	4093	;# 
  1848   000FFE                     TOSH            equ	4094	;# 
  1849   000FFF                     TOSU            equ	4095	;# 
  1850   000F38                     ANSELA          equ	3896	;# 
  1851   000F39                     ANSELB          equ	3897	;# 
  1852   000F3A                     ANSELC          equ	3898	;# 
  1853   000F3D                     PMD2            equ	3901	;# 
  1854   000F3E                     PMD1            equ	3902	;# 
  1855   000F3F                     PMD0            equ	3903	;# 
  1856   000F40                     VREFCON2        equ	3904	;# 
  1857   000F40                     DACCON1         equ	3904	;# 
  1858   000F41                     VREFCON1        equ	3905	;# 
  1859   000F41                     DACCON0         equ	3905	;# 
  1860   000F42                     VREFCON0        equ	3906	;# 
  1861   000F42                     FVRCON          equ	3906	;# 
  1862   000F43                     CTMUICON        equ	3907	;# 
  1863   000F43                     CTMUICONH       equ	3907	;# 
  1864   000F44                     CTMUCONL        equ	3908	;# 
  1865   000F44                     CTMUCON1        equ	3908	;# 
  1866   000F45                     CTMUCONH        equ	3909	;# 
  1867   000F45                     CTMUCON0        equ	3909	;# 
  1868   000F46                     SRCON1          equ	3910	;# 
  1869   000F47                     SRCON0          equ	3911	;# 
  1870   000F48                     CCPTMRS1        equ	3912	;# 
  1871   000F49                     CCPTMRS0        equ	3913	;# 
  1872   000F4A                     T6CON           equ	3914	;# 
  1873   000F4B                     PR6             equ	3915	;# 
  1874   000F4C                     TMR6            equ	3916	;# 
  1875   000F4D                     T5GCON          equ	3917	;# 
  1876   000F4E                     T5CON           equ	3918	;# 
  1877   000F4F                     TMR5            equ	3919	;# 
  1878   000F4F                     TMR5L           equ	3919	;# 
  1879   000F50                     TMR5H           equ	3920	;# 
  1880   000F51                     T4CON           equ	3921	;# 
  1881   000F52                     PR4             equ	3922	;# 
  1882   000F53                     TMR4            equ	3923	;# 
  1883   000F54                     CCP5CON         equ	3924	;# 
  1884   000F55                     CCPR5           equ	3925	;# 
  1885   000F55                     CCPR5L          equ	3925	;# 
  1886   000F56                     CCPR5H          equ	3926	;# 
  1887   000F57                     CCP4CON         equ	3927	;# 
  1888   000F58                     CCPR4           equ	3928	;# 
  1889   000F58                     CCPR4L          equ	3928	;# 
  1890   000F59                     CCPR4H          equ	3929	;# 
  1891   000F5A                     PSTR3CON        equ	3930	;# 
  1892   000F5B                     ECCP3AS         equ	3931	;# 
  1893   000F5B                     CCP3AS          equ	3931	;# 
  1894   000F5C                     PWM3CON         equ	3932	;# 
  1895   000F5D                     CCP3CON         equ	3933	;# 
  1896   000F5E                     CCPR3           equ	3934	;# 
  1897   000F5E                     CCPR3L          equ	3934	;# 
  1898   000F5F                     CCPR3H          equ	3935	;# 
  1899   000F60                     SLRCON          equ	3936	;# 
  1900   000F61                     WPUB            equ	3937	;# 
  1901   000F62                     IOCB            equ	3938	;# 
  1902   000F63                     PSTR2CON        equ	3939	;# 
  1903   000F64                     ECCP2AS         equ	3940	;# 
  1904   000F64                     CCP2AS          equ	3940	;# 
  1905   000F65                     PWM2CON         equ	3941	;# 
  1906   000F66                     CCP2CON         equ	3942	;# 
  1907   000F67                     CCPR2           equ	3943	;# 
  1908   000F67                     CCPR2L          equ	3943	;# 
  1909   000F68                     CCPR2H          equ	3944	;# 
  1910   000F69                     SSP2CON3        equ	3945	;# 
  1911   000F6A                     SSP2MSK         equ	3946	;# 
  1912   000F6B                     SSP2CON2        equ	3947	;# 
  1913   000F6C                     SSP2CON1        equ	3948	;# 
  1914   000F6D                     SSP2STAT        equ	3949	;# 
  1915   000F6E                     SSP2ADD         equ	3950	;# 
  1916   000F6F                     SSP2BUF         equ	3951	;# 
  1917   000F70                     BAUDCON2        equ	3952	;# 
  1918   000F70                     BAUD2CON        equ	3952	;# 
  1919   000F71                     RCSTA2          equ	3953	;# 
  1920   000F71                     RC2STA          equ	3953	;# 
  1921   000F72                     TXSTA2          equ	3954	;# 
  1922   000F72                     TX2STA          equ	3954	;# 
  1923   000F73                     TXREG2          equ	3955	;# 
  1924   000F73                     TX2REG          equ	3955	;# 
  1925   000F74                     RCREG2          equ	3956	;# 
  1926   000F74                     RC2REG          equ	3956	;# 
  1927   000F75                     SPBRG2          equ	3957	;# 
  1928   000F75                     SP2BRG          equ	3957	;# 
  1929   000F76                     SPBRGH2         equ	3958	;# 
  1930   000F76                     SP2BRGH         equ	3958	;# 
  1931   000F77                     CM2CON1         equ	3959	;# 
  1932   000F77                     CM12CON         equ	3959	;# 
  1933   000F78                     CM2CON0         equ	3960	;# 
  1934   000F78                     CM2CON          equ	3960	;# 
  1935   000F79                     CM1CON0         equ	3961	;# 
  1936   000F79                     CM1CON          equ	3961	;# 
  1937   000F7A                     PIE4            equ	3962	;# 
  1938   000F7B                     PIR4            equ	3963	;# 
  1939   000F7C                     IPR4            equ	3964	;# 
  1940   000F7D                     PIE5            equ	3965	;# 
  1941   000F7E                     PIR5            equ	3966	;# 
  1942   000F7F                     IPR5            equ	3967	;# 
  1943   000F80                     PORTA           equ	3968	;# 
  1944   000F81                     PORTB           equ	3969	;# 
  1945   000F82                     PORTC           equ	3970	;# 
  1946   000F84                     PORTE           equ	3972	;# 
  1947   000F89                     LATA            equ	3977	;# 
  1948   000F8A                     LATB            equ	3978	;# 
  1949   000F8B                     LATC            equ	3979	;# 
  1950   000F92                     TRISA           equ	3986	;# 
  1951   000F92                     DDRA            equ	3986	;# 
  1952   000F93                     TRISB           equ	3987	;# 
  1953   000F93                     DDRB            equ	3987	;# 
  1954   000F94                     TRISC           equ	3988	;# 
  1955   000F94                     DDRC            equ	3988	;# 
  1956   000F96                     TRISE           equ	3990	;# 
  1957   000F9B                     OSCTUNE         equ	3995	;# 
  1958   000F9C                     HLVDCON         equ	3996	;# 
  1959   000F9C                     LVDCON          equ	3996	;# 
  1960   000F9D                     PIE1            equ	3997	;# 
  1961   000F9E                     PIR1            equ	3998	;# 
  1962   000F9F                     IPR1            equ	3999	;# 
  1963   000FA0                     PIE2            equ	4000	;# 
  1964   000FA1                     PIR2            equ	4001	;# 
  1965   000FA2                     IPR2            equ	4002	;# 
  1966   000FA3                     PIE3            equ	4003	;# 
  1967   000FA4                     PIR3            equ	4004	;# 
  1968   000FA5                     IPR3            equ	4005	;# 
  1969   000FA6                     EECON1          equ	4006	;# 
  1970   000FA7                     EECON2          equ	4007	;# 
  1971   000FA8                     EEDATA          equ	4008	;# 
  1972   000FA9                     EEADR           equ	4009	;# 
  1973   000FAB                     RCSTA1          equ	4011	;# 
  1974   000FAB                     RCSTA           equ	4011	;# 
  1975   000FAB                     RC1STA          equ	4011	;# 
  1976   000FAC                     TXSTA1          equ	4012	;# 
  1977   000FAC                     TXSTA           equ	4012	;# 
  1978   000FAC                     TX1STA          equ	4012	;# 
  1979   000FAD                     TXREG1          equ	4013	;# 
  1980   000FAD                     TXREG           equ	4013	;# 
  1981   000FAD                     TX1REG          equ	4013	;# 
  1982   000FAE                     RCREG1          equ	4014	;# 
  1983   000FAE                     RCREG           equ	4014	;# 
  1984   000FAE                     RC1REG          equ	4014	;# 
  1985   000FAF                     SPBRG1          equ	4015	;# 
  1986   000FAF                     SPBRG           equ	4015	;# 
  1987   000FAF                     SP1BRG          equ	4015	;# 
  1988   000FB0                     SPBRGH1         equ	4016	;# 
  1989   000FB0                     SPBRGH          equ	4016	;# 
  1990   000FB0                     SP1BRGH         equ	4016	;# 
  1991   000FB1                     T3CON           equ	4017	;# 
  1992   000FB2                     TMR3            equ	4018	;# 
  1993   000FB2                     TMR3L           equ	4018	;# 
  1994   000FB3                     TMR3H           equ	4019	;# 
  1995   000FB4                     T3GCON          equ	4020	;# 
  1996   000FB6                     ECCP1AS         equ	4022	;# 
  1997   000FB6                     ECCPAS          equ	4022	;# 
  1998   000FB7                     PWM1CON         equ	4023	;# 
  1999   000FB7                     PWMCON          equ	4023	;# 
  2000   000FB8                     BAUDCON1        equ	4024	;# 
  2001   000FB8                     BAUDCON         equ	4024	;# 
  2002   000FB8                     BAUDCTL         equ	4024	;# 
  2003   000FB8                     BAUD1CON        equ	4024	;# 
  2004   000FB9                     PSTR1CON        equ	4025	;# 
  2005   000FB9                     PSTRCON         equ	4025	;# 
  2006   000FBA                     T2CON           equ	4026	;# 
  2007   000FBB                     PR2             equ	4027	;# 
  2008   000FBC                     TMR2            equ	4028	;# 
  2009   000FBD                     CCP1CON         equ	4029	;# 
  2010   000FBE                     CCPR1           equ	4030	;# 
  2011   000FBE                     CCPR1L          equ	4030	;# 
  2012   000FBF                     CCPR1H          equ	4031	;# 
  2013   000FC0                     ADCON2          equ	4032	;# 
  2014   000FC1                     ADCON1          equ	4033	;# 
  2015   000FC2                     ADCON0          equ	4034	;# 
  2016   000FC3                     ADRES           equ	4035	;# 
  2017   000FC3                     ADRESL          equ	4035	;# 
  2018   000FC4                     ADRESH          equ	4036	;# 
  2019   000FC5                     SSP1CON2        equ	4037	;# 
  2020   000FC5                     SSPCON2         equ	4037	;# 
  2021   000FC6                     SSP1CON1        equ	4038	;# 
  2022   000FC6                     SSPCON1         equ	4038	;# 
  2023   000FC7                     SSP1STAT        equ	4039	;# 
  2024   000FC7                     SSPSTAT         equ	4039	;# 
  2025   000FC8                     SSP1ADD         equ	4040	;# 
  2026   000FC8                     SSPADD          equ	4040	;# 
  2027   000FC9                     SSP1BUF         equ	4041	;# 
  2028   000FC9                     SSPBUF          equ	4041	;# 
  2029   000FCA                     SSP1MSK         equ	4042	;# 
  2030   000FCA                     SSPMSK          equ	4042	;# 
  2031   000FCB                     SSP1CON3        equ	4043	;# 
  2032   000FCB                     SSPCON3         equ	4043	;# 
  2033   000FCC                     T1GCON          equ	4044	;# 
  2034   000FCD                     T1CON           equ	4045	;# 
  2035   000FCE                     TMR1            equ	4046	;# 
  2036   000FCE                     TMR1L           equ	4046	;# 
  2037   000FCF                     TMR1H           equ	4047	;# 
  2038   000FD0                     RCON            equ	4048	;# 
  2039   000FD1                     WDTCON          equ	4049	;# 
  2040   000FD2                     OSCCON2         equ	4050	;# 
  2041   000FD3                     OSCCON          equ	4051	;# 
  2042   000FD5                     T0CON           equ	4053	;# 
  2043   000FD6                     TMR0            equ	4054	;# 
  2044   000FD6                     TMR0L           equ	4054	;# 
  2045   000FD7                     TMR0H           equ	4055	;# 
  2046   000FD8                     STATUS          equ	4056	;# 
  2047   000FD9                     FSR2            equ	4057	;# 
  2048   000FD9                     FSR2L           equ	4057	;# 
  2049   000FDA                     FSR2H           equ	4058	;# 
  2050   000FDB                     PLUSW2          equ	4059	;# 
  2051   000FDC                     PREINC2         equ	4060	;# 
  2052   000FDD                     POSTDEC2        equ	4061	;# 
  2053   000FDE                     POSTINC2        equ	4062	;# 
  2054   000FDF                     INDF2           equ	4063	;# 
  2055   000FE0                     BSR             equ	4064	;# 
  2056   000FE1                     FSR1            equ	4065	;# 
  2057   000FE1                     FSR1L           equ	4065	;# 
  2058   000FE2                     FSR1H           equ	4066	;# 
  2059   000FE3                     PLUSW1          equ	4067	;# 
  2060   000FE4                     PREINC1         equ	4068	;# 
  2061   000FE5                     POSTDEC1        equ	4069	;# 
  2062   000FE6                     POSTINC1        equ	4070	;# 
  2063   000FE7                     INDF1           equ	4071	;# 
  2064   000FE8                     WREG            equ	4072	;# 
  2065   000FE9                     FSR0            equ	4073	;# 
  2066   000FE9                     FSR0L           equ	4073	;# 
  2067   000FEA                     FSR0H           equ	4074	;# 
  2068   000FEB                     PLUSW0          equ	4075	;# 
  2069   000FEC                     PREINC0         equ	4076	;# 
  2070   000FED                     POSTDEC0        equ	4077	;# 
  2071   000FEE                     POSTINC0        equ	4078	;# 
  2072   000FEF                     INDF0           equ	4079	;# 
  2073   000FF0                     INTCON3         equ	4080	;# 
  2074   000FF1                     INTCON2         equ	4081	;# 
  2075   000FF2                     INTCON          equ	4082	;# 
  2076   000FF3                     PROD            equ	4083	;# 
  2077   000FF3                     PRODL           equ	4083	;# 
  2078   000FF4                     PRODH           equ	4084	;# 
  2079   000FF5                     TABLAT          equ	4085	;# 
  2080   000FF6                     TBLPTR          equ	4086	;# 
  2081   000FF6                     TBLPTRL         equ	4086	;# 
  2082   000FF7                     TBLPTRH         equ	4087	;# 
  2083   000FF8                     TBLPTRU         equ	4088	;# 
  2084   000FF9                     PCLAT           equ	4089	;# 
  2085   000FF9                     PC              equ	4089	;# 
  2086   000FF9                     PCL             equ	4089	;# 
  2087   000FFA                     PCLATH          equ	4090	;# 
  2088   000FFB                     PCLATU          equ	4091	;# 
  2089   000FFC                     STKPTR          equ	4092	;# 
  2090   000FFD                     TOS             equ	4093	;# 
  2091   000FFD                     TOSL            equ	4093	;# 
  2092   000FFE                     TOSH            equ	4094	;# 
  2093   000FFF                     TOSU            equ	4095	;# 
  2094   000F38                     ANSELA          equ	3896	;# 
  2095   000F39                     ANSELB          equ	3897	;# 
  2096   000F3A                     ANSELC          equ	3898	;# 
  2097   000F3D                     PMD2            equ	3901	;# 
  2098   000F3E                     PMD1            equ	3902	;# 
  2099   000F3F                     PMD0            equ	3903	;# 
  2100   000F40                     VREFCON2        equ	3904	;# 
  2101   000F40                     DACCON1         equ	3904	;# 
  2102   000F41                     VREFCON1        equ	3905	;# 
  2103   000F41                     DACCON0         equ	3905	;# 
  2104   000F42                     VREFCON0        equ	3906	;# 
  2105   000F42                     FVRCON          equ	3906	;# 
  2106   000F43                     CTMUICON        equ	3907	;# 
  2107   000F43                     CTMUICONH       equ	3907	;# 
  2108   000F44                     CTMUCONL        equ	3908	;# 
  2109   000F44                     CTMUCON1        equ	3908	;# 
  2110   000F45                     CTMUCONH        equ	3909	;# 
  2111   000F45                     CTMUCON0        equ	3909	;# 
  2112   000F46                     SRCON1          equ	3910	;# 
  2113   000F47                     SRCON0          equ	3911	;# 
  2114   000F48                     CCPTMRS1        equ	3912	;# 
  2115   000F49                     CCPTMRS0        equ	3913	;# 
  2116   000F4A                     T6CON           equ	3914	;# 
  2117   000F4B                     PR6             equ	3915	;# 
  2118   000F4C                     TMR6            equ	3916	;# 
  2119   000F4D                     T5GCON          equ	3917	;# 
  2120   000F4E                     T5CON           equ	3918	;# 
  2121   000F4F                     TMR5            equ	3919	;# 
  2122   000F4F                     TMR5L           equ	3919	;# 
  2123   000F50                     TMR5H           equ	3920	;# 
  2124   000F51                     T4CON           equ	3921	;# 
  2125   000F52                     PR4             equ	3922	;# 
  2126   000F53                     TMR4            equ	3923	;# 
  2127   000F54                     CCP5CON         equ	3924	;# 
  2128   000F55                     CCPR5           equ	3925	;# 
  2129   000F55                     CCPR5L          equ	3925	;# 
  2130   000F56                     CCPR5H          equ	3926	;# 
  2131   000F57                     CCP4CON         equ	3927	;# 
  2132   000F58                     CCPR4           equ	3928	;# 
  2133   000F58                     CCPR4L          equ	3928	;# 
  2134   000F59                     CCPR4H          equ	3929	;# 
  2135   000F5A                     PSTR3CON        equ	3930	;# 
  2136   000F5B                     ECCP3AS         equ	3931	;# 
  2137   000F5B                     CCP3AS          equ	3931	;# 
  2138   000F5C                     PWM3CON         equ	3932	;# 
  2139   000F5D                     CCP3CON         equ	3933	;# 
  2140   000F5E                     CCPR3           equ	3934	;# 
  2141   000F5E                     CCPR3L          equ	3934	;# 
  2142   000F5F                     CCPR3H          equ	3935	;# 
  2143   000F60                     SLRCON          equ	3936	;# 
  2144   000F61                     WPUB            equ	3937	;# 
  2145   000F62                     IOCB            equ	3938	;# 
  2146   000F63                     PSTR2CON        equ	3939	;# 
  2147   000F64                     ECCP2AS         equ	3940	;# 
  2148   000F64                     CCP2AS          equ	3940	;# 
  2149   000F65                     PWM2CON         equ	3941	;# 
  2150   000F66                     CCP2CON         equ	3942	;# 
  2151   000F67                     CCPR2           equ	3943	;# 
  2152   000F67                     CCPR2L          equ	3943	;# 
  2153   000F68                     CCPR2H          equ	3944	;# 
  2154   000F69                     SSP2CON3        equ	3945	;# 
  2155   000F6A                     SSP2MSK         equ	3946	;# 
  2156   000F6B                     SSP2CON2        equ	3947	;# 
  2157   000F6C                     SSP2CON1        equ	3948	;# 
  2158   000F6D                     SSP2STAT        equ	3949	;# 
  2159   000F6E                     SSP2ADD         equ	3950	;# 
  2160   000F6F                     SSP2BUF         equ	3951	;# 
  2161   000F70                     BAUDCON2        equ	3952	;# 
  2162   000F70                     BAUD2CON        equ	3952	;# 
  2163   000F71                     RCSTA2          equ	3953	;# 
  2164   000F71                     RC2STA          equ	3953	;# 
  2165   000F72                     TXSTA2          equ	3954	;# 
  2166   000F72                     TX2STA          equ	3954	;# 
  2167   000F73                     TXREG2          equ	3955	;# 
  2168   000F73                     TX2REG          equ	3955	;# 
  2169   000F74                     RCREG2          equ	3956	;# 
  2170   000F74                     RC2REG          equ	3956	;# 
  2171   000F75                     SPBRG2          equ	3957	;# 
  2172   000F75                     SP2BRG          equ	3957	;# 
  2173   000F76                     SPBRGH2         equ	3958	;# 
  2174   000F76                     SP2BRGH         equ	3958	;# 
  2175   000F77                     CM2CON1         equ	3959	;# 
  2176   000F77                     CM12CON         equ	3959	;# 
  2177   000F78                     CM2CON0         equ	3960	;# 
  2178   000F78                     CM2CON          equ	3960	;# 
  2179   000F79                     CM1CON0         equ	3961	;# 
  2180   000F79                     CM1CON          equ	3961	;# 
  2181   000F7A                     PIE4            equ	3962	;# 
  2182   000F7B                     PIR4            equ	3963	;# 
  2183   000F7C                     IPR4            equ	3964	;# 
  2184   000F7D                     PIE5            equ	3965	;# 
  2185   000F7E                     PIR5            equ	3966	;# 
  2186   000F7F                     IPR5            equ	3967	;# 
  2187   000F80                     PORTA           equ	3968	;# 
  2188   000F81                     PORTB           equ	3969	;# 
  2189   000F82                     PORTC           equ	3970	;# 
  2190   000F84                     PORTE           equ	3972	;# 
  2191   000F89                     LATA            equ	3977	;# 
  2192   000F8A                     LATB            equ	3978	;# 
  2193   000F8B                     LATC            equ	3979	;# 
  2194   000F92                     TRISA           equ	3986	;# 
  2195   000F92                     DDRA            equ	3986	;# 
  2196   000F93                     TRISB           equ	3987	;# 
  2197   000F93                     DDRB            equ	3987	;# 
  2198   000F94                     TRISC           equ	3988	;# 
  2199   000F94                     DDRC            equ	3988	;# 
  2200   000F96                     TRISE           equ	3990	;# 
  2201   000F9B                     OSCTUNE         equ	3995	;# 
  2202   000F9C                     HLVDCON         equ	3996	;# 
  2203   000F9C                     LVDCON          equ	3996	;# 
  2204   000F9D                     PIE1            equ	3997	;# 
  2205   000F9E                     PIR1            equ	3998	;# 
  2206   000F9F                     IPR1            equ	3999	;# 
  2207   000FA0                     PIE2            equ	4000	;# 
  2208   000FA1                     PIR2            equ	4001	;# 
  2209   000FA2                     IPR2            equ	4002	;# 
  2210   000FA3                     PIE3            equ	4003	;# 
  2211   000FA4                     PIR3            equ	4004	;# 
  2212   000FA5                     IPR3            equ	4005	;# 
  2213   000FA6                     EECON1          equ	4006	;# 
  2214   000FA7                     EECON2          equ	4007	;# 
  2215   000FA8                     EEDATA          equ	4008	;# 
  2216   000FA9                     EEADR           equ	4009	;# 
  2217   000FAB                     RCSTA1          equ	4011	;# 
  2218   000FAB                     RCSTA           equ	4011	;# 
  2219   000FAB                     RC1STA          equ	4011	;# 
  2220   000FAC                     TXSTA1          equ	4012	;# 
  2221   000FAC                     TXSTA           equ	4012	;# 
  2222   000FAC                     TX1STA          equ	4012	;# 
  2223   000FAD                     TXREG1          equ	4013	;# 
  2224   000FAD                     TXREG           equ	4013	;# 
  2225   000FAD                     TX1REG          equ	4013	;# 
  2226   000FAE                     RCREG1          equ	4014	;# 
  2227   000FAE                     RCREG           equ	4014	;# 
  2228   000FAE                     RC1REG          equ	4014	;# 
  2229   000FAF                     SPBRG1          equ	4015	;# 
  2230   000FAF                     SPBRG           equ	4015	;# 
  2231   000FAF                     SP1BRG          equ	4015	;# 
  2232   000FB0                     SPBRGH1         equ	4016	;# 
  2233   000FB0                     SPBRGH          equ	4016	;# 
  2234   000FB0                     SP1BRGH         equ	4016	;# 
  2235   000FB1                     T3CON           equ	4017	;# 
  2236   000FB2                     TMR3            equ	4018	;# 
  2237   000FB2                     TMR3L           equ	4018	;# 
  2238   000FB3                     TMR3H           equ	4019	;# 
  2239   000FB4                     T3GCON          equ	4020	;# 
  2240   000FB6                     ECCP1AS         equ	4022	;# 
  2241   000FB6                     ECCPAS          equ	4022	;# 
  2242   000FB7                     PWM1CON         equ	4023	;# 
  2243   000FB7                     PWMCON          equ	4023	;# 
  2244   000FB8                     BAUDCON1        equ	4024	;# 
  2245   000FB8                     BAUDCON         equ	4024	;# 
  2246   000FB8                     BAUDCTL         equ	4024	;# 
  2247   000FB8                     BAUD1CON        equ	4024	;# 
  2248   000FB9                     PSTR1CON        equ	4025	;# 
  2249   000FB9                     PSTRCON         equ	4025	;# 
  2250   000FBA                     T2CON           equ	4026	;# 
  2251   000FBB                     PR2             equ	4027	;# 
  2252   000FBC                     TMR2            equ	4028	;# 
  2253   000FBD                     CCP1CON         equ	4029	;# 
  2254   000FBE                     CCPR1           equ	4030	;# 
  2255   000FBE                     CCPR1L          equ	4030	;# 
  2256   000FBF                     CCPR1H          equ	4031	;# 
  2257   000FC0                     ADCON2          equ	4032	;# 
  2258   000FC1                     ADCON1          equ	4033	;# 
  2259   000FC2                     ADCON0          equ	4034	;# 
  2260   000FC3                     ADRES           equ	4035	;# 
  2261   000FC3                     ADRESL          equ	4035	;# 
  2262   000FC4                     ADRESH          equ	4036	;# 
  2263   000FC5                     SSP1CON2        equ	4037	;# 
  2264   000FC5                     SSPCON2         equ	4037	;# 
  2265   000FC6                     SSP1CON1        equ	4038	;# 
  2266   000FC6                     SSPCON1         equ	4038	;# 
  2267   000FC7                     SSP1STAT        equ	4039	;# 
  2268   000FC7                     SSPSTAT         equ	4039	;# 
  2269   000FC8                     SSP1ADD         equ	4040	;# 
  2270   000FC8                     SSPADD          equ	4040	;# 
  2271   000FC9                     SSP1BUF         equ	4041	;# 
  2272   000FC9                     SSPBUF          equ	4041	;# 
  2273   000FCA                     SSP1MSK         equ	4042	;# 
  2274   000FCA                     SSPMSK          equ	4042	;# 
  2275   000FCB                     SSP1CON3        equ	4043	;# 
  2276   000FCB                     SSPCON3         equ	4043	;# 
  2277   000FCC                     T1GCON          equ	4044	;# 
  2278   000FCD                     T1CON           equ	4045	;# 
  2279   000FCE                     TMR1            equ	4046	;# 
  2280   000FCE                     TMR1L           equ	4046	;# 
  2281   000FCF                     TMR1H           equ	4047	;# 
  2282   000FD0                     RCON            equ	4048	;# 
  2283   000FD1                     WDTCON          equ	4049	;# 
  2284   000FD2                     OSCCON2         equ	4050	;# 
  2285   000FD3                     OSCCON          equ	4051	;# 
  2286   000FD5                     T0CON           equ	4053	;# 
  2287   000FD6                     TMR0            equ	4054	;# 
  2288   000FD6                     TMR0L           equ	4054	;# 
  2289   000FD7                     TMR0H           equ	4055	;# 
  2290   000FD8                     STATUS          equ	4056	;# 
  2291   000FD9                     FSR2            equ	4057	;# 
  2292   000FD9                     FSR2L           equ	4057	;# 
  2293   000FDA                     FSR2H           equ	4058	;# 
  2294   000FDB                     PLUSW2          equ	4059	;# 
  2295   000FDC                     PREINC2         equ	4060	;# 
  2296   000FDD                     POSTDEC2        equ	4061	;# 
  2297   000FDE                     POSTINC2        equ	4062	;# 
  2298   000FDF                     INDF2           equ	4063	;# 
  2299   000FE0                     BSR             equ	4064	;# 
  2300   000FE1                     FSR1            equ	4065	;# 
  2301   000FE1                     FSR1L           equ	4065	;# 
  2302   000FE2                     FSR1H           equ	4066	;# 
  2303   000FE3                     PLUSW1          equ	4067	;# 
  2304   000FE4                     PREINC1         equ	4068	;# 
  2305   000FE5                     POSTDEC1        equ	4069	;# 
  2306   000FE6                     POSTINC1        equ	4070	;# 
  2307   000FE7                     INDF1           equ	4071	;# 
  2308   000FE8                     WREG            equ	4072	;# 
  2309   000FE9                     FSR0            equ	4073	;# 
  2310   000FE9                     FSR0L           equ	4073	;# 
  2311   000FEA                     FSR0H           equ	4074	;# 
  2312   000FEB                     PLUSW0          equ	4075	;# 
  2313   000FEC                     PREINC0         equ	4076	;# 
  2314   000FED                     POSTDEC0        equ	4077	;# 
  2315   000FEE                     POSTINC0        equ	4078	;# 
  2316   000FEF                     INDF0           equ	4079	;# 
  2317   000FF0                     INTCON3         equ	4080	;# 
  2318   000FF1                     INTCON2         equ	4081	;# 
  2319   000FF2                     INTCON          equ	4082	;# 
  2320   000FF3                     PROD            equ	4083	;# 
  2321   000FF3                     PRODL           equ	4083	;# 
  2322   000FF4                     PRODH           equ	4084	;# 
  2323   000FF5                     TABLAT          equ	4085	;# 
  2324   000FF6                     TBLPTR          equ	4086	;# 
  2325   000FF6                     TBLPTRL         equ	4086	;# 
  2326   000FF7                     TBLPTRH         equ	4087	;# 
  2327   000FF8                     TBLPTRU         equ	4088	;# 
  2328   000FF9                     PCLAT           equ	4089	;# 
  2329   000FF9                     PC              equ	4089	;# 
  2330   000FF9                     PCL             equ	4089	;# 
  2331   000FFA                     PCLATH          equ	4090	;# 
  2332   000FFB                     PCLATU          equ	4091	;# 
  2333   000FFC                     STKPTR          equ	4092	;# 
  2334   000FFD                     TOS             equ	4093	;# 
  2335   000FFD                     TOSL            equ	4093	;# 
  2336   000FFE                     TOSH            equ	4094	;# 
  2337   000FFF                     TOSU            equ	4095	;# 
  2338                           
  2339 ;; Function _INT0_DefaultInterruptHandler is unused but had its address taken
  2340   000000                     _INT0_DefaultInterruptHandler equ	0
  2341                           
  2342 ;; Function _INT1_DefaultInterruptHandler is unused but had its address taken
  2343   000000                     _INT1_DefaultInterruptHandler equ	0
  2344                           
  2345 ;; Function _INT2_DefaultInterruptHandler is unused but had its address taken
  2346   000000                     _INT2_DefaultInterruptHandler equ	0
  2347                           
  2348 ;; Function _SPI2_Deinitialize is unused but had its address taken
  2349   000000                     _SPI2_Deinitialize equ	0
  2350                           
  2351 ;; Function _SPI2_BufferExchange is unused but had its address taken
  2352   000000                     _SPI2_BufferExchange equ	0
  2353                           
  2354 ;; Function _SPI2_BufferWrite is unused but had its address taken
  2355   000000                     _SPI2_BufferWrite equ	0
  2356                           
  2357 ;; Function _SPI2_BufferRead is unused but had its address taken
  2358   000000                     _SPI2_BufferRead equ	0
  2359                           
  2360 ;; Function _SPI2_ByteWrite is unused but had its address taken
  2361   000000                     _SPI2_ByteWrite equ	0
  2362                           
  2363 ;; Function _SPI2_ByteRead is unused but had its address taken
  2364   000000                     _SPI2_ByteRead  equ	0
  2365                           
  2366 ;; Function _SPI2_IsRxReady is unused but had its address taken
  2367   000000                     _SPI2_IsRxReady equ	0
  2368                           
  2369 ;; Function _SPI2_IsTxReady is unused but had its address taken
  2370   000000                     _SPI2_IsTxReady equ	0
  2371                           
  2372 ;; Function _EUSART1_Deinitialize is unused but had its address taken
  2373   000000                     _EUSART1_Deinitialize equ	0
  2374                           
  2375 ;; Function _EUSART1_TransmitEnable is unused but had its address taken
  2376   000000                     _EUSART1_TransmitEnable equ	0
  2377                           
  2378 ;; Function _EUSART1_TransmitDisable is unused but had its address taken
  2379   000000                     _EUSART1_TransmitDisable equ	0
  2380                           
  2381 ;; Function _EUSART1_AutoBaudSet is unused but had its address taken
  2382   000000                     _EUSART1_AutoBaudSet equ	0
  2383                           
  2384 ;; Function _EUSART1_AutoBaudQuery is unused but had its address taken
  2385   000000                     _EUSART1_AutoBaudQuery equ	0
  2386                           
  2387 ;; Function _EUSART1_IsTxDone is unused but had its address taken
  2388   000000                     _EUSART1_IsTxDone equ	0
  2389                           
  2390 ;; Function _EUSART1_ErrorGet is unused but had its address taken
  2391   000000                     _EUSART1_ErrorGet equ	0
  2392                           
  2393                           	psect	mediumconst
  2394   007A9E                     __pmediumconst:
  2395                           	callstack 0
  2396   007A9E  00                 	db	0
  2397   007A9F                     _UART1:
  2398                           	callstack 0
  2399   007A9F  5C                 	db	low _EUSART1_Initialize
  2400   007AA0  16                 	db	high _EUSART1_Initialize
  2401   007AA1  00                 	db	0
  2402   007AA2  00                 	db	0
  2403   007AA3  D4                 	db	low _EUSART1_Read
  2404   007AA4  14                 	db	high _EUSART1_Read
  2405   007AA5  14                 	db	low _EUSART1_Write
  2406   007AA6  19                 	db	high _EUSART1_Write
  2407   007AA7  A8                 	db	low _EUSART1_IsRxReady
  2408   007AA8  18                 	db	high _EUSART1_IsRxReady
  2409   007AA9  96                 	db	low _EUSART1_IsTxReady
  2410   007AAA  17                 	db	high _EUSART1_IsTxReady
  2411   007AAB  00                 	db	0
  2412   007AAC  00                 	db	0
  2413   007AAD  00                 	db	0
  2414   007AAE  00                 	db	0
  2415   007AAF  00                 	db	0
  2416   007AB0  00                 	db	0
  2417   007AB1  00                 	db	0
  2418   007AB2  00                 	db	0
  2419   007AB3  00                 	db	0
  2420   007AB4  00                 	db	0
  2421   007AB5  00                 	db	0
  2422   007AB6  00                 	db	0
  2423   007AB7  00                 	db	0
  2424   007AB8  00                 	db	0
  2425   007AB9  00                 	db	0
  2426   007ABA  00                 	db	0
  2427   007ABB  00                 	db	0
  2428   007ABC  00                 	db	0
  2429   007ABD  00                 	db	0
  2430   007ABE  00                 	db	0
  2431   007ABF  00                 	db	0
  2432   007AC0  00                 	db	0
  2433   007AC1  00                 	db	0
  2434   007AC2  00                 	db	0
  2435   007AC3  00                 	db	0
  2436   007AC4  00                 	db	0
  2437   007AC5  00                 	db	0
  2438   007AC6  00                 	db	0
  2439   007AC7  58                 	db	low _EUSART1_FramingErrorCallbackRegister
  2440   007AC8  18                 	db	high _EUSART1_FramingErrorCallbackRegister
  2441   007AC9  3C                 	db	low _EUSART1_OverrunErrorCallbackRegister
  2442   007ACA  18                 	db	high _EUSART1_OverrunErrorCallbackRegister
  2443   007ACB  00                 	db	0
  2444   007ACC  00                 	db	0
  2445   007ACD  00                 	db	0
  2446   007ACE  00                 	db	0
  2447   007ACF                     __end_of_UART1:
  2448                           	callstack 0
  2449   007ACF                     _SPI2_Host:
  2450                           	callstack 0
  2451   007ACF  BC                 	db	low _SPI2_Initialize
  2452   007AD0  18                 	db	high _SPI2_Initialize
  2453   007AD1  00                 	db	0
  2454   007AD2  00                 	db	0
  2455   007AD3  4C                 	db	low _SPI2_Open
  2456   007AD4  14                 	db	high _SPI2_Open
  2457   007AD5  22                 	db	low _SPI2_Close
  2458   007AD6  19                 	db	high _SPI2_Close
  2459   007AD7  00                 	db	0
  2460   007AD8  00                 	db	0
  2461   007AD9  00                 	db	0
  2462   007ADA  00                 	db	0
  2463   007ADB  00                 	db	0
  2464   007ADC  00                 	db	0
  2465   007ADD  8E                 	db	low _SPI2_ByteExchange
  2466   007ADE  18                 	db	high _SPI2_ByteExchange
  2467   007ADF  00                 	db	0
  2468   007AE0  00                 	db	0
  2469   007AE1  00                 	db	0
  2470   007AE2  00                 	db	0
  2471   007AE3  00                 	db	0
  2472   007AE4  00                 	db	0
  2473   007AE5  00                 	db	0
  2474   007AE6  00                 	db	0
  2475   007AE7  00                 	db	0
  2476   007AE8  00                 	db	0
  2477   007AE9  00                 	db	0
  2478   007AEA  00                 	db	0
  2479   007AEB                     __end_of_SPI2_Host:
  2480                           	callstack 0
  2481   007AEB                     _spi2_configuration:
  2482                           	callstack 0
  2483   007AEB  00                 	db	0
  2484   007AEC  0A                 	db	10
  2485   007AED  10                 	db	16
  2486   007AEE  7F                 	db	127
  2487   007AEF  00                 	db	0
  2488   007AF0  40                 	db	64
  2489   007AF1  01                 	db	1
  2490   007AF2  10                 	db	16
  2491   007AF3  03                 	db	3
  2492   007AF4  00                 	db	0
  2493   007AF5  64                 	db	100
  2494   007AF6  00                 	db	0
  2495   007AF7  10                 	db	16
  2496   007AF8  01                 	db	1
  2497   007AF9  00                 	db	0
  2498   007AFA                     __end_of_spi2_configuration:
  2499                           	callstack 0
  2500   007AFA                     STR_28:
  2501   007AFA  20                 	db	32
  2502   007AFB  20                 	db	32
  2503   007AFC  20                 	db	32
  2504   007AFD  20                 	db	32
  2505   007AFE  43                 	db	67	;'C'
  2506   007AFF  6F                 	db	111	;'o'
  2507   007B00  6E                 	db	110	;'n'
  2508   007B01  6E                 	db	110	;'n'
  2509   007B02  65                 	db	101	;'e'
  2510   007B03  63                 	db	99	;'c'
  2511   007B04  74                 	db	116	;'t'
  2512   007B05  20                 	db	32
  2513   007B06  6F                 	db	111	;'o'
  2514   007B07  73                 	db	115	;'s'
  2515   007B08  63                 	db	99	;'c'
  2516   007B09  69                 	db	105	;'i'
  2517   007B0A  6C                 	db	108	;'l'
  2518   007B0B  6C                 	db	108	;'l'
  2519   007B0C  6F                 	db	111	;'o'
  2520   007B0D  73                 	db	115	;'s'
  2521   007B0E  63                 	db	99	;'c'
  2522   007B0F  6F                 	db	111	;'o'
  2523   007B10  70                 	db	112	;'p'
  2524   007B11  65                 	db	101	;'e'
  2525   007B12  20                 	db	32
  2526   007B13  63                 	db	99	;'c'
  2527   007B14  68                 	db	104	;'h'
  2528   007B15  61                 	db	97	;'a'
  2529   007B16  6E                 	db	110	;'n'
  2530   007B17  6E                 	db	110	;'n'
  2531   007B18  65                 	db	101	;'e'
  2532   007B19  6C                 	db	108	;'l'
  2533   007B1A  20                 	db	32
  2534   007B1B  31                 	db	49	;'1'
  2535   007B1C  20                 	db	32
  2536   007B1D  74                 	db	116	;'t'
  2537   007B1E  6F                 	db	111	;'o'
  2538   007B1F  20                 	db	32
  2539   007B20  50                 	db	80	;'P'
  2540   007B21  49                 	db	73	;'I'
  2541   007B22  43                 	db	67	;'C'
  2542   007B23  20                 	db	32
  2543   007B24  68                 	db	104	;'h'
  2544   007B25  65                 	db	101	;'e'
  2545   007B26  61                 	db	97	;'a'
  2546   007B27  64                 	db	100	;'d'
  2547   007B28  65                 	db	101	;'e'
  2548   007B29  72                 	db	114	;'r'
  2549   007B2A  20                 	db	32
  2550   007B2B  70                 	db	112	;'p'
  2551   007B2C  69                 	db	105	;'i'
  2552   007B2D  6E                 	db	110	;'n'
  2553   007B2E  20                 	db	32
  2554   007B2F  52                 	db	82	;'R'
  2555   007B30  42                 	db	66	;'B'
  2556   007B31  31                 	db	49	;'1'
  2557   007B32  20                 	db	32
  2558   007B33  28                 	db	40
  2559   007B34  76                 	db	118	;'v'
  2560   007B35  65                 	db	101	;'e'
  2561   007B36  72                 	db	114	;'r'
  2562   007B37  74                 	db	116	;'t'
  2563   007B38  69                 	db	105	;'i'
  2564   007B39  63                 	db	99	;'c'
  2565   007B3A  61                 	db	97	;'a'
  2566   007B3B  6C                 	db	108	;'l'
  2567   007B3C  20                 	db	32
  2568   007B3D  73                 	db	115	;'s'
  2569   007B3E  63                 	db	99	;'c'
  2570   007B3F  61                 	db	97	;'a'
  2571   007B40  6C                 	db	108	;'l'
  2572   007B41  65                 	db	101	;'e'
  2573   007B42  20                 	db	32
  2574   007B43  32                 	db	50	;'2'
  2575   007B44  76                 	db	118	;'v'
  2576   007B45  2F                 	db	47
  2577   007B46  64                 	db	100	;'d'
  2578   007B47  69                 	db	105	;'i'
  2579   007B48  76                 	db	118	;'v'
  2580   007B49  29                 	db	41
  2581   007B4A  0D                 	db	13
  2582   007B4B  0A                 	db	10
  2583   007B4C  00                 	db	0
  2584   007B4D                     STR_29:
  2585   007B4D  20                 	db	32
  2586   007B4E  20                 	db	32
  2587   007B4F  20                 	db	32
  2588   007B50  20                 	db	32
  2589   007B51  43                 	db	67	;'C'
  2590   007B52  6F                 	db	111	;'o'
  2591   007B53  6E                 	db	110	;'n'
  2592   007B54  6E                 	db	110	;'n'
  2593   007B55  65                 	db	101	;'e'
  2594   007B56  63                 	db	99	;'c'
  2595   007B57  74                 	db	116	;'t'
  2596   007B58  20                 	db	32
  2597   007B59  6F                 	db	111	;'o'
  2598   007B5A  73                 	db	115	;'s'
  2599   007B5B  63                 	db	99	;'c'
  2600   007B5C  69                 	db	105	;'i'
  2601   007B5D  6C                 	db	108	;'l'
  2602   007B5E  6C                 	db	108	;'l'
  2603   007B5F  6F                 	db	111	;'o'
  2604   007B60  73                 	db	115	;'s'
  2605   007B61  63                 	db	99	;'c'
  2606   007B62  6F                 	db	111	;'o'
  2607   007B63  70                 	db	112	;'p'
  2608   007B64  65                 	db	101	;'e'
  2609   007B65  20                 	db	32
  2610   007B66  63                 	db	99	;'c'
  2611   007B67  68                 	db	104	;'h'
  2612   007B68  61                 	db	97	;'a'
  2613   007B69  6E                 	db	110	;'n'
  2614   007B6A  6E                 	db	110	;'n'
  2615   007B6B  65                 	db	101	;'e'
  2616   007B6C  6C                 	db	108	;'l'
  2617   007B6D  20                 	db	32
  2618   007B6E  32                 	db	50	;'2'
  2619   007B6F  20                 	db	32
  2620   007B70  74                 	db	116	;'t'
  2621   007B71  6F                 	db	111	;'o'
  2622   007B72  20                 	db	32
  2623   007B73  50                 	db	80	;'P'
  2624   007B74  49                 	db	73	;'I'
  2625   007B75  43                 	db	67	;'C'
  2626   007B76  20                 	db	32
  2627   007B77  68                 	db	104	;'h'
  2628   007B78  65                 	db	101	;'e'
  2629   007B79  61                 	db	97	;'a'
  2630   007B7A  64                 	db	100	;'d'
  2631   007B7B  65                 	db	101	;'e'
  2632   007B7C  72                 	db	114	;'r'
  2633   007B7D  20                 	db	32
  2634   007B7E  70                 	db	112	;'p'
  2635   007B7F  69                 	db	105	;'i'
  2636   007B80  6E                 	db	110	;'n'
  2637   007B81  20                 	db	32
  2638   007B82  52                 	db	82	;'R'
  2639   007B83  42                 	db	66	;'B'
  2640   007B84  33                 	db	51	;'3'
  2641   007B85  20                 	db	32
  2642   007B86  28                 	db	40
  2643   007B87  76                 	db	118	;'v'
  2644   007B88  65                 	db	101	;'e'
  2645   007B89  72                 	db	114	;'r'
  2646   007B8A  74                 	db	116	;'t'
  2647   007B8B  69                 	db	105	;'i'
  2648   007B8C  63                 	db	99	;'c'
  2649   007B8D  61                 	db	97	;'a'
  2650   007B8E  6C                 	db	108	;'l'
  2651   007B8F  20                 	db	32
  2652   007B90  73                 	db	115	;'s'
  2653   007B91  63                 	db	99	;'c'
  2654   007B92  61                 	db	97	;'a'
  2655   007B93  6C                 	db	108	;'l'
  2656   007B94  65                 	db	101	;'e'
  2657   007B95  20                 	db	32
  2658   007B96  32                 	db	50	;'2'
  2659   007B97  76                 	db	118	;'v'
  2660   007B98  2F                 	db	47
  2661   007B99  64                 	db	100	;'d'
  2662   007B9A  69                 	db	105	;'i'
  2663   007B9B  76                 	db	118	;'v'
  2664   007B9C  29                 	db	41
  2665   007B9D  0D                 	db	13
  2666   007B9E  0A                 	db	10
  2667   007B9F  00                 	db	0
  2668   007BA0                     STR_23:
  2669   007BA0  30                 	db	48	;'0'
  2670   007BA1  3A                 	db	58	;':'
  2671   007BA2  20                 	db	32
  2672   007BA3  46                 	db	70	;'F'
  2673   007BA4  69                 	db	105	;'i'
  2674   007BA5  6C                 	db	108	;'l'
  2675   007BA6  6C                 	db	108	;'l'
  2676   007BA7  20                 	db	32
  2677   007BA8  65                 	db	101	;'e'
  2678   007BA9  61                 	db	97	;'a'
  2679   007BAA  63                 	db	99	;'c'
  2680   007BAB  68                 	db	104	;'h'
  2681   007BAC  20                 	db	32
  2682   007BAD  70                 	db	112	;'p'
  2683   007BAE  61                 	db	97	;'a'
  2684   007BAF  67                 	db	103	;'g'
  2685   007BB0  65                 	db	101	;'e'
  2686   007BB1  20                 	db	32
  2687   007BB2  77                 	db	119	;'w'
  2688   007BB3  69                 	db	105	;'i'
  2689   007BB4  74                 	db	116	;'t'
  2690   007BB5  68                 	db	104	;'h'
  2691   007BB6  20                 	db	32
  2692   007BB7  69                 	db	105	;'i'
  2693   007BB8  64                 	db	100	;'d'
  2694   007BB9  65                 	db	101	;'e'
  2695   007BBA  6E                 	db	110	;'n'
  2696   007BBB  74                 	db	116	;'t'
  2697   007BBC  69                 	db	105	;'i'
  2698   007BBD  63                 	db	99	;'c'
  2699   007BBE  61                 	db	97	;'a'
  2700   007BBF  6C                 	db	108	;'l'
  2701   007BC0  20                 	db	32
  2702   007BC1  76                 	db	118	;'v'
  2703   007BC2  61                 	db	97	;'a'
  2704   007BC3  6C                 	db	108	;'l'
  2705   007BC4  75                 	db	117	;'u'
  2706   007BC5  65                 	db	101	;'e'
  2707   007BC6  2C                 	db	44
  2708   007BC7  20                 	db	32
  2709   007BC8  69                 	db	105	;'i'
  2710   007BC9  6E                 	db	110	;'n'
  2711   007BCA  63                 	db	99	;'c'
  2712   007BCB  72                 	db	114	;'r'
  2713   007BCC  65                 	db	101	;'e'
  2714   007BCD  6D                 	db	109	;'m'
  2715   007BCE  65                 	db	101	;'e'
  2716   007BCF  6E                 	db	110	;'n'
  2717   007BD0  74                 	db	116	;'t'
  2718   007BD1  20                 	db	32
  2719   007BD2  6F                 	db	111	;'o'
  2720   007BD3  6E                 	db	110	;'n'
  2721   007BD4  20                 	db	32
  2722   007BD5  6E                 	db	110	;'n'
  2723   007BD6  65                 	db	101	;'e'
  2724   007BD7  78                 	db	120	;'x'
  2725   007BD8  74                 	db	116	;'t'
  2726   007BD9  20                 	db	32
  2727   007BDA  70                 	db	112	;'p'
  2728   007BDB  61                 	db	97	;'a'
  2729   007BDC  67                 	db	103	;'g'
  2730   007BDD  65                 	db	101	;'e'
  2731   007BDE  2E                 	db	46
  2732   007BDF  0D                 	db	13
  2733   007BE0  0A                 	db	10
  2734   007BE1  00                 	db	0
  2735   007BE2                     STR_22:
  2736   007BE2  2D                 	db	45
  2737   007BE3  2D                 	db	45
  2738   007BE4  2D                 	db	45
  2739   007BE5  2D                 	db	45
  2740   007BE6  2D                 	db	45
  2741   007BE7  2D                 	db	45
  2742   007BE8  2D                 	db	45
  2743   007BE9  2D                 	db	45
  2744   007BEA  2D                 	db	45
  2745   007BEB  2D                 	db	45
  2746   007BEC  2D                 	db	45
  2747   007BED  2D                 	db	45
  2748   007BEE  2D                 	db	45
  2749   007BEF  2D                 	db	45
  2750   007BF0  2D                 	db	45
  2751   007BF1  20                 	db	32
  2752   007BF2  57                 	db	87	;'W'
  2753   007BF3  52                 	db	82	;'R'
  2754   007BF4  49                 	db	73	;'I'
  2755   007BF5  54                 	db	84	;'T'
  2756   007BF6  45                 	db	69	;'E'
  2757   007BF7  20                 	db	32
  2758   007BF8  43                 	db	67	;'C'
  2759   007BF9  4F                 	db	79	;'O'
  2760   007BFA  4E                 	db	78	;'N'
  2761   007BFB  53                 	db	83	;'S'
  2762   007BFC  45                 	db	69	;'E'
  2763   007BFD  43                 	db	67	;'C'
  2764   007BFE  54                 	db	84	;'T'
  2765   007BFF  55                 	db	85	;'U'
  2766   007C00  54                 	db	84	;'T'
  2767   007C01  49                 	db	73	;'I'
  2768   007C02  56                 	db	86	;'V'
  2769   007C03  45                 	db	69	;'E'
  2770   007C04  20                 	db	32
  2771   007C05  42                 	db	66	;'B'
  2772   007C06  4C                 	db	76	;'L'
  2773   007C07  4F                 	db	79	;'O'
  2774   007C08  43                 	db	67	;'C'
  2775   007C09  4B                 	db	75	;'K'
  2776   007C0A  53                 	db	83	;'S'
  2777   007C0B  20                 	db	32
  2778   007C0C  2D                 	db	45
  2779   007C0D  2D                 	db	45
  2780   007C0E  2D                 	db	45
  2781   007C0F  2D                 	db	45
  2782   007C10  2D                 	db	45
  2783   007C11  2D                 	db	45
  2784   007C12  2D                 	db	45
  2785   007C13  2D                 	db	45
  2786   007C14  2D                 	db	45
  2787   007C15  2D                 	db	45
  2788   007C16  2D                 	db	45
  2789   007C17  2D                 	db	45
  2790   007C18  2D                 	db	45
  2791   007C19  2D                 	db	45
  2792   007C1A  2D                 	db	45
  2793   007C1B  0D                 	db	13
  2794   007C1C  0A                 	db	10
  2795   007C1D  00                 	db	0
  2796   007C1E                     STR_4:
  2797   007C1E  0D                 	db	13
  2798   007C1F  0A                 	db	10
  2799   007C20  2D                 	db	45
  2800   007C21  2D                 	db	45
  2801   007C22  2D                 	db	45
  2802   007C23  2D                 	db	45
  2803   007C24  2D                 	db	45
  2804   007C25  2D                 	db	45
  2805   007C26  2D                 	db	45
  2806   007C27  2D                 	db	45
  2807   007C28  2D                 	db	45
  2808   007C29  2D                 	db	45
  2809   007C2A  2D                 	db	45
  2810   007C2B  2D                 	db	45
  2811   007C2C  2D                 	db	45
  2812   007C2D  2D                 	db	45
  2813   007C2E  2D                 	db	45
  2814   007C2F  2D                 	db	45
  2815   007C30  2D                 	db	45
  2816   007C31  2D                 	db	45
  2817   007C32  2D                 	db	45
  2818   007C33  2D                 	db	45
  2819   007C34  2D                 	db	45
  2820   007C35  2D                 	db	45
  2821   007C36  2D                 	db	45
  2822   007C37  2D                 	db	45
  2823   007C38  2D                 	db	45
  2824   007C39  2D                 	db	45
  2825   007C3A  2D                 	db	45
  2826   007C3B  2D                 	db	45
  2827   007C3C  2D                 	db	45
  2828   007C3D  2D                 	db	45
  2829   007C3E  2D                 	db	45
  2830   007C3F  2D                 	db	45
  2831   007C40  2D                 	db	45
  2832   007C41  2D                 	db	45
  2833   007C42  2D                 	db	45
  2834   007C43  2D                 	db	45
  2835   007C44  2D                 	db	45
  2836   007C45  2D                 	db	45
  2837   007C46  2D                 	db	45
  2838   007C47  2D                 	db	45
  2839   007C48  2D                 	db	45
  2840   007C49  2D                 	db	45
  2841   007C4A  2D                 	db	45
  2842   007C4B  2D                 	db	45
  2843   007C4C  2D                 	db	45
  2844   007C4D  2D                 	db	45
  2845   007C4E  2D                 	db	45
  2846   007C4F  2D                 	db	45
  2847   007C50  2D                 	db	45
  2848   007C51  0D                 	db	13
  2849   007C52  0A                 	db	10
  2850   007C53  00                 	db	0
  2851   007C54                     STR_15:
  2852   007C54  2D                 	db	45
  2853   007C55  2D                 	db	45
  2854   007C56  2D                 	db	45
  2855   007C57  2D                 	db	45
  2856   007C58  2D                 	db	45
  2857   007C59  2D                 	db	45
  2858   007C5A  2D                 	db	45
  2859   007C5B  2D                 	db	45
  2860   007C5C  2D                 	db	45
  2861   007C5D  2D                 	db	45
  2862   007C5E  2D                 	db	45
  2863   007C5F  2D                 	db	45
  2864   007C60  2D                 	db	45
  2865   007C61  2D                 	db	45
  2866   007C62  2D                 	db	45
  2867   007C63  2D                 	db	45
  2868   007C64  53                 	db	83	;'S'
  2869   007C65  50                 	db	80	;'P'
  2870   007C66  49                 	db	73	;'I'
  2871   007C67  20                 	db	32
  2872   007C68  54                 	db	84	;'T'
  2873   007C69  45                 	db	69	;'E'
  2874   007C6A  53                 	db	83	;'S'
  2875   007C6B  54                 	db	84	;'T'
  2876   007C6C  2D                 	db	45
  2877   007C6D  2D                 	db	45
  2878   007C6E  2D                 	db	45
  2879   007C6F  2D                 	db	45
  2880   007C70  2D                 	db	45
  2881   007C71  2D                 	db	45
  2882   007C72  2D                 	db	45
  2883   007C73  2D                 	db	45
  2884   007C74  2D                 	db	45
  2885   007C75  2D                 	db	45
  2886   007C76  2D                 	db	45
  2887   007C77  2D                 	db	45
  2888   007C78  2D                 	db	45
  2889   007C79  2D                 	db	45
  2890   007C7A  2D                 	db	45
  2891   007C7B  2D                 	db	45
  2892   007C7C  2D                 	db	45
  2893   007C7D  2D                 	db	45
  2894   007C7E  2D                 	db	45
  2895   007C7F  2D                 	db	45
  2896   007C80  2D                 	db	45
  2897   007C81  2D                 	db	45
  2898   007C82  2D                 	db	45
  2899   007C83  2D                 	db	45
  2900   007C84  2D                 	db	45
  2901   007C85  0D                 	db	13
  2902   007C86  0A                 	db	10
  2903   007C87  00                 	db	0
  2904   007C88                     STR_17:
  2905   007C88  2D                 	db	45
  2906   007C89  2D                 	db	45
  2907   007C8A  2D                 	db	45
  2908   007C8B  2D                 	db	45
  2909   007C8C  2D                 	db	45
  2910   007C8D  2D                 	db	45
  2911   007C8E  2D                 	db	45
  2912   007C8F  2D                 	db	45
  2913   007C90  2D                 	db	45
  2914   007C91  2D                 	db	45
  2915   007C92  2D                 	db	45
  2916   007C93  2D                 	db	45
  2917   007C94  2D                 	db	45
  2918   007C95  2D                 	db	45
  2919   007C96  53                 	db	83	;'S'
  2920   007C97  44                 	db	68	;'D'
  2921   007C98  20                 	db	32
  2922   007C99  43                 	db	67	;'C'
  2923   007C9A  41                 	db	65	;'A'
  2924   007C9B  52                 	db	82	;'R'
  2925   007C9C  44                 	db	68	;'D'
  2926   007C9D  20                 	db	32
  2927   007C9E  54                 	db	84	;'T'
  2928   007C9F  45                 	db	69	;'E'
  2929   007CA0  53                 	db	83	;'S'
  2930   007CA1  54                 	db	84	;'T'
  2931   007CA2  53                 	db	83	;'S'
  2932   007CA3  2D                 	db	45
  2933   007CA4  2D                 	db	45
  2934   007CA5  2D                 	db	45
  2935   007CA6  2D                 	db	45
  2936   007CA7  2D                 	db	45
  2937   007CA8  2D                 	db	45
  2938   007CA9  2D                 	db	45
  2939   007CAA  2D                 	db	45
  2940   007CAB  2D                 	db	45
  2941   007CAC  2D                 	db	45
  2942   007CAD  2D                 	db	45
  2943   007CAE  2D                 	db	45
  2944   007CAF  2D                 	db	45
  2945   007CB0  2D                 	db	45
  2946   007CB1  2D                 	db	45
  2947   007CB2  2D                 	db	45
  2948   007CB3  2D                 	db	45
  2949   007CB4  2D                 	db	45
  2950   007CB5  2D                 	db	45
  2951   007CB6  2D                 	db	45
  2952   007CB7  2D                 	db	45
  2953   007CB8  2D                 	db	45
  2954   007CB9  0D                 	db	13
  2955   007CBA  0A                 	db	10
  2956   007CBB  00                 	db	0
  2957   007CBC                     STR_31:
  2958   007CBC  20                 	db	32
  2959   007CBD  20                 	db	32
  2960   007CBE  20                 	db	32
  2961   007CBF  20                 	db	32
  2962   007CC0  53                 	db	83	;'S'
  2963   007CC1  65                 	db	101	;'e'
  2964   007CC2  74                 	db	116	;'t'
  2965   007CC3  20                 	db	32
  2966   007CC4  74                 	db	116	;'t'
  2967   007CC5  68                 	db	104	;'h'
  2968   007CC6  65                 	db	101	;'e'
  2969   007CC7  20                 	db	32
  2970   007CC8  68                 	db	104	;'h'
  2971   007CC9  6F                 	db	111	;'o'
  2972   007CCA  72                 	db	114	;'r'
  2973   007CCB  69                 	db	105	;'i'
  2974   007CCC  7A                 	db	122	;'z'
  2975   007CCD  6F                 	db	111	;'o'
  2976   007CCE  6E                 	db	110	;'n'
  2977   007CCF  74                 	db	116	;'t'
  2978   007CD0  61                 	db	97	;'a'
  2979   007CD1  6C                 	db	108	;'l'
  2980   007CD2  20                 	db	32
  2981   007CD3  73                 	db	115	;'s'
  2982   007CD4  63                 	db	99	;'c'
  2983   007CD5  61                 	db	97	;'a'
  2984   007CD6  6C                 	db	108	;'l'
  2985   007CD7  65                 	db	101	;'e'
  2986   007CD8  20                 	db	32
  2987   007CD9  74                 	db	116	;'t'
  2988   007CDA  6F                 	db	111	;'o'
  2989   007CDB  20                 	db	32
  2990   007CDC  35                 	db	53	;'5'
  2991   007CDD  30                 	db	48	;'0'
  2992   007CDE  30                 	db	48	;'0'
  2993   007CDF  6E                 	db	110	;'n'
  2994   007CE0  73                 	db	115	;'s'
  2995   007CE1  2F                 	db	47
  2996   007CE2  64                 	db	100	;'d'
  2997   007CE3  69                 	db	105	;'i'
  2998   007CE4  76                 	db	118	;'v'
  2999   007CE5  0D                 	db	13
  3000   007CE6  0A                 	db	10
  3001   007CE7  00                 	db	0
  3002   007CE8                     STR_44:
  3003   007CE8  57                 	db	87	;'W'
  3004   007CE9  72                 	db	114	;'r'
  3005   007CEA  69                 	db	105	;'i'
  3006   007CEB  74                 	db	116	;'t'
  3007   007CEC  65                 	db	101	;'e'
  3008   007CED  20                 	db	32
  3009   007CEE  62                 	db	98	;'b'
  3010   007CEF  6C                 	db	108	;'l'
  3011   007CF0  6F                 	db	111	;'o'
  3012   007CF1  63                 	db	99	;'c'
  3013   007CF2  6B                 	db	107	;'k'
  3014   007CF3  20                 	db	32
  3015   007CF4  6F                 	db	111	;'o'
  3016   007CF5  66                 	db	102	;'f'
  3017   007CF6  20                 	db	32
  3018   007CF7  64                 	db	100	;'d'
  3019   007CF8  65                 	db	101	;'e'
  3020   007CF9  63                 	db	99	;'c'
  3021   007CFA  72                 	db	114	;'r'
  3022   007CFB  65                 	db	101	;'e'
  3023   007CFC  6D                 	db	109	;'m'
  3024   007CFD  65                 	db	101	;'e'
  3025   007CFE  6E                 	db	110	;'n'
  3026   007CFF  74                 	db	116	;'t'
  3027   007D00  65                 	db	101	;'e'
  3028   007D01  64                 	db	100	;'d'
  3029   007D02  20                 	db	32
  3030   007D03  38                 	db	56	;'8'
  3031   007D04  2D                 	db	45
  3032   007D05  62                 	db	98	;'b'
  3033   007D06  69                 	db	105	;'i'
  3034   007D07  74                 	db	116	;'t'
  3035   007D08  20                 	db	32
  3036   007D09  76                 	db	118	;'v'
  3037   007D0A  61                 	db	97	;'a'
  3038   007D0B  6C                 	db	108	;'l'
  3039   007D0C  75                 	db	117	;'u'
  3040   007D0D  65                 	db	101	;'e'
  3041   007D0E  73                 	db	115	;'s'
  3042   007D0F  3A                 	db	58	;':'
  3043   007D10  0D                 	db	13
  3044   007D11  0A                 	db	10
  3045   007D12  00                 	db	0
  3046   007D13                     STR_20:
  3047   007D13  72                 	db	114	;'r'
  3048   007D14  3A                 	db	58	;':'
  3049   007D15  20                 	db	32
  3050   007D16  72                 	db	114	;'r'
  3051   007D17  65                 	db	101	;'e'
  3052   007D18  61                 	db	97	;'a'
  3053   007D19  64                 	db	100	;'d'
  3054   007D1A  20                 	db	32
  3055   007D1B  61                 	db	97	;'a'
  3056   007D1C  20                 	db	32
  3057   007D1D  62                 	db	98	;'b'
  3058   007D1E  6C                 	db	108	;'l'
  3059   007D1F  6F                 	db	111	;'o'
  3060   007D20  63                 	db	99	;'c'
  3061   007D21  6B                 	db	107	;'k'
  3062   007D22  20                 	db	32
  3063   007D23  6F                 	db	111	;'o'
  3064   007D24  66                 	db	102	;'f'
  3065   007D25  20                 	db	32
  3066   007D26  25                 	db	37
  3067   007D27  64                 	db	100	;'d'
  3068   007D28  20                 	db	32
  3069   007D29  62                 	db	98	;'b'
  3070   007D2A  79                 	db	121	;'y'
  3071   007D2B  74                 	db	116	;'t'
  3072   007D2C  65                 	db	101	;'e'
  3073   007D2D  73                 	db	115	;'s'
  3074   007D2E  20                 	db	32
  3075   007D2F  66                 	db	102	;'f'
  3076   007D30  72                 	db	114	;'r'
  3077   007D31  6F                 	db	111	;'o'
  3078   007D32  6D                 	db	109	;'m'
  3079   007D33  20                 	db	32
  3080   007D34  53                 	db	83	;'S'
  3081   007D35  44                 	db	68	;'D'
  3082   007D36  20                 	db	32
  3083   007D37  63                 	db	99	;'c'
  3084   007D38  61                 	db	97	;'a'
  3085   007D39  72                 	db	114	;'r'
  3086   007D3A  64                 	db	100	;'d'
  3087   007D3B  0D                 	db	13
  3088   007D3C  0A                 	db	10
  3089   007D3D  00                 	db	0
  3090   007D3E                     STR_21:
  3091   007D3E  77                 	db	119	;'w'
  3092   007D3F  3A                 	db	58	;':'
  3093   007D40  20                 	db	32
  3094   007D41  77                 	db	119	;'w'
  3095   007D42  72                 	db	114	;'r'
  3096   007D43  69                 	db	105	;'i'
  3097   007D44  74                 	db	116	;'t'
  3098   007D45  65                 	db	101	;'e'
  3099   007D46  20                 	db	32
  3100   007D47  61                 	db	97	;'a'
  3101   007D48  20                 	db	32
  3102   007D49  62                 	db	98	;'b'
  3103   007D4A  6C                 	db	108	;'l'
  3104   007D4B  6F                 	db	111	;'o'
  3105   007D4C  63                 	db	99	;'c'
  3106   007D4D  6B                 	db	107	;'k'
  3107   007D4E  20                 	db	32
  3108   007D4F  6F                 	db	111	;'o'
  3109   007D50  66                 	db	102	;'f'
  3110   007D51  20                 	db	32
  3111   007D52  25                 	db	37
  3112   007D53  64                 	db	100	;'d'
  3113   007D54  20                 	db	32
  3114   007D55  62                 	db	98	;'b'
  3115   007D56  79                 	db	121	;'y'
  3116   007D57  74                 	db	116	;'t'
  3117   007D58  65                 	db	101	;'e'
  3118   007D59  73                 	db	115	;'s'
  3119   007D5A  20                 	db	32
  3120   007D5B  74                 	db	116	;'t'
  3121   007D5C  6F                 	db	111	;'o'
  3122   007D5D  20                 	db	32
  3123   007D5E  53                 	db	83	;'S'
  3124   007D5F  44                 	db	68	;'D'
  3125   007D60  20                 	db	32
  3126   007D61  63                 	db	99	;'c'
  3127   007D62  61                 	db	97	;'a'
  3128   007D63  72                 	db	114	;'r'
  3129   007D64  64                 	db	100	;'d'
  3130   007D65  0D                 	db	13
  3131   007D66  0A                 	db	10
  3132   007D67  00                 	db	0
  3133   007D68                     STR_43:
  3134   007D68  50                 	db	80	;'P'
  3135   007D69  72                 	db	114	;'r'
  3136   007D6A  6F                 	db	111	;'o'
  3137   007D6B  62                 	db	98	;'b'
  3138   007D6C  65                 	db	101	;'e'
  3139   007D6D  20                 	db	32
  3140   007D6E  52                 	db	82	;'R'
  3141   007D6F  43                 	db	67	;'C'
  3142   007D70  34                 	db	52	;'4'
  3143   007D71  20                 	db	32
  3144   007D72  74                 	db	116	;'t'
  3145   007D73  6F                 	db	111	;'o'
  3146   007D74  20                 	db	32
  3147   007D75  64                 	db	100	;'d'
  3148   007D76  65                 	db	101	;'e'
  3149   007D77  74                 	db	116	;'t'
  3150   007D78  65                 	db	101	;'e'
  3151   007D79  72                 	db	114	;'r'
  3152   007D7A  6D                 	db	109	;'m'
  3153   007D7B  69                 	db	105	;'i'
  3154   007D7C  6E                 	db	110	;'n'
  3155   007D7D  65                 	db	101	;'e'
  3156   007D7E  20                 	db	32
  3157   007D7F  77                 	db	119	;'w'
  3158   007D80  72                 	db	114	;'r'
  3159   007D81  69                 	db	105	;'i'
  3160   007D82  74                 	db	116	;'t'
  3161   007D83  65                 	db	101	;'e'
  3162   007D84  20                 	db	32
  3163   007D85  70                 	db	112	;'p'
  3164   007D86  65                 	db	101	;'e'
  3165   007D87  72                 	db	114	;'r'
  3166   007D88  69                 	db	105	;'i'
  3167   007D89  6F                 	db	111	;'o'
  3168   007D8A  64                 	db	100	;'d'
  3169   007D8B  0D                 	db	13
  3170   007D8C  0A                 	db	10
  3171   007D8D  00                 	db	0
  3172   007D8E                     STR_51:
  3173   007D8E  50                 	db	80	;'P'
  3174   007D8F  72                 	db	114	;'r'
  3175   007D90  6F                 	db	111	;'o'
  3176   007D91  62                 	db	98	;'b'
  3177   007D92  65                 	db	101	;'e'
  3178   007D93  20                 	db	32
  3179   007D94  52                 	db	82	;'R'
  3180   007D95  43                 	db	67	;'C'
  3181   007D96  35                 	db	53	;'5'
  3182   007D97  20                 	db	32
  3183   007D98  74                 	db	116	;'t'
  3184   007D99  6F                 	db	111	;'o'
  3185   007D9A  20                 	db	32
  3186   007D9B  64                 	db	100	;'d'
  3187   007D9C  65                 	db	101	;'e'
  3188   007D9D  74                 	db	116	;'t'
  3189   007D9E  65                 	db	101	;'e'
  3190   007D9F  72                 	db	114	;'r'
  3191   007DA0  6D                 	db	109	;'m'
  3192   007DA1  69                 	db	105	;'i'
  3193   007DA2  6E                 	db	110	;'n'
  3194   007DA3  65                 	db	101	;'e'
  3195   007DA4  20                 	db	32
  3196   007DA5  77                 	db	119	;'w'
  3197   007DA6  72                 	db	114	;'r'
  3198   007DA7  69                 	db	105	;'i'
  3199   007DA8  74                 	db	116	;'t'
  3200   007DA9  65                 	db	101	;'e'
  3201   007DAA  20                 	db	32
  3202   007DAB  70                 	db	112	;'p'
  3203   007DAC  65                 	db	101	;'e'
  3204   007DAD  72                 	db	114	;'r'
  3205   007DAE  69                 	db	105	;'i'
  3206   007DAF  6F                 	db	111	;'o'
  3207   007DB0  64                 	db	100	;'d'
  3208   007DB1  0D                 	db	13
  3209   007DB2  0A                 	db	10
  3210   007DB3  00                 	db	0
  3211   007DB4                     STR_19:
  3212   007DB4  61                 	db	97	;'a'
  3213   007DB5  2F                 	db	47
  3214   007DB6  41                 	db	65	;'A'
  3215   007DB7  20                 	db	32
  3216   007DB8  64                 	db	100	;'d'
  3217   007DB9  65                 	db	101	;'e'
  3218   007DBA  63                 	db	99	;'c'
  3219   007DBB  72                 	db	114	;'r'
  3220   007DBC  65                 	db	101	;'e'
  3221   007DBD  61                 	db	97	;'a'
  3222   007DBE  73                 	db	115	;'s'
  3223   007DBF  65                 	db	101	;'e'
  3224   007DC0  2F                 	db	47
  3225   007DC1  69                 	db	105	;'i'
  3226   007DC2  6E                 	db	110	;'n'
  3227   007DC3  63                 	db	99	;'c'
  3228   007DC4  72                 	db	114	;'r'
  3229   007DC5  65                 	db	101	;'e'
  3230   007DC6  61                 	db	97	;'a'
  3231   007DC7  73                 	db	115	;'s'
  3232   007DC8  65                 	db	101	;'e'
  3233   007DC9  20                 	db	32
  3234   007DCA  72                 	db	114	;'r'
  3235   007DCB  65                 	db	101	;'e'
  3236   007DCC  61                 	db	97	;'a'
  3237   007DCD  64                 	db	100	;'d'
  3238   007DCE  20                 	db	32
  3239   007DCF  61                 	db	97	;'a'
  3240   007DD0  64                 	db	100	;'d'
  3241   007DD1  64                 	db	100	;'d'
  3242   007DD2  72                 	db	114	;'r'
  3243   007DD3  65                 	db	101	;'e'
  3244   007DD4  73                 	db	115	;'s'
  3245   007DD5  73                 	db	115	;'s'
  3246   007DD6  0D                 	db	13
  3247   007DD7  0A                 	db	10
  3248   007DD8  00                 	db	0
  3249   007DD9                     STR_16:
  3250   007DD9  74                 	db	116	;'t'
  3251   007DDA  3A                 	db	58	;':'
  3252   007DDB  20                 	db	32
  3253   007DDC  73                 	db	115	;'s'
  3254   007DDD  65                 	db	101	;'e'
  3255   007DDE  6E                 	db	110	;'n'
  3256   007DDF  64                 	db	100	;'d'
  3257   007DE0  20                 	db	32
  3258   007DE1  61                 	db	97	;'a'
  3259   007DE2  20                 	db	32
  3260   007DE3  54                 	db	84	;'T'
  3261   007DE4  65                 	db	101	;'e'
  3262   007DE5  73                 	db	115	;'s'
  3263   007DE6  74                 	db	116	;'t'
  3264   007DE7  20                 	db	32
  3265   007DE8  63                 	db	99	;'c'
  3266   007DE9  68                 	db	104	;'h'
  3267   007DEA  61                 	db	97	;'a'
  3268   007DEB  72                 	db	114	;'r'
  3269   007DEC  61                 	db	97	;'a'
  3270   007DED  63                 	db	99	;'c'
  3271   007DEE  74                 	db	116	;'t'
  3272   007DEF  65                 	db	101	;'e'
  3273   007DF0  72                 	db	114	;'r'
  3274   007DF1  20                 	db	32
  3275   007DF2  6F                 	db	111	;'o'
  3276   007DF3  76                 	db	118	;'v'
  3277   007DF4  65                 	db	101	;'e'
  3278   007DF5  72                 	db	114	;'r'
  3279   007DF6  20                 	db	32
  3280   007DF7  53                 	db	83	;'S'
  3281   007DF8  50                 	db	80	;'P'
  3282   007DF9  49                 	db	73	;'I'
  3283   007DFA  0D                 	db	13
  3284   007DFB  0A                 	db	10
  3285   007DFC  00                 	db	0
  3286   007DFD                     STR_34:
  3287   007DFD  55                 	db	85	;'U'
  3288   007DFE  6E                 	db	110	;'n'
  3289   007DFF  64                 	db	100	;'d'
  3290   007E00  65                 	db	101	;'e'
  3291   007E01  72                 	db	114	;'r'
  3292   007E02  66                 	db	102	;'f'
  3293   007E03  6C                 	db	108	;'l'
  3294   007E04  6F                 	db	111	;'o'
  3295   007E05  77                 	db	119	;'w'
  3296   007E06  65                 	db	101	;'e'
  3297   007E07  64                 	db	100	;'d'
  3298   007E08  20                 	db	32
  3299   007E09  74                 	db	116	;'t'
  3300   007E0A  6F                 	db	111	;'o'
  3301   007E0B  20                 	db	32
  3302   007E0C  68                 	db	104	;'h'
  3303   007E0D  69                 	db	105	;'i'
  3304   007E0E  67                 	db	103	;'g'
  3305   007E0F  68                 	db	104	;'h'
  3306   007E10  20                 	db	32
  3307   007E11  61                 	db	97	;'a'
  3308   007E12  64                 	db	100	;'d'
  3309   007E13  64                 	db	100	;'d'
  3310   007E14  72                 	db	114	;'r'
  3311   007E15  65                 	db	101	;'e'
  3312   007E16  73                 	db	115	;'s'
  3313   007E17  73                 	db	115	;'s'
  3314   007E18  0D                 	db	13
  3315   007E19  0A                 	db	10
  3316   007E1A  00                 	db	0
  3317   007E1B                     STR_33:
  3318   007E1B  73                 	db	115	;'s'
  3319   007E1C  65                 	db	101	;'e'
  3320   007E1D  6E                 	db	110	;'n'
  3321   007E1E  74                 	db	116	;'t'
  3322   007E1F  3A                 	db	58	;':'
  3323   007E20  20                 	db	32
  3324   007E21  25                 	db	37
  3325   007E22  30                 	db	48	;'0'
  3326   007E23  32                 	db	50	;'2'
  3327   007E24  78                 	db	120	;'x'
  3328   007E25  20                 	db	32
  3329   007E26  20                 	db	32
  3330   007E27  72                 	db	114	;'r'
  3331   007E28  65                 	db	101	;'e'
  3332   007E29  63                 	db	99	;'c'
  3333   007E2A  65                 	db	101	;'e'
  3334   007E2B  69                 	db	105	;'i'
  3335   007E2C  76                 	db	118	;'v'
  3336   007E2D  65                 	db	101	;'e'
  3337   007E2E  64                 	db	100	;'d'
  3338   007E2F  3A                 	db	58	;':'
  3339   007E30  20                 	db	32
  3340   007E31  25                 	db	37
  3341   007E32  30                 	db	48	;'0'
  3342   007E33  32                 	db	50	;'2'
  3343   007E34  78                 	db	120	;'x'
  3344   007E35  0D                 	db	13
  3345   007E36  0A                 	db	10
  3346   007E37  00                 	db	0
  3347   007E38                     STR_32:
  3348   007E38  20                 	db	32
  3349   007E39  20                 	db	32
  3350   007E3A  20                 	db	32
  3351   007E3B  20                 	db	32
  3352   007E3C  48                 	db	72	;'H'
  3353   007E3D  69                 	db	105	;'i'
  3354   007E3E  74                 	db	116	;'t'
  3355   007E3F  20                 	db	32
  3356   007E40  61                 	db	97	;'a'
  3357   007E41  6E                 	db	110	;'n'
  3358   007E42  79                 	db	121	;'y'
  3359   007E43  20                 	db	32
  3360   007E44  6B                 	db	107	;'k'
  3361   007E45  65                 	db	101	;'e'
  3362   007E46  79                 	db	121	;'y'
  3363   007E47  20                 	db	32
  3364   007E48  77                 	db	119	;'w'
  3365   007E49  68                 	db	104	;'h'
  3366   007E4A  65                 	db	101	;'e'
  3367   007E4B  6E                 	db	110	;'n'
  3368   007E4C  20                 	db	32
  3369   007E4D  72                 	db	114	;'r'
  3370   007E4E  65                 	db	101	;'e'
  3371   007E4F  61                 	db	97	;'a'
  3372   007E50  64                 	db	100	;'d'
  3373   007E51  79                 	db	121	;'y'
  3374   007E52  0D                 	db	13
  3375   007E53  0A                 	db	10
  3376   007E54  00                 	db	0
  3377   007E55                     STR_61:
  3378   007E55  42                 	db	66	;'B'
  3379   007E56  6C                 	db	108	;'l'
  3380   007E57  6F                 	db	111	;'o'
  3381   007E58  63                 	db	99	;'c'
  3382   007E59  6B                 	db	107	;'k'
  3383   007E5A  20                 	db	32
  3384   007E5B  4C                 	db	76	;'L'
  3385   007E5C  65                 	db	101	;'e'
  3386   007E5D  6E                 	db	110	;'n'
  3387   007E5E  67                 	db	103	;'g'
  3388   007E5F  74                 	db	116	;'t'
  3389   007E60  68                 	db	104	;'h'
  3390   007E61  20                 	db	32
  3391   007E62  52                 	db	82	;'R'
  3392   007E63  65                 	db	101	;'e'
  3393   007E64  73                 	db	115	;'s'
  3394   007E65  70                 	db	112	;'p'
  3395   007E66  6F                 	db	111	;'o'
  3396   007E67  6E                 	db	110	;'n'
  3397   007E68  73                 	db	115	;'s'
  3398   007E69  65                 	db	101	;'e'
  3399   007E6A  3A                 	db	58	;':'
  3400   007E6B  20                 	db	32
  3401   007E6C  25                 	db	37
  3402   007E6D  78                 	db	120	;'x'
  3403   007E6E  0D                 	db	13
  3404   007E6F  0A                 	db	10
  3405   007E70  00                 	db	0
  3406   007E71                     STR_36:
  3407   007E71  4F                 	db	79	;'O'
  3408   007E72  76                 	db	118	;'v'
  3409   007E73  65                 	db	101	;'e'
  3410   007E74  72                 	db	114	;'r'
  3411   007E75  66                 	db	102	;'f'
  3412   007E76  6C                 	db	108	;'l'
  3413   007E77  6F                 	db	111	;'o'
  3414   007E78  77                 	db	119	;'w'
  3415   007E79  65                 	db	101	;'e'
  3416   007E7A  64                 	db	100	;'d'
  3417   007E7B  20                 	db	32
  3418   007E7C  74                 	db	116	;'t'
  3419   007E7D  6F                 	db	111	;'o'
  3420   007E7E  20                 	db	32
  3421   007E7F  6C                 	db	108	;'l'
  3422   007E80  6F                 	db	111	;'o'
  3423   007E81  77                 	db	119	;'w'
  3424   007E82  20                 	db	32
  3425   007E83  61                 	db	97	;'a'
  3426   007E84  64                 	db	100	;'d'
  3427   007E85  64                 	db	100	;'d'
  3428   007E86  72                 	db	114	;'r'
  3429   007E87  65                 	db	101	;'e'
  3430   007E88  73                 	db	115	;'s'
  3431   007E89  73                 	db	115	;'s'
  3432   007E8A  0D                 	db	13
  3433   007E8B  0A                 	db	10
  3434   007E8C  00                 	db	0
  3435   007E8D                     STR_59:
  3436   007E8D  43                 	db	67	;'C'
  3437   007E8E  4D                 	db	77	;'M'
  3438   007E8F  44                 	db	68	;'D'
  3439   007E90  30                 	db	48	;'0'
  3440   007E91  2C                 	db	44
  3441   007E92  20                 	db	32
  3442   007E93  52                 	db	82	;'R'
  3443   007E94  65                 	db	101	;'e'
  3444   007E95  73                 	db	115	;'s'
  3445   007E96  65                 	db	101	;'e'
  3446   007E97  74                 	db	116	;'t'
  3447   007E98  20                 	db	32
  3448   007E99  52                 	db	82	;'R'
  3449   007E9A  65                 	db	101	;'e'
  3450   007E9B  73                 	db	115	;'s'
  3451   007E9C  70                 	db	112	;'p'
  3452   007E9D  6F                 	db	111	;'o'
  3453   007E9E  6E                 	db	110	;'n'
  3454   007E9F  73                 	db	115	;'s'
  3455   007EA0  65                 	db	101	;'e'
  3456   007EA1  3A                 	db	58	;':'
  3457   007EA2  20                 	db	32
  3458   007EA3  25                 	db	37
  3459   007EA4  78                 	db	120	;'x'
  3460   007EA5  0D                 	db	13
  3461   007EA6  0A                 	db	10
  3462   007EA7  00                 	db	0
  3463   007EA8                     STR_30:
  3464   007EA8  20                 	db	32
  3465   007EA9  20                 	db	32
  3466   007EAA  20                 	db	32
  3467   007EAB  20                 	db	32
  3468   007EAC  54                 	db	84	;'T'
  3469   007EAD  72                 	db	114	;'r'
  3470   007EAE  69                 	db	105	;'i'
  3471   007EAF  67                 	db	103	;'g'
  3472   007EB0  67                 	db	103	;'g'
  3473   007EB1  65                 	db	101	;'e'
  3474   007EB2  72                 	db	114	;'r'
  3475   007EB3  20                 	db	32
  3476   007EB4  6F                 	db	111	;'o'
  3477   007EB5  6E                 	db	110	;'n'
  3478   007EB6  20                 	db	32
  3479   007EB7  63                 	db	99	;'c'
  3480   007EB8  68                 	db	104	;'h'
  3481   007EB9  61                 	db	97	;'a'
  3482   007EBA  6E                 	db	110	;'n'
  3483   007EBB  6E                 	db	110	;'n'
  3484   007EBC  65                 	db	101	;'e'
  3485   007EBD  6C                 	db	108	;'l'
  3486   007EBE  20                 	db	32
  3487   007EBF  31                 	db	49	;'1'
  3488   007EC0  0D                 	db	13
  3489   007EC1  0A                 	db	10
  3490   007EC2  00                 	db	0
  3491   007EC3                     STR_60:
  3492   007EC3  43                 	db	67	;'C'
  3493   007EC4  4D                 	db	77	;'M'
  3494   007EC5  44                 	db	68	;'D'
  3495   007EC6  31                 	db	49	;'1'
  3496   007EC7  2C                 	db	44
  3497   007EC8  20                 	db	32
  3498   007EC9  49                 	db	73	;'I'
  3499   007ECA  6E                 	db	110	;'n'
  3500   007ECB  69                 	db	105	;'i'
  3501   007ECC  74                 	db	116	;'t'
  3502   007ECD  20                 	db	32
  3503   007ECE  52                 	db	82	;'R'
  3504   007ECF  65                 	db	101	;'e'
  3505   007ED0  73                 	db	115	;'s'
  3506   007ED1  70                 	db	112	;'p'
  3507   007ED2  6F                 	db	111	;'o'
  3508   007ED3  6E                 	db	110	;'n'
  3509   007ED4  73                 	db	115	;'s'
  3510   007ED5  65                 	db	101	;'e'
  3511   007ED6  3A                 	db	58	;':'
  3512   007ED7  20                 	db	32
  3513   007ED8  25                 	db	37
  3514   007ED9  78                 	db	120	;'x'
  3515   007EDA  0D                 	db	13
  3516   007EDB  0A                 	db	10
  3517   007EDC  00                 	db	0
  3518   007EDD                     STR_18:
  3519   007EDD  69                 	db	105	;'i'
  3520   007EDE  3A                 	db	58	;':'
  3521   007EDF  20                 	db	32
  3522   007EE0  49                 	db	73	;'I'
  3523   007EE1  6E                 	db	110	;'n'
  3524   007EE2  69                 	db	105	;'i'
  3525   007EE3  74                 	db	116	;'t'
  3526   007EE4  69                 	db	105	;'i'
  3527   007EE5  61                 	db	97	;'a'
  3528   007EE6  6C                 	db	108	;'l'
  3529   007EE7  69                 	db	105	;'i'
  3530   007EE8  7A                 	db	122	;'z'
  3531   007EE9  65                 	db	101	;'e'
  3532   007EEA  20                 	db	32
  3533   007EEB  53                 	db	83	;'S'
  3534   007EEC  44                 	db	68	;'D'
  3535   007EED  20                 	db	32
  3536   007EEE  63                 	db	99	;'c'
  3537   007EEF  61                 	db	97	;'a'
  3538   007EF0  72                 	db	114	;'r'
  3539   007EF1  64                 	db	100	;'d'
  3540   007EF2  0D                 	db	13
  3541   007EF3  0A                 	db	10
  3542   007EF4  00                 	db	0
  3543   007EF5                     STR_14:
  3544   007EF5  7A                 	db	122	;'z'
  3545   007EF6  3A                 	db	58	;':'
  3546   007EF7  20                 	db	32
  3547   007EF8  43                 	db	67	;'C'
  3548   007EF9  6C                 	db	108	;'l'
  3549   007EFA  65                 	db	101	;'e'
  3550   007EFB  61                 	db	97	;'a'
  3551   007EFC  72                 	db	114	;'r'
  3552   007EFD  20                 	db	32
  3553   007EFE  74                 	db	116	;'t'
  3554   007EFF  68                 	db	104	;'h'
  3555   007F00  65                 	db	101	;'e'
  3556   007F01  20                 	db	32
  3557   007F02  74                 	db	116	;'t'
  3558   007F03  65                 	db	101	;'e'
  3559   007F04  72                 	db	114	;'r'
  3560   007F05  6D                 	db	109	;'m'
  3561   007F06  69                 	db	105	;'i'
  3562   007F07  6E                 	db	110	;'n'
  3563   007F08  61                 	db	97	;'a'
  3564   007F09  6C                 	db	108	;'l'
  3565   007F0A  0D                 	db	13
  3566   007F0B  0A                 	db	10
  3567   007F0C  00                 	db	0
  3568   007F0D                     STR_50:
  3569   007F0D  20                 	db	32
  3570   007F0E  20                 	db	32
  3571   007F0F  20                 	db	32
  3572   007F10  20                 	db	32
  3573   007F11  53                 	db	83	;'S'
  3574   007F12  74                 	db	116	;'t'
  3575   007F13  61                 	db	97	;'a'
  3576   007F14  74                 	db	116	;'t'
  3577   007F15  75                 	db	117	;'u'
  3578   007F16  73                 	db	115	;'s'
  3579   007F17  3A                 	db	58	;':'
  3580   007F18  20                 	db	32
  3581   007F19  20                 	db	32
  3582   007F1A  20                 	db	32
  3583   007F1B  20                 	db	32
  3584   007F1C  20                 	db	32
  3585   007F1D  25                 	db	37
  3586   007F1E  30                 	db	48	;'0'
  3587   007F1F  32                 	db	50	;'2'
  3588   007F20  78                 	db	120	;'x'
  3589   007F21  0D                 	db	13
  3590   007F22  0A                 	db	10
  3591   007F23  00                 	db	0
  3592   007F24                     STR_13:
  3593   007F24  5A                 	db	90	;'Z'
  3594   007F25  3A                 	db	58	;':'
  3595   007F26  20                 	db	32
  3596   007F27  52                 	db	82	;'R'
  3597   007F28  65                 	db	101	;'e'
  3598   007F29  73                 	db	115	;'s'
  3599   007F2A  65                 	db	101	;'e'
  3600   007F2B  74                 	db	116	;'t'
  3601   007F2C  20                 	db	32
  3602   007F2D  70                 	db	112	;'p'
  3603   007F2E  72                 	db	114	;'r'
  3604   007F2F  6F                 	db	111	;'o'
  3605   007F30  63                 	db	99	;'c'
  3606   007F31  65                 	db	101	;'e'
  3607   007F32  73                 	db	115	;'s'
  3608   007F33  73                 	db	115	;'s'
  3609   007F34  6F                 	db	111	;'o'
  3610   007F35  72                 	db	114	;'r'
  3611   007F36  0D                 	db	13
  3612   007F37  0A                 	db	10
  3613   007F38  00                 	db	0
  3614   007F39                     STR_35:
  3615   007F39  44                 	db	68	;'D'
  3616   007F3A  65                 	db	101	;'e'
  3617   007F3B  63                 	db	99	;'c'
  3618   007F3C  72                 	db	114	;'r'
  3619   007F3D  65                 	db	101	;'e'
  3620   007F3E  61                 	db	97	;'a'
  3621   007F3F  73                 	db	115	;'s'
  3622   007F40  65                 	db	101	;'e'
  3623   007F41  64                 	db	100	;'d'
  3624   007F42  20                 	db	32
  3625   007F43  61                 	db	97	;'a'
  3626   007F44  64                 	db	100	;'d'
  3627   007F45  64                 	db	100	;'d'
  3628   007F46  72                 	db	114	;'r'
  3629   007F47  65                 	db	101	;'e'
  3630   007F48  73                 	db	115	;'s'
  3631   007F49  73                 	db	115	;'s'
  3632   007F4A  0D                 	db	13
  3633   007F4B  0A                 	db	10
  3634   007F4C  00                 	db	0
  3635   007F4D                     STR_37:
  3636   007F4D  49                 	db	73	;'I'
  3637   007F4E  6E                 	db	110	;'n'
  3638   007F4F  63                 	db	99	;'c'
  3639   007F50  72                 	db	114	;'r'
  3640   007F51  65                 	db	101	;'e'
  3641   007F52  61                 	db	97	;'a'
  3642   007F53  73                 	db	115	;'s'
  3643   007F54  65                 	db	101	;'e'
  3644   007F55  64                 	db	100	;'d'
  3645   007F56  20                 	db	32
  3646   007F57  61                 	db	97	;'a'
  3647   007F58  64                 	db	100	;'d'
  3648   007F59  64                 	db	100	;'d'
  3649   007F5A  72                 	db	114	;'r'
  3650   007F5B  65                 	db	101	;'e'
  3651   007F5C  73                 	db	115	;'s'
  3652   007F5D  73                 	db	115	;'s'
  3653   007F5E  0D                 	db	13
  3654   007F5F  0A                 	db	10
  3655   007F60  00                 	db	0
  3656   007F61                     STR_5:
  3657   007F61  53                 	db	83	;'S'
  3658   007F62  44                 	db	68	;'D'
  3659   007F63  20                 	db	32
  3660   007F64  63                 	db	99	;'c'
  3661   007F65  61                 	db	97	;'a'
  3662   007F66  72                 	db	114	;'r'
  3663   007F67  64                 	db	100	;'d'
  3664   007F68  20                 	db	32
  3665   007F69  61                 	db	97	;'a'
  3666   007F6A  64                 	db	100	;'d'
  3667   007F6B  64                 	db	100	;'d'
  3668   007F6C  72                 	db	114	;'r'
  3669   007F6D  65                 	db	101	;'e'
  3670   007F6E  73                 	db	115	;'s'
  3671   007F6F  73                 	db	115	;'s'
  3672   007F70  3A                 	db	58	;':'
  3673   007F71  20                 	db	32
  3674   007F72  20                 	db	32
  3675   007F73  00                 	db	0
  3676   007F74                     STR_2:
  3677   007F74  53                 	db	83	;'S'
  3678   007F75  44                 	db	68	;'D'
  3679   007F76  20                 	db	32
  3680   007F77  63                 	db	99	;'c'
  3681   007F78  61                 	db	97	;'a'
  3682   007F79  72                 	db	114	;'r'
  3683   007F7A  64                 	db	100	;'d'
  3684   007F7B  20                 	db	32
  3685   007F7C  74                 	db	116	;'t'
  3686   007F7D  65                 	db	101	;'e'
  3687   007F7E  73                 	db	115	;'s'
  3688   007F7F  74                 	db	116	;'t'
  3689   007F80  69                 	db	105	;'i'
  3690   007F81  6E                 	db	110	;'n'
  3691   007F82  67                 	db	103	;'g'
  3692   007F83  0D                 	db	13
  3693   007F84  0A                 	db	10
  3694   007F85  00                 	db	0
  3695   007F86                     STR_58:
  3696   007F86  55                 	db	85	;'U'
  3697   007F87  6E                 	db	110	;'n'
  3698   007F88  6B                 	db	107	;'k'
  3699   007F89  6E                 	db	110	;'n'
  3700   007F8A  6F                 	db	111	;'o'
  3701   007F8B  77                 	db	119	;'w'
  3702   007F8C  6E                 	db	110	;'n'
  3703   007F8D  20                 	db	32
  3704   007F8E  6B                 	db	107	;'k'
  3705   007F8F  65                 	db	101	;'e'
  3706   007F90  79                 	db	121	;'y'
  3707   007F91  20                 	db	32
  3708   007F92  25                 	db	37
  3709   007F93  63                 	db	99	;'c'
  3710   007F94  0D                 	db	13
  3711   007F95  0A                 	db	10
  3712   007F96  00                 	db	0
  3713   007F97                     STR_45:
  3714   007F97  20                 	db	32
  3715   007F98  20                 	db	32
  3716   007F99  20                 	db	32
  3717   007F9A  20                 	db	32
  3718   007F9B  41                 	db	65	;'A'
  3719   007F9C  64                 	db	100	;'d'
  3720   007F9D  64                 	db	100	;'d'
  3721   007F9E  72                 	db	114	;'r'
  3722   007F9F  65                 	db	101	;'e'
  3723   007FA0  73                 	db	115	;'s'
  3724   007FA1  73                 	db	115	;'s'
  3725   007FA2  3A                 	db	58	;':'
  3726   007FA3  20                 	db	32
  3727   007FA4  20                 	db	32
  3728   007FA5  20                 	db	32
  3729   007FA6  20                 	db	32
  3730   007FA7  00                 	db	0
  3731   007FA8                     STR_52:
  3732   007FA8  52                 	db	82	;'R'
  3733   007FA9  65                 	db	101	;'e'
  3734   007FAA  61                 	db	97	;'a'
  3735   007FAB  64                 	db	100	;'d'
  3736   007FAC  20                 	db	32
  3737   007FAD  62                 	db	98	;'b'
  3738   007FAE  6C                 	db	108	;'l'
  3739   007FAF  6F                 	db	111	;'o'
  3740   007FB0  63                 	db	99	;'c'
  3741   007FB1  6B                 	db	107	;'k'
  3742   007FB2  3A                 	db	58	;':'
  3743   007FB3  20                 	db	32
  3744   007FB4  0D                 	db	13
  3745   007FB5  0A                 	db	10
  3746   007FB6  00                 	db	0
  3747   007FB7                     STR_11:
  3748   007FB7  3F                 	db	63	;'?'
  3749   007FB8  3A                 	db	58	;':'
  3750   007FB9  20                 	db	32
  3751   007FBA  68                 	db	104	;'h'
  3752   007FBB  65                 	db	101	;'e'
  3753   007FBC  6C                 	db	108	;'l'
  3754   007FBD  70                 	db	112	;'p'
  3755   007FBE  20                 	db	32
  3756   007FBF  6D                 	db	109	;'m'
  3757   007FC0  65                 	db	101	;'e'
  3758   007FC1  6E                 	db	110	;'n'
  3759   007FC2  75                 	db	117	;'u'
  3760   007FC3  0D                 	db	13
  3761   007FC4  0A                 	db	10
  3762   007FC5  00                 	db	0
  3763   007FC6                     STR_1:
  3764   007FC6  69                 	db	105	;'i'
  3765   007FC7  6E                 	db	110	;'n'
  3766   007FC8  4C                 	db	76	;'L'
  3767   007FC9  61                 	db	97	;'a'
  3768   007FCA  62                 	db	98	;'b'
  3769   007FCB  20                 	db	32
  3770   007FCC  30                 	db	48	;'0'
  3771   007FCD  39                 	db	57	;'9'
  3772   007FCE  0D                 	db	13
  3773   007FCF  0A                 	db	10
  3774   007FD0  00                 	db	0
  3775   007FD1                     STR_3:
  3776   007FD1  44                 	db	68	;'D'
  3777   007FD2  65                 	db	101	;'e'
  3778   007FD3  76                 	db	118	;'v'
  3779   007FD4  27                 	db	39
  3780   007FD5  32                 	db	50	;'2'
  3781   007FD6  31                 	db	49	;'1'
  3782   007FD7  0D                 	db	13
  3783   007FD8  0A                 	db	10
  3784   007FD9  00                 	db	0
  3785   007FDA                     STR_25:
  3786   007FDA  6F                 	db	111	;'o'
  3787   007FDB  3A                 	db	58	;':'
  3788   007FDC  09                 	db	9
  3789   007FDD  6F                 	db	111	;'o'
  3790   007FDE  6B                 	db	107	;'k'
  3791   007FDF  0D                 	db	13
  3792   007FE0  0A                 	db	10
  3793   007FE1  00                 	db	0
  3794   007FE2                     STR_12:
  3795   007FE2  6F                 	db	111	;'o'
  3796   007FE3  3A                 	db	58	;':'
  3797   007FE4  20                 	db	32
  3798   007FE5  6B                 	db	107	;'k'
  3799   007FE6  0D                 	db	13
  3800   007FE7  0A                 	db	10
  3801   007FE8  00                 	db	0
  3802   007FE9                     STR_68:
  3803   007FE9  25                 	db	37
  3804   007FEA  30                 	db	48	;'0'
  3805   007FEB  32                 	db	50	;'2'
  3806   007FEC  78                 	db	120	;'x'
  3807   007FED  20                 	db	32
  3808   007FEE  00                 	db	0
  3809   007FEF                     STR_6:
  3810   007FEF  25                 	db	37
  3811   007FF0  30                 	db	48	;'0'
  3812   007FF1  34                 	db	52	;'4'
  3813   007FF2  78                 	db	120	;'x'
  3814   007FF3  00                 	db	0
  3815   007FF4                     STR_62:
  3816   007FF4  0D                 	db	13
  3817   007FF5  0A                 	db	10
  3818   007FF6  0A                 	db	10
  3819   007FF7  00                 	db	0
  3820   007FF8                     STR_66:
  3821   007FF8  25                 	db	37
  3822   007FF9  63                 	db	99	;'c'
  3823   007FFA  00                 	db	0
  3824   007FFB                     STR_65:
  3825   007FFB  2E                 	db	46
  3826   007FFC  00                 	db	0
  3827   007FFD                     STR_7:
  3828   007FFD  3A                 	db	58	;':'
  3829   007FFE  00                 	db	0
  3830   007FEF                     STR_8           equ	STR_6
  3831   007FEF                     STR_39          equ	STR_6
  3832   007FEF                     STR_41          equ	STR_6
  3833   007FEF                     STR_46          equ	STR_6
  3834   007FEF                     STR_48          equ	STR_6
  3835   007FEF                     STR_54          equ	STR_6
  3836   007FEF                     STR_56          equ	STR_6
  3837   007FF8                     STR_71          equ	STR_66
  3838   007FFD                     STR_40          equ	STR_7
  3839   007FFD                     STR_47          equ	STR_7
  3840   007FFD                     STR_55          equ	STR_7
  3841   007FFB                     STR_70          equ	STR_65
  3842   007F61                     STR_38          equ	STR_5
  3843   007F97                     STR_53          equ	STR_45
  3844   007FA4                     STR_69          equ	STR_45+13
  3845   007FA5                     STR_64          equ	STR_45+14
  3846   007FA6                     STR_63          equ	STR_45+15
  3847   007C20                     STR_10          equ	STR_4+2
  3848   007C20                     STR_24          equ	STR_4+2
  3849   007FB4                     STR_9           equ	STR_52+12
  3850   007FB4                     STR_42          equ	STR_52+12
  3851   007FB4                     STR_49          equ	STR_52+12
  3852   007FB4                     STR_57          equ	STR_52+12
  3853   007FB4                     STR_67          equ	STR_52+12
  3854   007FB4                     STR_72          equ	STR_52+12
  3855   007FF6                     STR_26          equ	STR_62+2
  3856   007FF6                     STR_27          equ	STR_62+2
  3857   007FFF  00                 	db	0	; dummy byte at the end
  3858   007A9E                     __smallconst    set	__pmediumconst
  3859   007A9E                     __mediumconst   set	__pmediumconst
  3860   000002                     __activetblptr  equ	2
  3861                           
  3862                           	psect	nvBANK0
  3863   0000A7                     __pnvBANK0:
  3864                           	callstack 0
  3865   0000A7                     _TMR0_OverflowCallback:
  3866                           	callstack 0
  3867   0000A7                     	ds	2
  3868   000F3A                     _ANSELC         set	3898
  3869   000F39                     _ANSELB         set	3897
  3870   000F38                     _ANSELA         set	3896
  3871   000FAD                     _TXREG1         set	4013
  3872   000FAE                     _RCREG1         set	4014
  3873   000F9E                     _PIR1bits       set	3998
  3874   000FB8                     _BAUDCON1bits   set	4024
  3875   000FAC                     _TXSTA1bits     set	4012
  3876   000FAB                     _RCSTA1bits     set	4011
  3877   000FB0                     _SPBRGH1        set	4016
  3878   000FAF                     _SPBRG1         set	4015
  3879   000FAC                     _TXSTA1         set	4012
  3880   000FAB                     _RCSTA1         set	4011
  3881   000FB8                     _BAUDCON1       set	4024
  3882   000F6F                     _SSP2BUF        set	3951
  3883   000F6C                     _SSP2CON1bits   set	3948
  3884   000F6E                     _SSP2ADD        set	3950
  3885   000F69                     _SSP2CON3       set	3945
  3886   000F6C                     _SSP2CON1       set	3948
  3887   000F6D                     _SSP2STAT       set	3949
  3888   000FA4                     _PIR3bits       set	4004
  3889   000FA3                     _PIE3bits       set	4003
  3890   000F62                     _IOCB           set	3938
  3891   000F61                     _WPUB           set	3937
  3892   000F96                     _TRISE          set	3990
  3893   000F94                     _TRISC          set	3988
  3894   000F93                     _TRISB          set	3987
  3895   000F92                     _TRISA          set	3986
  3896   000F8B                     _LATC           set	3979
  3897   000F8A                     _LATB           set	3978
  3898   000F89                     _LATA           set	3977
  3899   000F89                     _LATAbits       set	3977
  3900   000F8B                     _LATCbits       set	3979
  3901   000F8A                     _LATBbits       set	3978
  3902   000FD5                     _T0CON          set	4053
  3903   000FD6                     _TMR0L          set	4054
  3904   000FD7                     _TMR0H          set	4055
  3905   000FD5                     _T0CONbits      set	4053
  3906   000F9B                     _OSCTUNE        set	3995
  3907   000FD2                     _OSCCON2        set	4050
  3908   000FD3                     _OSCCON         set	4051
  3909   000FF0                     _INTCON3bits    set	4080
  3910   000FF1                     _INTCON2bits    set	4081
  3911   000FF2                     _INTCONbits     set	4082
  3912   000FD0                     _RCONbits       set	4048
  3913                           
  3914                           ; #config settings
  3915                           
  3916                           	psect	cinit
  3917   001622                     __pcinit:
  3918                           	callstack 0
  3919   001622                     start_initialization:
  3920                           	callstack 0
  3921   001622                     __initialization:
  3922                           	callstack 0
  3923                           
  3924                           ; Clear objects allocated to BIGRAM (512 bytes)
  3925   001622  EE00  F0A9         	lfsr	0,__pbssBIGRAM
  3926   001626  EE12 F000          	lfsr	1,512
  3927   00162A                     clear_0:
  3928   00162A  6AEE               	clrf	postinc0,c
  3929   00162C  50E5               	movf	postdec1,w,c
  3930   00162E  50E1               	movf	fsr1l,w,c
  3931   001630  E1FC               	bnz	clear_0
  3932   001632  50E2               	movf	fsr1h,w,c
  3933   001634  E1FA               	bnz	clear_0
  3934                           
  3935                           ; Clear objects allocated to BANK0 (38 bytes)
  3936   001636  EE00  F060         	lfsr	0,__pbssBANK0
  3937   00163A  0E26               	movlw	38
  3938   00163C                     clear_1:
  3939   00163C  6AEE               	clrf	postinc0,c
  3940   00163E  06E8               	decf	wreg,f,c
  3941   001640  E1FD               	bnz	clear_1
  3942                           
  3943                           ; Clear objects allocated to COMRAM (13 bytes)
  3944   001642  EE00  F044         	lfsr	0,__pbssCOMRAM
  3945   001646  0E0D               	movlw	13
  3946   001648                     clear_2:
  3947   001648  6AEE               	clrf	postinc0,c
  3948   00164A  06E8               	decf	wreg,f,c
  3949   00164C  E1FD               	bnz	clear_2
  3950   00164E                     end_of_initialization:
  3951                           	callstack 0
  3952   00164E                     __end_of__initialization:
  3953                           	callstack 0
  3954   00164E  9051               	bcf	int$flags,0,c	;clear compiler interrupt flag (level 1)
  3955   001650  9251               	bcf	int$flags,1,c	;clear compiler interrupt flag (level 2)
  3956   001652  0E00               	movlw	low (__Lmediumconst shr (0+16))
  3957   001654  6EF8               	movwf	tblptru,c
  3958   001656  0100               	movlb	0
  3959   001658  EF28  F000         	goto	_main	;jump to C main() function
  3960                           
  3961                           	psect	bssCOMRAM
  3962   000044                     __pbssCOMRAM:
  3963                           	callstack 0
  3964   000044                     _width:
  3965                           	callstack 0
  3966   000044                     	ds	2
  3967   000046                     _EUSART1_FramingErrorHandler:
  3968                           	callstack 0
  3969   000046                     	ds	2
  3970   000048                     _tmr0PeriodCount:
  3971                           	callstack 0
  3972   000048                     	ds	2
  3973   00004A                     _INT2_InterruptHandler:
  3974                           	callstack 0
  3975   00004A                     	ds	2
  3976   00004C                     _INT1_InterruptHandler:
  3977                           	callstack 0
  3978   00004C                     	ds	2
  3979   00004E                     _INT0_InterruptHandler:
  3980                           	callstack 0
  3981   00004E                     	ds	2
  3982   000050                     _flags:
  3983                           	callstack 0
  3984   000050                     	ds	1
  3985                           
  3986                           	psect	bssBANK0
  3987   000060                     __pbssBANK0:
  3988                           	callstack 0
  3989   000060                     _prec:
  3990                           	callstack 0
  3991   000060                     	ds	2
  3992   000062                     _EUSART1_OverrunErrorHandler:
  3993                           	callstack 0
  3994   000062                     	ds	2
  3995   000064                     _eusart1RxLastError:
  3996                           	callstack 0
  3997   000064                     	ds	2
  3998   000066                     _dbuf:
  3999                           	callstack 0
  4000   000066                     	ds	32
  4001                           
  4002                           	psect	bssBIGRAM
  4003   0000A9                     __pbssBIGRAM:
  4004                           	callstack 0
  4005   0000A9                     _sdCardBuffer:
  4006                           	callstack 0
  4007   0000A9                     	ds	512
  4008                           
  4009                           	psect	cstackBANK0
  4010   000086                     __pcstackBANK0:
  4011                           	callstack 0
  4012   000086                     ?_vfprintf:
  4013                           	callstack 0
  4014   000086                     vfprintf@fp:
  4015                           	callstack 0
  4016                           
  4017                           ; 2 bytes @ 0x0
  4018   000086                     	ds	2
  4019   000088                     vfprintf@fmt:
  4020                           	callstack 0
  4021                           
  4022                           ; 2 bytes @ 0x2
  4023   000088                     	ds	2
  4024   00008A                     vfprintf@ap:
  4025                           	callstack 0
  4026                           
  4027                           ; 1 bytes @ 0x4
  4028   00008A                     	ds	1
  4029   00008B                     vfprintf@cfmt:
  4030                           	callstack 0
  4031                           
  4032                           ; 2 bytes @ 0x5
  4033   00008B                     	ds	2
  4034   00008D                     ?_printf:
  4035                           	callstack 0
  4036   00008D                     printf@fmt:
  4037                           	callstack 0
  4038                           
  4039                           ; 2 bytes @ 0x7
  4040   00008D                     	ds	6
  4041   000093                     SDCARD_Initialize@i:
  4042                           	callstack 0
  4043   000093                     hexDumpBuffer@sdCardBuffer:
  4044                           	callstack 0
  4045                           
  4046                           ; 2 bytes @ 0xD
  4047   000093                     	ds	2
  4048   000095                     SDCARD_Initialize@verbose:
  4049                           	callstack 0
  4050   000095                     ??_hexDumpBuffer:
  4051                           
  4052                           ; 1 bytes @ 0xF
  4053   000095                     	ds	1
  4054   000096                     SDCARD_Initialize@response:
  4055                           	callstack 0
  4056                           
  4057                           ; 1 bytes @ 0x10
  4058   000096                     	ds	1
  4059   000097                     hexDumpBuffer@j:
  4060                           	callstack 0
  4061                           
  4062                           ; 2 bytes @ 0x11
  4063   000097                     	ds	2
  4064   000099                     hexDumpBuffer@j_1730:
  4065                           	callstack 0
  4066                           
  4067                           ; 2 bytes @ 0x13
  4068   000099                     	ds	2
  4069   00009B                     hexDumpBuffer@i:
  4070                           	callstack 0
  4071                           
  4072                           ; 2 bytes @ 0x15
  4073   00009B                     	ds	2
  4074   00009D                     ??_main:
  4075                           
  4076                           ; 1 bytes @ 0x17
  4077   00009D                     	ds	1
  4078   00009E                     main@status:
  4079                           	callstack 0
  4080                           
  4081                           ; 1 bytes @ 0x18
  4082   00009E                     	ds	1
  4083   00009F                     main@letter:
  4084                           	callstack 0
  4085                           
  4086                           ; 1 bytes @ 0x19
  4087   00009F                     	ds	1
  4088   0000A0                     main@cmd:
  4089                           	callstack 0
  4090                           
  4091                           ; 1 bytes @ 0x1A
  4092   0000A0                     	ds	1
  4093   0000A1                     main@i:
  4094                           	callstack 0
  4095                           
  4096                           ; 2 bytes @ 0x1B
  4097   0000A1                     	ds	2
  4098   0000A3                     main@sdCardAddress:
  4099                           	callstack 0
  4100                           
  4101                           ; 4 bytes @ 0x1D
  4102   0000A3                     	ds	4
  4103                           
  4104                           	psect	cstackCOMRAM
  4105   000001                     __pcstackCOMRAM:
  4106                           	callstack 0
  4107   000001                     ?_TMR0_CounterGet:
  4108                           	callstack 0
  4109   000001                     
  4110                           ; 1 bytes @ 0x0
  4111   000001                     	ds	2
  4112   000003                     ??_TMR0_CounterGet:
  4113                           
  4114                           ; 1 bytes @ 0x2
  4115   000003                     	ds	2
  4116   000005                     TMR0_CounterGet@counterValue:
  4117                           	callstack 0
  4118                           
  4119                           ; 2 bytes @ 0x4
  4120   000005                     	ds	2
  4121   000007                     TMR0_CounterGet@counterLowByte:
  4122                           	callstack 0
  4123                           
  4124                           ; 1 bytes @ 0x6
  4125   000007                     	ds	1
  4126   000008                     TMR0_CounterGet@counterHighByte:
  4127                           	callstack 0
  4128                           
  4129                           ; 1 bytes @ 0x7
  4130   000008                     	ds	1
  4131   000009                     i2TMR0_CounterSet@counterValue:
  4132                           	callstack 0
  4133                           
  4134                           ; 2 bytes @ 0x8
  4135   000009                     	ds	2
  4136   00000B                     myTMR0ISR@bigOleWasteOfTime:
  4137                           	callstack 0
  4138   00000B                     
  4139                           ; 1 bytes @ 0xA
  4140   00000B                     	ds	2
  4141   00000D                     ??_INTERRUPT_InterruptManager:
  4142                           
  4143                           ; 1 bytes @ 0xC
  4144   00000D                     	ds	2
  4145   00000F                     ?___awdiv:
  4146                           	callstack 0
  4147   00000F                     ?___awmod:
  4148                           	callstack 0
  4149   00000F                     ?_read_prec_or_width:
  4150                           	callstack 0
  4151   00000F                     SPI2_Open@spiConfigIndex:
  4152                           	callstack 0
  4153   00000F                     SPI2_ByteExchange@byteData:
  4154                           	callstack 0
  4155   00000F                     _EUSART1_IsTxReady$1656:
  4156                           	callstack 0
  4157   00000F                     EUSART1_Write@txData:
  4158                           	callstack 0
  4159   00000F                     read_prec_or_width@fmt:
  4160                           	callstack 0
  4161   00000F                     INT0_SetInterruptHandler@InterruptHandler:
  4162                           	callstack 0
  4163   00000F                     INT1_SetInterruptHandler@InterruptHandler:
  4164                           	callstack 0
  4165   00000F                     INT2_SetInterruptHandler@InterruptHandler:
  4166                           	callstack 0
  4167   00000F                     TMR0_CounterSet@counterValue:
  4168                           	callstack 0
  4169   00000F                     TMR0_OverflowCallbackRegister@callbackHandler:
  4170                           	callstack 0
  4171   00000F                     EUSART1_FramingErrorCallbackRegister@callbackHandler:
  4172                           	callstack 0
  4173   00000F                     EUSART1_OverrunErrorCallbackRegister@callbackHandler:
  4174                           	callstack 0
  4175   00000F                     ___awdiv@dividend:
  4176                           	callstack 0
  4177   00000F                     ___awmod@dividend:
  4178                           	callstack 0
  4179   00000F                     
  4180                           ; 1 bytes @ 0xE
  4181   00000F                     	ds	1
  4182   000010                     putch@txData:
  4183                           	callstack 0
  4184   000010                     SDCARD_PollWriteComplete@status:
  4185                           	callstack 0
  4186   000010                     read_prec_or_width@ap:
  4187                           	callstack 0
  4188   000010                     SDCARD_ReadBlock@addr:
  4189                           	callstack 0
  4190   000010                     SDCARD_WriteBlock@addr:
  4191                           	callstack 0
  4192   000010                     
  4193                           ; 1 bytes @ 0xF
  4194   000010                     	ds	1
  4195   000011                     ___awdiv@divisor:
  4196                           	callstack 0
  4197   000011                     ___awmod@divisor:
  4198                           	callstack 0
  4199   000011                     fputc@c:
  4200                           	callstack 0
  4201   000011                     ??_read_prec_or_width:
  4202                           
  4203                           ; 1 bytes @ 0x10
  4204   000011                     	ds	2
  4205   000013                     ___awdiv@counter:
  4206                           	callstack 0
  4207   000013                     ___awmod@counter:
  4208                           	callstack 0
  4209   000013                     read_prec_or_width@c:
  4210                           	callstack 0
  4211   000013                     fputc@fp:
  4212                           	callstack 0
  4213   000013                     
  4214                           ; 1 bytes @ 0x12
  4215   000013                     	ds	1
  4216   000014                     ___awdiv@sign:
  4217                           	callstack 0
  4218   000014                     ___awmod@sign:
  4219                           	callstack 0
  4220   000014                     SDCARD_ReadBlock@sdCardBuffer:
  4221                           	callstack 0
  4222   000014                     SDCARD_WriteBlock@sdCardBuffer:
  4223                           	callstack 0
  4224   000014                     read_prec_or_width@n:
  4225                           	callstack 0
  4226                           
  4227                           ; 2 bytes @ 0x13
  4228   000014                     	ds	1
  4229   000015                     ?_abs:
  4230                           	callstack 0
  4231   000015                     ___awdiv@quotient:
  4232                           	callstack 0
  4233   000015                     abs@a:
  4234                           	callstack 0
  4235   000015                     ??_fputc:
  4236                           
  4237                           ; 1 bytes @ 0x14
  4238   000015                     	ds	1
  4239   000016                     SDCARD_ReadBlock@i:
  4240                           	callstack 0
  4241   000016                     SDCARD_WriteBlock@i:
  4242                           	callstack 0
  4243   000016                     
  4244                           ; 1 bytes @ 0x15
  4245   000016                     	ds	1
  4246   000017                     ??_abs:
  4247                           
  4248                           ; 1 bytes @ 0x16
  4249   000017                     	ds	3
  4250   00001A                     fputs@s:
  4251                           	callstack 0
  4252   00001A                     ctoa@fp:
  4253                           	callstack 0
  4254                           
  4255                           ; 2 bytes @ 0x19
  4256   00001A                     	ds	1
  4257   00001B                     fputs@fp:
  4258                           	callstack 0
  4259                           
  4260                           ; 2 bytes @ 0x1A
  4261   00001B                     	ds	1
  4262   00001C                     ctoa@c:
  4263                           	callstack 0
  4264                           
  4265                           ; 1 bytes @ 0x1B
  4266   00001C                     	ds	1
  4267   00001D                     fputs@c:
  4268                           	callstack 0
  4269   00001D                     ??_ctoa:
  4270                           
  4271                           ; 1 bytes @ 0x1C
  4272   00001D                     	ds	1
  4273   00001E                     ctoa@l:
  4274                           	callstack 0
  4275   00001E                     fputs@i:
  4276                           	callstack 0
  4277                           
  4278                           ; 2 bytes @ 0x1D
  4279   00001E                     	ds	2
  4280   000020                     pad@fp:
  4281                           	callstack 0
  4282   000020                     ctoa@w:
  4283                           	callstack 0
  4284                           
  4285                           ; 2 bytes @ 0x1F
  4286   000020                     	ds	2
  4287   000022                     pad@buf:
  4288                           	callstack 0
  4289                           
  4290                           ; 1 bytes @ 0x21
  4291   000022                     	ds	1
  4292   000023                     pad@p:
  4293                           	callstack 0
  4294                           
  4295                           ; 2 bytes @ 0x22
  4296   000023                     	ds	2
  4297   000025                     ??_pad:
  4298                           
  4299                           ; 1 bytes @ 0x24
  4300   000025                     	ds	1
  4301   000026                     pad@i:
  4302                           	callstack 0
  4303                           
  4304                           ; 2 bytes @ 0x25
  4305   000026                     	ds	2
  4306   000028                     dtoa@fp:
  4307                           	callstack 0
  4308   000028                     xtoa@fp:
  4309                           	callstack 0
  4310                           
  4311                           ; 2 bytes @ 0x27
  4312   000028                     	ds	2
  4313   00002A                     dtoa@d:
  4314                           	callstack 0
  4315   00002A                     xtoa@d:
  4316                           	callstack 0
  4317                           
  4318                           ; 2 bytes @ 0x29
  4319   00002A                     	ds	2
  4320   00002C                     _dtoa$2245:
  4321                           	callstack 0
  4322   00002C                     ??_xtoa:
  4323                           
  4324                           ; 1 bytes @ 0x2B
  4325   00002C                     	ds	2
  4326   00002E                     dtoa@p:
  4327                           	callstack 0
  4328                           
  4329                           ; 1 bytes @ 0x2D
  4330   00002E                     	ds	1
  4331   00002F                     xtoa@p:
  4332                           	callstack 0
  4333   00002F                     dtoa@w:
  4334                           	callstack 0
  4335                           
  4336                           ; 2 bytes @ 0x2E
  4337   00002F                     	ds	1
  4338   000030                     xtoa@w:
  4339                           	callstack 0
  4340                           
  4341                           ; 2 bytes @ 0x2F
  4342   000030                     	ds	1
  4343   000031                     dtoa@s:
  4344                           	callstack 0
  4345                           
  4346                           ; 1 bytes @ 0x30
  4347   000031                     	ds	1
  4348   000032                     xtoa@c:
  4349                           	callstack 0
  4350   000032                     dtoa@i:
  4351                           	callstack 0
  4352                           
  4353                           ; 2 bytes @ 0x31
  4354   000032                     	ds	1
  4355   000033                     xtoa@i:
  4356                           	callstack 0
  4357                           
  4358                           ; 2 bytes @ 0x32
  4359   000033                     	ds	2
  4360   000035                     vfpfcnvrt@fp:
  4361                           	callstack 0
  4362                           
  4363                           ; 2 bytes @ 0x34
  4364   000035                     	ds	2
  4365   000037                     vfpfcnvrt@fmt:
  4366                           	callstack 0
  4367                           
  4368                           ; 1 bytes @ 0x36
  4369   000037                     	ds	1
  4370   000038                     vfpfcnvrt@ap:
  4371                           	callstack 0
  4372                           
  4373                           ; 1 bytes @ 0x37
  4374   000038                     	ds	1
  4375   000039                     ??_vfpfcnvrt:
  4376                           
  4377                           ; 1 bytes @ 0x38
  4378   000039                     	ds	2
  4379   00003B                     vfpfcnvrt@c:
  4380                           	callstack 0
  4381                           
  4382                           ; 1 bytes @ 0x3A
  4383   00003B                     	ds	1
  4384   00003C                     vfpfcnvrt@done:
  4385                           	callstack 0
  4386                           
  4387                           ; 1 bytes @ 0x3B
  4388   00003C                     	ds	1
  4389   00003D                     vfpfcnvrt@convarg:
  4390                           	callstack 0
  4391                           
  4392                           ; 4 bytes @ 0x3C
  4393   00003D                     	ds	4
  4394   000041                     vfpfcnvrt@cp:
  4395                           	callstack 0
  4396                           
  4397                           ; 2 bytes @ 0x40
  4398   000041                     	ds	2
  4399   000043                     printf@ap:
  4400                           	callstack 0
  4401   000043                     
  4402                           ; 1 bytes @ 0x42
  4403   000043                     	ds	1
  4404   000044                     
  4405                           ; 1 bytes @ 0x43
  4406 ;;
  4407 ;;Main: autosize = 0, tempsize = 1, incstack = 0, save=0
  4408 ;;
  4409 ;; *************** function _main *****************
  4410 ;; Defined at:
  4411 ;;		line 41 in file "main.c"
  4412 ;; Parameters:    Size  Location     Type
  4413 ;;		None
  4414 ;; Auto vars:     Size  Location     Type
  4415 ;;  sdCardAddres    4   29[BANK0 ] unsigned long 
  4416 ;;  i               2   27[BANK0 ] unsigned short 
  4417 ;;  blockCount      2    0        unsigned short 
  4418 ;;  cmd             1   26[BANK0 ] unsigned char 
  4419 ;;  letter          1   25[BANK0 ] unsigned char 
  4420 ;;  status          1   24[BANK0 ] unsigned char 
  4421 ;; Return value:  Size  Location     Type
  4422 ;;                  1    wreg      void 
  4423 ;; Registers used:
  4424 ;;		wreg, fsr1l, fsr1h, fsr2l, fsr2h, status,2, status,0, pcl, pclath, pclatu, tosl, tblptrl, tblptrh, tblptru, prodl, p
      +rodh, cstack
  4425 ;; Tracked objects:
  4426 ;;		On entry : 0/0
  4427 ;;		On exit  : 0/0
  4428 ;;		Unchanged: 0/0
  4429 ;; Data sizes:     COMRAM   BANK0   BANK1   BANK2   BANK3   BANK4   BANK5
  4430 ;;      Params:         0       0       0       0       0       0       0
  4431 ;;      Locals:         0       9       0       0       0       0       0
  4432 ;;      Temps:          0       1       0       0       0       0       0
  4433 ;;      Totals:         0      10       0       0       0       0       0
  4434 ;;Total ram usage:       10 bytes
  4435 ;; Hardware stack levels required when called: 14
  4436 ;; This function calls:
  4437 ;;		_EUSART1_IsRxReady
  4438 ;;		_EUSART1_Read
  4439 ;;		_SDCARD_Initialize
  4440 ;;		_SDCARD_PollWriteComplete
  4441 ;;		_SDCARD_ReadBlock
  4442 ;;		_SDCARD_WriteBlock
  4443 ;;		_SPI2_ByteExchange
  4444 ;;		_SPI2_Close
  4445 ;;		_SPI2_Open
  4446 ;;		_SYSTEM_Initialize
  4447 ;;		_TMR0_CounterSet
  4448 ;;		_TMR0_OverflowCallbackRegister
  4449 ;;		_hexDumpBuffer
  4450 ;;		_printf
  4451 ;; This function is called by:
  4452 ;;		Startup code after reset
  4453 ;; This function uses a non-reentrant model
  4454 ;;
  4455                           
  4456                           	psect	text0
  4457   000050                     __ptext0:
  4458                           	callstack 0
  4459   000050                     _main:
  4460                           	callstack 17
  4461   000050                     
  4462                           ;main.c: 43: ;main.c: 44:     for (;;) {;main.c: 45: 
  4463   000050  0E00               	movlw	0
  4464   000052  0100               	movlb	0	; () banked
  4465   000054  6FA3               	movwf	main@sdCardAddress& (0+255),b
  4466   000056  0E00               	movlw	0
  4467   000058  6FA4               	movwf	(main@sdCardAddress+1)& (0+255),b
  4468   00005A  0E00               	movlw	0
  4469   00005C  6FA5               	movwf	(main@sdCardAddress+2)& (0+255),b
  4470   00005E  0E00               	movlw	0
  4471   000060  6FA6               	movwf	(main@sdCardAddress+3)& (0+255),b
  4472                           
  4473                           ;main.c: 46:         if (EUSART1_IsRxReady()) {;main.c: 48:             switch (cmd) {
  4474   000062  0E30               	movlw	48
  4475   000064  6F9F               	movwf	main@letter& (0+255),b
  4476   000066                     
  4477                           ; BSR set to: 0
  4478                           ;main.c: 50: 
  4479   000066  EC3A  F00C         	call	_SYSTEM_Initialize	;wreg free
  4480   00006A  888A               	bsf	138,4,c	;volatile
  4481   00006C                     
  4482                           ;main.c: 54:                     printf("\r\n-------------------------------------------
      +                          ------\r\n");
  4483   00006C  0E00               	movlw	0
  4484   00006E  6E10               	movwf	(TMR0_CounterSet@counterValue+1)^0,c
  4485   000070  0E00               	movlw	0
  4486   000072  6E0F               	movwf	TMR0_CounterSet@counterValue^0,c
  4487   000074  EC6C  F00C         	call	_TMR0_CounterSet	;wreg free
  4488   000078                     
  4489                           ;main.c: 55:                     printf("SD card address:  ");
  4490   000078  94F2               	bcf	242,2,c	;volatile
  4491   00007A                     l220:
  4492   00007A  A4F2               	btfss	242,2,c	;volatile
  4493   00007C  EF42  F000         	goto	u3031
  4494   000080  EF44  F000         	goto	u3030
  4495   000084                     u3031:
  4496   000084  EF3D  F000         	goto	l220
  4497   000088                     u3030:
  4498   000088                     
  4499                           ;main.c: 58:                     printf("%04x", sdCardAddress & 0X0000FFFF);
  4500   000088  0EE4               	movlw	low _myTMR0ISR
  4501   00008A  6E0F               	movwf	TMR0_OverflowCallbackRegister@callbackHandler^0,c
  4502   00008C  0E15               	movlw	high _myTMR0ISR
  4503   00008E  6E10               	movwf	(TMR0_OverflowCallbackRegister@callbackHandler+1)^0,c
  4504   000090  EC71  F00C         	call	_TMR0_OverflowCallbackRegister	;wreg free
  4505   000094                     
  4506                           ;main.c: 60:                     printf("-----------------------------------------------
      +                          --\r\n");
  4507   000094  8EF2               	bsf	242,7,c	;volatile
  4508   000096                     
  4509                           ;main.c: 61:                     printf("?: help menu\r\n");
  4510   000096  8CF2               	bsf	242,6,c	;volatile
  4511   000098                     
  4512                           ;main.c: 63:                     printf("Z: Reset processor\r\n");
  4513   000098  0EC6               	movlw	low STR_1
  4514   00009A  0100               	movlb	0	; () banked
  4515   00009C  6F8D               	movwf	printf@fmt& (0+255),b
  4516   00009E  0E7F               	movlw	high STR_1
  4517   0000A0  6F8E               	movwf	(printf@fmt+1)& (0+255),b
  4518   0000A2  ECF0  F00B         	call	_printf	;wreg free
  4519   0000A6                     
  4520                           ;main.c: 64:                     printf("z: Clear the terminal\r\n");
  4521   0000A6  0E74               	movlw	low STR_2
  4522   0000A8  0100               	movlb	0	; () banked
  4523   0000AA  6F8D               	movwf	printf@fmt& (0+255),b
  4524   0000AC  0E7F               	movlw	high STR_2
  4525   0000AE  6F8E               	movwf	(printf@fmt+1)& (0+255),b
  4526   0000B0  ECF0  F00B         	call	_printf	;wreg free
  4527   0000B4                     
  4528                           ;main.c: 65:                     printf("----------------SPI TEST-----------------------
      +                          --\r\n");
  4529   0000B4  0ED1               	movlw	low STR_3
  4530   0000B6  0100               	movlb	0	; () banked
  4531   0000B8  6F8D               	movwf	printf@fmt& (0+255),b
  4532   0000BA  0E7F               	movlw	high STR_3
  4533   0000BC  6F8E               	movwf	(printf@fmt+1)& (0+255),b
  4534   0000BE  ECF0  F00B         	call	_printf	;wreg free
  4535   0000C2                     
  4536                           ;main.c: 67:                     printf("--------------SD CARD TESTS--------------------
      +                          --\r\n");
  4537   0000C2  EC91  F00C         	call	_SPI2_Close	;wreg free
  4538   0000C6                     
  4539                           ;main.c: 68:                     printf("i: Initialize SD card\r\n");
  4540   0000C6  0E01               	movlw	1
  4541   0000C8  EC26  F00A         	call	_SPI2_Open
  4542   0000CC                     l3887:
  4543                           
  4544                           ;main.c: 72:                     printf("--------------- WRITE CONSECTUTIVE BLOCKS -----
      +                          ----------\r\n");
  4545   0000CC  EC54  F00C         	call	_EUSART1_IsRxReady	;wreg free
  4546   0000D0  0900               	iorlw	0
  4547   0000D2  B4D8               	btfsc	status,2,c
  4548   0000D4  EF6E  F000         	goto	u3041
  4549   0000D8  EF70  F000         	goto	u3040
  4550   0000DC                     u3041:
  4551   0000DC  EF66  F000         	goto	l3887
  4552   0000E0                     u3040:
  4553   0000E0                     
  4554                           ;main.c: 73:                     printf("0: Fill each page with identical value, increme
      +                          nt on next page.\r\n");
  4555   0000E0  EC6A  F00A         	call	_EUSART1_Read	;wreg free
  4556   0000E4  0100               	movlb	0	; () banked
  4557   0000E6  6FA0               	movwf	main@cmd& (0+255),b
  4558                           
  4559                           ;main.c: 74:                     printf("-----------------------------------------------
      +                          --\r\n");
  4560   0000E8  EF33  F003         	goto	l4001
  4561   0000EC                     l3891:
  4562                           
  4563                           ; BSR set to: 0
  4564                           ;main.c: 80:                 case 'o':
  4565   0000EC  0E1E               	movlw	low STR_4
  4566   0000EE  6F8D               	movwf	printf@fmt& (0+255),b
  4567   0000F0  0E7C               	movlw	high STR_4
  4568   0000F2  6F8E               	movwf	(printf@fmt+1)& (0+255),b
  4569   0000F4  ECF0  F00B         	call	_printf	;wreg free
  4570                           
  4571                           ;main.c: 81:                     printf("o:	ok\r\n");
  4572   0000F8  0E61               	movlw	low STR_5
  4573   0000FA  0100               	movlb	0	; () banked
  4574   0000FC  6F8D               	movwf	printf@fmt& (0+255),b
  4575   0000FE  0E7F               	movlw	high STR_5
  4576   000100  6F8E               	movwf	(printf@fmt+1)& (0+255),b
  4577   000102  ECF0  F00B         	call	_printf	;wreg free
  4578                           
  4579                           ;main.c: 82:                     break;
  4580   000106  0EEF               	movlw	low STR_6
  4581   000108  0100               	movlb	0	; () banked
  4582   00010A  6F8D               	movwf	printf@fmt& (0+255),b
  4583   00010C  0E7F               	movlw	high STR_6
  4584   00010E  6F8E               	movwf	(printf@fmt+1)& (0+255),b
  4585   000110  C0A5  F08F         	movff	main@sdCardAddress+2,?_printf+2
  4586   000114  C0A6  F090         	movff	main@sdCardAddress+3,?_printf+3
  4587   000118  6B91               	clrf	(?_printf+4)& (0+255),b
  4588   00011A  6B92               	clrf	(?_printf+5)& (0+255),b
  4589   00011C  ECF0  F00B         	call	_printf	;wreg free
  4590                           
  4591                           ;main.c: 83: 
  4592   000120  0EFD               	movlw	low STR_7
  4593   000122  0100               	movlb	0	; () banked
  4594   000124  6F8D               	movwf	printf@fmt& (0+255),b
  4595   000126  0E7F               	movlw	high STR_7
  4596   000128  6F8E               	movwf	(printf@fmt+1)& (0+255),b
  4597   00012A  ECF0  F00B         	call	_printf	;wreg free
  4598                           
  4599                           ;main.c: 84: 
  4600   00012E  0EEF               	movlw	low STR_6
  4601   000130  0100               	movlb	0	; () banked
  4602   000132  6F8D               	movwf	printf@fmt& (0+255),b
  4603   000134  0E7F               	movlw	high STR_6
  4604   000136  6F8E               	movwf	(printf@fmt+1)& (0+255),b
  4605   000138  0EFF               	movlw	255
  4606   00013A  15A3               	andwf	main@sdCardAddress& (0+255),w,b
  4607   00013C  6F8F               	movwf	(?_printf+2)& (0+255),b
  4608   00013E  0EFF               	movlw	255
  4609   000140  15A4               	andwf	(main@sdCardAddress+1)& (0+255),w,b
  4610   000142  6F90               	movwf	(?_printf+3)& (0+255),b
  4611   000144  0E00               	movlw	0
  4612   000146  15A5               	andwf	(main@sdCardAddress+2)& (0+255),w,b
  4613   000148  6F91               	movwf	(?_printf+4)& (0+255),b
  4614   00014A  0E00               	movlw	0
  4615   00014C  15A6               	andwf	(main@sdCardAddress+3)& (0+255),w,b
  4616   00014E  6F92               	movwf	(?_printf+5)& (0+255),b
  4617   000150  ECF0  F00B         	call	_printf	;wreg free
  4618                           
  4619                           ;main.c: 85: 
  4620   000154  0EB4               	movlw	low (STR_52+12)
  4621   000156  0100               	movlb	0	; () banked
  4622   000158  6F8D               	movwf	printf@fmt& (0+255),b
  4623   00015A  0E7F               	movlw	high (STR_52+12)
  4624   00015C  6F8E               	movwf	(printf@fmt+1)& (0+255),b
  4625   00015E  ECF0  F00B         	call	_printf	;wreg free
  4626                           
  4627                           ;main.c: 86: 
  4628   000162  0E20               	movlw	low (STR_4+2)
  4629   000164  0100               	movlb	0	; () banked
  4630   000166  6F8D               	movwf	printf@fmt& (0+255),b
  4631   000168  0E7C               	movlw	high (STR_4+2)
  4632   00016A  6F8E               	movwf	(printf@fmt+1)& (0+255),b
  4633   00016C  ECF0  F00B         	call	_printf	;wreg free
  4634                           
  4635                           ;main.c: 87:                 case 'Z':
  4636   000170  0EB7               	movlw	low STR_11
  4637   000172  0100               	movlb	0	; () banked
  4638   000174  6F8D               	movwf	printf@fmt& (0+255),b
  4639   000176  0E7F               	movlw	high STR_11
  4640   000178  6F8E               	movwf	(printf@fmt+1)& (0+255),b
  4641   00017A  ECF0  F00B         	call	_printf	;wreg free
  4642                           
  4643                           ;main.c: 88:                     for (i = 0; i < 40; i++) printf("\n");
  4644   00017E  0EE2               	movlw	low STR_12
  4645   000180  0100               	movlb	0	; () banked
  4646   000182  6F8D               	movwf	printf@fmt& (0+255),b
  4647   000184  0E7F               	movlw	high STR_12
  4648   000186  6F8E               	movwf	(printf@fmt+1)& (0+255),b
  4649   000188  ECF0  F00B         	call	_printf	;wreg free
  4650                           
  4651                           ;main.c: 89:                     __asm("reset");
  4652   00018C  0E24               	movlw	low STR_13
  4653   00018E  0100               	movlb	0	; () banked
  4654   000190  6F8D               	movwf	printf@fmt& (0+255),b
  4655   000192  0E7F               	movlw	high STR_13
  4656   000194  6F8E               	movwf	(printf@fmt+1)& (0+255),b
  4657   000196  ECF0  F00B         	call	_printf	;wreg free
  4658                           
  4659                           ;main.c: 90:                     break;
  4660   00019A  0EF5               	movlw	low STR_14
  4661   00019C  0100               	movlb	0	; () banked
  4662   00019E  6F8D               	movwf	printf@fmt& (0+255),b
  4663   0001A0  0E7E               	movlw	high STR_14
  4664   0001A2  6F8E               	movwf	(printf@fmt+1)& (0+255),b
  4665   0001A4  ECF0  F00B         	call	_printf	;wreg free
  4666                           
  4667                           ;main.c: 91: 
  4668   0001A8  0E54               	movlw	low STR_15
  4669   0001AA  0100               	movlb	0	; () banked
  4670   0001AC  6F8D               	movwf	printf@fmt& (0+255),b
  4671   0001AE  0E7C               	movlw	high STR_15
  4672   0001B0  6F8E               	movwf	(printf@fmt+1)& (0+255),b
  4673   0001B2  ECF0  F00B         	call	_printf	;wreg free
  4674                           
  4675                           ;main.c: 92: 
  4676   0001B6  0ED9               	movlw	low STR_16
  4677   0001B8  0100               	movlb	0	; () banked
  4678   0001BA  6F8D               	movwf	printf@fmt& (0+255),b
  4679   0001BC  0E7D               	movlw	high STR_16
  4680   0001BE  6F8E               	movwf	(printf@fmt+1)& (0+255),b
  4681   0001C0  ECF0  F00B         	call	_printf	;wreg free
  4682                           
  4683                           ;main.c: 93: 
  4684   0001C4  0E88               	movlw	low STR_17
  4685   0001C6  0100               	movlb	0	; () banked
  4686   0001C8  6F8D               	movwf	printf@fmt& (0+255),b
  4687   0001CA  0E7C               	movlw	high STR_17
  4688   0001CC  6F8E               	movwf	(printf@fmt+1)& (0+255),b
  4689   0001CE  ECF0  F00B         	call	_printf	;wreg free
  4690                           
  4691                           ;main.c: 94: 
  4692   0001D2  0EDD               	movlw	low STR_18
  4693   0001D4  0100               	movlb	0	; () banked
  4694   0001D6  6F8D               	movwf	printf@fmt& (0+255),b
  4695   0001D8  0E7E               	movlw	high STR_18
  4696   0001DA  6F8E               	movwf	(printf@fmt+1)& (0+255),b
  4697   0001DC  ECF0  F00B         	call	_printf	;wreg free
  4698                           
  4699                           ;main.c: 95:                 case 'z':
  4700   0001E0  0EB4               	movlw	low STR_19
  4701   0001E2  0100               	movlb	0	; () banked
  4702   0001E4  6F8D               	movwf	printf@fmt& (0+255),b
  4703   0001E6  0E7D               	movlw	high STR_19
  4704   0001E8  6F8E               	movwf	(printf@fmt+1)& (0+255),b
  4705   0001EA  ECF0  F00B         	call	_printf	;wreg free
  4706                           
  4707                           ;main.c: 96:                     for (i = 0; i < 40; i++) printf("\n");
  4708   0001EE  0E13               	movlw	low STR_20
  4709   0001F0  0100               	movlb	0	; () banked
  4710   0001F2  6F8D               	movwf	printf@fmt& (0+255),b
  4711   0001F4  0E7D               	movlw	high STR_20
  4712   0001F6  6F8E               	movwf	(printf@fmt+1)& (0+255),b
  4713   0001F8  0E02               	movlw	2
  4714   0001FA  6F90               	movwf	(?_printf+3)& (0+255),b
  4715   0001FC  0E00               	movlw	0
  4716   0001FE  6F8F               	movwf	(?_printf+2)& (0+255),b
  4717   000200  ECF0  F00B         	call	_printf	;wreg free
  4718                           
  4719                           ;main.c: 97:                     break;
  4720   000204  0E3E               	movlw	low STR_21
  4721   000206  0100               	movlb	0	; () banked
  4722   000208  6F8D               	movwf	printf@fmt& (0+255),b
  4723   00020A  0E7D               	movlw	high STR_21
  4724   00020C  6F8E               	movwf	(printf@fmt+1)& (0+255),b
  4725   00020E  0E02               	movlw	2
  4726   000210  6F90               	movwf	(?_printf+3)& (0+255),b
  4727   000212  0E00               	movlw	0
  4728   000214  6F8F               	movwf	(?_printf+2)& (0+255),b
  4729   000216  ECF0  F00B         	call	_printf	;wreg free
  4730                           
  4731                           ;main.c: 98: 
  4732   00021A  0EE2               	movlw	low STR_22
  4733   00021C  0100               	movlb	0	; () banked
  4734   00021E  6F8D               	movwf	printf@fmt& (0+255),b
  4735   000220  0E7B               	movlw	high STR_22
  4736   000222  6F8E               	movwf	(printf@fmt+1)& (0+255),b
  4737   000224  ECF0  F00B         	call	_printf	;wreg free
  4738                           
  4739                           ;main.c: 99: 
  4740   000228  0EA0               	movlw	low STR_23
  4741   00022A  0100               	movlb	0	; () banked
  4742   00022C  6F8D               	movwf	printf@fmt& (0+255),b
  4743   00022E  0E7B               	movlw	high STR_23
  4744   000230  6F8E               	movwf	(printf@fmt+1)& (0+255),b
  4745   000232  ECF0  F00B         	call	_printf	;wreg free
  4746                           
  4747                           ;main.c: 100: 
  4748   000236  0E20               	movlw	low (STR_4+2)
  4749   000238  0100               	movlb	0	; () banked
  4750   00023A  6F8D               	movwf	printf@fmt& (0+255),b
  4751   00023C  0E7C               	movlw	high (STR_4+2)
  4752   00023E  6F8E               	movwf	(printf@fmt+1)& (0+255),b
  4753   000240  ECF0  F00B         	call	_printf	;wreg free
  4754                           
  4755                           ;main.c: 101: 
  4756   000244  EF66  F000         	goto	l3887
  4757   000248                     l3893:
  4758                           
  4759                           ; BSR set to: 0
  4760                           ;main.c: 107:                     printf("    Hit any key when ready\r\n");
  4761   000248  0EDA               	movlw	low STR_25
  4762   00024A  6F8D               	movwf	printf@fmt& (0+255),b
  4763   00024C  0E7F               	movlw	high STR_25
  4764   00024E  6F8E               	movwf	(printf@fmt+1)& (0+255),b
  4765   000250  ECF0  F00B         	call	_printf	;wreg free
  4766                           
  4767                           ;main.c: 108:                     while (EUSART1_IsRxReady());
  4768   000254  EF66  F000         	goto	l3887
  4769   000258                     l3895:
  4770                           
  4771                           ; BSR set to: 0
  4772                           ;main.c: 114:                     break;
  4773   000258  0E00               	movlw	0
  4774   00025A  6FA2               	movwf	(main@i+1)& (0+255),b
  4775   00025C  0E00               	movlw	0
  4776   00025E  6FA1               	movwf	main@i& (0+255),b
  4777   000260                     l3901:
  4778                           
  4779                           ; BSR set to: 0
  4780   000260  0EF6               	movlw	low (STR_62+2)
  4781   000262  6F8D               	movwf	printf@fmt& (0+255),b
  4782   000264  0E7F               	movlw	high (STR_62+2)
  4783   000266  6F8E               	movwf	(printf@fmt+1)& (0+255),b
  4784   000268  ECF0  F00B         	call	_printf	;wreg free
  4785   00026C  0100               	movlb	0	; () banked
  4786   00026E  4BA1               	infsnz	main@i& (0+255),f,b
  4787   000270  2BA2               	incf	(main@i+1)& (0+255),f,b
  4788   000272                     
  4789                           ; BSR set to: 0
  4790   000272  51A2               	movf	(main@i+1)& (0+255),w,b
  4791   000274  E109               	bnz	u3050
  4792   000276  0E28               	movlw	40
  4793   000278  5DA1               	subwf	main@i& (0+255),w,b
  4794   00027A  A0D8               	btfss	status,0,c
  4795   00027C  EF42  F001         	goto	u3051
  4796   000280  EF44  F001         	goto	u3050
  4797   000284                     u3051:
  4798   000284  EF30  F001         	goto	l3901
  4799   000288                     u3050:
  4800   000288                     
  4801                           ; BSR set to: 0
  4802   000288  00FF               	reset		;# 
  4803                           
  4804                           ;main.c: 116: 
  4805   00028A  EF66  F000         	goto	l3887
  4806   00028E                     l3907:
  4807                           
  4808                           ; BSR set to: 0
  4809                           ;main.c: 122:                     SPI2_Open(CLASSIC_FWPORT);
  4810   00028E  0E00               	movlw	0
  4811   000290  6FA2               	movwf	(main@i+1)& (0+255),b
  4812   000292  0E00               	movlw	0
  4813   000294  6FA1               	movwf	main@i& (0+255),b
  4814   000296                     l3913:
  4815                           
  4816                           ; BSR set to: 0
  4817   000296  0EF6               	movlw	low (STR_62+2)
  4818   000298  6F8D               	movwf	printf@fmt& (0+255),b
  4819   00029A  0E7F               	movlw	high (STR_62+2)
  4820   00029C  6F8E               	movwf	(printf@fmt+1)& (0+255),b
  4821   00029E  ECF0  F00B         	call	_printf	;wreg free
  4822   0002A2  0100               	movlb	0	; () banked
  4823   0002A4  4BA1               	infsnz	main@i& (0+255),f,b
  4824   0002A6  2BA2               	incf	(main@i+1)& (0+255),f,b
  4825   0002A8                     
  4826                           ; BSR set to: 0
  4827   0002A8  51A2               	movf	(main@i+1)& (0+255),w,b
  4828   0002AA  E109               	bnz	u3060
  4829   0002AC  0E28               	movlw	40
  4830   0002AE  5DA1               	subwf	main@i& (0+255),w,b
  4831   0002B0  A0D8               	btfss	status,0,c
  4832   0002B2  EF5D  F001         	goto	u3061
  4833   0002B6  EF5F  F001         	goto	u3060
  4834   0002BA                     u3061:
  4835   0002BA  EF4B  F001         	goto	l3913
  4836   0002BE                     u3060:
  4837   0002BE  EF66  F000         	goto	l3887
  4838   0002C2                     l3919:
  4839                           
  4840                           ; BSR set to: 0
  4841                           ;main.c: 129:                 case 'A':
  4842   0002C2  0EFA               	movlw	low STR_28
  4843   0002C4  6F8D               	movwf	printf@fmt& (0+255),b
  4844   0002C6  0E7A               	movlw	high STR_28
  4845   0002C8  6F8E               	movwf	(printf@fmt+1)& (0+255),b
  4846   0002CA  ECF0  F00B         	call	_printf	;wreg free
  4847                           
  4848                           ;main.c: 130:                 case 'a':
  4849   0002CE  0E4D               	movlw	low STR_29
  4850   0002D0  0100               	movlb	0	; () banked
  4851   0002D2  6F8D               	movwf	printf@fmt& (0+255),b
  4852   0002D4  0E7B               	movlw	high STR_29
  4853   0002D6  6F8E               	movwf	(printf@fmt+1)& (0+255),b
  4854   0002D8  ECF0  F00B         	call	_printf	;wreg free
  4855                           
  4856                           ;main.c: 131:                     if (cmd == 'a') {
  4857   0002DC  0EA8               	movlw	low STR_30
  4858   0002DE  0100               	movlb	0	; () banked
  4859   0002E0  6F8D               	movwf	printf@fmt& (0+255),b
  4860   0002E2  0E7E               	movlw	high STR_30
  4861   0002E4  6F8E               	movwf	(printf@fmt+1)& (0+255),b
  4862   0002E6  ECF0  F00B         	call	_printf	;wreg free
  4863                           
  4864                           ;main.c: 132:                         sdCardAddress -= 512;
  4865   0002EA  0EBC               	movlw	low STR_31
  4866   0002EC  0100               	movlb	0	; () banked
  4867   0002EE  6F8D               	movwf	printf@fmt& (0+255),b
  4868   0002F0  0E7C               	movlw	high STR_31
  4869   0002F2  6F8E               	movwf	(printf@fmt+1)& (0+255),b
  4870   0002F4  ECF0  F00B         	call	_printf	;wreg free
  4871                           
  4872                           ;main.c: 133:                         if (sdCardAddress >= 0x04000000) {
  4873   0002F8  0E38               	movlw	low STR_32
  4874   0002FA  0100               	movlb	0	; () banked
  4875   0002FC  6F8D               	movwf	printf@fmt& (0+255),b
  4876   0002FE  0E7E               	movlw	high STR_32
  4877   000300  6F8E               	movwf	(printf@fmt+1)& (0+255),b
  4878   000302  ECF0  F00B         	call	_printf	;wreg free
  4879   000306                     l3921:
  4880   000306  EC54  F00C         	call	_EUSART1_IsRxReady	;wreg free
  4881   00030A  0900               	iorlw	0
  4882   00030C  A4D8               	btfss	status,2,c
  4883   00030E  EF8B  F001         	goto	u3071
  4884   000312  EF8D  F001         	goto	u3070
  4885   000316                     u3071:
  4886   000316  EF83  F001         	goto	l3921
  4887   00031A                     u3070:
  4888   00031A                     l3923:
  4889   00031A  EC54  F00C         	call	_EUSART1_IsRxReady	;wreg free
  4890   00031E  0900               	iorlw	0
  4891   000320  B4D8               	btfsc	status,2,c
  4892   000322  EF95  F001         	goto	u3081
  4893   000326  EF97  F001         	goto	u3080
  4894   00032A                     u3081:
  4895   00032A  EF8D  F001         	goto	l3923
  4896   00032E                     u3080:
  4897   00032E                     
  4898                           ;main.c: 136:                         } else {
  4899   00032E  EC6A  F00A         	call	_EUSART1_Read	;wreg free
  4900   000332                     
  4901                           ;main.c: 138:                         }
  4902   000332  0E1B               	movlw	low STR_33
  4903   000334  0100               	movlb	0	; () banked
  4904   000336  6F8D               	movwf	printf@fmt& (0+255),b
  4905   000338  0E7E               	movlw	high STR_33
  4906   00033A  6F8E               	movwf	(printf@fmt+1)& (0+255),b
  4907   00033C  C09F  F08F         	movff	main@letter,?_printf+2
  4908   000340  6B90               	clrf	(?_printf+3)& (0+255),b
  4909   000342  519F               	movf	main@letter& (0+255),w,b
  4910   000344  EC47  F00C         	call	_SPI2_ByteExchange
  4911   000348  0100               	movlb	0	; () banked
  4912   00034A  6F9D               	movwf	??_main& (0+255),b
  4913   00034C  519D               	movf	??_main& (0+255),w,b
  4914   00034E  6F91               	movwf	(?_printf+4)& (0+255),b
  4915   000350  6B92               	clrf	(?_printf+5)& (0+255),b
  4916   000352  ECF0  F00B         	call	_printf	;wreg free
  4917   000356                     
  4918                           ;main.c: 139:                     } else {
  4919   000356  0100               	movlb	0	; () banked
  4920   000358  2B9F               	incf	main@letter& (0+255),f,b
  4921                           
  4922                           ;main.c: 140:                         sdCardAddress += 512;
  4923   00035A  EF66  F000         	goto	l3887
  4924   00035E                     l3931:
  4925                           
  4926                           ; BSR set to: 0
  4927                           ;main.c: 147:                     }
  4928   00035E  EC91  F00C         	call	_SPI2_Close	;wreg free
  4929   000362                     
  4930                           ;main.c: 148: 
  4931   000362  0E01               	movlw	1
  4932   000364  EC26  F00A         	call	_SPI2_Open
  4933   000368                     
  4934                           ;main.c: 149: 
  4935   000368  0E01               	movlw	1
  4936   00036A  EC83  F005         	call	_SDCARD_Initialize
  4937                           
  4938                           ;main.c: 150:                     printf("SD card address:  ");
  4939   00036E  EF66  F000         	goto	l3887
  4940   000372                     l3937:
  4941                           
  4942                           ; BSR set to: 0
  4943                           ;main.c: 157: 
  4944   000372  0E61               	movlw	97
  4945   000374  19A0               	xorwf	main@cmd& (0+255),w,b
  4946   000376  A4D8               	btfss	status,2,c
  4947   000378  EFC0  F001         	goto	u3091
  4948   00037C  EFC2  F001         	goto	u3090
  4949   000380                     u3091:
  4950   000380  EFEC  F001         	goto	l3947
  4951   000384                     u3090:
  4952   000384                     
  4953                           ; BSR set to: 0
  4954                           ;main.c: 158: 
  4955   000384  0E00               	movlw	0
  4956   000386  5FA3               	subwf	main@sdCardAddress& (0+255),f,b
  4957   000388  0E02               	movlw	2
  4958   00038A  5BA4               	subwfb	(main@sdCardAddress+1)& (0+255),f,b
  4959   00038C  0E00               	movlw	0
  4960   00038E  5BA5               	subwfb	(main@sdCardAddress+2)& (0+255),f,b
  4961   000390  0E00               	movlw	0
  4962   000392  5BA6               	subwfb	(main@sdCardAddress+3)& (0+255),f,b
  4963                           
  4964                           ;main.c: 159: 
  4965   000394  0E04               	movlw	4
  4966   000396  5DA6               	subwf	(main@sdCardAddress+3)& (0+255),w,b
  4967   000398  A0D8               	btfss	status,0,c
  4968   00039A  EFD1  F001         	goto	u3101
  4969   00039E  EFD3  F001         	goto	u3100
  4970   0003A2                     u3101:
  4971   0003A2  EFE4  F001         	goto	l3945
  4972   0003A6                     u3100:
  4973   0003A6                     
  4974                           ; BSR set to: 0
  4975                           ;main.c: 160:                 case 'w':
  4976   0003A6  0EFD               	movlw	low STR_34
  4977   0003A8  6F8D               	movwf	printf@fmt& (0+255),b
  4978   0003AA  0E7D               	movlw	high STR_34
  4979   0003AC  6F8E               	movwf	(printf@fmt+1)& (0+255),b
  4980   0003AE  ECF0  F00B         	call	_printf	;wreg free
  4981   0003B2                     
  4982                           ;main.c: 161:                     printf("Probe RC4 to determine write period\r\n");
  4983   0003B2  0E00               	movlw	0
  4984   0003B4  0100               	movlb	0	; () banked
  4985   0003B6  6FA3               	movwf	main@sdCardAddress& (0+255),b
  4986   0003B8  0EFE               	movlw	254
  4987   0003BA  6FA4               	movwf	(main@sdCardAddress+1)& (0+255),b
  4988   0003BC  0EFF               	movlw	255
  4989   0003BE  6FA5               	movwf	(main@sdCardAddress+2)& (0+255),b
  4990   0003C0  0E03               	movlw	3
  4991   0003C2  6FA6               	movwf	(main@sdCardAddress+3)& (0+255),b
  4992                           
  4993                           ;main.c: 162:                     for (i = 0; i < 512; i++) sdCardBuffer[i] = 255 - i;
  4994   0003C4  EF14  F002         	goto	l248
  4995   0003C8                     l3945:
  4996                           
  4997                           ; BSR set to: 0
  4998                           ;main.c: 163: 
  4999   0003C8  0E39               	movlw	low STR_35
  5000   0003CA  6F8D               	movwf	printf@fmt& (0+255),b
  5001   0003CC  0E7F               	movlw	high STR_35
  5002   0003CE  6F8E               	movwf	(printf@fmt+1)& (0+255),b
  5003   0003D0  ECF0  F00B         	call	_printf	;wreg free
  5004   0003D4  EF14  F002         	goto	l248
  5005   0003D8                     l3947:
  5006                           
  5007                           ; BSR set to: 0
  5008                           ;main.c: 166:                     while ((status = SDCARD_PollWriteComplete()) == 0xFF);
  5009   0003D8  0E00               	movlw	0
  5010   0003DA  27A3               	addwf	main@sdCardAddress& (0+255),f,b
  5011   0003DC  0E02               	movlw	2
  5012   0003DE  23A4               	addwfc	(main@sdCardAddress+1)& (0+255),f,b
  5013   0003E0  0E00               	movlw	0
  5014   0003E2  23A5               	addwfc	(main@sdCardAddress+2)& (0+255),f,b
  5015   0003E4  0E00               	movlw	0
  5016   0003E6  23A6               	addwfc	(main@sdCardAddress+3)& (0+255),f,b
  5017                           
  5018                           ;main.c: 167:                     do { LATCbits.LATC4 = 0; } while(0);
  5019   0003E8  0E04               	movlw	4
  5020   0003EA  5DA6               	subwf	(main@sdCardAddress+3)& (0+255),w,b
  5021   0003EC  A0D8               	btfss	status,0,c
  5022   0003EE  EFFB  F001         	goto	u3111
  5023   0003F2  EFFD  F001         	goto	u3110
  5024   0003F6                     u3111:
  5025   0003F6  EF0E  F002         	goto	l3953
  5026   0003FA                     u3110:
  5027   0003FA                     
  5028                           ; BSR set to: 0
  5029                           ;main.c: 168: 
  5030   0003FA  0E71               	movlw	low STR_36
  5031   0003FC  6F8D               	movwf	printf@fmt& (0+255),b
  5032   0003FE  0E7E               	movlw	high STR_36
  5033   000400  6F8E               	movwf	(printf@fmt+1)& (0+255),b
  5034   000402  ECF0  F00B         	call	_printf	;wreg free
  5035   000406                     
  5036                           ;main.c: 169:                     printf("Write block of decremented 8-bit values:\r\n")
      +                          ;
  5037   000406  0E00               	movlw	0
  5038   000408  0100               	movlb	0	; () banked
  5039   00040A  6FA3               	movwf	main@sdCardAddress& (0+255),b
  5040   00040C  0E00               	movlw	0
  5041   00040E  6FA4               	movwf	(main@sdCardAddress+1)& (0+255),b
  5042   000410  0E00               	movlw	0
  5043   000412  6FA5               	movwf	(main@sdCardAddress+2)& (0+255),b
  5044   000414  0E00               	movlw	0
  5045   000416  6FA6               	movwf	(main@sdCardAddress+3)& (0+255),b
  5046                           
  5047                           ;main.c: 170:                     printf("    Address:    ");
  5048   000418  EF14  F002         	goto	l248
  5049   00041C                     l3953:
  5050                           
  5051                           ; BSR set to: 0
  5052                           ;main.c: 171:                     printf("%04x", sdCardAddress >> 16);
  5053   00041C  0E4D               	movlw	low STR_37
  5054   00041E  6F8D               	movwf	printf@fmt& (0+255),b
  5055   000420  0E7F               	movlw	high STR_37
  5056   000422  6F8E               	movwf	(printf@fmt+1)& (0+255),b
  5057   000424  ECF0  F00B         	call	_printf	;wreg free
  5058   000428                     l248:
  5059                           
  5060                           ;main.c: 176:                     break;
  5061   000428  0E61               	movlw	low STR_5
  5062   00042A  0100               	movlb	0	; () banked
  5063   00042C  6F8D               	movwf	printf@fmt& (0+255),b
  5064   00042E  0E7F               	movlw	high STR_5
  5065   000430  6F8E               	movwf	(printf@fmt+1)& (0+255),b
  5066   000432  ECF0  F00B         	call	_printf	;wreg free
  5067                           
  5068                           ;main.c: 177: 
  5069   000436  0EEF               	movlw	low STR_6
  5070   000438  0100               	movlb	0	; () banked
  5071   00043A  6F8D               	movwf	printf@fmt& (0+255),b
  5072   00043C  0E7F               	movlw	high STR_6
  5073   00043E  6F8E               	movwf	(printf@fmt+1)& (0+255),b
  5074   000440  C0A5  F08F         	movff	main@sdCardAddress+2,?_printf+2
  5075   000444  C0A6  F090         	movff	main@sdCardAddress+3,?_printf+3
  5076   000448  6B91               	clrf	(?_printf+4)& (0+255),b
  5077   00044A  6B92               	clrf	(?_printf+5)& (0+255),b
  5078   00044C  ECF0  F00B         	call	_printf	;wreg free
  5079                           
  5080                           ;main.c: 178: 
  5081   000450  0EFD               	movlw	low STR_7
  5082   000452  0100               	movlb	0	; () banked
  5083   000454  6F8D               	movwf	printf@fmt& (0+255),b
  5084   000456  0E7F               	movlw	high STR_7
  5085   000458  6F8E               	movwf	(printf@fmt+1)& (0+255),b
  5086   00045A  ECF0  F00B         	call	_printf	;wreg free
  5087                           
  5088                           ;main.c: 179: 
  5089   00045E  0EEF               	movlw	low STR_6
  5090   000460  0100               	movlb	0	; () banked
  5091   000462  6F8D               	movwf	printf@fmt& (0+255),b
  5092   000464  0E7F               	movlw	high STR_6
  5093   000466  6F8E               	movwf	(printf@fmt+1)& (0+255),b
  5094   000468  0EFF               	movlw	255
  5095   00046A  15A3               	andwf	main@sdCardAddress& (0+255),w,b
  5096   00046C  6F8F               	movwf	(?_printf+2)& (0+255),b
  5097   00046E  0EFF               	movlw	255
  5098   000470  15A4               	andwf	(main@sdCardAddress+1)& (0+255),w,b
  5099   000472  6F90               	movwf	(?_printf+3)& (0+255),b
  5100   000474  0E00               	movlw	0
  5101   000476  15A5               	andwf	(main@sdCardAddress+2)& (0+255),w,b
  5102   000478  6F91               	movwf	(?_printf+4)& (0+255),b
  5103   00047A  0E00               	movlw	0
  5104   00047C  15A6               	andwf	(main@sdCardAddress+3)& (0+255),w,b
  5105   00047E  6F92               	movwf	(?_printf+5)& (0+255),b
  5106   000480  ECF0  F00B         	call	_printf	;wreg free
  5107                           
  5108                           ;main.c: 180: 
  5109   000484  0EB4               	movlw	low (STR_52+12)
  5110   000486  0100               	movlb	0	; () banked
  5111   000488  6F8D               	movwf	printf@fmt& (0+255),b
  5112   00048A  0E7F               	movlw	high (STR_52+12)
  5113   00048C  6F8E               	movwf	(printf@fmt+1)& (0+255),b
  5114   00048E  ECF0  F00B         	call	_printf	;wreg free
  5115                           
  5116                           ;main.c: 181:                 case 'r':
  5117   000492  EF66  F000         	goto	l3887
  5118   000496                     l3955:
  5119                           
  5120                           ; BSR set to: 0
  5121                           ;main.c: 187:                     printf("    Address:    ");
  5122   000496  0E68               	movlw	low STR_43
  5123   000498  6F8D               	movwf	printf@fmt& (0+255),b
  5124   00049A  0E7D               	movlw	high STR_43
  5125   00049C  6F8E               	movwf	(printf@fmt+1)& (0+255),b
  5126   00049E  ECF0  F00B         	call	_printf	;wreg free
  5127   0004A2                     
  5128                           ;main.c: 188:                     printf("%04x", sdCardAddress >> 16);
  5129   0004A2  0E00               	movlw	0
  5130   0004A4  0100               	movlb	0	; () banked
  5131   0004A6  6FA2               	movwf	(main@i+1)& (0+255),b
  5132   0004A8  0E00               	movlw	0
  5133   0004AA  6FA1               	movwf	main@i& (0+255),b
  5134   0004AC                     l3963:
  5135                           
  5136                           ; BSR set to: 0
  5137   0004AC  0EA9               	movlw	low _sdCardBuffer
  5138   0004AE  25A1               	addwf	main@i& (0+255),w,b
  5139   0004B0  6ED9               	movwf	fsr2l,c
  5140   0004B2  0E00               	movlw	high _sdCardBuffer
  5141   0004B4  21A2               	addwfc	(main@i+1)& (0+255),w,b
  5142   0004B6  6EDA               	movwf	fsr2h,c
  5143   0004B8  51A1               	movf	main@i& (0+255),w,b
  5144   0004BA  0AFF               	xorlw	255
  5145   0004BC  6EDF               	movwf	indf2,c
  5146   0004BE                     
  5147                           ; BSR set to: 0
  5148   0004BE  4BA1               	infsnz	main@i& (0+255),f,b
  5149   0004C0  2BA2               	incf	(main@i+1)& (0+255),f,b
  5150   0004C2                     
  5151                           ; BSR set to: 0
  5152   0004C2  0E02               	movlw	2
  5153   0004C4  5DA2               	subwf	(main@i+1)& (0+255),w,b
  5154   0004C6  A0D8               	btfss	status,0,c
  5155   0004C8  EF68  F002         	goto	u3121
  5156   0004CC  EF6A  F002         	goto	u3120
  5157   0004D0                     u3121:
  5158   0004D0  EF56  F002         	goto	l3963
  5159   0004D4                     u3120:
  5160   0004D4                     
  5161                           ; BSR set to: 0
  5162   0004D4  888B               	bsf	139,4,c	;volatile
  5163   0004D6                     
  5164                           ; BSR set to: 0
  5165                           ;main.c: 191:                     printf("\r\n");
  5166   0004D6  C0A3  F010         	movff	main@sdCardAddress,SDCARD_WriteBlock@addr
  5167   0004DA  C0A4  F011         	movff	main@sdCardAddress+1,SDCARD_WriteBlock@addr+1
  5168   0004DE  C0A5  F012         	movff	main@sdCardAddress+2,SDCARD_WriteBlock@addr+2
  5169   0004E2  C0A6  F013         	movff	main@sdCardAddress+3,SDCARD_WriteBlock@addr+3
  5170   0004E6  0EA9               	movlw	low _sdCardBuffer
  5171   0004E8  6E14               	movwf	SDCARD_WriteBlock@sdCardBuffer^0,c
  5172   0004EA  0E00               	movlw	high _sdCardBuffer
  5173   0004EC  6E15               	movwf	(SDCARD_WriteBlock@sdCardBuffer+1)^0,c
  5174   0004EE  ECDF  F009         	call	_SDCARD_WriteBlock	;wreg free
  5175   0004F2                     l3971:
  5176   0004F2  EC4A  F00B         	call	_SDCARD_PollWriteComplete	;wreg free
  5177   0004F6  0100               	movlb	0	; () banked
  5178   0004F8  6F9E               	movwf	main@status& (0+255),b
  5179   0004FA  299E               	incf	main@status& (0+255),w,b
  5180   0004FC  B4D8               	btfsc	status,2,c
  5181   0004FE  EF83  F002         	goto	u3131
  5182   000502  EF85  F002         	goto	u3130
  5183   000506                     u3131:
  5184   000506  EF79  F002         	goto	l3971
  5185   00050A                     u3130:
  5186   00050A                     
  5187                           ; BSR set to: 0
  5188   00050A  988B               	bcf	139,4,c	;volatile
  5189   00050C                     
  5190                           ; BSR set to: 0
  5191                           ;main.c: 195: 
  5192   00050C  0EE8               	movlw	low STR_44
  5193   00050E  6F8D               	movwf	printf@fmt& (0+255),b
  5194   000510  0E7C               	movlw	high STR_44
  5195   000512  6F8E               	movwf	(printf@fmt+1)& (0+255),b
  5196   000514  ECF0  F00B         	call	_printf	;wreg free
  5197                           
  5198                           ;main.c: 196: 
  5199   000518  0E97               	movlw	low STR_45
  5200   00051A  0100               	movlb	0	; () banked
  5201   00051C  6F8D               	movwf	printf@fmt& (0+255),b
  5202   00051E  0E7F               	movlw	high STR_45
  5203   000520  6F8E               	movwf	(printf@fmt+1)& (0+255),b
  5204   000522  ECF0  F00B         	call	_printf	;wreg free
  5205                           
  5206                           ;main.c: 197: 
  5207   000526  0EEF               	movlw	low STR_6
  5208   000528  0100               	movlb	0	; () banked
  5209   00052A  6F8D               	movwf	printf@fmt& (0+255),b
  5210   00052C  0E7F               	movlw	high STR_6
  5211   00052E  6F8E               	movwf	(printf@fmt+1)& (0+255),b
  5212   000530  C0A5  F08F         	movff	main@sdCardAddress+2,?_printf+2
  5213   000534  C0A6  F090         	movff	main@sdCardAddress+3,?_printf+3
  5214   000538  6B91               	clrf	(?_printf+4)& (0+255),b
  5215   00053A  6B92               	clrf	(?_printf+5)& (0+255),b
  5216   00053C  ECF0  F00B         	call	_printf	;wreg free
  5217                           
  5218                           ;main.c: 198:                 default:
  5219   000540  0EFD               	movlw	low STR_7
  5220   000542  0100               	movlb	0	; () banked
  5221   000544  6F8D               	movwf	printf@fmt& (0+255),b
  5222   000546  0E7F               	movlw	high STR_7
  5223   000548  6F8E               	movwf	(printf@fmt+1)& (0+255),b
  5224   00054A  ECF0  F00B         	call	_printf	;wreg free
  5225                           
  5226                           ;main.c: 199:                     printf("Unknown key %c\r\n", cmd);
  5227   00054E  0EEF               	movlw	low STR_6
  5228   000550  0100               	movlb	0	; () banked
  5229   000552  6F8D               	movwf	printf@fmt& (0+255),b
  5230   000554  0E7F               	movlw	high STR_6
  5231   000556  6F8E               	movwf	(printf@fmt+1)& (0+255),b
  5232   000558  0EFF               	movlw	255
  5233   00055A  15A3               	andwf	main@sdCardAddress& (0+255),w,b
  5234   00055C  6F8F               	movwf	(?_printf+2)& (0+255),b
  5235   00055E  0EFF               	movlw	255
  5236   000560  15A4               	andwf	(main@sdCardAddress+1)& (0+255),w,b
  5237   000562  6F90               	movwf	(?_printf+3)& (0+255),b
  5238   000564  0E00               	movlw	0
  5239   000566  15A5               	andwf	(main@sdCardAddress+2)& (0+255),w,b
  5240   000568  6F91               	movwf	(?_printf+4)& (0+255),b
  5241   00056A  0E00               	movlw	0
  5242   00056C  15A6               	andwf	(main@sdCardAddress+3)& (0+255),w,b
  5243   00056E  6F92               	movwf	(?_printf+5)& (0+255),b
  5244   000570  ECF0  F00B         	call	_printf	;wreg free
  5245                           
  5246                           ;main.c: 200:                     break;
  5247   000574  0EB4               	movlw	low (STR_52+12)
  5248   000576  0100               	movlb	0	; () banked
  5249   000578  6F8D               	movwf	printf@fmt& (0+255),b
  5250   00057A  0E7F               	movlw	high (STR_52+12)
  5251   00057C  6F8E               	movwf	(printf@fmt+1)& (0+255),b
  5252   00057E  ECF0  F00B         	call	_printf	;wreg free
  5253                           
  5254                           ;main.c: 201:             }
  5255   000582  0E0D               	movlw	low STR_50
  5256   000584  0100               	movlb	0	; () banked
  5257   000586  6F8D               	movwf	printf@fmt& (0+255),b
  5258   000588  0E7F               	movlw	high STR_50
  5259   00058A  6F8E               	movwf	(printf@fmt+1)& (0+255),b
  5260   00058C  C09E  F08F         	movff	main@status,?_printf+2
  5261   000590  6B90               	clrf	(?_printf+3)& (0+255),b
  5262   000592  ECF0  F00B         	call	_printf	;wreg free
  5263                           
  5264                           ;main.c: 202: 
  5265   000596  EF66  F000         	goto	l3887
  5266   00059A                     l3975:
  5267                           
  5268                           ; BSR set to: 0
  5269   00059A  0E8E               	movlw	low STR_51
  5270   00059C  6F8D               	movwf	printf@fmt& (0+255),b
  5271   00059E  0E7D               	movlw	high STR_51
  5272   0005A0  6F8E               	movwf	(printf@fmt+1)& (0+255),b
  5273   0005A2  ECF0  F00B         	call	_printf	;wreg free
  5274   0005A6  8A8B               	bsf	139,5,c	;volatile
  5275   0005A8  C0A3  F010         	movff	main@sdCardAddress,SDCARD_ReadBlock@addr
  5276   0005AC  C0A4  F011         	movff	main@sdCardAddress+1,SDCARD_ReadBlock@addr+1
  5277   0005B0  C0A5  F012         	movff	main@sdCardAddress+2,SDCARD_ReadBlock@addr+2
  5278   0005B4  C0A6  F013         	movff	main@sdCardAddress+3,SDCARD_ReadBlock@addr+3
  5279   0005B8  0EA9               	movlw	low _sdCardBuffer
  5280   0005BA  6E14               	movwf	SDCARD_ReadBlock@sdCardBuffer^0,c
  5281   0005BC  0E00               	movlw	high _sdCardBuffer
  5282   0005BE  6E15               	movwf	(SDCARD_ReadBlock@sdCardBuffer+1)^0,c
  5283   0005C0  EC47  F009         	call	_SDCARD_ReadBlock	;wreg free
  5284   0005C4  9A8B               	bcf	139,5,c	;volatile
  5285   0005C6  0EA8               	movlw	low STR_52
  5286   0005C8  0100               	movlb	0	; () banked
  5287   0005CA  6F8D               	movwf	printf@fmt& (0+255),b
  5288   0005CC  0E7F               	movlw	high STR_52
  5289   0005CE  6F8E               	movwf	(printf@fmt+1)& (0+255),b
  5290   0005D0  ECF0  F00B         	call	_printf	;wreg free
  5291   0005D4  0E97               	movlw	low STR_45
  5292   0005D6  0100               	movlb	0	; () banked
  5293   0005D8  6F8D               	movwf	printf@fmt& (0+255),b
  5294   0005DA  0E7F               	movlw	high STR_45
  5295   0005DC  6F8E               	movwf	(printf@fmt+1)& (0+255),b
  5296   0005DE  ECF0  F00B         	call	_printf	;wreg free
  5297   0005E2  0EEF               	movlw	low STR_6
  5298   0005E4  0100               	movlb	0	; () banked
  5299   0005E6  6F8D               	movwf	printf@fmt& (0+255),b
  5300   0005E8  0E7F               	movlw	high STR_6
  5301   0005EA  6F8E               	movwf	(printf@fmt+1)& (0+255),b
  5302   0005EC  C0A5  F08F         	movff	main@sdCardAddress+2,?_printf+2
  5303   0005F0  C0A6  F090         	movff	main@sdCardAddress+3,?_printf+3
  5304   0005F4  6B91               	clrf	(?_printf+4)& (0+255),b
  5305   0005F6  6B92               	clrf	(?_printf+5)& (0+255),b
  5306   0005F8  ECF0  F00B         	call	_printf	;wreg free
  5307   0005FC  0EFD               	movlw	low STR_7
  5308   0005FE  0100               	movlb	0	; () banked
  5309   000600  6F8D               	movwf	printf@fmt& (0+255),b
  5310   000602  0E7F               	movlw	high STR_7
  5311   000604  6F8E               	movwf	(printf@fmt+1)& (0+255),b
  5312   000606  ECF0  F00B         	call	_printf	;wreg free
  5313   00060A  0EEF               	movlw	low STR_6
  5314   00060C  0100               	movlb	0	; () banked
  5315   00060E  6F8D               	movwf	printf@fmt& (0+255),b
  5316   000610  0E7F               	movlw	high STR_6
  5317   000612  6F8E               	movwf	(printf@fmt+1)& (0+255),b
  5318   000614  0EFF               	movlw	255
  5319   000616  15A3               	andwf	main@sdCardAddress& (0+255),w,b
  5320   000618  6F8F               	movwf	(?_printf+2)& (0+255),b
  5321   00061A  0EFF               	movlw	255
  5322   00061C  15A4               	andwf	(main@sdCardAddress+1)& (0+255),w,b
  5323   00061E  6F90               	movwf	(?_printf+3)& (0+255),b
  5324   000620  0E00               	movlw	0
  5325   000622  15A5               	andwf	(main@sdCardAddress+2)& (0+255),w,b
  5326   000624  6F91               	movwf	(?_printf+4)& (0+255),b
  5327   000626  0E00               	movlw	0
  5328   000628  15A6               	andwf	(main@sdCardAddress+3)& (0+255),w,b
  5329   00062A  6F92               	movwf	(?_printf+5)& (0+255),b
  5330   00062C  ECF0  F00B         	call	_printf	;wreg free
  5331   000630  0EB4               	movlw	low (STR_52+12)
  5332   000632  0100               	movlb	0	; () banked
  5333   000634  6F8D               	movwf	printf@fmt& (0+255),b
  5334   000636  0E7F               	movlw	high (STR_52+12)
  5335   000638  6F8E               	movwf	(printf@fmt+1)& (0+255),b
  5336   00063A  ECF0  F00B         	call	_printf	;wreg free
  5337   00063E  0EA9               	movlw	low _sdCardBuffer
  5338   000640  0100               	movlb	0	; () banked
  5339   000642  6F93               	movwf	hexDumpBuffer@sdCardBuffer& (0+255),b
  5340   000644  0E00               	movlw	high _sdCardBuffer
  5341   000646  6F94               	movwf	(hexDumpBuffer@sdCardBuffer+1)& (0+255),b
  5342   000648  EC8D  F004         	call	_hexDumpBuffer	;wreg free
  5343   00064C  EF66  F000         	goto	l3887
  5344   000650                     l3997:
  5345                           
  5346                           ; BSR set to: 0
  5347   000650  0E86               	movlw	low STR_58
  5348   000652  6F8D               	movwf	printf@fmt& (0+255),b
  5349   000654  0E7F               	movlw	high STR_58
  5350   000656  6F8E               	movwf	(printf@fmt+1)& (0+255),b
  5351   000658  C0A0  F08F         	movff	main@cmd,?_printf+2
  5352   00065C  6B90               	clrf	(?_printf+3)& (0+255),b
  5353   00065E  ECF0  F00B         	call	_printf	;wreg free
  5354   000662  EF66  F000         	goto	l3887
  5355   000666                     l4001:
  5356                           
  5357                           ; BSR set to: 0
  5358   000666  51A0               	movf	main@cmd& (0+255),w,b
  5359                           
  5360                           ; Switch size 1, requested type "simple"
  5361                           ; Number of cases is 10, Range of values is 63 to 122
  5362                           ; switch strategies available:
  5363                           ; Name         Instructions Cycles
  5364                           ; simple_byte           31    16 (average)
  5365                           ;	Chosen strategy is simple_byte
  5366   000668  0A3F               	xorlw	63	; case 63
  5367   00066A  B4D8               	btfsc	status,2,c
  5368   00066C  EF76  F000         	goto	l3891
  5369   000670  0A7E               	xorlw	126	; case 65
  5370   000672  B4D8               	btfsc	status,2,c
  5371   000674  EFB9  F001         	goto	l3937
  5372   000678  0A1B               	xorlw	27	; case 90
  5373   00067A  B4D8               	btfsc	status,2,c
  5374   00067C  EF2C  F001         	goto	l3895
  5375   000680  0A3B               	xorlw	59	; case 97
  5376   000682  B4D8               	btfsc	status,2,c
  5377   000684  EFB9  F001         	goto	l3937
  5378   000688  0A08               	xorlw	8	; case 105
  5379   00068A  B4D8               	btfsc	status,2,c
  5380   00068C  EFAF  F001         	goto	l3931
  5381   000690  0A06               	xorlw	6	; case 111
  5382   000692  B4D8               	btfsc	status,2,c
  5383   000694  EF24  F001         	goto	l3893
  5384   000698  0A1D               	xorlw	29	; case 114
  5385   00069A  B4D8               	btfsc	status,2,c
  5386   00069C  EFCD  F002         	goto	l3975
  5387   0006A0  0A06               	xorlw	6	; case 116
  5388   0006A2  B4D8               	btfsc	status,2,c
  5389   0006A4  EF61  F001         	goto	l3919
  5390   0006A8  0A03               	xorlw	3	; case 119
  5391   0006AA  B4D8               	btfsc	status,2,c
  5392   0006AC  EF4B  F002         	goto	l3955
  5393   0006B0  0A0D               	xorlw	13	; case 122
  5394   0006B2  B4D8               	btfsc	status,2,c
  5395   0006B4  EF47  F001         	goto	l3907
  5396   0006B8  EF28  F003         	goto	l3997
  5397   0006BC  EF26  F000         	goto	start
  5398   0006C0                     __end_of_main:
  5399                           	callstack 0
  5400                           
  5401 ;; *************** function _hexDumpBuffer *****************
  5402 ;; Defined at:
  5403 ;;		line 179 in file "sdCard.c"
  5404 ;; Parameters:    Size  Location     Type
  5405 ;;  sdCardBuffer    2   13[BANK0 ] PTR unsigned char 
  5406 ;;		 -> sdCardBuffer(512), 
  5407 ;; Auto vars:     Size  Location     Type
  5408 ;;  j               2   17[BANK0 ] int 
  5409 ;;  j               2   19[BANK0 ] int 
  5410 ;;  i               2   21[BANK0 ] unsigned short 
  5411 ;; Return value:  Size  Location     Type
  5412 ;;                  1    wreg      void 
  5413 ;; Registers used:
  5414 ;;		wreg, fsr1l, fsr1h, fsr2l, fsr2h, status,2, status,0, tblptrl, tblptrh, tblptru, prodl, prodh, cstack
  5415 ;; Tracked objects:
  5416 ;;		On entry : 0/0
  5417 ;;		On exit  : 0/0
  5418 ;;		Unchanged: 0/0
  5419 ;; Data sizes:     COMRAM   BANK0   BANK1   BANK2   BANK3   BANK4   BANK5
  5420 ;;      Params:         0       2       0       0       0       0       0
  5421 ;;      Locals:         0       6       0       0       0       0       0
  5422 ;;      Temps:          0       2       0       0       0       0       0
  5423 ;;      Totals:         0      10       0       0       0       0       0
  5424 ;;Total ram usage:       10 bytes
  5425 ;; Hardware stack levels used: 1
  5426 ;; Hardware stack levels required when called: 13
  5427 ;; This function calls:
  5428 ;;		_printf
  5429 ;; This function is called by:
  5430 ;;		_main
  5431 ;; This function uses a non-reentrant model
  5432 ;;
  5433                           
  5434                           	psect	text1
  5435   00091A                     __ptext1:
  5436                           	callstack 0
  5437   00091A                     _hexDumpBuffer:
  5438                           	callstack 17
  5439   00091A                     
  5440                           ;sdCard.c: 181:         if (i != 0 && i % 16 == 0) {;sdCard.c: 183:             for (int
      +                           j = i - 16; j < i; j++) {
  5441   00091A  0EF4               	movlw	low STR_62
  5442   00091C  0100               	movlb	0	; () banked
  5443   00091E  6F8D               	movwf	printf@fmt& (0+255),b
  5444   000920  0E7F               	movlw	high STR_62
  5445   000922  6F8E               	movwf	(printf@fmt+1)& (0+255),b
  5446   000924  ECF0  F00B         	call	_printf	;wreg free
  5447   000928                     
  5448                           ;sdCard.c: 185:                     printf(".");
  5449   000928  0E00               	movlw	0
  5450   00092A  0100               	movlb	0	; () banked
  5451   00092C  6F9C               	movwf	(hexDumpBuffer@i+1)& (0+255),b
  5452   00092E  0E00               	movlw	0
  5453   000930  6F9B               	movwf	hexDumpBuffer@i& (0+255),b
  5454   000932                     l3815:
  5455                           
  5456                           ; BSR set to: 0
  5457                           ;sdCard.c: 186:                 } else {
  5458   000932  519B               	movf	hexDumpBuffer@i& (0+255),w,b
  5459   000934  119C               	iorwf	(hexDumpBuffer@i+1)& (0+255),w,b
  5460   000936  B4D8               	btfsc	status,2,c
  5461   000938  EFA0  F004         	goto	u2941
  5462   00093C  EFA2  F004         	goto	u2940
  5463   000940                     u2941:
  5464   000940  EFB7  F004         	goto	l3821
  5465   000944                     u2940:
  5466   000944                     
  5467                           ; BSR set to: 0
  5468   000944  0E07               	movlw	7
  5469   000946  159B               	andwf	hexDumpBuffer@i& (0+255),w,b
  5470   000948  6F95               	movwf	??_hexDumpBuffer& (0+255),b
  5471   00094A  0E00               	movlw	0
  5472   00094C  159C               	andwf	(hexDumpBuffer@i+1)& (0+255),w,b
  5473   00094E  6F96               	movwf	(??_hexDumpBuffer+1)& (0+255),b
  5474   000950  5195               	movf	??_hexDumpBuffer& (0+255),w,b
  5475   000952  1196               	iorwf	(??_hexDumpBuffer+1)& (0+255),w,b
  5476   000954  A4D8               	btfss	status,2,c
  5477   000956  EFAF  F004         	goto	u2951
  5478   00095A  EFB1  F004         	goto	u2950
  5479   00095E                     u2951:
  5480   00095E  EFB7  F004         	goto	l3821
  5481   000962                     u2950:
  5482   000962                     
  5483                           ; BSR set to: 0
  5484   000962  0EA6               	movlw	low (STR_45+15)
  5485   000964  6F8D               	movwf	printf@fmt& (0+255),b
  5486   000966  0E7F               	movlw	high (STR_45+15)
  5487   000968  6F8E               	movwf	(printf@fmt+1)& (0+255),b
  5488   00096A  ECF0  F00B         	call	_printf	;wreg free
  5489   00096E                     l3821:
  5490                           
  5491                           ;sdCard.c: 187:                     printf("%c", sdCardBuffer[j]);
  5492   00096E  0100               	movlb	0	; () banked
  5493   000970  519B               	movf	hexDumpBuffer@i& (0+255),w,b
  5494   000972  119C               	iorwf	(hexDumpBuffer@i+1)& (0+255),w,b
  5495   000974  B4D8               	btfsc	status,2,c
  5496   000976  EFBF  F004         	goto	u2961
  5497   00097A  EFC1  F004         	goto	u2960
  5498   00097E                     u2961:
  5499   00097E  EF1A  F005         	goto	l645
  5500   000982                     u2960:
  5501   000982                     
  5502                           ; BSR set to: 0
  5503   000982  0E0F               	movlw	15
  5504   000984  159B               	andwf	hexDumpBuffer@i& (0+255),w,b
  5505   000986  6F95               	movwf	??_hexDumpBuffer& (0+255),b
  5506   000988  0E00               	movlw	0
  5507   00098A  159C               	andwf	(hexDumpBuffer@i+1)& (0+255),w,b
  5508   00098C  6F96               	movwf	(??_hexDumpBuffer+1)& (0+255),b
  5509   00098E  5195               	movf	??_hexDumpBuffer& (0+255),w,b
  5510   000990  1196               	iorwf	(??_hexDumpBuffer+1)& (0+255),w,b
  5511   000992  A4D8               	btfss	status,2,c
  5512   000994  EFCE  F004         	goto	u2971
  5513   000998  EFD0  F004         	goto	u2970
  5514   00099C                     u2971:
  5515   00099C  EF1A  F005         	goto	l645
  5516   0009A0                     u2970:
  5517   0009A0                     
  5518                           ; BSR set to: 0
  5519                           ;sdCard.c: 188:                 }
  5520   0009A0  0EA5               	movlw	low (STR_45+14)
  5521   0009A2  6F8D               	movwf	printf@fmt& (0+255),b
  5522   0009A4  0E7F               	movlw	high (STR_45+14)
  5523   0009A6  6F8E               	movwf	(printf@fmt+1)& (0+255),b
  5524   0009A8  ECF0  F00B         	call	_printf	;wreg free
  5525   0009AC                     
  5526                           ;sdCard.c: 189:             }
  5527   0009AC  0EF0               	movlw	240
  5528   0009AE  0100               	movlb	0	; () banked
  5529   0009B0  259B               	addwf	hexDumpBuffer@i& (0+255),w,b
  5530   0009B2  6F97               	movwf	hexDumpBuffer@j& (0+255),b
  5531   0009B4  0EFF               	movlw	255
  5532   0009B6  219C               	addwfc	(hexDumpBuffer@i+1)& (0+255),w,b
  5533   0009B8  6F98               	movwf	(hexDumpBuffer@j+1)& (0+255),b
  5534   0009BA  EF09  F005         	goto	l3837
  5535   0009BE                     l3829:
  5536                           
  5537                           ; BSR set to: 0
  5538                           ;sdCard.c: 190:             printf("\r\n");
  5539   0009BE  5197               	movf	hexDumpBuffer@j& (0+255),w,b
  5540   0009C0  2593               	addwf	hexDumpBuffer@sdCardBuffer& (0+255),w,b
  5541   0009C2  6ED9               	movwf	fsr2l,c
  5542   0009C4  5198               	movf	(hexDumpBuffer@j+1)& (0+255),w,b
  5543   0009C6  2194               	addwfc	(hexDumpBuffer@sdCardBuffer+1)& (0+255),w,b
  5544   0009C8  6EDA               	movwf	fsr2h,c
  5545   0009CA  0E20               	movlw	32
  5546   0009CC  60DF               	cpfslt	indf2,c
  5547   0009CE  EFEB  F004         	goto	u2981
  5548   0009D2  EFED  F004         	goto	u2980
  5549   0009D6                     u2981:
  5550   0009D6  EFF5  F004         	goto	l3833
  5551   0009DA                     u2980:
  5552   0009DA                     
  5553                           ; BSR set to: 0
  5554                           ;sdCard.c: 191:         }
  5555   0009DA  0EFB               	movlw	low STR_65
  5556   0009DC  6F8D               	movwf	printf@fmt& (0+255),b
  5557   0009DE  0E7F               	movlw	high STR_65
  5558   0009E0  6F8E               	movwf	(printf@fmt+1)& (0+255),b
  5559   0009E2  ECF0  F00B         	call	_printf	;wreg free
  5560                           
  5561                           ;sdCard.c: 192: 
  5562   0009E6  EF06  F005         	goto	l3835
  5563   0009EA                     l3833:
  5564                           
  5565                           ; BSR set to: 0
  5566                           ;sdCard.c: 193:         printf("%02x ", sdCardBuffer[i]);
  5567   0009EA  0EF8               	movlw	low STR_66
  5568   0009EC  6F8D               	movwf	printf@fmt& (0+255),b
  5569   0009EE  0E7F               	movlw	high STR_66
  5570   0009F0  6F8E               	movwf	(printf@fmt+1)& (0+255),b
  5571   0009F2  5197               	movf	hexDumpBuffer@j& (0+255),w,b
  5572   0009F4  2593               	addwf	hexDumpBuffer@sdCardBuffer& (0+255),w,b
  5573   0009F6  6ED9               	movwf	fsr2l,c
  5574   0009F8  5198               	movf	(hexDumpBuffer@j+1)& (0+255),w,b
  5575   0009FA  2194               	addwfc	(hexDumpBuffer@sdCardBuffer+1)& (0+255),w,b
  5576   0009FC  6EDA               	movwf	fsr2h,c
  5577   0009FE  50DF               	movf	indf2,w,c
  5578   000A00  6F95               	movwf	??_hexDumpBuffer& (0+255),b
  5579   000A02  5195               	movf	??_hexDumpBuffer& (0+255),w,b
  5580   000A04  6F8F               	movwf	(?_printf+2)& (0+255),b
  5581   000A06  6B90               	clrf	(?_printf+3)& (0+255),b
  5582   000A08  ECF0  F00B         	call	_printf	;wreg free
  5583   000A0C                     l3835:
  5584                           
  5585                           ;sdCard.c: 195: 
  5586   000A0C  0100               	movlb	0	; () banked
  5587   000A0E  4B97               	infsnz	hexDumpBuffer@j& (0+255),f,b
  5588   000A10  2B98               	incf	(hexDumpBuffer@j+1)& (0+255),f,b
  5589   000A12                     l3837:
  5590                           
  5591                           ; BSR set to: 0
  5592   000A12  519B               	movf	hexDumpBuffer@i& (0+255),w,b
  5593   000A14  5D97               	subwf	hexDumpBuffer@j& (0+255),w,b
  5594   000A16  519C               	movf	(hexDumpBuffer@i+1)& (0+255),w,b
  5595   000A18  5998               	subwfb	(hexDumpBuffer@j+1)& (0+255),w,b
  5596   000A1A  A0D8               	btfss	status,0,c
  5597   000A1C  EF12  F005         	goto	u2991
  5598   000A20  EF14  F005         	goto	u2990
  5599   000A24                     u2991:
  5600   000A24  EFDF  F004         	goto	l3829
  5601   000A28                     u2990:
  5602   000A28                     
  5603                           ; BSR set to: 0
  5604                           ;sdCard.c: 196:     printf("   ");
  5605   000A28  0EB4               	movlw	low (STR_52+12)
  5606   000A2A  6F8D               	movwf	printf@fmt& (0+255),b
  5607   000A2C  0E7F               	movlw	high (STR_52+12)
  5608   000A2E  6F8E               	movwf	(printf@fmt+1)& (0+255),b
  5609   000A30  ECF0  F00B         	call	_printf	;wreg free
  5610   000A34                     l645:
  5611                           
  5612                           ;sdCard.c: 199:             printf(".");
  5613   000A34  0EE9               	movlw	low STR_68
  5614   000A36  0100               	movlb	0	; () banked
  5615   000A38  6F8D               	movwf	printf@fmt& (0+255),b
  5616   000A3A  0E7F               	movlw	high STR_68
  5617   000A3C  6F8E               	movwf	(printf@fmt+1)& (0+255),b
  5618   000A3E  519B               	movf	hexDumpBuffer@i& (0+255),w,b
  5619   000A40  2593               	addwf	hexDumpBuffer@sdCardBuffer& (0+255),w,b
  5620   000A42  6ED9               	movwf	fsr2l,c
  5621   000A44  519C               	movf	(hexDumpBuffer@i+1)& (0+255),w,b
  5622   000A46  2194               	addwfc	(hexDumpBuffer@sdCardBuffer+1)& (0+255),w,b
  5623   000A48  6EDA               	movwf	fsr2h,c
  5624   000A4A  50DF               	movf	indf2,w,c
  5625   000A4C  6F95               	movwf	??_hexDumpBuffer& (0+255),b
  5626   000A4E  5195               	movf	??_hexDumpBuffer& (0+255),w,b
  5627   000A50  6F8F               	movwf	(?_printf+2)& (0+255),b
  5628   000A52  6B90               	clrf	(?_printf+3)& (0+255),b
  5629   000A54  ECF0  F00B         	call	_printf	;wreg free
  5630   000A58                     
  5631                           ;sdCard.c: 200:         } else {
  5632   000A58  0100               	movlb	0	; () banked
  5633   000A5A  4B9B               	infsnz	hexDumpBuffer@i& (0+255),f,b
  5634   000A5C  2B9C               	incf	(hexDumpBuffer@i+1)& (0+255),f,b
  5635   000A5E                     
  5636                           ; BSR set to: 0
  5637   000A5E  0E02               	movlw	2
  5638   000A60  5D9C               	subwf	(hexDumpBuffer@i+1)& (0+255),w,b
  5639   000A62  A0D8               	btfss	status,0,c
  5640   000A64  EF36  F005         	goto	u3001
  5641   000A68  EF38  F005         	goto	u3000
  5642   000A6C                     u3001:
  5643   000A6C  EF99  F004         	goto	l3815
  5644   000A70                     u3000:
  5645   000A70                     
  5646                           ; BSR set to: 0
  5647                           ;sdCard.c: 202:         }
  5648   000A70  0EA4               	movlw	low (STR_45+13)
  5649   000A72  6F8D               	movwf	printf@fmt& (0+255),b
  5650   000A74  0E7F               	movlw	high (STR_45+13)
  5651   000A76  6F8E               	movwf	(printf@fmt+1)& (0+255),b
  5652   000A78  ECF0  F00B         	call	_printf	;wreg free
  5653   000A7C                     
  5654                           ;sdCard.c: 203:     }
  5655   000A7C  0EF0               	movlw	240
  5656   000A7E  0100               	movlb	0	; () banked
  5657   000A80  259B               	addwf	hexDumpBuffer@i& (0+255),w,b
  5658   000A82  6F99               	movwf	hexDumpBuffer@j_1730& (0+255),b
  5659   000A84  0EFF               	movlw	255
  5660   000A86  219C               	addwfc	(hexDumpBuffer@i+1)& (0+255),w,b
  5661   000A88  6F9A               	movwf	(hexDumpBuffer@j_1730+1)& (0+255),b
  5662   000A8A  EF71  F005         	goto	l3857
  5663   000A8E                     l3849:
  5664                           
  5665                           ; BSR set to: 0
  5666                           ;sdCard.c: 204:     printf("\r\n");
  5667   000A8E  5199               	movf	hexDumpBuffer@j_1730& (0+255),w,b
  5668   000A90  2593               	addwf	hexDumpBuffer@sdCardBuffer& (0+255),w,b
  5669   000A92  6ED9               	movwf	fsr2l,c
  5670   000A94  519A               	movf	(hexDumpBuffer@j_1730+1)& (0+255),w,b
  5671   000A96  2194               	addwfc	(hexDumpBuffer@sdCardBuffer+1)& (0+255),w,b
  5672   000A98  6EDA               	movwf	fsr2h,c
  5673   000A9A  0E20               	movlw	32
  5674   000A9C  60DF               	cpfslt	indf2,c
  5675   000A9E  EF53  F005         	goto	u3011
  5676   000AA2  EF55  F005         	goto	u3010
  5677   000AA6                     u3011:
  5678   000AA6  EF5D  F005         	goto	l3853
  5679   000AAA                     u3010:
  5680   000AAA                     
  5681                           ; BSR set to: 0
  5682                           ;sdCard.c: 205: }
  5683   000AAA  0EFB               	movlw	low STR_65
  5684   000AAC  6F8D               	movwf	printf@fmt& (0+255),b
  5685   000AAE  0E7F               	movlw	high STR_65
  5686   000AB0  6F8E               	movwf	(printf@fmt+1)& (0+255),b
  5687   000AB2  ECF0  F00B         	call	_printf	;wreg free
  5688   000AB6  EF6E  F005         	goto	l3855
  5689   000ABA                     l3853:
  5690                           
  5691                           ; BSR set to: 0
  5692   000ABA  0EF8               	movlw	low STR_66
  5693   000ABC  6F8D               	movwf	printf@fmt& (0+255),b
  5694   000ABE  0E7F               	movlw	high STR_66
  5695   000AC0  6F8E               	movwf	(printf@fmt+1)& (0+255),b
  5696   000AC2  5199               	movf	hexDumpBuffer@j_1730& (0+255),w,b
  5697   000AC4  2593               	addwf	hexDumpBuffer@sdCardBuffer& (0+255),w,b
  5698   000AC6  6ED9               	movwf	fsr2l,c
  5699   000AC8  519A               	movf	(hexDumpBuffer@j_1730+1)& (0+255),w,b
  5700   000ACA  2194               	addwfc	(hexDumpBuffer@sdCardBuffer+1)& (0+255),w,b
  5701   000ACC  6EDA               	movwf	fsr2h,c
  5702   000ACE  50DF               	movf	indf2,w,c
  5703   000AD0  6F95               	movwf	??_hexDumpBuffer& (0+255),b
  5704   000AD2  5195               	movf	??_hexDumpBuffer& (0+255),w,b
  5705   000AD4  6F8F               	movwf	(?_printf+2)& (0+255),b
  5706   000AD6  6B90               	clrf	(?_printf+3)& (0+255),b
  5707   000AD8  ECF0  F00B         	call	_printf	;wreg free
  5708   000ADC                     l3855:
  5709   000ADC  0100               	movlb	0	; () banked
  5710   000ADE  4B99               	infsnz	hexDumpBuffer@j_1730& (0+255),f,b
  5711   000AE0  2B9A               	incf	(hexDumpBuffer@j_1730+1)& (0+255),f,b
  5712   000AE2                     l3857:
  5713                           
  5714                           ; BSR set to: 0
  5715   000AE2  519B               	movf	hexDumpBuffer@i& (0+255),w,b
  5716   000AE4  5D99               	subwf	hexDumpBuffer@j_1730& (0+255),w,b
  5717   000AE6  519C               	movf	(hexDumpBuffer@i+1)& (0+255),w,b
  5718   000AE8  599A               	subwfb	(hexDumpBuffer@j_1730+1)& (0+255),w,b
  5719   000AEA  A0D8               	btfss	status,0,c
  5720   000AEC  EF7A  F005         	goto	u3021
  5721   000AF0  EF7C  F005         	goto	u3020
  5722   000AF4                     u3021:
  5723   000AF4  EF47  F005         	goto	l3849
  5724   000AF8                     u3020:
  5725   000AF8                     
  5726                           ; BSR set to: 0
  5727   000AF8  0EB4               	movlw	low (STR_52+12)
  5728   000AFA  6F8D               	movwf	printf@fmt& (0+255),b
  5729   000AFC  0E7F               	movlw	high (STR_52+12)
  5730   000AFE  6F8E               	movwf	(printf@fmt+1)& (0+255),b
  5731   000B00  ECF0  F00B         	call	_printf	;wreg free
  5732   000B04  0012               	return		;funcret
  5733   000B06                     __end_of_hexDumpBuffer:
  5734                           	callstack 0
  5735                           
  5736 ;; *************** function _TMR0_CounterSet *****************
  5737 ;; Defined at:
  5738 ;;		line 102 in file "mcc_generated_files/timer/src/tmr0.c"
  5739 ;; Parameters:    Size  Location     Type
  5740 ;;  counterValue    2   14[COMRAM] unsigned short 
  5741 ;; Auto vars:     Size  Location     Type
  5742 ;;		None
  5743 ;; Return value:  Size  Location     Type
  5744 ;;                  1    wreg      void 
  5745 ;; Registers used:
  5746 ;;		wreg, status,2
  5747 ;; Tracked objects:
  5748 ;;		On entry : 0/0
  5749 ;;		On exit  : 0/0
  5750 ;;		Unchanged: 0/0
  5751 ;; Data sizes:     COMRAM   BANK0   BANK1   BANK2   BANK3   BANK4   BANK5
  5752 ;;      Params:         2       0       0       0       0       0       0
  5753 ;;      Locals:         0       0       0       0       0       0       0
  5754 ;;      Temps:          0       0       0       0       0       0       0
  5755 ;;      Totals:         2       0       0       0       0       0       0
  5756 ;;Total ram usage:        2 bytes
  5757 ;; Hardware stack levels used: 1
  5758 ;; Hardware stack levels required when called: 4
  5759 ;; This function calls:
  5760 ;;		Nothing
  5761 ;; This function is called by:
  5762 ;;		_main
  5763 ;; This function uses a non-reentrant model
  5764 ;;
  5765                           
  5766                           	psect	text2
  5767   0018D8                     __ptext2:
  5768                           	callstack 0
  5769   0018D8                     _TMR0_CounterSet:
  5770                           	callstack 26
  5771   0018D8                     
  5772                           ;mcc_generated_files/timer/src/tmr0.c: 102: void TMR0_CounterSet(uint16_t counterValue);
      +                          mcc_generated_files/timer/src/tmr0.c: 103: {;mcc_generated_files/timer/src/tmr0.c: 104: 
      +                              TMR0H = (uint8_t)(counterValue >> 8);
  5773   0018D8  5010               	movf	(TMR0_CounterSet@counterValue+1)^0,w,c
  5774   0018DA  6ED7               	movwf	215,c	;volatile
  5775   0018DC                     
  5776                           ;mcc_generated_files/timer/src/tmr0.c: 105:     TMR0L = (uint8_t)(counterValue);
  5777   0018DC  C00F  FFD6         	movff	TMR0_CounterSet@counterValue,4054	;volatile
  5778   0018E0  0012               	return		;funcret
  5779   0018E2                     __end_of_TMR0_CounterSet:
  5780                           	callstack 0
  5781                           
  5782 ;; *************** function _SYSTEM_Initialize *****************
  5783 ;; Defined at:
  5784 ;;		line 39 in file "mcc_generated_files/system/src/system.c"
  5785 ;; Parameters:    Size  Location     Type
  5786 ;;		None
  5787 ;; Auto vars:     Size  Location     Type
  5788 ;;		None
  5789 ;; Return value:  Size  Location     Type
  5790 ;;                  1    wreg      void 
  5791 ;; Registers used:
  5792 ;;		wreg, status,2, status,0, cstack
  5793 ;; Tracked objects:
  5794 ;;		On entry : 0/0
  5795 ;;		On exit  : 0/0
  5796 ;;		Unchanged: 0/0
  5797 ;; Data sizes:     COMRAM   BANK0   BANK1   BANK2   BANK3   BANK4   BANK5
  5798 ;;      Params:         0       0       0       0       0       0       0
  5799 ;;      Locals:         0       0       0       0       0       0       0
  5800 ;;      Temps:          0       0       0       0       0       0       0
  5801 ;;      Totals:         0       0       0       0       0       0       0
  5802 ;;Total ram usage:        0 bytes
  5803 ;; Hardware stack levels used: 1
  5804 ;; Hardware stack levels required when called: 6
  5805 ;; This function calls:
  5806 ;;		_CLOCK_Initialize
  5807 ;;		_EUSART1_Initialize
  5808 ;;		_INTERRUPT_Initialize
  5809 ;;		_PIN_MANAGER_Initialize
  5810 ;;		_SPI2_Initialize
  5811 ;;		_TMR0_Initialize
  5812 ;; This function is called by:
  5813 ;;		_main
  5814 ;; This function uses a non-reentrant model
  5815 ;;
  5816                           
  5817                           	psect	text3
  5818   001874                     __ptext3:
  5819                           	callstack 0
  5820   001874                     _SYSTEM_Initialize:
  5821                           	callstack 24
  5822   001874                     
  5823                           ;mcc_generated_files/system/src/system.c: 41:     CLOCK_Initialize();
  5824   001874  EC65  F00C         	call	_CLOCK_Initialize	;wreg free
  5825                           
  5826                           ;mcc_generated_files/system/src/system.c: 42:     PIN_MANAGER_Initialize();
  5827   001878  ECB3  F00B         	call	_PIN_MANAGER_Initialize	;wreg free
  5828   00187C                     
  5829                           ;mcc_generated_files/system/src/system.c: 43:     TMR0_Initialize();
  5830   00187C  ECDE  F00B         	call	_TMR0_Initialize	;wreg free
  5831   001880                     
  5832                           ;mcc_generated_files/system/src/system.c: 44:     EUSART1_Initialize();
  5833   001880  EC2E  F00B         	call	_EUSART1_Initialize	;wreg free
  5834   001884                     
  5835                           ;mcc_generated_files/system/src/system.c: 45:     SPI2_Initialize();
  5836   001884  EC5E  F00C         	call	_SPI2_Initialize	;wreg free
  5837   001888                     
  5838                           ;mcc_generated_files/system/src/system.c: 46:     INTERRUPT_Initialize();
  5839   001888  EC66  F00B         	call	_INTERRUPT_Initialize	;wreg free
  5840   00188C  0012               	return		;funcret
  5841   00188E                     __end_of_SYSTEM_Initialize:
  5842                           	callstack 0
  5843                           
  5844 ;; *************** function _TMR0_Initialize *****************
  5845 ;; Defined at:
  5846 ;;		line 48 in file "mcc_generated_files/timer/src/tmr0.c"
  5847 ;; Parameters:    Size  Location     Type
  5848 ;;		None
  5849 ;; Auto vars:     Size  Location     Type
  5850 ;;		None
  5851 ;; Return value:  Size  Location     Type
  5852 ;;                  1    wreg      void 
  5853 ;; Registers used:
  5854 ;;		wreg, status,2, status,0, cstack
  5855 ;; Tracked objects:
  5856 ;;		On entry : 0/0
  5857 ;;		On exit  : 0/0
  5858 ;;		Unchanged: 0/0
  5859 ;; Data sizes:     COMRAM   BANK0   BANK1   BANK2   BANK3   BANK4   BANK5
  5860 ;;      Params:         0       0       0       0       0       0       0
  5861 ;;      Locals:         0       0       0       0       0       0       0
  5862 ;;      Temps:          0       0       0       0       0       0       0
  5863 ;;      Totals:         0       0       0       0       0       0       0
  5864 ;;Total ram usage:        0 bytes
  5865 ;; Hardware stack levels used: 1
  5866 ;; Hardware stack levels required when called: 5
  5867 ;; This function calls:
  5868 ;;		_TMR0_OverflowCallbackRegister
  5869 ;; This function is called by:
  5870 ;;		_SYSTEM_Initialize
  5871 ;; This function uses a non-reentrant model
  5872 ;;
  5873                           
  5874                           	psect	text4
  5875   0017BC                     __ptext4:
  5876                           	callstack 0
  5877   0017BC                     _TMR0_Initialize:
  5878                           	callstack 24
  5879   0017BC                     
  5880                           ;mcc_generated_files/timer/src/tmr0.c: 51:     T0CONbits.T08BIT = 0;
  5881   0017BC  9CD5               	bcf	213,6,c	;volatile
  5882                           
  5883                           ;mcc_generated_files/timer/src/tmr0.c: 52:     TMR0H = 0x0;
  5884   0017BE  6AD7               	clrf	215,c	;volatile
  5885                           
  5886                           ;mcc_generated_files/timer/src/tmr0.c: 53:     TMR0L = 0x0;
  5887   0017C0  6AD6               	clrf	214,c	;volatile
  5888   0017C2                     
  5889                           ;mcc_generated_files/timer/src/tmr0.c: 54:     tmr0PeriodCount = 0U;
  5890   0017C2  0E00               	movlw	0
  5891   0017C4  6E49               	movwf	(_tmr0PeriodCount+1)^0,c	;volatile
  5892   0017C6  0E00               	movlw	0
  5893   0017C8  6E48               	movwf	_tmr0PeriodCount^0,c	;volatile
  5894   0017CA                     
  5895                           ;mcc_generated_files/timer/src/tmr0.c: 55:     TMR0_OverflowCallbackRegister(TMR0_Defaul
      +                          tOverflowCallback);
  5896   0017CA  0E28               	movlw	low _TMR0_DefaultOverflowCallback
  5897   0017CC  6E0F               	movwf	TMR0_OverflowCallbackRegister@callbackHandler^0,c
  5898   0017CE  0E19               	movlw	high _TMR0_DefaultOverflowCallback
  5899   0017D0  6E10               	movwf	(TMR0_OverflowCallbackRegister@callbackHandler+1)^0,c
  5900   0017D2  EC71  F00C         	call	_TMR0_OverflowCallbackRegister	;wreg free
  5901   0017D6                     
  5902                           ;mcc_generated_files/timer/src/tmr0.c: 57:     INTCONbits.TMR0IF = 0;
  5903   0017D6  94F2               	bcf	242,2,c	;volatile
  5904   0017D8                     
  5905                           ;mcc_generated_files/timer/src/tmr0.c: 58:     INTCONbits.TMR0IE = 1;
  5906   0017D8  8AF2               	bsf	242,5,c	;volatile
  5907   0017DA                     
  5908                           ;mcc_generated_files/timer/src/tmr0.c: 60:     T0CON = (7 << 0x0)
  5909   0017DA  0E9F               	movlw	159
  5910   0017DC  6ED5               	movwf	213,c	;volatile
  5911   0017DE  0012               	return		;funcret
  5912   0017E0                     __end_of_TMR0_Initialize:
  5913                           	callstack 0
  5914                           
  5915 ;; *************** function _TMR0_OverflowCallbackRegister *****************
  5916 ;; Defined at:
  5917 ;;		line 154 in file "mcc_generated_files/timer/src/tmr0.c"
  5918 ;; Parameters:    Size  Location     Type
  5919 ;;  callbackHand    2   14[COMRAM] PTR FTN()void 
  5920 ;;		 -> myTMR0ISR(1), TMR0_DefaultOverflowCallback(1), 
  5921 ;; Auto vars:     Size  Location     Type
  5922 ;;		None
  5923 ;; Return value:  Size  Location     Type
  5924 ;;                  1    wreg      void 
  5925 ;; Registers used:
  5926 ;;		wreg, status,2, status,0
  5927 ;; Tracked objects:
  5928 ;;		On entry : 0/0
  5929 ;;		On exit  : 0/0
  5930 ;;		Unchanged: 0/0
  5931 ;; Data sizes:     COMRAM   BANK0   BANK1   BANK2   BANK3   BANK4   BANK5
  5932 ;;      Params:         2       0       0       0       0       0       0
  5933 ;;      Locals:         0       0       0       0       0       0       0
  5934 ;;      Temps:          0       0       0       0       0       0       0
  5935 ;;      Totals:         2       0       0       0       0       0       0
  5936 ;;Total ram usage:        2 bytes
  5937 ;; Hardware stack levels used: 1
  5938 ;; Hardware stack levels required when called: 4
  5939 ;; This function calls:
  5940 ;;		Nothing
  5941 ;; This function is called by:
  5942 ;;		_TMR0_Initialize
  5943 ;;		_main
  5944 ;; This function uses a non-reentrant model
  5945 ;;
  5946                           
  5947                           	psect	text5
  5948   0018E2                     __ptext5:
  5949                           	callstack 0
  5950   0018E2                     _TMR0_OverflowCallbackRegister:
  5951                           	callstack 26
  5952   0018E2                     
  5953                           ;mcc_generated_files/timer/src/tmr0.c: 154: void TMR0_OverflowCallbackRegister(void (* c
      +                          allbackHandler)(void));mcc_generated_files/timer/src/tmr0.c: 155: {;mcc_generated_files/
      +                          timer/src/tmr0.c: 156:     TMR0_OverflowCallback = callbackHandler;
  5954   0018E2  C00F  F0A7         	movff	TMR0_OverflowCallbackRegister@callbackHandler,_TMR0_OverflowCallback
  5955   0018E6  C010  F0A8         	movff	TMR0_OverflowCallbackRegister@callbackHandler+1,_TMR0_OverflowCallback+1
  5956   0018EA  0012               	return		;funcret
  5957   0018EC                     __end_of_TMR0_OverflowCallbackRegister:
  5958                           	callstack 0
  5959                           
  5960 ;; *************** function _SPI2_Initialize *****************
  5961 ;; Defined at:
  5962 ;;		line 61 in file "mcc_generated_files/spi/src/mssp2.c"
  5963 ;; Parameters:    Size  Location     Type
  5964 ;;		None
  5965 ;; Auto vars:     Size  Location     Type
  5966 ;;		None
  5967 ;; Return value:  Size  Location     Type
  5968 ;;                  1    wreg      void 
  5969 ;; Registers used:
  5970 ;;		None
  5971 ;; Tracked objects:
  5972 ;;		On entry : 0/0
  5973 ;;		On exit  : 0/0
  5974 ;;		Unchanged: 0/0
  5975 ;; Data sizes:     COMRAM   BANK0   BANK1   BANK2   BANK3   BANK4   BANK5
  5976 ;;      Params:         0       0       0       0       0       0       0
  5977 ;;      Locals:         0       0       0       0       0       0       0
  5978 ;;      Temps:          0       0       0       0       0       0       0
  5979 ;;      Totals:         0       0       0       0       0       0       0
  5980 ;;Total ram usage:        0 bytes
  5981 ;; Hardware stack levels used: 1
  5982 ;; Hardware stack levels required when called: 4
  5983 ;; This function calls:
  5984 ;;		Nothing
  5985 ;; This function is called by:
  5986 ;;		_SYSTEM_Initialize
  5987 ;; This function uses a non-reentrant model
  5988 ;;
  5989                           
  5990                           	psect	text6
  5991   0018BC                     __ptext6:
  5992                           	callstack 0
  5993   0018BC                     _SPI2_Initialize:
  5994                           	callstack 25
  5995   0018BC                     
  5996                           ;mcc_generated_files/spi/src/mssp2.c: 64:     PIE3bits.SSP2IE = 0;
  5997   0018BC  9EA3               	bcf	163,7,c	;volatile
  5998                           
  5999                           ;mcc_generated_files/spi/src/mssp2.c: 65:     PIR3bits.SSP2IF = 0;
  6000   0018BE  9EA4               	bcf	164,7,c	;volatile
  6001                           
  6002                           ;mcc_generated_files/spi/src/mssp2.c: 67:     SSP2STAT = 0x00;
  6003   0018C0  6A6D               	clrf	109,c	;volatile
  6004                           
  6005                           ;mcc_generated_files/spi/src/mssp2.c: 68:     SSP2CON1 = 0x00;
  6006   0018C2  6A6C               	clrf	108,c	;volatile
  6007                           
  6008                           ;mcc_generated_files/spi/src/mssp2.c: 69:     SSP2CON3 = 0x00;
  6009   0018C4  6A69               	clrf	105,c	;volatile
  6010                           
  6011                           ;mcc_generated_files/spi/src/mssp2.c: 70:     SSP2ADD = 0x00;
  6012   0018C6  6A6E               	clrf	110,c	;volatile
  6013   0018C8  0012               	return		;funcret
  6014   0018CA                     __end_of_SPI2_Initialize:
  6015                           	callstack 0
  6016                           
  6017 ;; *************** function _PIN_MANAGER_Initialize *****************
  6018 ;; Defined at:
  6019 ;;		line 38 in file "mcc_generated_files/system/src/pins.c"
  6020 ;; Parameters:    Size  Location     Type
  6021 ;;		None
  6022 ;; Auto vars:     Size  Location     Type
  6023 ;;		None
  6024 ;; Return value:  Size  Location     Type
  6025 ;;                  1    wreg      void 
  6026 ;; Registers used:
  6027 ;;		wreg, status,2
  6028 ;; Tracked objects:
  6029 ;;		On entry : 0/0
  6030 ;;		On exit  : 0/0
  6031 ;;		Unchanged: 0/0
  6032 ;; Data sizes:     COMRAM   BANK0   BANK1   BANK2   BANK3   BANK4   BANK5
  6033 ;;      Params:         0       0       0       0       0       0       0
  6034 ;;      Locals:         0       0       0       0       0       0       0
  6035 ;;      Temps:          0       0       0       0       0       0       0
  6036 ;;      Totals:         0       0       0       0       0       0       0
  6037 ;;Total ram usage:        0 bytes
  6038 ;; Hardware stack levels used: 1
  6039 ;; Hardware stack levels required when called: 4
  6040 ;; This function calls:
  6041 ;;		Nothing
  6042 ;; This function is called by:
  6043 ;;		_SYSTEM_Initialize
  6044 ;; This function uses a non-reentrant model
  6045 ;;
  6046                           
  6047                           	psect	text7
  6048   001766                     __ptext7:
  6049                           	callstack 0
  6050   001766                     _PIN_MANAGER_Initialize:
  6051                           	callstack 25
  6052   001766                     
  6053                           ;mcc_generated_files/system/src/pins.c: 43:     LATA = 0x0;
  6054   001766  6A89               	clrf	137,c	;volatile
  6055                           
  6056                           ;mcc_generated_files/system/src/pins.c: 44:     LATB = 0x0;
  6057   001768  6A8A               	clrf	138,c	;volatile
  6058   00176A                     
  6059                           ;mcc_generated_files/system/src/pins.c: 45:     LATC = 0x40;
  6060   00176A  0E40               	movlw	64
  6061   00176C  6E8B               	movwf	139,c	;volatile
  6062                           
  6063                           ;mcc_generated_files/system/src/pins.c: 53:     TRISA = 0xBF;
  6064   00176E  0EBF               	movlw	191
  6065   001770  6E92               	movwf	146,c	;volatile
  6066                           
  6067                           ;mcc_generated_files/system/src/pins.c: 54:     TRISB = 0xE5;
  6068   001772  0EE5               	movlw	229
  6069   001774  6E93               	movwf	147,c	;volatile
  6070                           
  6071                           ;mcc_generated_files/system/src/pins.c: 55:     TRISC = 0x8F;
  6072   001776  0E8F               	movlw	143
  6073   001778  6E94               	movwf	148,c	;volatile
  6074                           
  6075                           ;mcc_generated_files/system/src/pins.c: 56:     TRISE = 0x80;
  6076   00177A  0E80               	movlw	128
  6077   00177C  6E96               	movwf	150,c	;volatile
  6078                           
  6079                           ;mcc_generated_files/system/src/pins.c: 61:     ANSELA = 0x2F;
  6080   00177E  0E2F               	movlw	47
  6081   001780  010F               	movlb	15	; () banked
  6082   001782  6F38               	movwf	56,b	;volatile
  6083                           
  6084                           ;mcc_generated_files/system/src/pins.c: 62:     ANSELB = 0x21;
  6085   001784  0E21               	movlw	33
  6086   001786  6F39               	movwf	57,b	;volatile
  6087                           
  6088                           ;mcc_generated_files/system/src/pins.c: 63:     ANSELC = 0xC;
  6089   001788  0E0C               	movlw	12
  6090   00178A  6F3A               	movwf	58,b	;volatile
  6091   00178C                     
  6092                           ; BSR set to: 15
  6093                           ;mcc_generated_files/system/src/pins.c: 68:     WPUB = 0xFF;
  6094   00178C  6861               	setf	97,c	;volatile
  6095                           
  6096                           ;mcc_generated_files/system/src/pins.c: 89:     IOCB = 0xF0;
  6097   00178E  0EF0               	movlw	240
  6098   001790  6E62               	movwf	98,c	;volatile
  6099   001792                     
  6100                           ; BSR set to: 15
  6101                           ;mcc_generated_files/system/src/pins.c: 93:     INTCONbits.RBIE = 1;
  6102   001792  86F2               	bsf	242,3,c	;volatile
  6103   001794                     
  6104                           ; BSR set to: 15
  6105   001794  0012               	return		;funcret
  6106   001796                     __end_of_PIN_MANAGER_Initialize:
  6107                           	callstack 0
  6108                           
  6109 ;; *************** function _INTERRUPT_Initialize *****************
  6110 ;; Defined at:
  6111 ;;		line 42 in file "mcc_generated_files/system/src/interrupt.c"
  6112 ;; Parameters:    Size  Location     Type
  6113 ;;		None
  6114 ;; Auto vars:     Size  Location     Type
  6115 ;;		None
  6116 ;; Return value:  Size  Location     Type
  6117 ;;                  1    wreg      void 
  6118 ;; Registers used:
  6119 ;;		wreg, status,2, status,0, cstack
  6120 ;; Tracked objects:
  6121 ;;		On entry : 0/0
  6122 ;;		On exit  : 0/0
  6123 ;;		Unchanged: 0/0
  6124 ;; Data sizes:     COMRAM   BANK0   BANK1   BANK2   BANK3   BANK4   BANK5
  6125 ;;      Params:         0       0       0       0       0       0       0
  6126 ;;      Locals:         0       0       0       0       0       0       0
  6127 ;;      Temps:          0       0       0       0       0       0       0
  6128 ;;      Totals:         0       0       0       0       0       0       0
  6129 ;;Total ram usage:        0 bytes
  6130 ;; Hardware stack levels used: 1
  6131 ;; Hardware stack levels required when called: 5
  6132 ;; This function calls:
  6133 ;;		_INT0_SetInterruptHandler
  6134 ;;		_INT1_SetInterruptHandler
  6135 ;;		_INT2_SetInterruptHandler
  6136 ;; This function is called by:
  6137 ;;		_SYSTEM_Initialize
  6138 ;; This function uses a non-reentrant model
  6139 ;;
  6140                           
  6141                           	psect	text8
  6142   0016CC                     __ptext8:
  6143                           	callstack 0
  6144   0016CC                     _INTERRUPT_Initialize:
  6145                           	callstack 24
  6146   0016CC                     
  6147                           ;mcc_generated_files/system/src/interrupt.c: 45:     RCONbits.IPEN = 0;
  6148   0016CC  9ED0               	bcf	208,7,c	;volatile
  6149                           
  6150                           ;mcc_generated_files/system/src/interrupt.c: 49:     (INTCONbits.INT0IF = 0);
  6151   0016CE  92F2               	bcf	242,1,c	;volatile
  6152                           
  6153                           ;mcc_generated_files/system/src/interrupt.c: 50:     (INTCON2bits.INTEDG0 = 1);
  6154   0016D0  8CF1               	bsf	241,6,c	;volatile
  6155   0016D2                     
  6156                           ;mcc_generated_files/system/src/interrupt.c: 52:     INT0_SetInterruptHandler(INT0_Defau
      +                          ltInterruptHandler);
  6157   0016D2  0E00               	movlw	0
  6158   0016D4  6E0F               	movwf	INT0_SetInterruptHandler@InterruptHandler^0,c
  6159   0016D6  0E00               	movlw	0
  6160   0016D8  6E10               	movwf	(INT0_SetInterruptHandler@InterruptHandler+1)^0,c
  6161   0016DA  EC80  F00C         	call	_INT0_SetInterruptHandler	;wreg free
  6162   0016DE                     
  6163                           ;mcc_generated_files/system/src/interrupt.c: 57:     (INTCON3bits.INT1IF = 0);
  6164   0016DE  90F0               	bcf	240,0,c	;volatile
  6165   0016E0                     
  6166                           ;mcc_generated_files/system/src/interrupt.c: 58:     (INTCON2bits.INTEDG1 = 1);
  6167   0016E0  8AF1               	bsf	241,5,c	;volatile
  6168                           
  6169                           ;mcc_generated_files/system/src/interrupt.c: 60:     INT1_SetInterruptHandler(INT1_Defau
      +                          ltInterruptHandler);
  6170   0016E2  0E00               	movlw	0
  6171   0016E4  6E0F               	movwf	INT1_SetInterruptHandler@InterruptHandler^0,c
  6172   0016E6  0E00               	movlw	0
  6173   0016E8  6E10               	movwf	(INT1_SetInterruptHandler@InterruptHandler+1)^0,c
  6174   0016EA  EC7B  F00C         	call	_INT1_SetInterruptHandler	;wreg free
  6175   0016EE                     
  6176                           ;mcc_generated_files/system/src/interrupt.c: 65:     (INTCON3bits.INT2IF = 0);
  6177   0016EE  92F0               	bcf	240,1,c	;volatile
  6178   0016F0                     
  6179                           ;mcc_generated_files/system/src/interrupt.c: 66:     (INTCON2bits.INTEDG2 = 1);
  6180   0016F0  88F1               	bsf	241,4,c	;volatile
  6181                           
  6182                           ;mcc_generated_files/system/src/interrupt.c: 68:     INT2_SetInterruptHandler(INT2_Defau
      +                          ltInterruptHandler);
  6183   0016F2  0E00               	movlw	0
  6184   0016F4  6E0F               	movwf	INT2_SetInterruptHandler@InterruptHandler^0,c
  6185   0016F6  0E00               	movlw	0
  6186   0016F8  6E10               	movwf	(INT2_SetInterruptHandler@InterruptHandler+1)^0,c
  6187   0016FA  EC76  F00C         	call	_INT2_SetInterruptHandler	;wreg free
  6188   0016FE  0012               	return		;funcret
  6189   001700                     __end_of_INTERRUPT_Initialize:
  6190                           	callstack 0
  6191                           
  6192 ;; *************** function _INT2_SetInterruptHandler *****************
  6193 ;; Defined at:
  6194 ;;		line 162 in file "mcc_generated_files/system/src/interrupt.c"
  6195 ;; Parameters:    Size  Location     Type
  6196 ;;  InterruptHan    2   14[COMRAM] PTR FTN()void 
  6197 ;;		 -> INT2_DefaultInterruptHandler(1), 
  6198 ;; Auto vars:     Size  Location     Type
  6199 ;;		None
  6200 ;; Return value:  Size  Location     Type
  6201 ;;                  1    wreg      void 
  6202 ;; Registers used:
  6203 ;;		wreg, status,2, status,0
  6204 ;; Tracked objects:
  6205 ;;		On entry : 0/0
  6206 ;;		On exit  : 0/0
  6207 ;;		Unchanged: 0/0
  6208 ;; Data sizes:     COMRAM   BANK0   BANK1   BANK2   BANK3   BANK4   BANK5
  6209 ;;      Params:         2       0       0       0       0       0       0
  6210 ;;      Locals:         0       0       0       0       0       0       0
  6211 ;;      Temps:          0       0       0       0       0       0       0
  6212 ;;      Totals:         2       0       0       0       0       0       0
  6213 ;;Total ram usage:        2 bytes
  6214 ;; Hardware stack levels used: 1
  6215 ;; Hardware stack levels required when called: 4
  6216 ;; This function calls:
  6217 ;;		Nothing
  6218 ;; This function is called by:
  6219 ;;		_INTERRUPT_Initialize
  6220 ;; This function uses a non-reentrant model
  6221 ;;
  6222                           
  6223                           	psect	text9
  6224   0018EC                     __ptext9:
  6225                           	callstack 0
  6226   0018EC                     _INT2_SetInterruptHandler:
  6227                           	callstack 24
  6228   0018EC                     
  6229                           ;mcc_generated_files/system/src/interrupt.c: 163:     INT2_InterruptHandler = InterruptH
      +                          andler;
  6230   0018EC  C00F  F04A         	movff	INT2_SetInterruptHandler@InterruptHandler,_INT2_InterruptHandler
  6231   0018F0  C010  F04B         	movff	INT2_SetInterruptHandler@InterruptHandler+1,_INT2_InterruptHandler+1
  6232   0018F4  0012               	return		;funcret
  6233   0018F6                     __end_of_INT2_SetInterruptHandler:
  6234                           	callstack 0
  6235                           
  6236 ;; *************** function _INT1_SetInterruptHandler *****************
  6237 ;; Defined at:
  6238 ;;		line 136 in file "mcc_generated_files/system/src/interrupt.c"
  6239 ;; Parameters:    Size  Location     Type
  6240 ;;  InterruptHan    2   14[COMRAM] PTR FTN()void 
  6241 ;;		 -> INT1_DefaultInterruptHandler(1), 
  6242 ;; Auto vars:     Size  Location     Type
  6243 ;;		None
  6244 ;; Return value:  Size  Location     Type
  6245 ;;                  1    wreg      void 
  6246 ;; Registers used:
  6247 ;;		wreg, status,2, status,0
  6248 ;; Tracked objects:
  6249 ;;		On entry : 0/0
  6250 ;;		On exit  : 0/0
  6251 ;;		Unchanged: 0/0
  6252 ;; Data sizes:     COMRAM   BANK0   BANK1   BANK2   BANK3   BANK4   BANK5
  6253 ;;      Params:         2       0       0       0       0       0       0
  6254 ;;      Locals:         0       0       0       0       0       0       0
  6255 ;;      Temps:          0       0       0       0       0       0       0
  6256 ;;      Totals:         2       0       0       0       0       0       0
  6257 ;;Total ram usage:        2 bytes
  6258 ;; Hardware stack levels used: 1
  6259 ;; Hardware stack levels required when called: 4
  6260 ;; This function calls:
  6261 ;;		Nothing
  6262 ;; This function is called by:
  6263 ;;		_INTERRUPT_Initialize
  6264 ;; This function uses a non-reentrant model
  6265 ;;
  6266                           
  6267                           	psect	text10
  6268   0018F6                     __ptext10:
  6269                           	callstack 0
  6270   0018F6                     _INT1_SetInterruptHandler:
  6271                           	callstack 24
  6272   0018F6                     
  6273                           ;mcc_generated_files/system/src/interrupt.c: 137:     INT1_InterruptHandler = InterruptH
      +                          andler;
  6274   0018F6  C00F  F04C         	movff	INT1_SetInterruptHandler@InterruptHandler,_INT1_InterruptHandler
  6275   0018FA  C010  F04D         	movff	INT1_SetInterruptHandler@InterruptHandler+1,_INT1_InterruptHandler+1
  6276   0018FE  0012               	return		;funcret
  6277   001900                     __end_of_INT1_SetInterruptHandler:
  6278                           	callstack 0
  6279                           
  6280 ;; *************** function _INT0_SetInterruptHandler *****************
  6281 ;; Defined at:
  6282 ;;		line 110 in file "mcc_generated_files/system/src/interrupt.c"
  6283 ;; Parameters:    Size  Location     Type
  6284 ;;  InterruptHan    2   14[COMRAM] PTR FTN()void 
  6285 ;;		 -> INT0_DefaultInterruptHandler(1), 
  6286 ;; Auto vars:     Size  Location     Type
  6287 ;;		None
  6288 ;; Return value:  Size  Location     Type
  6289 ;;                  1    wreg      void 
  6290 ;; Registers used:
  6291 ;;		wreg, status,2, status,0
  6292 ;; Tracked objects:
  6293 ;;		On entry : 0/0
  6294 ;;		On exit  : 0/0
  6295 ;;		Unchanged: 0/0
  6296 ;; Data sizes:     COMRAM   BANK0   BANK1   BANK2   BANK3   BANK4   BANK5
  6297 ;;      Params:         2       0       0       0       0       0       0
  6298 ;;      Locals:         0       0       0       0       0       0       0
  6299 ;;      Temps:          0       0       0       0       0       0       0
  6300 ;;      Totals:         2       0       0       0       0       0       0
  6301 ;;Total ram usage:        2 bytes
  6302 ;; Hardware stack levels used: 1
  6303 ;; Hardware stack levels required when called: 4
  6304 ;; This function calls:
  6305 ;;		Nothing
  6306 ;; This function is called by:
  6307 ;;		_INTERRUPT_Initialize
  6308 ;; This function uses a non-reentrant model
  6309 ;;
  6310                           
  6311                           	psect	text11
  6312   001900                     __ptext11:
  6313                           	callstack 0
  6314   001900                     _INT0_SetInterruptHandler:
  6315                           	callstack 24
  6316   001900                     
  6317                           ;mcc_generated_files/system/src/interrupt.c: 111:     INT0_InterruptHandler = InterruptH
      +                          andler;
  6318   001900  C00F  F04E         	movff	INT0_SetInterruptHandler@InterruptHandler,_INT0_InterruptHandler
  6319   001904  C010  F04F         	movff	INT0_SetInterruptHandler@InterruptHandler+1,_INT0_InterruptHandler+1
  6320   001908  0012               	return		;funcret
  6321   00190A                     __end_of_INT0_SetInterruptHandler:
  6322                           	callstack 0
  6323                           
  6324 ;; *************** function _EUSART1_Initialize *****************
  6325 ;; Defined at:
  6326 ;;		line 99 in file "mcc_generated_files/uart/src/eusart1.c"
  6327 ;; Parameters:    Size  Location     Type
  6328 ;;		None
  6329 ;; Auto vars:     Size  Location     Type
  6330 ;;		None
  6331 ;; Return value:  Size  Location     Type
  6332 ;;                  1    wreg      void 
  6333 ;; Registers used:
  6334 ;;		wreg, status,2, status,0, cstack
  6335 ;; Tracked objects:
  6336 ;;		On entry : 0/0
  6337 ;;		On exit  : 0/0
  6338 ;;		Unchanged: 0/0
  6339 ;; Data sizes:     COMRAM   BANK0   BANK1   BANK2   BANK3   BANK4   BANK5
  6340 ;;      Params:         0       0       0       0       0       0       0
  6341 ;;      Locals:         0       0       0       0       0       0       0
  6342 ;;      Temps:          0       0       0       0       0       0       0
  6343 ;;      Totals:         0       0       0       0       0       0       0
  6344 ;;Total ram usage:        0 bytes
  6345 ;; Hardware stack levels used: 1
  6346 ;; Hardware stack levels required when called: 5
  6347 ;; This function calls:
  6348 ;;		_EUSART1_FramingErrorCallbackRegister
  6349 ;;		_EUSART1_OverrunErrorCallbackRegister
  6350 ;; This function is called by:
  6351 ;;		_SYSTEM_Initialize
  6352 ;; This function uses a non-reentrant model
  6353 ;;
  6354                           
  6355                           	psect	text12
  6356   00165C                     __ptext12:
  6357                           	callstack 0
  6358   00165C                     _EUSART1_Initialize:
  6359                           	callstack 24
  6360   00165C                     
  6361                           ;mcc_generated_files/uart/src/eusart1.c: 104:     BAUDCON1 = 0x48;
  6362   00165C  0E48               	movlw	72
  6363   00165E  6EB8               	movwf	184,c	;volatile
  6364                           
  6365                           ;mcc_generated_files/uart/src/eusart1.c: 106:     RCSTA1 = 0x90;
  6366   001660  0E90               	movlw	144
  6367   001662  6EAB               	movwf	171,c	;volatile
  6368                           
  6369                           ;mcc_generated_files/uart/src/eusart1.c: 108:     TXSTA1 = 0x26;
  6370   001664  0E26               	movlw	38
  6371   001666  6EAC               	movwf	172,c	;volatile
  6372                           
  6373                           ;mcc_generated_files/uart/src/eusart1.c: 110:     SPBRG1 = 0x82;
  6374   001668  0E82               	movlw	130
  6375   00166A  6EAF               	movwf	175,c	;volatile
  6376                           
  6377                           ;mcc_generated_files/uart/src/eusart1.c: 112:     SPBRGH1 = 0x6;
  6378   00166C  0E06               	movlw	6
  6379   00166E  6EB0               	movwf	176,c	;volatile
  6380   001670                     
  6381                           ;mcc_generated_files/uart/src/eusart1.c: 114:     EUSART1_FramingErrorCallbackRegister(E
      +                          USART1_DefaultFramingErrorCallback);
  6382   001670  0E26               	movlw	low _EUSART1_DefaultFramingErrorCallback
  6383   001672  6E0F               	movwf	EUSART1_FramingErrorCallbackRegister@callbackHandler^0,c
  6384   001674  0E19               	movlw	high _EUSART1_DefaultFramingErrorCallback
  6385   001676  6E10               	movwf	(EUSART1_FramingErrorCallbackRegister@callbackHandler+1)^0,c
  6386   001678  EC2C  F00C         	call	_EUSART1_FramingErrorCallbackRegister	;wreg free
  6387   00167C                     
  6388                           ;mcc_generated_files/uart/src/eusart1.c: 115:     EUSART1_OverrunErrorCallbackRegister(E
      +                          USART1_DefaultOverrunErrorCallback);
  6389   00167C  0E1C               	movlw	low _EUSART1_DefaultOverrunErrorCallback
  6390   00167E  6E0F               	movwf	EUSART1_OverrunErrorCallbackRegister@callbackHandler^0,c
  6391   001680  0E19               	movlw	high _EUSART1_DefaultOverrunErrorCallback
  6392   001682  6E10               	movwf	(EUSART1_OverrunErrorCallbackRegister@callbackHandler+1)^0,c
  6393   001684  EC1E  F00C         	call	_EUSART1_OverrunErrorCallbackRegister	;wreg free
  6394                           
  6395                           ;mcc_generated_files/uart/src/eusart1.c: 116:     eusart1RxLastError.status = 0;
  6396   001688  0E00               	movlw	0
  6397   00168A  0100               	movlb	0	; () banked
  6398   00168C  6F65               	movwf	(_eusart1RxLastError+1)& (0+255),b	;volatile
  6399   00168E  0E00               	movlw	0
  6400   001690  6F64               	movwf	_eusart1RxLastError& (0+255),b	;volatile
  6401   001692                     
  6402                           ; BSR set to: 0
  6403   001692  0012               	return		;funcret
  6404   001694                     __end_of_EUSART1_Initialize:
  6405                           	callstack 0
  6406                           
  6407 ;; *************** function _EUSART1_OverrunErrorCallbackRegister *****************
  6408 ;; Defined at:
  6409 ;;		line 283 in file "mcc_generated_files/uart/src/eusart1.c"
  6410 ;; Parameters:    Size  Location     Type
  6411 ;;  callbackHand    2   14[COMRAM] PTR FTN()void 
  6412 ;;		 -> EUSART1_DefaultOverrunErrorCallback(1), 
  6413 ;; Auto vars:     Size  Location     Type
  6414 ;;		None
  6415 ;; Return value:  Size  Location     Type
  6416 ;;                  1    wreg      void 
  6417 ;; Registers used:
  6418 ;;		wreg, status,2, status,0
  6419 ;; Tracked objects:
  6420 ;;		On entry : 0/0
  6421 ;;		On exit  : 0/0
  6422 ;;		Unchanged: 0/0
  6423 ;; Data sizes:     COMRAM   BANK0   BANK1   BANK2   BANK3   BANK4   BANK5
  6424 ;;      Params:         2       0       0       0       0       0       0
  6425 ;;      Locals:         0       0       0       0       0       0       0
  6426 ;;      Temps:          0       0       0       0       0       0       0
  6427 ;;      Totals:         2       0       0       0       0       0       0
  6428 ;;Total ram usage:        2 bytes
  6429 ;; Hardware stack levels used: 1
  6430 ;; Hardware stack levels required when called: 4
  6431 ;; This function calls:
  6432 ;;		Nothing
  6433 ;; This function is called by:
  6434 ;;		_EUSART1_Initialize
  6435 ;; This function uses a non-reentrant model
  6436 ;;
  6437                           
  6438                           	psect	text13
  6439   00183C                     __ptext13:
  6440                           	callstack 0
  6441   00183C                     _EUSART1_OverrunErrorCallbackRegister:
  6442                           	callstack 24
  6443   00183C                     
  6444                           ;mcc_generated_files/uart/src/eusart1.c: 283: void EUSART1_OverrunErrorCallbackRegister(
      +                          void (* callbackHandler)(void));mcc_generated_files/uart/src/eusart1.c: 284: {;mcc_gener
      +                          ated_files/uart/src/eusart1.c: 285:     if(((void*)0) != callbackHandler)
  6445   00183C  500F               	movf	EUSART1_OverrunErrorCallbackRegister@callbackHandler^0,w,c
  6446   00183E  1010               	iorwf	(EUSART1_OverrunErrorCallbackRegister@callbackHandler+1)^0,w,c
  6447   001840  B4D8               	btfsc	status,2,c
  6448   001842  EF25  F00C         	goto	u1811
  6449   001846  EF27  F00C         	goto	u1810
  6450   00184A                     u1811:
  6451   00184A  EF2B  F00C         	goto	l573
  6452   00184E                     u1810:
  6453   00184E                     
  6454                           ;mcc_generated_files/uart/src/eusart1.c: 286:     {;mcc_generated_files/uart/src/eusart1
      +                          .c: 287:         EUSART1_OverrunErrorHandler = callbackHandler;
  6455   00184E  C00F  F062         	movff	EUSART1_OverrunErrorCallbackRegister@callbackHandler,_EUSART1_OverrunErrorHandler
  6456   001852  C010  F063         	movff	EUSART1_OverrunErrorCallbackRegister@callbackHandler+1,_EUSART1_OverrunErrorHandl
      +                          er+1
  6457   001856                     l573:
  6458   001856  0012               	return		;funcret
  6459   001858                     __end_of_EUSART1_OverrunErrorCallbackRegister:
  6460                           	callstack 0
  6461                           
  6462 ;; *************** function _EUSART1_FramingErrorCallbackRegister *****************
  6463 ;; Defined at:
  6464 ;;		line 275 in file "mcc_generated_files/uart/src/eusart1.c"
  6465 ;; Parameters:    Size  Location     Type
  6466 ;;  callbackHand    2   14[COMRAM] PTR FTN()void 
  6467 ;;		 -> EUSART1_DefaultFramingErrorCallback(1), 
  6468 ;; Auto vars:     Size  Location     Type
  6469 ;;		None
  6470 ;; Return value:  Size  Location     Type
  6471 ;;                  1    wreg      void 
  6472 ;; Registers used:
  6473 ;;		wreg, status,2, status,0
  6474 ;; Tracked objects:
  6475 ;;		On entry : 0/0
  6476 ;;		On exit  : 0/0
  6477 ;;		Unchanged: 0/0
  6478 ;; Data sizes:     COMRAM   BANK0   BANK1   BANK2   BANK3   BANK4   BANK5
  6479 ;;      Params:         2       0       0       0       0       0       0
  6480 ;;      Locals:         0       0       0       0       0       0       0
  6481 ;;      Temps:          0       0       0       0       0       0       0
  6482 ;;      Totals:         2       0       0       0       0       0       0
  6483 ;;Total ram usage:        2 bytes
  6484 ;; Hardware stack levels used: 1
  6485 ;; Hardware stack levels required when called: 4
  6486 ;; This function calls:
  6487 ;;		Nothing
  6488 ;; This function is called by:
  6489 ;;		_EUSART1_Initialize
  6490 ;; This function uses a non-reentrant model
  6491 ;;
  6492                           
  6493                           	psect	text14
  6494   001858                     __ptext14:
  6495                           	callstack 0
  6496   001858                     _EUSART1_FramingErrorCallbackRegister:
  6497                           	callstack 24
  6498   001858                     
  6499                           ;mcc_generated_files/uart/src/eusart1.c: 275: void EUSART1_FramingErrorCallbackRegister(
      +                          void (* callbackHandler)(void));mcc_generated_files/uart/src/eusart1.c: 276: {;mcc_gener
      +                          ated_files/uart/src/eusart1.c: 277:     if(((void*)0) != callbackHandler)
  6500   001858  500F               	movf	EUSART1_FramingErrorCallbackRegister@callbackHandler^0,w,c
  6501   00185A  1010               	iorwf	(EUSART1_FramingErrorCallbackRegister@callbackHandler+1)^0,w,c
  6502   00185C  B4D8               	btfsc	status,2,c
  6503   00185E  EF33  F00C         	goto	u1801
  6504   001862  EF35  F00C         	goto	u1800
  6505   001866                     u1801:
  6506   001866  EF39  F00C         	goto	l569
  6507   00186A                     u1800:
  6508   00186A                     
  6509                           ;mcc_generated_files/uart/src/eusart1.c: 278:     {;mcc_generated_files/uart/src/eusart1
      +                          .c: 279:         EUSART1_FramingErrorHandler = callbackHandler;
  6510   00186A  C00F  F046         	movff	EUSART1_FramingErrorCallbackRegister@callbackHandler,_EUSART1_FramingErrorHandler
  6511   00186E  C010  F047         	movff	EUSART1_FramingErrorCallbackRegister@callbackHandler+1,_EUSART1_FramingErrorHandl
      +                          er+1
  6512   001872                     l569:
  6513   001872  0012               	return		;funcret
  6514   001874                     __end_of_EUSART1_FramingErrorCallbackRegister:
  6515                           	callstack 0
  6516                           
  6517 ;; *************** function _CLOCK_Initialize *****************
  6518 ;; Defined at:
  6519 ;;		line 39 in file "mcc_generated_files/system/src/clock.c"
  6520 ;; Parameters:    Size  Location     Type
  6521 ;;		None
  6522 ;; Auto vars:     Size  Location     Type
  6523 ;;		None
  6524 ;; Return value:  Size  Location     Type
  6525 ;;                  1    wreg      void 
  6526 ;; Registers used:
  6527 ;;		wreg, status,2
  6528 ;; Tracked objects:
  6529 ;;		On entry : 0/0
  6530 ;;		On exit  : 0/0
  6531 ;;		Unchanged: 0/0
  6532 ;; Data sizes:     COMRAM   BANK0   BANK1   BANK2   BANK3   BANK4   BANK5
  6533 ;;      Params:         0       0       0       0       0       0       0
  6534 ;;      Locals:         0       0       0       0       0       0       0
  6535 ;;      Temps:          0       0       0       0       0       0       0
  6536 ;;      Totals:         0       0       0       0       0       0       0
  6537 ;;Total ram usage:        0 bytes
  6538 ;; Hardware stack levels used: 1
  6539 ;; Hardware stack levels required when called: 4
  6540 ;; This function calls:
  6541 ;;		Nothing
  6542 ;; This function is called by:
  6543 ;;		_SYSTEM_Initialize
  6544 ;; This function uses a non-reentrant model
  6545 ;;
  6546                           
  6547                           	psect	text15
  6548   0018CA                     __ptext15:
  6549                           	callstack 0
  6550   0018CA                     _CLOCK_Initialize:
  6551                           	callstack 25
  6552   0018CA                     
  6553                           ;mcc_generated_files/system/src/clock.c: 41:     OSCCON = (0 << 0x0)
  6554   0018CA  0E70               	movlw	112
  6555   0018CC  6ED3               	movwf	211,c	;volatile
  6556                           
  6557                           ;mcc_generated_files/system/src/clock.c: 44:     OSCCON2 = (1 << 0x2)
  6558   0018CE  0E04               	movlw	4
  6559   0018D0  6ED2               	movwf	210,c	;volatile
  6560                           
  6561                           ;mcc_generated_files/system/src/clock.c: 47:     OSCTUNE = (0 << 0x0)
  6562   0018D2  0E40               	movlw	64
  6563   0018D4  6E9B               	movwf	155,c	;volatile
  6564   0018D6  0012               	return		;funcret
  6565   0018D8                     __end_of_CLOCK_Initialize:
  6566                           	callstack 0
  6567                           
  6568 ;; *************** function _SPI2_Open *****************
  6569 ;; Defined at:
  6570 ;;		line 82 in file "mcc_generated_files/spi/src/mssp2.c"
  6571 ;; Parameters:    Size  Location     Type
  6572 ;;  spiConfigInd    1    wreg     unsigned char 
  6573 ;; Auto vars:     Size  Location     Type
  6574 ;;  spiConfigInd    1   14[COMRAM] unsigned char 
  6575 ;;  returnValue     1    0        _Bool 
  6576 ;; Return value:  Size  Location     Type
  6577 ;;                  1    wreg      _Bool 
  6578 ;; Registers used:
  6579 ;;		wreg, status,2, status,0, tblptrl, tblptrh, tblptru, prodl, prodh
  6580 ;; Tracked objects:
  6581 ;;		On entry : 0/0
  6582 ;;		On exit  : 0/0
  6583 ;;		Unchanged: 0/0
  6584 ;; Data sizes:     COMRAM   BANK0   BANK1   BANK2   BANK3   BANK4   BANK5
  6585 ;;      Params:         0       0       0       0       0       0       0
  6586 ;;      Locals:         1       0       0       0       0       0       0
  6587 ;;      Temps:          0       0       0       0       0       0       0
  6588 ;;      Totals:         1       0       0       0       0       0       0
  6589 ;;Total ram usage:        1 bytes
  6590 ;; Hardware stack levels used: 1
  6591 ;; Hardware stack levels required when called: 4
  6592 ;; This function calls:
  6593 ;;		Nothing
  6594 ;; This function is called by:
  6595 ;;		_main
  6596 ;; This function uses a non-reentrant model
  6597 ;;
  6598                           
  6599                           	psect	text16
  6600   00144C                     __ptext16:
  6601                           	callstack 0
  6602   00144C                     _SPI2_Open:
  6603                           	callstack 26
  6604                           
  6605                           ;incstack = 0
  6606                           ;SPI2_Open@spiConfigIndex stored from wreg
  6607   00144C  6E0F               	movwf	SPI2_Open@spiConfigIndex^0,c
  6608   00144E                     
  6609                           ;mcc_generated_files/spi/src/mssp2.c: 85:     if (SSP2CON1bits.SSPEN == 0)
  6610   00144E  BA6C               	btfsc	108,5,c	;volatile
  6611   001450  EF2C  F00A         	goto	u1871
  6612   001454  EF2E  F00A         	goto	u1870
  6613   001458                     u1871:
  6614   001458  EF69  F00A         	goto	l362
  6615   00145C                     u1870:
  6616   00145C                     
  6617                           ;mcc_generated_files/spi/src/mssp2.c: 86:     {;mcc_generated_files/spi/src/mssp2.c: 87:
      +                                   SSP2STAT = spi2_configuration[spiConfigIndex].stat;
  6618   00145C  500F               	movf	SPI2_Open@spiConfigIndex^0,w,c
  6619   00145E  0D05               	mullw	5
  6620   001460  0EEB               	movlw	low _spi2_configuration
  6621   001462  24F3               	addwf	243,w,c
  6622   001464  6EF6               	movwf	tblptrl,c
  6623   001466  0E7A               	movlw	high _spi2_configuration
  6624   001468  20F4               	addwfc	244,w,c
  6625   00146A  6EF7               	movwf	tblptrh,c
  6626   00146C                     	if	0	;There are less than 3 active tblptr bytes
  6627   00146C                     	endif
  6628   00146C  0008               	tblrd		*
  6629   00146E  CFF5 FF6D          	movff	tablat,3949	;volatile
  6630                           
  6631                           ;mcc_generated_files/spi/src/mssp2.c: 88:         SSP2CON1 = spi2_configuration[spiConfi
      +                          gIndex].con1;
  6632   001472  500F               	movf	SPI2_Open@spiConfigIndex^0,w,c
  6633   001474  0D05               	mullw	5
  6634   001476  0E01               	movlw	1
  6635   001478  26F3               	addwf	243,f,c
  6636   00147A  0E00               	movlw	0
  6637   00147C  22F4               	addwfc	244,f,c
  6638   00147E  0EEB               	movlw	low _spi2_configuration
  6639   001480  24F3               	addwf	243,w,c
  6640   001482  6EF6               	movwf	tblptrl,c
  6641   001484  0E7A               	movlw	high _spi2_configuration
  6642   001486  20F4               	addwfc	244,w,c
  6643   001488  6EF7               	movwf	tblptrh,c
  6644   00148A                     	if	0	;There are less than 3 active tblptr bytes
  6645   00148A                     	endif
  6646   00148A  0008               	tblrd		*
  6647   00148C  CFF5 FF6C          	movff	tablat,3948	;volatile
  6648                           
  6649                           ;mcc_generated_files/spi/src/mssp2.c: 89:         SSP2CON3 = spi2_configuration[spiConfi
      +                          gIndex].con3;
  6650   001490  500F               	movf	SPI2_Open@spiConfigIndex^0,w,c
  6651   001492  0D05               	mullw	5
  6652   001494  0E02               	movlw	2
  6653   001496  26F3               	addwf	243,f,c
  6654   001498  0E00               	movlw	0
  6655   00149A  22F4               	addwfc	244,f,c
  6656   00149C  0EEB               	movlw	low _spi2_configuration
  6657   00149E  24F3               	addwf	243,w,c
  6658   0014A0  6EF6               	movwf	tblptrl,c
  6659   0014A2  0E7A               	movlw	high _spi2_configuration
  6660   0014A4  20F4               	addwfc	244,w,c
  6661   0014A6  6EF7               	movwf	tblptrh,c
  6662   0014A8                     	if	0	;There are less than 3 active tblptr bytes
  6663   0014A8                     	endif
  6664   0014A8  0008               	tblrd		*
  6665   0014AA  CFF5 FF69          	movff	tablat,3945	;volatile
  6666                           
  6667                           ;mcc_generated_files/spi/src/mssp2.c: 90:         SSP2ADD = spi2_configuration[spiConfig
      +                          Index].baud;
  6668   0014AE  500F               	movf	SPI2_Open@spiConfigIndex^0,w,c
  6669   0014B0  0D05               	mullw	5
  6670   0014B2  0E03               	movlw	3
  6671   0014B4  26F3               	addwf	243,f,c
  6672   0014B6  0E00               	movlw	0
  6673   0014B8  22F4               	addwfc	244,f,c
  6674   0014BA  0EEB               	movlw	low _spi2_configuration
  6675   0014BC  24F3               	addwf	243,w,c
  6676   0014BE  6EF6               	movwf	tblptrl,c
  6677   0014C0  0E7A               	movlw	high _spi2_configuration
  6678   0014C2  20F4               	addwfc	244,w,c
  6679   0014C4  6EF7               	movwf	tblptrh,c
  6680   0014C6                     	if	0	;There are less than 3 active tblptr bytes
  6681   0014C6                     	endif
  6682   0014C6  0008               	tblrd		*
  6683   0014C8  CFF5 FF6E          	movff	tablat,3950	;volatile
  6684   0014CC                     
  6685                           ;mcc_generated_files/spi/src/mssp2.c: 92:         SSP2CON1bits.SSPEN = 1;
  6686   0014CC  8A6C               	bsf	108,5,c	;volatile
  6687   0014CE                     
  6688                           ;mcc_generated_files/spi/src/mssp2.c: 95:     }
  6689   0014CE  EF69  F00A         	goto	l364
  6690   0014D2                     l362:
  6691   0014D2                     l364:
  6692   0014D2  0012               	return		;funcret
  6693   0014D4                     __end_of_SPI2_Open:
  6694                           	callstack 0
  6695                           
  6696 ;; *************** function _SPI2_Close *****************
  6697 ;; Defined at:
  6698 ;;		line 103 in file "mcc_generated_files/spi/src/mssp2.c"
  6699 ;; Parameters:    Size  Location     Type
  6700 ;;		None
  6701 ;; Auto vars:     Size  Location     Type
  6702 ;;		None
  6703 ;; Return value:  Size  Location     Type
  6704 ;;                  1    wreg      void 
  6705 ;; Registers used:
  6706 ;;		None
  6707 ;; Tracked objects:
  6708 ;;		On entry : 0/0
  6709 ;;		On exit  : 0/0
  6710 ;;		Unchanged: 0/0
  6711 ;; Data sizes:     COMRAM   BANK0   BANK1   BANK2   BANK3   BANK4   BANK5
  6712 ;;      Params:         0       0       0       0       0       0       0
  6713 ;;      Locals:         0       0       0       0       0       0       0
  6714 ;;      Temps:          0       0       0       0       0       0       0
  6715 ;;      Totals:         0       0       0       0       0       0       0
  6716 ;;Total ram usage:        0 bytes
  6717 ;; Hardware stack levels used: 1
  6718 ;; Hardware stack levels required when called: 4
  6719 ;; This function calls:
  6720 ;;		Nothing
  6721 ;; This function is called by:
  6722 ;;		_main
  6723 ;; This function uses a non-reentrant model
  6724 ;;
  6725                           
  6726                           	psect	text17
  6727   001922                     __ptext17:
  6728                           	callstack 0
  6729   001922                     _SPI2_Close:
  6730                           	callstack 26
  6731   001922                     
  6732                           ;mcc_generated_files/spi/src/mssp2.c: 105:     SSP2CON1bits.SSPEN = 0;
  6733   001922  9A6C               	bcf	108,5,c	;volatile
  6734   001924  0012               	return		;funcret
  6735   001926                     __end_of_SPI2_Close:
  6736                           	callstack 0
  6737                           
  6738 ;; *************** function _SDCARD_WriteBlock *****************
  6739 ;; Defined at:
  6740 ;;		line 48 in file "sdCard.c"
  6741 ;; Parameters:    Size  Location     Type
  6742 ;;  addr            4   15[COMRAM] unsigned long 
  6743 ;;  sdCardBuffer    2   19[COMRAM] PTR unsigned char 
  6744 ;;		 -> sdCardBuffer(512), 
  6745 ;; Auto vars:     Size  Location     Type
  6746 ;;  i               2   21[COMRAM] unsigned short 
  6747 ;; Return value:  Size  Location     Type
  6748 ;;                  1    wreg      void 
  6749 ;; Registers used:
  6750 ;;		wreg, fsr2l, fsr2h, status,2, status,0, cstack
  6751 ;; Tracked objects:
  6752 ;;		On entry : 0/0
  6753 ;;		On exit  : 0/0
  6754 ;;		Unchanged: 0/0
  6755 ;; Data sizes:     COMRAM   BANK0   BANK1   BANK2   BANK3   BANK4   BANK5
  6756 ;;      Params:         6       0       0       0       0       0       0
  6757 ;;      Locals:         2       0       0       0       0       0       0
  6758 ;;      Temps:          0       0       0       0       0       0       0
  6759 ;;      Totals:         8       0       0       0       0       0       0
  6760 ;;Total ram usage:        8 bytes
  6761 ;; Hardware stack levels used: 1
  6762 ;; Hardware stack levels required when called: 5
  6763 ;; This function calls:
  6764 ;;		_SPI2_ByteExchange
  6765 ;; This function is called by:
  6766 ;;		_main
  6767 ;; This function uses a non-reentrant model
  6768 ;;
  6769                           
  6770                           	psect	text18
  6771   0013BE                     __ptext18:
  6772                           	callstack 0
  6773   0013BE                     _SDCARD_WriteBlock:
  6774                           	callstack 25
  6775   0013BE  988A               	bcf	138,4,c	;volatile
  6776   0013C0                     
  6777                           ;sdCard.c: 54:     SPI2_ByteExchange(0xFF);
  6778   0013C0  0EFF               	movlw	255
  6779   0013C2  EC47  F00C         	call	_SPI2_ByteExchange
  6780   0013C6                     
  6781                           ;sdCard.c: 55: 
  6782   0013C6  0E58               	movlw	88
  6783   0013C8  EC47  F00C         	call	_SPI2_ByteExchange
  6784   0013CC                     
  6785                           ;sdCard.c: 56: 
  6786   0013CC  5013               	movf	(SDCARD_WriteBlock@addr+3)^0,w,c
  6787   0013CE  EC47  F00C         	call	_SPI2_ByteExchange
  6788   0013D2                     
  6789                           ;sdCard.c: 57:     while (SPI2_ByteExchange(0xFF) == 0xFF);
  6790   0013D2  5012               	movf	(SDCARD_WriteBlock@addr+2)^0,w,c
  6791   0013D4  EC47  F00C         	call	_SPI2_ByteExchange
  6792   0013D8                     
  6793                           ;sdCard.c: 58: 
  6794   0013D8  5011               	movf	(SDCARD_WriteBlock@addr+1)^0,w,c
  6795   0013DA  EC47  F00C         	call	_SPI2_ByteExchange
  6796   0013DE                     
  6797                           ;sdCard.c: 59: 
  6798   0013DE  5010               	movf	SDCARD_WriteBlock@addr^0,w,c
  6799   0013E0  EC47  F00C         	call	_SPI2_ByteExchange
  6800   0013E4                     
  6801                           ;sdCard.c: 60:     SPI2_ByteExchange(0xFF);
  6802   0013E4  0EFF               	movlw	255
  6803   0013E6  EC47  F00C         	call	_SPI2_ByteExchange
  6804   0013EA                     l3089:
  6805   0013EA  0EFF               	movlw	255
  6806   0013EC  EC47  F00C         	call	_SPI2_ByteExchange
  6807   0013F0  0AFF               	xorlw	255
  6808   0013F2  B4D8               	btfsc	status,2,c
  6809   0013F4  EFFE  F009         	goto	u2011
  6810   0013F8  EF00  F00A         	goto	u2010
  6811   0013FC                     u2011:
  6812   0013FC  EFF5  F009         	goto	l3089
  6813   001400                     u2010:
  6814   001400                     
  6815                           ;sdCard.c: 66: 
  6816   001400  0EFF               	movlw	255
  6817   001402  EC47  F00C         	call	_SPI2_ByteExchange
  6818                           
  6819                           ;sdCard.c: 67: 
  6820   001406  0EFF               	movlw	255
  6821   001408  EC47  F00C         	call	_SPI2_ByteExchange
  6822                           
  6823                           ;sdCard.c: 68:     for (i = 0; i < 512; i++)
  6824   00140C  0EFF               	movlw	255
  6825   00140E  EC47  F00C         	call	_SPI2_ByteExchange
  6826                           
  6827                           ;sdCard.c: 71:     do { LATBbits.LATB4 = 1; } while(0);
  6828   001412  0EFE               	movlw	254
  6829   001414  EC47  F00C         	call	_SPI2_ByteExchange
  6830   001418                     
  6831                           ;sdCard.c: 74: 
  6832   001418  0E00               	movlw	0
  6833   00141A  6E17               	movwf	(SDCARD_WriteBlock@i+1)^0,c
  6834   00141C  0E00               	movlw	0
  6835   00141E  6E16               	movwf	SDCARD_WriteBlock@i^0,c
  6836   001420                     l3099:
  6837                           
  6838                           ;sdCard.c: 75: 
  6839   001420  5016               	movf	SDCARD_WriteBlock@i^0,w,c
  6840   001422  2414               	addwf	SDCARD_WriteBlock@sdCardBuffer^0,w,c
  6841   001424  6ED9               	movwf	fsr2l,c
  6842   001426  5017               	movf	(SDCARD_WriteBlock@i+1)^0,w,c
  6843   001428  2015               	addwfc	(SDCARD_WriteBlock@sdCardBuffer+1)^0,w,c
  6844   00142A  6EDA               	movwf	fsr2h,c
  6845   00142C  50DF               	movf	indf2,w,c
  6846   00142E  EC47  F00C         	call	_SPI2_ByteExchange
  6847   001432  4A16               	infsnz	SDCARD_WriteBlock@i^0,f,c
  6848   001434  2A17               	incf	(SDCARD_WriteBlock@i+1)^0,f,c
  6849   001436  0E02               	movlw	2
  6850   001438  5C17               	subwf	(SDCARD_WriteBlock@i+1)^0,w,c
  6851   00143A  A0D8               	btfss	status,0,c
  6852   00143C  EF22  F00A         	goto	u2021
  6853   001440  EF24  F00A         	goto	u2020
  6854   001444                     u2021:
  6855   001444  EF10  F00A         	goto	l3099
  6856   001448                     u2020:
  6857   001448  888A               	bsf	138,4,c	;volatile
  6858   00144A  0012               	return		;funcret
  6859   00144C                     __end_of_SDCARD_WriteBlock:
  6860                           	callstack 0
  6861                           
  6862 ;; *************** function _SDCARD_ReadBlock *****************
  6863 ;; Defined at:
  6864 ;;		line 13 in file "sdCard.c"
  6865 ;; Parameters:    Size  Location     Type
  6866 ;;  addr            4   15[COMRAM] unsigned long 
  6867 ;;  sdCardBuffer    2   19[COMRAM] PTR unsigned char 
  6868 ;;		 -> sdCardBuffer(512), 
  6869 ;; Auto vars:     Size  Location     Type
  6870 ;;  i               2   21[COMRAM] unsigned short 
  6871 ;; Return value:  Size  Location     Type
  6872 ;;                  1    wreg      void 
  6873 ;; Registers used:
  6874 ;;		wreg, fsr2l, fsr2h, status,2, status,0, cstack
  6875 ;; Tracked objects:
  6876 ;;		On entry : 0/0
  6877 ;;		On exit  : 0/0
  6878 ;;		Unchanged: 0/0
  6879 ;; Data sizes:     COMRAM   BANK0   BANK1   BANK2   BANK3   BANK4   BANK5
  6880 ;;      Params:         6       0       0       0       0       0       0
  6881 ;;      Locals:         2       0       0       0       0       0       0
  6882 ;;      Temps:          0       0       0       0       0       0       0
  6883 ;;      Totals:         8       0       0       0       0       0       0
  6884 ;;Total ram usage:        8 bytes
  6885 ;; Hardware stack levels used: 1
  6886 ;; Hardware stack levels required when called: 5
  6887 ;; This function calls:
  6888 ;;		_SPI2_ByteExchange
  6889 ;; This function is called by:
  6890 ;;		_main
  6891 ;; This function uses a non-reentrant model
  6892 ;;
  6893                           
  6894                           	psect	text19
  6895   00128E                     __ptext19:
  6896                           	callstack 0
  6897   00128E                     _SDCARD_ReadBlock:
  6898                           	callstack 25
  6899   00128E  988A               	bcf	138,4,c	;volatile
  6900   001290                     
  6901                           ;sdCard.c: 18:     SPI2_ByteExchange(0xFF);
  6902   001290  0EFF               	movlw	255
  6903   001292  EC47  F00C         	call	_SPI2_ByteExchange
  6904   001296                     
  6905                           ;sdCard.c: 19: 
  6906   001296  0E51               	movlw	81
  6907   001298  EC47  F00C         	call	_SPI2_ByteExchange
  6908   00129C                     
  6909                           ;sdCard.c: 20: 
  6910   00129C  5013               	movf	(SDCARD_ReadBlock@addr+3)^0,w,c
  6911   00129E  EC47  F00C         	call	_SPI2_ByteExchange
  6912   0012A2                     
  6913                           ;sdCard.c: 21:     while (SPI2_ByteExchange(0xFF) == 0xFF);
  6914   0012A2  5012               	movf	(SDCARD_ReadBlock@addr+2)^0,w,c
  6915   0012A4  EC47  F00C         	call	_SPI2_ByteExchange
  6916   0012A8                     
  6917                           ;sdCard.c: 22: 
  6918   0012A8  5011               	movf	(SDCARD_ReadBlock@addr+1)^0,w,c
  6919   0012AA  EC47  F00C         	call	_SPI2_ByteExchange
  6920   0012AE                     
  6921                           ;sdCard.c: 23: 
  6922   0012AE  5010               	movf	SDCARD_ReadBlock@addr^0,w,c
  6923   0012B0  EC47  F00C         	call	_SPI2_ByteExchange
  6924   0012B4                     
  6925                           ;sdCard.c: 24:     while (SPI2_ByteExchange(0xFF) == 0xFF);
  6926   0012B4  0EFF               	movlw	255
  6927   0012B6  EC47  F00C         	call	_SPI2_ByteExchange
  6928   0012BA                     l3141:
  6929   0012BA  0EFF               	movlw	255
  6930   0012BC  EC47  F00C         	call	_SPI2_ByteExchange
  6931   0012C0  0AFF               	xorlw	255
  6932   0012C2  B4D8               	btfsc	status,2,c
  6933   0012C4  EF66  F009         	goto	u2041
  6934   0012C8  EF68  F009         	goto	u2040
  6935   0012CC                     u2041:
  6936   0012CC  EF5D  F009         	goto	l3141
  6937   0012D0                     u2040:
  6938   0012D0                     l3143:
  6939   0012D0  0EFF               	movlw	255
  6940   0012D2  EC47  F00C         	call	_SPI2_ByteExchange
  6941   0012D6  0AFF               	xorlw	255
  6942   0012D8  B4D8               	btfsc	status,2,c
  6943   0012DA  EF71  F009         	goto	u2051
  6944   0012DE  EF73  F009         	goto	u2050
  6945   0012E2                     u2051:
  6946   0012E2  EF68  F009         	goto	l3143
  6947   0012E6                     u2050:
  6948   0012E6                     
  6949                           ;sdCard.c: 33: 
  6950   0012E6  0E00               	movlw	0
  6951   0012E8  6E17               	movwf	(SDCARD_ReadBlock@i+1)^0,c
  6952   0012EA  0E00               	movlw	0
  6953   0012EC  6E16               	movwf	SDCARD_ReadBlock@i^0,c
  6954   0012EE                     l3151:
  6955                           
  6956                           ;sdCard.c: 34:     do { LATBbits.LATB4 = 1; } while(0);
  6957   0012EE  5016               	movf	SDCARD_ReadBlock@i^0,w,c
  6958   0012F0  2414               	addwf	SDCARD_ReadBlock@sdCardBuffer^0,w,c
  6959   0012F2  6ED9               	movwf	fsr2l,c
  6960   0012F4  5017               	movf	(SDCARD_ReadBlock@i+1)^0,w,c
  6961   0012F6  2015               	addwfc	(SDCARD_ReadBlock@sdCardBuffer+1)^0,w,c
  6962   0012F8  6EDA               	movwf	fsr2h,c
  6963   0012FA  0EFF               	movlw	255
  6964   0012FC  EC47  F00C         	call	_SPI2_ByteExchange
  6965   001300  6EDF               	movwf	indf2,c
  6966   001302  4A16               	infsnz	SDCARD_ReadBlock@i^0,f,c
  6967   001304  2A17               	incf	(SDCARD_ReadBlock@i+1)^0,f,c
  6968   001306  0E02               	movlw	2
  6969   001308  5C17               	subwf	(SDCARD_ReadBlock@i+1)^0,w,c
  6970   00130A  A0D8               	btfss	status,0,c
  6971   00130C  EF8A  F009         	goto	u2061
  6972   001310  EF8C  F009         	goto	u2060
  6973   001314                     u2061:
  6974   001314  EF77  F009         	goto	l3151
  6975   001318                     u2060:
  6976   001318                     
  6977                           ;sdCard.c: 37: 
  6978   001318  0EFF               	movlw	255
  6979   00131A  EC47  F00C         	call	_SPI2_ByteExchange
  6980                           
  6981                           ;sdCard.c: 38: 
  6982   00131E  0EFF               	movlw	255
  6983   001320  EC47  F00C         	call	_SPI2_ByteExchange
  6984   001324  888A               	bsf	138,4,c	;volatile
  6985   001326  0012               	return		;funcret
  6986   001328                     __end_of_SDCARD_ReadBlock:
  6987                           	callstack 0
  6988                           
  6989 ;; *************** function _SDCARD_PollWriteComplete *****************
  6990 ;; Defined at:
  6991 ;;		line 86 in file "sdCard.c"
  6992 ;; Parameters:    Size  Location     Type
  6993 ;;		None
  6994 ;; Auto vars:     Size  Location     Type
  6995 ;;  status          1   15[COMRAM] unsigned char 
  6996 ;; Return value:  Size  Location     Type
  6997 ;;                  1    wreg      unsigned char 
  6998 ;; Registers used:
  6999 ;;		wreg, status,2, status,0, cstack
  7000 ;; Tracked objects:
  7001 ;;		On entry : 0/0
  7002 ;;		On exit  : 0/0
  7003 ;;		Unchanged: 0/0
  7004 ;; Data sizes:     COMRAM   BANK0   BANK1   BANK2   BANK3   BANK4   BANK5
  7005 ;;      Params:         0       0       0       0       0       0       0
  7006 ;;      Locals:         1       0       0       0       0       0       0
  7007 ;;      Temps:          0       0       0       0       0       0       0
  7008 ;;      Totals:         1       0       0       0       0       0       0
  7009 ;;Total ram usage:        1 bytes
  7010 ;; Hardware stack levels used: 1
  7011 ;; Hardware stack levels required when called: 5
  7012 ;; This function calls:
  7013 ;;		_SPI2_ByteExchange
  7014 ;; This function is called by:
  7015 ;;		_main
  7016 ;; This function uses a non-reentrant model
  7017 ;;
  7018                           
  7019                           	psect	text20
  7020   001694                     __ptext20:
  7021                           	callstack 0
  7022   001694                     _SDCARD_PollWriteComplete:
  7023                           	callstack 25
  7024   001694  988A               	bcf	138,4,c	;volatile
  7025   001696                     
  7026                           ;sdCard.c: 91: 
  7027   001696  0E0D               	movlw	13
  7028   001698  EC47  F00C         	call	_SPI2_ByteExchange
  7029   00169C  6E10               	movwf	SDCARD_PollWriteComplete@status^0,c
  7030   00169E  888A               	bsf	138,4,c	;volatile
  7031   0016A0                     
  7032                           ;sdCard.c: 94:         (void) SPI2_ByteExchange(0xFF);
  7033   0016A0  2810               	incf	SDCARD_PollWriteComplete@status^0,w,c
  7034   0016A2  A4D8               	btfss	status,2,c
  7035   0016A4  EF56  F00B         	goto	u2031
  7036   0016A8  EF58  F00B         	goto	u2030
  7037   0016AC                     u2031:
  7038   0016AC  EF5B  F00B         	goto	l3117
  7039   0016B0                     u2030:
  7040   0016B0                     
  7041                           ;sdCard.c: 95:         return (status);
  7042   0016B0  0EFF               	movlw	255
  7043   0016B2  EF65  F00B         	goto	l614
  7044   0016B6                     l3117:
  7045                           
  7046                           ;sdCard.c: 98: }
  7047   0016B6  0EFF               	movlw	255
  7048   0016B8  EC47  F00C         	call	_SPI2_ByteExchange
  7049                           
  7050                           ;sdCard.c: 99: 
  7051   0016BC  0EFF               	movlw	255
  7052   0016BE  EC47  F00C         	call	_SPI2_ByteExchange
  7053                           
  7054                           ;sdCard.c: 100: 
  7055   0016C2  0EFF               	movlw	255
  7056   0016C4  EC47  F00C         	call	_SPI2_ByteExchange
  7057   0016C8                     
  7058                           ;sdCard.c: 101: 
  7059   0016C8  5010               	movf	SDCARD_PollWriteComplete@status^0,w,c
  7060   0016CA                     l614:
  7061   0016CA  0012               	return		;funcret
  7062   0016CC                     __end_of_SDCARD_PollWriteComplete:
  7063                           	callstack 0
  7064                           
  7065 ;; *************** function _SDCARD_Initialize *****************
  7066 ;; Defined at:
  7067 ;;		line 111 in file "sdCard.c"
  7068 ;; Parameters:    Size  Location     Type
  7069 ;;  verbose         1    wreg     unsigned char 
  7070 ;; Auto vars:     Size  Location     Type
  7071 ;;  verbose         1   15[BANK0 ] unsigned char 
  7072 ;;  i               2   13[BANK0 ] int 
  7073 ;;  response        1   16[BANK0 ] unsigned char 
  7074 ;; Return value:  Size  Location     Type
  7075 ;;                  1    wreg      void 
  7076 ;; Registers used:
  7077 ;;		wreg, fsr1l, fsr1h, fsr2l, fsr2h, status,2, status,0, tblptrl, tblptrh, tblptru, prodl, prodh, cstack
  7078 ;; Tracked objects:
  7079 ;;		On entry : 0/0
  7080 ;;		On exit  : 0/0
  7081 ;;		Unchanged: 0/0
  7082 ;; Data sizes:     COMRAM   BANK0   BANK1   BANK2   BANK3   BANK4   BANK5
  7083 ;;      Params:         0       0       0       0       0       0       0
  7084 ;;      Locals:         0       4       0       0       0       0       0
  7085 ;;      Temps:          0       0       0       0       0       0       0
  7086 ;;      Totals:         0       4       0       0       0       0       0
  7087 ;;Total ram usage:        4 bytes
  7088 ;; Hardware stack levels used: 1
  7089 ;; Hardware stack levels required when called: 13
  7090 ;; This function calls:
  7091 ;;		_SPI2_ByteExchange
  7092 ;;		_printf
  7093 ;; This function is called by:
  7094 ;;		_main
  7095 ;; This function uses a non-reentrant model
  7096 ;;
  7097                           
  7098                           	psect	text21
  7099   000B06                     __ptext21:
  7100                           	callstack 0
  7101   000B06                     _SDCARD_Initialize:
  7102                           	callstack 17
  7103                           
  7104                           ;incstack = 0
  7105                           ;SDCARD_Initialize@verbose stored from wreg
  7106   000B06  0100               	movlb	0	; () banked
  7107   000B08  6F95               	movwf	SDCARD_Initialize@verbose& (0+255),b
  7108   000B0A                     
  7109                           ;sdCard.c: 113:         SPI2_ByteExchange(0xFF);;sdCard.c: 118:     do { LATBbits.LATB4 
      +                          = 0; } while(0);
  7110   000B0A  0E00               	movlw	0
  7111   000B0C  0100               	movlb	0	; () banked
  7112   000B0E  6F94               	movwf	(SDCARD_Initialize@i+1)& (0+255),b
  7113   000B10  0E00               	movlw	0
  7114   000B12  6F93               	movwf	SDCARD_Initialize@i& (0+255),b
  7115   000B14                     l3737:
  7116                           
  7117                           ; BSR set to: 0
  7118                           ;sdCard.c: 119:     SPI2_ByteExchange(0xFF);
  7119   000B14  0EFF               	movlw	255
  7120   000B16  EC47  F00C         	call	_SPI2_ByteExchange
  7121   000B1A                     
  7122                           ;sdCard.c: 120:     SPI2_ByteExchange(0x40 | 0);
  7123   000B1A  0100               	movlb	0	; () banked
  7124   000B1C  4B93               	infsnz	SDCARD_Initialize@i& (0+255),f,b
  7125   000B1E  2B94               	incf	(SDCARD_Initialize@i+1)& (0+255),f,b
  7126   000B20                     
  7127                           ; BSR set to: 0
  7128   000B20  BF94               	btfsc	(SDCARD_Initialize@i+1)& (0+255),7,b
  7129   000B22  EF9C  F005         	goto	u2881
  7130   000B26  5194               	movf	(SDCARD_Initialize@i+1)& (0+255),w,b
  7131   000B28  E109               	bnz	u2880
  7132   000B2A  0E0A               	movlw	10
  7133   000B2C  5D93               	subwf	SDCARD_Initialize@i& (0+255),w,b
  7134   000B2E  A0D8               	btfss	status,0,c
  7135   000B30  EF9C  F005         	goto	u2881
  7136   000B34  EF9E  F005         	goto	u2880
  7137   000B38                     u2881:
  7138   000B38  EF8A  F005         	goto	l3737
  7139   000B3C                     u2880:
  7140   000B3C                     
  7141                           ; BSR set to: 0
  7142   000B3C  988A               	bcf	138,4,c	;volatile
  7143   000B3E                     
  7144                           ; BSR set to: 0
  7145                           ;sdCard.c: 125:     SPI2_ByteExchange(0x95);
  7146   000B3E  0EFF               	movlw	255
  7147   000B40  EC47  F00C         	call	_SPI2_ByteExchange
  7148                           
  7149                           ;sdCard.c: 126:     SPI2_ByteExchange(0xFF);
  7150   000B44  0E40               	movlw	64
  7151   000B46  EC47  F00C         	call	_SPI2_ByteExchange
  7152                           
  7153                           ;sdCard.c: 127:     response = SPI2_ByteExchange(0xFF);
  7154   000B4A  0E00               	movlw	0
  7155   000B4C  EC47  F00C         	call	_SPI2_ByteExchange
  7156                           
  7157                           ;sdCard.c: 128:     do { LATBbits.LATB4 = 1; } while(0);
  7158   000B50  0E00               	movlw	0
  7159   000B52  EC47  F00C         	call	_SPI2_ByteExchange
  7160                           
  7161                           ;sdCard.c: 129:     if (verbose == 1) printf("CMD0, Reset Response: %x\r\n", response);
  7162   000B56  0E00               	movlw	0
  7163   000B58  EC47  F00C         	call	_SPI2_ByteExchange
  7164                           
  7165                           ;sdCard.c: 130: 
  7166   000B5C  0E00               	movlw	0
  7167   000B5E  EC47  F00C         	call	_SPI2_ByteExchange
  7168                           
  7169                           ;sdCard.c: 131: 
  7170   000B62  0E95               	movlw	149
  7171   000B64  EC47  F00C         	call	_SPI2_ByteExchange
  7172                           
  7173                           ;sdCard.c: 132: 
  7174   000B68  0EFF               	movlw	255
  7175   000B6A  EC47  F00C         	call	_SPI2_ByteExchange
  7176                           
  7177                           ;sdCard.c: 133:     do {
  7178   000B6E  0EFF               	movlw	255
  7179   000B70  EC47  F00C         	call	_SPI2_ByteExchange
  7180   000B74  0100               	movlb	0	; () banked
  7181   000B76  6F96               	movwf	SDCARD_Initialize@response& (0+255),b
  7182   000B78                     
  7183                           ; BSR set to: 0
  7184   000B78  888A               	bsf	138,4,c	;volatile
  7185   000B7A                     
  7186                           ; BSR set to: 0
  7187                           ;sdCard.c: 135:         SPI2_ByteExchange(0xFF);
  7188   000B7A  0595               	decf	SDCARD_Initialize@verbose& (0+255),w,b
  7189   000B7C  A4D8               	btfss	status,2,c
  7190   000B7E  EFC3  F005         	goto	u2891
  7191   000B82  EFC5  F005         	goto	u2890
  7192   000B86                     u2891:
  7193   000B86  EFCE  F005         	goto	l3751
  7194   000B8A                     u2890:
  7195   000B8A                     
  7196                           ; BSR set to: 0
  7197   000B8A  0E8D               	movlw	low STR_59
  7198   000B8C  6F8D               	movwf	printf@fmt& (0+255),b
  7199   000B8E  0E7E               	movlw	high STR_59
  7200   000B90  6F8E               	movwf	(printf@fmt+1)& (0+255),b
  7201   000B92  C096  F08F         	movff	SDCARD_Initialize@response,?_printf+2
  7202   000B96  6B90               	clrf	(?_printf+3)& (0+255),b
  7203   000B98  ECF0  F00B         	call	_printf	;wreg free
  7204   000B9C                     l3751:
  7205   000B9C  988A               	bcf	138,4,c	;volatile
  7206   000B9E                     
  7207                           ;sdCard.c: 141:         SPI2_ByteExchange(0xFF);
  7208   000B9E  0EFF               	movlw	255
  7209   000BA0  EC47  F00C         	call	_SPI2_ByteExchange
  7210   000BA4                     
  7211                           ;sdCard.c: 142:         SPI2_ByteExchange(0xFF);
  7212   000BA4  0E41               	movlw	65
  7213   000BA6  EC47  F00C         	call	_SPI2_ByteExchange
  7214   000BAA                     
  7215                           ;sdCard.c: 143:         response = SPI2_ByteExchange(0xFF);
  7216   000BAA  0E00               	movlw	0
  7217   000BAC  EC47  F00C         	call	_SPI2_ByteExchange
  7218   000BB0                     
  7219                           ;sdCard.c: 144:         do { LATBbits.LATB4 = 1; } while(0);
  7220   000BB0  0E00               	movlw	0
  7221   000BB2  EC47  F00C         	call	_SPI2_ByteExchange
  7222   000BB6                     
  7223                           ;sdCard.c: 145:     } while (response != 0);
  7224   000BB6  0E00               	movlw	0
  7225   000BB8  EC47  F00C         	call	_SPI2_ByteExchange
  7226   000BBC                     
  7227                           ;sdCard.c: 146:     if (verbose == 1) printf("CMD1, Init Response: %x\r\n", response);
  7228   000BBC  0E00               	movlw	0
  7229   000BBE  EC47  F00C         	call	_SPI2_ByteExchange
  7230   000BC2                     
  7231                           ;sdCard.c: 147: 
  7232   000BC2  0EFF               	movlw	255
  7233   000BC4  EC47  F00C         	call	_SPI2_ByteExchange
  7234   000BC8                     
  7235                           ;sdCard.c: 148: 
  7236   000BC8  0EFF               	movlw	255
  7237   000BCA  EC47  F00C         	call	_SPI2_ByteExchange
  7238   000BCE                     
  7239                           ;sdCard.c: 149: 
  7240   000BCE  0EFF               	movlw	255
  7241   000BD0  EC47  F00C         	call	_SPI2_ByteExchange
  7242   000BD4  0100               	movlb	0	; () banked
  7243   000BD6  6F96               	movwf	SDCARD_Initialize@response& (0+255),b
  7244   000BD8                     
  7245                           ; BSR set to: 0
  7246   000BD8  888A               	bsf	138,4,c	;volatile
  7247   000BDA                     
  7248                           ; BSR set to: 0
  7249                           ;sdCard.c: 151:         do { LATBbits.LATB4 = 0; } while(0);
  7250   000BDA  5196               	movf	SDCARD_Initialize@response& (0+255),w,b
  7251   000BDC  A4D8               	btfss	status,2,c
  7252   000BDE  EFF3  F005         	goto	u2901
  7253   000BE2  EFF5  F005         	goto	u2900
  7254   000BE6                     u2901:
  7255   000BE6  EFCE  F005         	goto	l3751
  7256   000BEA                     u2900:
  7257   000BEA                     
  7258                           ; BSR set to: 0
  7259                           ;sdCard.c: 152:         SPI2_ByteExchange(0xFF);
  7260   000BEA  0595               	decf	SDCARD_Initialize@verbose& (0+255),w,b
  7261   000BEC  A4D8               	btfss	status,2,c
  7262   000BEE  EFFB  F005         	goto	u2911
  7263   000BF2  EFFD  F005         	goto	u2910
  7264   000BF6                     u2911:
  7265   000BF6  EF06  F006         	goto	l3779
  7266   000BFA                     u2910:
  7267   000BFA                     
  7268                           ; BSR set to: 0
  7269   000BFA  0EC3               	movlw	low STR_60
  7270   000BFC  6F8D               	movwf	printf@fmt& (0+255),b
  7271   000BFE  0E7E               	movlw	high STR_60
  7272   000C00  6F8E               	movwf	(printf@fmt+1)& (0+255),b
  7273   000C02  C096  F08F         	movff	SDCARD_Initialize@response,?_printf+2
  7274   000C06  6B90               	clrf	(?_printf+3)& (0+255),b
  7275   000C08  ECF0  F00B         	call	_printf	;wreg free
  7276   000C0C                     l3779:
  7277   000C0C  988A               	bcf	138,4,c	;volatile
  7278   000C0E                     
  7279                           ;sdCard.c: 158:         SPI2_ByteExchange(0xFF);
  7280   000C0E  0EFF               	movlw	255
  7281   000C10  EC47  F00C         	call	_SPI2_ByteExchange
  7282   000C14                     
  7283                           ;sdCard.c: 159:         SPI2_ByteExchange(0xFF);
  7284   000C14  0E50               	movlw	80
  7285   000C16  EC47  F00C         	call	_SPI2_ByteExchange
  7286   000C1A                     
  7287                           ;sdCard.c: 160:         response = SPI2_ByteExchange(0xFF);
  7288   000C1A  0E00               	movlw	0
  7289   000C1C  EC47  F00C         	call	_SPI2_ByteExchange
  7290   000C20                     
  7291                           ;sdCard.c: 161:         do { LATBbits.LATB4 = 1; } while(0);
  7292   000C20  0E00               	movlw	0
  7293   000C22  EC47  F00C         	call	_SPI2_ByteExchange
  7294   000C26                     
  7295                           ;sdCard.c: 162:     } while (response == 0xFF);
  7296   000C26  0E02               	movlw	2
  7297   000C28  EC47  F00C         	call	_SPI2_ByteExchange
  7298   000C2C                     
  7299                           ;sdCard.c: 163:     if (verbose == 1) printf("Block Length Response: %x\r\n", response);
  7300   000C2C  0E00               	movlw	0
  7301   000C2E  EC47  F00C         	call	_SPI2_ByteExchange
  7302   000C32                     
  7303                           ;sdCard.c: 164: 
  7304   000C32  0EFF               	movlw	255
  7305   000C34  EC47  F00C         	call	_SPI2_ByteExchange
  7306   000C38                     
  7307                           ;sdCard.c: 165: }
  7308   000C38  0EFF               	movlw	255
  7309   000C3A  EC47  F00C         	call	_SPI2_ByteExchange
  7310   000C3E                     
  7311                           ;sdCard.c: 166: 
  7312   000C3E  0EFF               	movlw	255
  7313   000C40  EC47  F00C         	call	_SPI2_ByteExchange
  7314   000C44  0100               	movlb	0	; () banked
  7315   000C46  6F96               	movwf	SDCARD_Initialize@response& (0+255),b
  7316   000C48                     
  7317                           ; BSR set to: 0
  7318   000C48  888A               	bsf	138,4,c	;volatile
  7319   000C4A                     
  7320                           ; BSR set to: 0
  7321                           ;sdCard.c: 168: 
  7322   000C4A  2996               	incf	SDCARD_Initialize@response& (0+255),w,b
  7323   000C4C  B4D8               	btfsc	status,2,c
  7324   000C4E  EF2B  F006         	goto	u2921
  7325   000C52  EF2D  F006         	goto	u2920
  7326   000C56                     u2921:
  7327   000C56  EF06  F006         	goto	l3779
  7328   000C5A                     u2920:
  7329   000C5A                     
  7330                           ; BSR set to: 0
  7331                           ;sdCard.c: 169: 
  7332   000C5A  0595               	decf	SDCARD_Initialize@verbose& (0+255),w,b
  7333   000C5C  A4D8               	btfss	status,2,c
  7334   000C5E  EF33  F006         	goto	u2931
  7335   000C62  EF35  F006         	goto	u2930
  7336   000C66                     u2931:
  7337   000C66  EF3E  F006         	goto	l639
  7338   000C6A                     u2930:
  7339   000C6A                     
  7340                           ; BSR set to: 0
  7341   000C6A  0E55               	movlw	low STR_61
  7342   000C6C  6F8D               	movwf	printf@fmt& (0+255),b
  7343   000C6E  0E7E               	movlw	high STR_61
  7344   000C70  6F8E               	movwf	(printf@fmt+1)& (0+255),b
  7345   000C72  C096  F08F         	movff	SDCARD_Initialize@response,?_printf+2
  7346   000C76  6B90               	clrf	(?_printf+3)& (0+255),b
  7347   000C78  ECF0  F00B         	call	_printf	;wreg free
  7348   000C7C                     l639:
  7349   000C7C  0012               	return		;funcret
  7350   000C7E                     __end_of_SDCARD_Initialize:
  7351                           	callstack 0
  7352                           
  7353 ;; *************** function _printf *****************
  7354 ;; Defined at:
  7355 ;;		line 5 in file "/Applications/microchip/xc8/v3.00/pic/sources/c99/common/printf.c"
  7356 ;; Parameters:    Size  Location     Type
  7357 ;;  fmt             2    7[BANK0 ] PTR const unsigned char 
  7358 ;;		 -> STR_72(3), STR_71(3), STR_70(2), STR_69(4), 
  7359 ;;		 -> STR_68(6), STR_67(3), STR_66(3), STR_65(2), 
  7360 ;;		 -> STR_64(3), STR_63(2), STR_62(4), STR_61(28), 
  7361 ;;		 -> STR_60(26), STR_59(27), STR_58(17), STR_57(3), 
  7362 ;;		 -> STR_56(5), STR_55(2), STR_54(5), STR_53(17), 
  7363 ;;		 -> STR_52(15), STR_51(38), STR_50(23), STR_49(3), 
  7364 ;;		 -> STR_48(5), STR_47(2), STR_46(5), STR_45(17), 
  7365 ;;		 -> STR_44(43), STR_43(38), STR_42(3), STR_41(5), 
  7366 ;;		 -> STR_40(2), STR_39(5), STR_38(19), STR_37(20), 
  7367 ;;		 -> STR_36(28), STR_35(20), STR_34(30), STR_33(29), 
  7368 ;;		 -> STR_32(29), STR_31(44), STR_30(27), STR_29(83), 
  7369 ;;		 -> STR_28(83), STR_27(2), STR_26(2), STR_25(8), 
  7370 ;;		 -> STR_24(52), STR_23(66), STR_22(60), STR_21(42), 
  7371 ;;		 -> STR_20(43), STR_19(37), STR_18(24), STR_17(52), 
  7372 ;;		 -> STR_16(36), STR_15(52), STR_14(24), STR_13(21), 
  7373 ;;		 -> STR_12(7), STR_11(15), STR_10(52), STR_9(3), 
  7374 ;;		 -> STR_8(5), STR_7(2), STR_6(5), STR_5(19), 
  7375 ;;		 -> STR_4(54), STR_3(9), STR_2(18), STR_1(11), 
  7376 ;; Auto vars:     Size  Location     Type
  7377 ;;  ret             2    0        int 
  7378 ;;  ap              1   66[COMRAM] PTR void [1]
  7379 ;;		 -> ?_printf(2), 
  7380 ;; Return value:  Size  Location     Type
  7381 ;;                  2    7[BANK0 ] int 
  7382 ;; Registers used:
  7383 ;;		wreg, fsr1l, fsr1h, fsr2l, fsr2h, status,2, status,0, tblptrl, tblptrh, tblptru, prodl, prodh, cstack
  7384 ;; Tracked objects:
  7385 ;;		On entry : 0/0
  7386 ;;		On exit  : 0/0
  7387 ;;		Unchanged: 0/0
  7388 ;; Data sizes:     COMRAM   BANK0   BANK1   BANK2   BANK3   BANK4   BANK5
  7389 ;;      Params:         0       6       0       0       0       0       0
  7390 ;;      Locals:         1       0       0       0       0       0       0
  7391 ;;      Temps:          0       0       0       0       0       0       0
  7392 ;;      Totals:         1       6       0       0       0       0       0
  7393 ;;Total ram usage:        7 bytes
  7394 ;; Hardware stack levels used: 1
  7395 ;; Hardware stack levels required when called: 12
  7396 ;; This function calls:
  7397 ;;		_vfprintf
  7398 ;; This function is called by:
  7399 ;;		_main
  7400 ;;		_SDCARD_Initialize
  7401 ;;		_hexDumpBuffer
  7402 ;; This function uses a non-reentrant model
  7403 ;;
  7404                           
  7405                           	psect	text22
  7406   0017E0                     __ptext22:
  7407                           	callstack 0
  7408   0017E0                     _printf:
  7409                           	callstack 18
  7410   0017E0  0E8F               	movlw	low (?_printf+2)
  7411   0017E2  6E43               	movwf	printf@ap^0,c
  7412   0017E4  0E00               	movlw	0
  7413   0017E6  0100               	movlb	0	; () banked
  7414   0017E8  6F86               	movwf	vfprintf@fp& (0+255),b
  7415   0017EA  0E00               	movlw	0
  7416   0017EC  6F87               	movwf	(vfprintf@fp+1)& (0+255),b
  7417   0017EE  C08D  F088         	movff	printf@fmt,vfprintf@fmt
  7418   0017F2  C08E  F089         	movff	printf@fmt+1,vfprintf@fmt+1
  7419   0017F6  0E43               	movlw	low printf@ap
  7420   0017F8  6F8A               	movwf	vfprintf@ap& (0+255),b
  7421   0017FA  ECAE  F00A         	call	_vfprintf	;wreg free
  7422   0017FE  0012               	return		;funcret
  7423   001800                     __end_of_printf:
  7424                           	callstack 0
  7425                           
  7426 ;; *************** function _vfprintf *****************
  7427 ;; Defined at:
  7428 ;;		line 1817 in file "/Applications/microchip/xc8/v3.00/pic/sources/c99/common/doprnt.c"
  7429 ;; Parameters:    Size  Location     Type
  7430 ;;  fp              2    0[BANK0 ] PTR struct _IO_FILE
  7431 ;;		 -> NULL(0), 
  7432 ;;  fmt             2    2[BANK0 ] PTR const unsigned char 
  7433 ;;		 -> STR_72(3), STR_71(3), STR_70(2), STR_69(4), 
  7434 ;;		 -> STR_68(6), STR_67(3), STR_66(3), STR_65(2), 
  7435 ;;		 -> STR_64(3), STR_63(2), STR_62(4), STR_61(28), 
  7436 ;;		 -> STR_60(26), STR_59(27), STR_58(17), STR_57(3), 
  7437 ;;		 -> STR_56(5), STR_55(2), STR_54(5), STR_53(17), 
  7438 ;;		 -> STR_52(15), STR_51(38), STR_50(23), STR_49(3), 
  7439 ;;		 -> STR_48(5), STR_47(2), STR_46(5), STR_45(17), 
  7440 ;;		 -> STR_44(43), STR_43(38), STR_42(3), STR_41(5), 
  7441 ;;		 -> STR_40(2), STR_39(5), STR_38(19), STR_37(20), 
  7442 ;;		 -> STR_36(28), STR_35(20), STR_34(30), STR_33(29), 
  7443 ;;		 -> STR_32(29), STR_31(44), STR_30(27), STR_29(83), 
  7444 ;;		 -> STR_28(83), STR_27(2), STR_26(2), STR_25(8), 
  7445 ;;		 -> STR_24(52), STR_23(66), STR_22(60), STR_21(42), 
  7446 ;;		 -> STR_20(43), STR_19(37), STR_18(24), STR_17(52), 
  7447 ;;		 -> STR_16(36), STR_15(52), STR_14(24), STR_13(21), 
  7448 ;;		 -> STR_12(7), STR_11(15), STR_10(52), STR_9(3), 
  7449 ;;		 -> STR_8(5), STR_7(2), STR_6(5), STR_5(19), 
  7450 ;;		 -> STR_4(54), STR_3(9), STR_2(18), STR_1(11), 
  7451 ;;  ap              1    4[BANK0 ] PTR PTR void 
  7452 ;;		 -> printf@ap(1), 
  7453 ;; Auto vars:     Size  Location     Type
  7454 ;;  cfmt            2    5[BANK0 ] PTR unsigned char 
  7455 ;;		 -> STR_72(3), STR_71(3), STR_70(2), STR_69(4), 
  7456 ;;		 -> STR_68(6), STR_67(3), STR_66(3), STR_65(2), 
  7457 ;;		 -> STR_64(3), STR_63(2), STR_62(4), STR_61(28), 
  7458 ;;		 -> STR_60(26), STR_59(27), STR_58(17), STR_57(3), 
  7459 ;;		 -> STR_56(5), STR_55(2), STR_54(5), STR_53(17), 
  7460 ;;		 -> STR_52(15), STR_51(38), STR_50(23), STR_49(3), 
  7461 ;;		 -> STR_48(5), STR_47(2), STR_46(5), STR_45(17), 
  7462 ;;		 -> STR_44(43), STR_43(38), STR_42(3), STR_41(5), 
  7463 ;;		 -> STR_40(2), STR_39(5), STR_38(19), STR_37(20), 
  7464 ;;		 -> STR_36(28), STR_35(20), STR_34(30), STR_33(29), 
  7465 ;;		 -> STR_32(29), STR_31(44), STR_30(27), STR_29(83), 
  7466 ;;		 -> STR_28(83), STR_27(2), STR_26(2), STR_25(8), 
  7467 ;;		 -> STR_24(52), STR_23(66), STR_22(60), STR_21(42), 
  7468 ;;		 -> STR_20(43), STR_19(37), STR_18(24), STR_17(52), 
  7469 ;;		 -> STR_16(36), STR_15(52), STR_14(24), STR_13(21), 
  7470 ;;		 -> STR_12(7), STR_11(15), STR_10(52), STR_9(3), 
  7471 ;;		 -> STR_8(5), STR_7(2), STR_6(5), STR_5(19), 
  7472 ;;		 -> STR_4(54), STR_3(9), STR_2(18), STR_1(11), 
  7473 ;; Return value:  Size  Location     Type
  7474 ;;                  2    0[BANK0 ] int 
  7475 ;; Registers used:
  7476 ;;		wreg, fsr1l, fsr1h, fsr2l, fsr2h, status,2, status,0, tblptrl, tblptrh, tblptru, prodl, prodh, cstack
  7477 ;; Tracked objects:
  7478 ;;		On entry : 0/0
  7479 ;;		On exit  : 0/0
  7480 ;;		Unchanged: 0/0
  7481 ;; Data sizes:     COMRAM   BANK0   BANK1   BANK2   BANK3   BANK4   BANK5
  7482 ;;      Params:         0       5       0       0       0       0       0
  7483 ;;      Locals:         0       2       0       0       0       0       0
  7484 ;;      Temps:          0       0       0       0       0       0       0
  7485 ;;      Totals:         0       7       0       0       0       0       0
  7486 ;;Total ram usage:        7 bytes
  7487 ;; Hardware stack levels used: 1
  7488 ;; Hardware stack levels required when called: 11
  7489 ;; This function calls:
  7490 ;;		_vfpfcnvrt
  7491 ;; This function is called by:
  7492 ;;		_printf
  7493 ;; This function uses a non-reentrant model
  7494 ;;
  7495                           
  7496                           	psect	text23
  7497   00155C                     __ptext23:
  7498                           	callstack 0
  7499   00155C                     _vfprintf:
  7500                           	callstack 18
  7501   00155C                     
  7502                           ;/Applications/microchip/xc8/v3.00/pic/sources/c99/common/doprnt.c: 1817: int vfprintf(F
      +                          ILE *fp, const char *fmt, va_list ap);/Applications/microchip/xc8/v3.00/pic/sources/c99/
      +                          common/doprnt.c: 1818: {;/Applications/microchip/xc8/v3.00/pic/sources/c99/common/doprnt
      +                          .c: 1820:     char *cfmt;;/Applications/microchip/xc8/v3.00/pic/sources/c99/common/doprn
      +                          t.c: 1822:     cfmt = (char *)fmt;
  7503   00155C  C088  F08B         	movff	vfprintf@fmt,vfprintf@cfmt
  7504   001560  C089  F08C         	movff	vfprintf@fmt+1,vfprintf@cfmt+1
  7505                           
  7506                           ;/Applications/microchip/xc8/v3.00/pic/sources/c99/common/doprnt.c: 1826:     while (*cf
      +                          mt) {
  7507   001564  EFBE  F00A         	goto	l3719
  7508   001568                     l3717:
  7509                           
  7510                           ;/Applications/microchip/xc8/v3.00/pic/sources/c99/common/doprnt.c: 1830:    vfpfcnvrt(f
      +                          p, &cfmt, ap);
  7511   001568  C086  F035         	movff	vfprintf@fp,vfpfcnvrt@fp
  7512   00156C  C087  F036         	movff	vfprintf@fp+1,vfpfcnvrt@fp+1
  7513   001570  0E8B               	movlw	low vfprintf@cfmt
  7514   001572  6E37               	movwf	vfpfcnvrt@fmt^0,c
  7515   001574  C08A  F038         	movff	vfprintf@ap,vfpfcnvrt@ap
  7516   001578  EC60  F003         	call	_vfpfcnvrt	;wreg free
  7517   00157C                     l3719:
  7518                           
  7519                           ;/Applications/microchip/xc8/v3.00/pic/sources/c99/common/doprnt.c: 1826:     while (*cf
      +                          mt) {
  7520   00157C  C08B  FFF6         	movff	vfprintf@cfmt,tblptrl
  7521   001580  C08C  FFF7         	movff	vfprintf@cfmt+1,tblptrh
  7522   001584                     	if	0	;tblptru may be non-zero
  7523   001584                     	endif
  7524   001584                     	if	0	;tblptru may be non-zero
  7525   001584                     	endif
  7526   001584  0008               	tblrd		*
  7527   001586  50F5               	movf	tablat,w,c
  7528   001588  0900               	iorlw	0
  7529   00158A  A4D8               	btfss	status,2,c
  7530   00158C  EFCA  F00A         	goto	u2871
  7531   001590  EFCC  F00A         	goto	u2870
  7532   001594                     u2871:
  7533   001594  EFB4  F00A         	goto	l3717
  7534   001598                     u2870:
  7535   001598                     
  7536                           ;/Applications/microchip/xc8/v3.00/pic/sources/c99/common/doprnt.c: 1835:  return 0;
  7537   001598  0E00               	movlw	0
  7538   00159A  0100               	movlb	0	; () banked
  7539   00159C  6F87               	movwf	(?_vfprintf+1)& (0+255),b
  7540   00159E  0E00               	movlw	0
  7541   0015A0  6F86               	movwf	?_vfprintf& (0+255),b
  7542   0015A2                     
  7543                           ; BSR set to: 0
  7544   0015A2  0012               	return		;funcret
  7545   0015A4                     __end_of_vfprintf:
  7546                           	callstack 0
  7547                           
  7548 ;; *************** function _vfpfcnvrt *****************
  7549 ;; Defined at:
  7550 ;;		line 1177 in file "/Applications/microchip/xc8/v3.00/pic/sources/c99/common/doprnt.c"
  7551 ;; Parameters:    Size  Location     Type
  7552 ;;  fp              2   52[COMRAM] PTR struct _IO_FILE
  7553 ;;		 -> NULL(0), 
  7554 ;;  fmt             1   54[COMRAM] PTR PTR unsigned char 
  7555 ;;		 -> vfprintf@cfmt(2), 
  7556 ;;  ap              1   55[COMRAM] PTR PTR void 
  7557 ;;		 -> printf@ap(1), 
  7558 ;; Auto vars:     Size  Location     Type
  7559 ;;  convarg         4   60[COMRAM] struct .
  7560 ;;  cp              2   64[COMRAM] PTR unsigned char 
  7561 ;;		 -> STR_72(3), STR_71(3), STR_70(2), STR_69(4), 
  7562 ;;		 -> STR_68(6), STR_67(3), STR_66(3), STR_65(2), 
  7563 ;;		 -> STR_64(3), STR_63(2), STR_62(4), STR_61(28), 
  7564 ;;		 -> STR_60(26), STR_59(27), STR_58(17), STR_57(3), 
  7565 ;;		 -> STR_56(5), STR_55(2), STR_54(5), STR_53(17), 
  7566 ;;		 -> STR_52(15), STR_51(38), STR_50(23), STR_49(3), 
  7567 ;;		 -> STR_48(5), STR_47(2), STR_46(5), STR_45(17), 
  7568 ;;		 -> STR_44(43), STR_43(38), STR_42(3), STR_41(5), 
  7569 ;;		 -> STR_40(2), STR_39(5), STR_38(19), STR_37(20), 
  7570 ;;		 -> STR_36(28), STR_35(20), STR_34(30), STR_33(29), 
  7571 ;;		 -> STR_32(29), STR_31(44), STR_30(27), STR_29(83), 
  7572 ;;		 -> STR_28(83), STR_27(2), STR_26(2), STR_25(8), 
  7573 ;;		 -> STR_24(52), STR_23(66), STR_22(60), STR_21(42), 
  7574 ;;		 -> STR_20(43), STR_19(37), STR_18(24), STR_17(52), 
  7575 ;;		 -> STR_16(36), STR_15(52), STR_14(24), STR_13(21), 
  7576 ;;		 -> STR_12(7), STR_11(15), STR_10(52), STR_9(3), 
  7577 ;;		 -> STR_8(5), STR_7(2), STR_6(5), STR_5(19), 
  7578 ;;		 -> STR_4(54), STR_3(9), STR_2(18), STR_1(11), 
  7579 ;;  done            1   59[COMRAM] _Bool 
  7580 ;;  c               1   58[COMRAM] unsigned char 
  7581 ;; Return value:  Size  Location     Type
  7582 ;;                  1    wreg      void 
  7583 ;; Registers used:
  7584 ;;		wreg, fsr1l, fsr1h, fsr2l, fsr2h, status,2, status,0, tblptrl, tblptrh, tblptru, prodl, prodh, cstack
  7585 ;; Tracked objects:
  7586 ;;		On entry : 0/0
  7587 ;;		On exit  : 0/0
  7588 ;;		Unchanged: 0/0
  7589 ;; Data sizes:     COMRAM   BANK0   BANK1   BANK2   BANK3   BANK4   BANK5
  7590 ;;      Params:         4       0       0       0       0       0       0
  7591 ;;      Locals:         8       0       0       0       0       0       0
  7592 ;;      Temps:          2       0       0       0       0       0       0
  7593 ;;      Totals:        14       0       0       0       0       0       0
  7594 ;;Total ram usage:       14 bytes
  7595 ;; Hardware stack levels used: 1
  7596 ;; Hardware stack levels required when called: 10
  7597 ;; This function calls:
  7598 ;;		_ctoa
  7599 ;;		_dtoa
  7600 ;;		_fputc
  7601 ;;		_read_prec_or_width
  7602 ;;		_xtoa
  7603 ;; This function is called by:
  7604 ;;		_vfprintf
  7605 ;; This function uses a non-reentrant model
  7606 ;;
  7607                           
  7608                           	psect	text24
  7609   0006C0                     __ptext24:
  7610                           	callstack 0
  7611   0006C0                     _vfpfcnvrt:
  7612                           	callstack 18
  7613   0006C0                     
  7614                           ;/Applications/microchip/xc8/v3.00/pic/sources/c99/common/doprnt.c: 1177: vfpfcnvrt(FILE
      +                           *fp, char *fmt[], va_list ap);/Applications/microchip/xc8/v3.00/pic/sources/c99/common/
      +                          doprnt.c: 1178: {;/Applications/microchip/xc8/v3.00/pic/sources/c99/common/doprnt.c: 117
      +                          9:     char c, *cp;;/Applications/microchip/xc8/v3.00/pic/sources/c99/common/doprnt.c: 1
      +                          180:     _Bool done;;/Applications/microchip/xc8/v3.00/pic/sources/c99/common/doprnt.c: 
      +                          1188:  } convarg;;/Applications/microchip/xc8/v3.00/pic/sources/c99/common/doprnt.c: 120
      +                          1:     if ((*fmt)[0] == '%') {
  7615   0006C0  5037               	movf	vfpfcnvrt@fmt^0,w,c
  7616   0006C2  6ED9               	movwf	fsr2l,c
  7617   0006C4  6ADA               	clrf	fsr2h,c
  7618   0006C6  CFDE FFF6          	movff	postinc2,tblptrl
  7619   0006CA  CFDD FFF7          	movff	postdec2,tblptrh
  7620   0006CE                     	if	0	;tblptru may be non-zero
  7621   0006CE                     	endif
  7622   0006CE                     	if	0	;tblptru may be non-zero
  7623   0006CE                     	endif
  7624   0006CE  0008               	tblrd		*
  7625   0006D0  50F5               	movf	tablat,w,c
  7626   0006D2  0A25               	xorlw	37
  7627   0006D4  A4D8               	btfss	status,2,c
  7628   0006D6  EF6F  F003         	goto	u2801
  7629   0006DA  EF71  F003         	goto	u2800
  7630   0006DE                     u2801:
  7631   0006DE  EF79  F004         	goto	l3709
  7632   0006E2                     u2800:
  7633   0006E2                     
  7634                           ;/Applications/microchip/xc8/v3.00/pic/sources/c99/common/doprnt.c: 1202:         ++*fmt
      +                          ;
  7635   0006E2  5037               	movf	vfpfcnvrt@fmt^0,w,c
  7636   0006E4  6ED9               	movwf	fsr2l,c
  7637   0006E6  6ADA               	clrf	fsr2h,c
  7638   0006E8  2ADE               	incf	postinc2,f,c
  7639   0006EA  0E00               	movlw	0
  7640   0006EC  22DD               	addwfc	postdec2,f,c
  7641   0006EE                     
  7642                           ;/Applications/microchip/xc8/v3.00/pic/sources/c99/common/doprnt.c: 1204:         flags 
      +                          = width = 0;
  7643   0006EE  0E00               	movlw	0
  7644   0006F0  6E45               	movwf	(_width+1)^0,c
  7645   0006F2  0E00               	movlw	0
  7646   0006F4  6E44               	movwf	_width^0,c
  7647   0006F6  C044  F050         	movff	_width,_flags
  7648   0006FA                     
  7649                           ;/Applications/microchip/xc8/v3.00/pic/sources/c99/common/doprnt.c: 1205:         prec =
      +                           -1;
  7650   0006FA  0100               	movlb	0	; () banked
  7651   0006FC  6960               	setf	_prec& (0+255),b
  7652   0006FE  6961               	setf	(_prec+1)& (0+255),b
  7653   000700                     
  7654                           ; BSR set to: 0
  7655                           ;/Applications/microchip/xc8/v3.00/pic/sources/c99/common/doprnt.c: 1209:         done =
      +                           0;
  7656   000700  6A3C               	clrf	vfpfcnvrt@done^0,c
  7657                           
  7658                           ;/Applications/microchip/xc8/v3.00/pic/sources/c99/common/doprnt.c: 1210:         while 
      +                          (!done) {
  7659   000702  EF9F  F003         	goto	l3659
  7660   000706                     l3649:
  7661                           
  7662                           ;/Applications/microchip/xc8/v3.00/pic/sources/c99/common/doprnt.c: 1220:               
      +                                flags |= (1 << 1);
  7663   000706  8250               	bsf	_flags^0,1,c
  7664   000708                     
  7665                           ;/Applications/microchip/xc8/v3.00/pic/sources/c99/common/doprnt.c: 1221:               
      +                                ++*fmt;
  7666   000708  5037               	movf	vfpfcnvrt@fmt^0,w,c
  7667   00070A  6ED9               	movwf	fsr2l,c
  7668   00070C  6ADA               	clrf	fsr2h,c
  7669   00070E  2ADE               	incf	postinc2,f,c
  7670   000710  0E00               	movlw	0
  7671   000712  22DD               	addwfc	postdec2,f,c
  7672                           
  7673                           ;/Applications/microchip/xc8/v3.00/pic/sources/c99/common/doprnt.c: 1222:               
      +                                break;
  7674   000714  EF9F  F003         	goto	l3659
  7675   000718                     l3653:
  7676                           
  7677                           ;/Applications/microchip/xc8/v3.00/pic/sources/c99/common/doprnt.c: 1243:               
      +                                done = 1;
  7678   000718  0E01               	movlw	1
  7679   00071A  6E3C               	movwf	vfpfcnvrt@done^0,c
  7680                           
  7681                           ;/Applications/microchip/xc8/v3.00/pic/sources/c99/common/doprnt.c: 1244:               
      +                                break;
  7682   00071C  EF9F  F003         	goto	l3659
  7683   000720                     l3657:
  7684   000720  5037               	movf	vfpfcnvrt@fmt^0,w,c
  7685   000722  6ED9               	movwf	fsr2l,c
  7686   000724  6ADA               	clrf	fsr2h,c
  7687   000726  CFDE FFF6          	movff	postinc2,tblptrl
  7688   00072A  CFDD FFF7          	movff	postdec2,tblptrh
  7689   00072E                     	if	0	;tblptru may be non-zero
  7690   00072E                     	endif
  7691   00072E                     	if	0	;tblptru may be non-zero
  7692   00072E                     	endif
  7693   00072E  0008               	tblrd		*
  7694   000730  50F5               	movf	tablat,w,c
  7695                           
  7696                           ; Switch size 1, requested type "simple"
  7697                           ; Number of cases is 1, Range of values is 48 to 48
  7698                           ; switch strategies available:
  7699                           ; Name         Instructions Cycles
  7700                           ; simple_byte            4     3 (average)
  7701                           ;	Chosen strategy is simple_byte
  7702   000732  0A30               	xorlw	48	; case 48
  7703   000734  B4D8               	btfsc	status,2,c
  7704   000736  EF83  F003         	goto	l3649
  7705   00073A  EF8C  F003         	goto	l3653
  7706   00073E                     l3659:
  7707                           
  7708                           ;/Applications/microchip/xc8/v3.00/pic/sources/c99/common/doprnt.c: 1210:         while 
      +                          (!done) {
  7709   00073E  503C               	movf	vfpfcnvrt@done^0,w,c
  7710   000740  B4D8               	btfsc	status,2,c
  7711   000742  EFA5  F003         	goto	u2811
  7712   000746  EFA7  F003         	goto	u2810
  7713   00074A                     u2811:
  7714   00074A  EF90  F003         	goto	l3657
  7715   00074E                     u2810:
  7716   00074E                     
  7717                           ;/Applications/microchip/xc8/v3.00/pic/sources/c99/common/doprnt.c: 1256:   width = read
      +                          _prec_or_width(fmt, ap);
  7718   00074E  C037  F00F         	movff	vfpfcnvrt@fmt,read_prec_or_width@fmt
  7719   000752  C038  F010         	movff	vfpfcnvrt@ap,read_prec_or_width@ap
  7720   000756  ECF1  F008         	call	_read_prec_or_width	;wreg free
  7721   00075A  C00F  F044         	movff	?_read_prec_or_width,_width
  7722   00075E  C010  F045         	movff	?_read_prec_or_width+1,_width+1
  7723   000762                     
  7724                           ;/Applications/microchip/xc8/v3.00/pic/sources/c99/common/doprnt.c: 1257:   if (width < 
      +                          0) {
  7725   000762  BE45               	btfsc	(_width+1)^0,7,c
  7726   000764  EFB8  F003         	goto	u2820
  7727   000768  EFB6  F003         	goto	u2821
  7728   00076C                     u2821:
  7729   00076C  EFBD  F003         	goto	l3667
  7730   000770                     u2820:
  7731   000770                     
  7732                           ;/Applications/microchip/xc8/v3.00/pic/sources/c99/common/doprnt.c: 1258:    flags |= (1
      +                           << 0);
  7733   000770  8050               	bsf	_flags^0,0,c
  7734                           
  7735                           ;/Applications/microchip/xc8/v3.00/pic/sources/c99/common/doprnt.c: 1259:    width = -wi
      +                          dth;
  7736   000772  6C44               	negf	_width^0,c
  7737   000774  1E45               	comf	(_width+1)^0,f,c
  7738   000776  B0D8               	btfsc	status,0,c
  7739   000778  2A45               	incf	(_width+1)^0,f,c
  7740   00077A                     l3667:
  7741                           
  7742                           ;/Applications/microchip/xc8/v3.00/pic/sources/c99/common/doprnt.c: 1273:         if ((*
      +                          fmt)[0] == 'c') {
  7743   00077A  5037               	movf	vfpfcnvrt@fmt^0,w,c
  7744   00077C  6ED9               	movwf	fsr2l,c
  7745   00077E  6ADA               	clrf	fsr2h,c
  7746   000780  CFDE FFF6          	movff	postinc2,tblptrl
  7747   000784  CFDD FFF7          	movff	postdec2,tblptrh
  7748   000788                     	if	0	;tblptru may be non-zero
  7749   000788                     	endif
  7750   000788                     	if	0	;tblptru may be non-zero
  7751   000788                     	endif
  7752   000788  0008               	tblrd		*
  7753   00078A  50F5               	movf	tablat,w,c
  7754   00078C  0A63               	xorlw	99
  7755   00078E  A4D8               	btfss	status,2,c
  7756   000790  EFCC  F003         	goto	u2831
  7757   000794  EFCE  F003         	goto	u2830
  7758   000798                     u2831:
  7759   000798  EFE8  F003         	goto	l3677
  7760   00079C                     u2830:
  7761   00079C                     
  7762                           ;/Applications/microchip/xc8/v3.00/pic/sources/c99/common/doprnt.c: 1274:             ++
      +                          *fmt;
  7763   00079C  5037               	movf	vfpfcnvrt@fmt^0,w,c
  7764   00079E  6ED9               	movwf	fsr2l,c
  7765   0007A0  6ADA               	clrf	fsr2h,c
  7766   0007A2  2ADE               	incf	postinc2,f,c
  7767   0007A4  0E00               	movlw	0
  7768   0007A6  22DD               	addwfc	postdec2,f,c
  7769   0007A8                     
  7770                           ;/Applications/microchip/xc8/v3.00/pic/sources/c99/common/doprnt.c: 1275:             c 
      +                          = (unsigned char)(*(int *)__va_arg(*(int **)ap, (int)0));
  7771   0007A8  5038               	movf	vfpfcnvrt@ap^0,w,c
  7772   0007AA  6ED9               	movwf	fsr2l,c
  7773   0007AC  6ADA               	clrf	fsr2h,c
  7774   0007AE  50DF               	movf	indf2,w,c
  7775   0007B0  2ADF               	incf	indf2,f,c
  7776   0007B2  2ADF               	incf	indf2,f,c
  7777   0007B4  6ED9               	movwf	fsr2l,c
  7778   0007B6  6ADA               	clrf	fsr2h,c
  7779   0007B8  50DF               	movf	indf2,w,c
  7780   0007BA  6E3B               	movwf	vfpfcnvrt@c^0,c
  7781   0007BC                     
  7782                           ;/Applications/microchip/xc8/v3.00/pic/sources/c99/common/doprnt.c: 1284:             re
      +                          turn (void) ctoa(fp, c);;	Return value of _vfpfcnvrt is never used
  7783   0007BC  C035  F01A         	movff	vfpfcnvrt@fp,ctoa@fp
  7784   0007C0  C036  F01B         	movff	vfpfcnvrt@fp+1,ctoa@fp+1
  7785   0007C4  C03B  F01C         	movff	vfpfcnvrt@c,ctoa@c
  7786   0007C8  ECD5  F007         	call	_ctoa	;wreg free
  7787   0007CC  EF8C  F004         	goto	l1427
  7788   0007D0                     l3677:
  7789                           
  7790                           ;/Applications/microchip/xc8/v3.00/pic/sources/c99/common/doprnt.c: 1291:   cp = *fmt;
  7791   0007D0  5037               	movf	vfpfcnvrt@fmt^0,w,c
  7792   0007D2  6ED9               	movwf	fsr2l,c
  7793   0007D4  6ADA               	clrf	fsr2h,c
  7794   0007D6  CFDE F041          	movff	postinc2,vfpfcnvrt@cp
  7795   0007DA  CFDD F042          	movff	postdec2,vfpfcnvrt@cp+1
  7796   0007DE                     
  7797                           ;/Applications/microchip/xc8/v3.00/pic/sources/c99/common/doprnt.c: 1361:   if (*cp == '
      +                          d' || *cp == 'i') {
  7798   0007DE  C041  FFF6         	movff	vfpfcnvrt@cp,tblptrl
  7799   0007E2  C042  FFF7         	movff	vfpfcnvrt@cp+1,tblptrh
  7800   0007E6                     	if	0	;tblptru may be non-zero
  7801   0007E6                     	endif
  7802   0007E6                     	if	0	;tblptru may be non-zero
  7803   0007E6                     	endif
  7804   0007E6  0008               	tblrd		*
  7805   0007E8  50F5               	movf	tablat,w,c
  7806   0007EA  0A64               	xorlw	100
  7807   0007EC  B4D8               	btfsc	status,2,c
  7808   0007EE  EFFB  F003         	goto	u2841
  7809   0007F2  EFFD  F003         	goto	u2840
  7810   0007F6                     u2841:
  7811   0007F6  EF0B  F004         	goto	l3683
  7812   0007FA                     u2840:
  7813   0007FA  C041  FFF6         	movff	vfpfcnvrt@cp,tblptrl
  7814   0007FE  C042  FFF7         	movff	vfpfcnvrt@cp+1,tblptrh
  7815   000802                     	if	0	;tblptru may be non-zero
  7816   000802                     	endif
  7817   000802                     	if	0	;tblptru may be non-zero
  7818   000802                     	endif
  7819   000802  0008               	tblrd		*
  7820   000804  50F5               	movf	tablat,w,c
  7821   000806  0A69               	xorlw	105
  7822   000808  A4D8               	btfss	status,2,c
  7823   00080A  EF09  F004         	goto	u2851
  7824   00080E  EF0B  F004         	goto	u2850
  7825   000812                     u2851:
  7826   000812  EF30  F004         	goto	l3691
  7827   000816                     u2850:
  7828   000816                     l3683:
  7829                           
  7830                           ;/Applications/microchip/xc8/v3.00/pic/sources/c99/common/doprnt.c: 1404:    convarg.sin
      +                          t = (vfpf_sint_t)(int)(*(int *)__va_arg(*(int **)ap, (int)0));
  7831   000816  5038               	movf	vfpfcnvrt@ap^0,w,c
  7832   000818  6ED9               	movwf	fsr2l,c
  7833   00081A  6ADA               	clrf	fsr2h,c
  7834   00081C  0E02               	movlw	2
  7835   00081E  26DF               	addwf	indf2,f,c
  7836   000820  5CDF               	subwf	indf2,w,c
  7837   000822  6ED9               	movwf	fsr2l,c
  7838   000824  6ADA               	clrf	fsr2h,c
  7839   000826  CFDE F03D          	movff	postinc2,vfpfcnvrt@convarg
  7840   00082A  CFDE F03E          	movff	postinc2,vfpfcnvrt@convarg+1
  7841   00082E                     
  7842                           ;/Applications/microchip/xc8/v3.00/pic/sources/c99/common/doprnt.c: 1406:    *fmt = cp+1
      +                          ;
  7843   00082E  0E01               	movlw	1
  7844   000830  2441               	addwf	vfpfcnvrt@cp^0,w,c
  7845   000832  6E39               	movwf	??_vfpfcnvrt^0,c
  7846   000834  0E00               	movlw	0
  7847   000836  2042               	addwfc	(vfpfcnvrt@cp+1)^0,w,c
  7848   000838  6E3A               	movwf	(??_vfpfcnvrt+1)^0,c
  7849   00083A  5037               	movf	vfpfcnvrt@fmt^0,w,c
  7850   00083C  6ED9               	movwf	fsr2l,c
  7851   00083E  6ADA               	clrf	fsr2h,c
  7852   000840  C039  FFDE         	movff	??_vfpfcnvrt,postinc2
  7853   000844  C03A  FFDD         	movff	??_vfpfcnvrt+1,postdec2
  7854   000848                     
  7855                           ;/Applications/microchip/xc8/v3.00/pic/sources/c99/common/doprnt.c: 1432:    return (voi
      +                          d) dtoa(fp, convarg.sint);;	Return value of _vfpfcnvrt is never used
  7856   000848  C035  F028         	movff	vfpfcnvrt@fp,dtoa@fp
  7857   00084C  C036  F029         	movff	vfpfcnvrt@fp+1,dtoa@fp+1
  7858   000850  C03D  F02A         	movff	vfpfcnvrt@convarg,dtoa@d
  7859   000854  C03E  F02B         	movff	vfpfcnvrt@convarg+1,dtoa@d+1
  7860   000858  EC3F  F006         	call	_dtoa	;wreg free
  7861   00085C  EF8C  F004         	goto	l1427
  7862   000860                     l3691:
  7863   000860  C041  FFF6         	movff	vfpfcnvrt@cp,tblptrl
  7864   000864  C042  FFF7         	movff	vfpfcnvrt@cp+1,tblptrh
  7865   000868                     	if	0	;tblptru may be non-zero
  7866   000868                     	endif
  7867   000868                     	if	0	;tblptru may be non-zero
  7868   000868                     	endif
  7869   000868  0008               	tblrd		*
  7870   00086A  50F5               	movf	tablat,w,c
  7871   00086C  0A78               	xorlw	120
  7872   00086E  A4D8               	btfss	status,2,c
  7873   000870  EF3C  F004         	goto	u2861
  7874   000874  EF3E  F004         	goto	u2860
  7875   000878                     u2861:
  7876   000878  EF71  F004         	goto	l3705
  7877   00087C                     u2860:
  7878   00087C                     
  7879                           ;/Applications/microchip/xc8/v3.00/pic/sources/c99/common/doprnt.c: 1452:     ) {;/Appli
      +                          cations/microchip/xc8/v3.00/pic/sources/c99/common/doprnt.c: 1495:    convarg.uint = (vf
      +                          pf_uint_t)(unsigned int)(*(unsigned int *)__va_arg(*(unsigned int **)ap, (unsigned int)0
      +                          ));
  7880   00087C  5038               	movf	vfpfcnvrt@ap^0,w,c
  7881   00087E  6ED9               	movwf	fsr2l,c
  7882   000880  6ADA               	clrf	fsr2h,c
  7883   000882  0E02               	movlw	2
  7884   000884  26DF               	addwf	indf2,f,c
  7885   000886  5CDF               	subwf	indf2,w,c
  7886   000888  6ED9               	movwf	fsr2l,c
  7887   00088A  6ADA               	clrf	fsr2h,c
  7888   00088C  CFDE F03D          	movff	postinc2,vfpfcnvrt@convarg
  7889   000890  CFDE F03E          	movff	postinc2,vfpfcnvrt@convarg+1
  7890   000894                     
  7891                           ;/Applications/microchip/xc8/v3.00/pic/sources/c99/common/doprnt.c: 1497:    *fmt = cp+1
      +                          ;
  7892   000894  0E01               	movlw	1
  7893   000896  2441               	addwf	vfpfcnvrt@cp^0,w,c
  7894   000898  6E39               	movwf	??_vfpfcnvrt^0,c
  7895   00089A  0E00               	movlw	0
  7896   00089C  2042               	addwfc	(vfpfcnvrt@cp+1)^0,w,c
  7897   00089E  6E3A               	movwf	(??_vfpfcnvrt+1)^0,c
  7898   0008A0  5037               	movf	vfpfcnvrt@fmt^0,w,c
  7899   0008A2  6ED9               	movwf	fsr2l,c
  7900   0008A4  6ADA               	clrf	fsr2h,c
  7901   0008A6  C039  FFDE         	movff	??_vfpfcnvrt,postinc2
  7902   0008AA  C03A  FFDD         	movff	??_vfpfcnvrt+1,postdec2
  7903                           
  7904                           ;/Applications/microchip/xc8/v3.00/pic/sources/c99/common/doprnt.c: 1498:    switch (*cp
      +                          ) {
  7905   0008AE  EF65  F004         	goto	l3703
  7906   0008B2                     l3697:
  7907                           
  7908                           ;/Applications/microchip/xc8/v3.00/pic/sources/c99/common/doprnt.c: 1586:      return (v
      +                          oid) xtoa(fp,convarg.uint);;	Return value of _vfpfcnvrt is never used
  7909   0008B2  C035  F028         	movff	vfpfcnvrt@fp,xtoa@fp
  7910   0008B6  C036  F029         	movff	vfpfcnvrt@fp+1,xtoa@fp+1
  7911   0008BA  C03D  F02A         	movff	vfpfcnvrt@convarg,xtoa@d
  7912   0008BE  C03E  F02B         	movff	vfpfcnvrt@convarg+1,xtoa@d+1
  7913   0008C2  ECF3  F006         	call	_xtoa	;wreg free
  7914   0008C6  EF8C  F004         	goto	l1427
  7915   0008CA                     l3703:
  7916   0008CA  C041  FFF6         	movff	vfpfcnvrt@cp,tblptrl
  7917   0008CE  C042  FFF7         	movff	vfpfcnvrt@cp+1,tblptrh
  7918   0008D2                     	if	0	;tblptru may be non-zero
  7919   0008D2                     	endif
  7920   0008D2                     	if	0	;tblptru may be non-zero
  7921   0008D2                     	endif
  7922   0008D2  0008               	tblrd		*
  7923   0008D4  50F5               	movf	tablat,w,c
  7924                           
  7925                           ; Switch size 1, requested type "simple"
  7926                           ; Number of cases is 1, Range of values is 120 to 120
  7927                           ; switch strategies available:
  7928                           ; Name         Instructions Cycles
  7929                           ; simple_byte            4     3 (average)
  7930                           ;	Chosen strategy is simple_byte
  7931   0008D6  0A78               	xorlw	120	; case 120
  7932   0008D8  B4D8               	btfsc	status,2,c
  7933   0008DA  EF59  F004         	goto	l3697
  7934   0008DE  EF71  F004         	goto	l3705
  7935   0008E2                     l3705:
  7936                           
  7937                           ;/Applications/microchip/xc8/v3.00/pic/sources/c99/common/doprnt.c: 1806:         ++*fmt
      +                          ;
  7938   0008E2  5037               	movf	vfpfcnvrt@fmt^0,w,c
  7939   0008E4  6ED9               	movwf	fsr2l,c
  7940   0008E6  6ADA               	clrf	fsr2h,c
  7941   0008E8  2ADE               	incf	postinc2,f,c
  7942   0008EA  0E00               	movlw	0
  7943   0008EC  22DD               	addwfc	postdec2,f,c
  7944   0008EE  EF8C  F004         	goto	l1427
  7945   0008F2                     l3709:
  7946                           
  7947                           ;/Applications/microchip/xc8/v3.00/pic/sources/c99/common/doprnt.c: 1811:     fputc((int
      +                          )(*fmt)[0], fp);
  7948   0008F2  5037               	movf	vfpfcnvrt@fmt^0,w,c
  7949   0008F4  6ED9               	movwf	fsr2l,c
  7950   0008F6  6ADA               	clrf	fsr2h,c
  7951   0008F8  CFDE FFF6          	movff	postinc2,tblptrl
  7952   0008FC  CFDD FFF7          	movff	postdec2,tblptrh
  7953   000900                     	if	0	;tblptru may be non-zero
  7954   000900                     	endif
  7955   000900                     	if	0	;tblptru may be non-zero
  7956   000900                     	endif
  7957   000900  0008               	tblrd		*
  7958   000902  50F5               	movf	tablat,w,c
  7959   000904  6E11               	movwf	fputc@c^0,c
  7960   000906  6A12               	clrf	(fputc@c+1)^0,c
  7961   000908  C035  F013         	movff	vfpfcnvrt@fp,fputc@fp
  7962   00090C  C036  F014         	movff	vfpfcnvrt@fp+1,fputc@fp+1
  7963   000910  EC70  F007         	call	_fputc	;wreg free
  7964   000914  EF71  F004         	goto	l3705
  7965   000918                     l1427:
  7966   000918  0012               	return		;funcret
  7967   00091A                     __end_of_vfpfcnvrt:
  7968                           	callstack 0
  7969                           
  7970 ;; *************** function _xtoa *****************
  7971 ;; Defined at:
  7972 ;;		line 1055 in file "/Applications/microchip/xc8/v3.00/pic/sources/c99/common/doprnt.c"
  7973 ;; Parameters:    Size  Location     Type
  7974 ;;  fp              2   39[COMRAM] PTR struct _IO_FILE
  7975 ;;		 -> NULL(0), 
  7976 ;;  d               2   41[COMRAM] unsigned int 
  7977 ;; Auto vars:     Size  Location     Type
  7978 ;;  i               2   50[COMRAM] int 
  7979 ;;  w               2   47[COMRAM] int 
  7980 ;;  c               1   49[COMRAM] unsigned char 
  7981 ;;  p               1   46[COMRAM] _Bool 
  7982 ;; Return value:  Size  Location     Type
  7983 ;;                  1    wreg      void 
  7984 ;; Registers used:
  7985 ;;		wreg, fsr1l, fsr1h, fsr2l, fsr2h, status,2, status,0, cstack
  7986 ;; Tracked objects:
  7987 ;;		On entry : 0/0
  7988 ;;		On exit  : 0/0
  7989 ;;		Unchanged: 0/0
  7990 ;; Data sizes:     COMRAM   BANK0   BANK1   BANK2   BANK3   BANK4   BANK5
  7991 ;;      Params:         4       0       0       0       0       0       0
  7992 ;;      Locals:         6       0       0       0       0       0       0
  7993 ;;      Temps:          3       0       0       0       0       0       0
  7994 ;;      Totals:        13       0       0       0       0       0       0
  7995 ;;Total ram usage:       13 bytes
  7996 ;; Hardware stack levels used: 1
  7997 ;; Hardware stack levels required when called: 9
  7998 ;; This function calls:
  7999 ;;		_pad
  8000 ;; This function is called by:
  8001 ;;		_vfpfcnvrt
  8002 ;; This function uses a non-reentrant model
  8003 ;;
  8004                           
  8005                           	psect	text25
  8006   000DE6                     __ptext25:
  8007                           	callstack 0
  8008   000DE6                     _xtoa:
  8009                           	callstack 18
  8010   000DE6                     
  8011                           ;/Applications/microchip/xc8/v3.00/pic/sources/c99/common/doprnt.c: 1055: static void xt
      +                          oa(FILE *fp, vfpf_uint_t d);/Applications/microchip/xc8/v3.00/pic/sources/c99/common/dop
      +                          rnt.c: 1058: {;/Applications/microchip/xc8/v3.00/pic/sources/c99/common/doprnt.c: 1059: 
      +                           char c;;/Applications/microchip/xc8/v3.00/pic/sources/c99/common/doprnt.c: 1063:     in
      +                          t i, w;;/Applications/microchip/xc8/v3.00/pic/sources/c99/common/doprnt.c: 1067:  _Bool 
      +                          p = 1;
  8012   000DE6  0E01               	movlw	1
  8013   000DE8  6E2F               	movwf	xtoa@p^0,c
  8014   000DEA                     
  8015                           ;/Applications/microchip/xc8/v3.00/pic/sources/c99/common/doprnt.c: 1082:     w = width;
  8016   000DEA  C044  F030         	movff	_width,xtoa@w
  8017   000DEE  C045  F031         	movff	_width+1,xtoa@w+1
  8018                           
  8019                           ;/Applications/microchip/xc8/v3.00/pic/sources/c99/common/doprnt.c: 1095:     i = sizeof
      +                          (dbuf) - 1;
  8020   000DF2  0E00               	movlw	0
  8021   000DF4  6E34               	movwf	(xtoa@i+1)^0,c
  8022   000DF6  0E1F               	movlw	31
  8023   000DF8  6E33               	movwf	xtoa@i^0,c
  8024   000DFA                     
  8025                           ;/Applications/microchip/xc8/v3.00/pic/sources/c99/common/doprnt.c: 1096:     dbuf[i] = 
      +                          '\0';
  8026   000DFA  0100               	movlb	0	; () banked
  8027   000DFC  6B85               	clrf	(_dbuf+31)& (0+255),b
  8028                           
  8029                           ;/Applications/microchip/xc8/v3.00/pic/sources/c99/common/doprnt.c: 1097:     while (!(i
      +                           < 2) && (d != 0
  8030   000DFE  EF2F  F007         	goto	l3611
  8031   000E02                     l3593:
  8032                           
  8033                           ;/Applications/microchip/xc8/v3.00/pic/sources/c99/common/doprnt.c: 1106:     )) {;/Appl
      +                          ications/microchip/xc8/v3.00/pic/sources/c99/common/doprnt.c: 1107:         --i;
  8034   000E02  0633               	decf	xtoa@i^0,f,c
  8035   000E04  A0D8               	btfss	status,0,c
  8036   000E06  0634               	decf	(xtoa@i+1)^0,f,c
  8037   000E08                     
  8038                           ;/Applications/microchip/xc8/v3.00/pic/sources/c99/common/doprnt.c: 1108:         c = d 
      +                          & 0x0f;
  8039   000E08  502A               	movf	xtoa@d^0,w,c
  8040   000E0A  0B0F               	andlw	15
  8041   000E0C  6E32               	movwf	xtoa@c^0,c
  8042   000E0E                     
  8043                           ;/Applications/microchip/xc8/v3.00/pic/sources/c99/common/doprnt.c: 1109:   if (c < 10) 
      +                          {
  8044   000E0E  0E0A               	movlw	10
  8045   000E10  6032               	cpfslt	xtoa@c^0,c
  8046   000E12  EF0D  F007         	goto	u2711
  8047   000E16  EF0F  F007         	goto	u2710
  8048   000E1A                     u2711:
  8049   000E1A  EF13  F007         	goto	l3601
  8050   000E1E                     u2710:
  8051   000E1E                     
  8052                           ;/Applications/microchip/xc8/v3.00/pic/sources/c99/common/doprnt.c: 1110:    c += '0';
  8053   000E1E  0E30               	movlw	48
  8054   000E20  2632               	addwf	xtoa@c^0,f,c
  8055                           
  8056                           ;/Applications/microchip/xc8/v3.00/pic/sources/c99/common/doprnt.c: 1111:   }
  8057   000E22  EF15  F007         	goto	l3603
  8058   000E26                     l3601:
  8059                           
  8060                           ;/Applications/microchip/xc8/v3.00/pic/sources/c99/common/doprnt.c: 1116:    c += 'a' - 
      +                          10;
  8061   000E26  0E57               	movlw	87
  8062   000E28  2632               	addwf	xtoa@c^0,f,c
  8063   000E2A                     l3603:
  8064                           
  8065                           ;/Applications/microchip/xc8/v3.00/pic/sources/c99/common/doprnt.c: 1121:   dbuf[i] = c;
  8066   000E2A  5033               	movf	xtoa@i^0,w,c
  8067   000E2C  0F66               	addlw	low _dbuf
  8068   000E2E  6ED9               	movwf	fsr2l,c
  8069   000E30  6ADA               	clrf	fsr2h,c
  8070   000E32  C032  FFDF         	movff	xtoa@c,indf2
  8071   000E36                     
  8072                           ;/Applications/microchip/xc8/v3.00/pic/sources/c99/common/doprnt.c: 1125:   p = 0;
  8073   000E36  6A2F               	clrf	xtoa@p^0,c
  8074   000E38                     
  8075                           ;/Applications/microchip/xc8/v3.00/pic/sources/c99/common/doprnt.c: 1127:         --w;
  8076   000E38  0630               	decf	xtoa@w^0,f,c
  8077   000E3A  A0D8               	btfss	status,0,c
  8078   000E3C  0631               	decf	(xtoa@w+1)^0,f,c
  8079   000E3E                     
  8080                           ;/Applications/microchip/xc8/v3.00/pic/sources/c99/common/doprnt.c: 1128:         d = d 
      +                          >> 4;
  8081   000E3E  C02A  F02C         	movff	xtoa@d,??_xtoa
  8082   000E42  C02B  F02D         	movff	xtoa@d+1,??_xtoa+1
  8083   000E46  0E04               	movlw	4
  8084   000E48  6E2E               	movwf	(??_xtoa+2)^0,c
  8085   000E4A                     u2725:
  8086   000E4A  90D8               	bcf	status,0,c
  8087   000E4C  322D               	rrcf	(??_xtoa+1)^0,f,c
  8088   000E4E  322C               	rrcf	??_xtoa^0,f,c
  8089   000E50  2E2E               	decfsz	(??_xtoa+2)^0,f,c
  8090   000E52  EF25  F007         	goto	u2725
  8091   000E56  C02C  F02A         	movff	??_xtoa,xtoa@d
  8092   000E5A  C02D  F02B         	movff	??_xtoa+1,xtoa@d+1
  8093   000E5E                     l3611:
  8094                           
  8095                           ;/Applications/microchip/xc8/v3.00/pic/sources/c99/common/doprnt.c: 1097:     while (!(i
      +                           < 2) && (d != 0
  8096   000E5E  BE34               	btfsc	(xtoa@i+1)^0,7,c
  8097   000E60  EF3B  F007         	goto	u2731
  8098   000E64  5034               	movf	(xtoa@i+1)^0,w,c
  8099   000E66  E109               	bnz	u2730
  8100   000E68  0E02               	movlw	2
  8101   000E6A  5C33               	subwf	xtoa@i^0,w,c
  8102   000E6C  A0D8               	btfss	status,0,c
  8103   000E6E  EF3B  F007         	goto	u2731
  8104   000E72  EF3D  F007         	goto	u2730
  8105   000E76                     u2731:
  8106   000E76  EF62  F007         	goto	l3621
  8107   000E7A                     u2730:
  8108   000E7A  502A               	movf	xtoa@d^0,w,c
  8109   000E7C  102B               	iorwf	(xtoa@d+1)^0,w,c
  8110   000E7E  A4D8               	btfss	status,2,c
  8111   000E80  EF44  F007         	goto	u2741
  8112   000E84  EF46  F007         	goto	u2740
  8113   000E88                     u2741:
  8114   000E88  EF01  F007         	goto	l3593
  8115   000E8C                     u2740:
  8116   000E8C  502F               	movf	xtoa@p^0,w,c
  8117   000E8E  A4D8               	btfss	status,2,c
  8118   000E90  EF4C  F007         	goto	u2751
  8119   000E94  EF4E  F007         	goto	u2750
  8120   000E98                     u2751:
  8121   000E98  EF01  F007         	goto	l3593
  8122   000E9C                     u2750:
  8123   000E9C  BE31               	btfsc	(xtoa@w+1)^0,7,c
  8124   000E9E  EF59  F007         	goto	u2761
  8125   000EA2  5031               	movf	(xtoa@w+1)^0,w,c
  8126   000EA4  E108               	bnz	u2760
  8127   000EA6  0430               	decf	xtoa@w^0,w,c
  8128   000EA8  A0D8               	btfss	status,0,c
  8129   000EAA  EF59  F007         	goto	u2761
  8130   000EAE  EF5B  F007         	goto	u2760
  8131   000EB2                     u2761:
  8132   000EB2  EF62  F007         	goto	l3621
  8133   000EB6                     u2760:
  8134   000EB6  B250               	btfsc	_flags^0,1,c
  8135   000EB8  EF60  F007         	goto	u2771
  8136   000EBC  EF62  F007         	goto	u2770
  8137   000EC0                     u2771:
  8138   000EC0  EF01  F007         	goto	l3593
  8139   000EC4                     u2770:
  8140   000EC4                     l3621:
  8141                           
  8142                           ;/Applications/microchip/xc8/v3.00/pic/sources/c99/common/doprnt.c: 1152:     return (vo
      +                          id) pad(fp, &dbuf[i], w);
  8143   000EC4  C028  F020         	movff	xtoa@fp,pad@fp
  8144   000EC8  C029  F021         	movff	xtoa@fp+1,pad@fp+1
  8145   000ECC  5033               	movf	xtoa@i^0,w,c
  8146   000ECE  0F66               	addlw	low _dbuf
  8147   000ED0  6E22               	movwf	pad@buf^0,c
  8148   000ED2  C030  F023         	movff	xtoa@w,pad@p
  8149   000ED6  C031  F024         	movff	xtoa@w+1,pad@p+1
  8150   000EDA  EC94  F009         	call	_pad	;wreg free
  8151   000EDE  0012               	return		;funcret
  8152   000EE0                     __end_of_xtoa:
  8153                           	callstack 0
  8154                           
  8155 ;; *************** function _read_prec_or_width *****************
  8156 ;; Defined at:
  8157 ;;		line 1158 in file "/Applications/microchip/xc8/v3.00/pic/sources/c99/common/doprnt.c"
  8158 ;; Parameters:    Size  Location     Type
  8159 ;;  fmt             1   14[COMRAM] PTR PTR const unsigned c
  8160 ;;		 -> vfprintf@cfmt(2), 
  8161 ;;  ap              1   15[COMRAM] PTR PTR void [1]
  8162 ;;		 -> printf@ap(1), 
  8163 ;; Auto vars:     Size  Location     Type
  8164 ;;  c               1   18[COMRAM] unsigned char 
  8165 ;;  n               2   19[COMRAM] int 
  8166 ;; Return value:  Size  Location     Type
  8167 ;;                  2   14[COMRAM] int 
  8168 ;; Registers used:
  8169 ;;		wreg, fsr2l, fsr2h, status,2, status,0, tblptrl, tblptrh, tblptru, prodl, prodh
  8170 ;; Tracked objects:
  8171 ;;		On entry : 0/0
  8172 ;;		On exit  : 0/0
  8173 ;;		Unchanged: 0/0
  8174 ;; Data sizes:     COMRAM   BANK0   BANK1   BANK2   BANK3   BANK4   BANK5
  8175 ;;      Params:         2       0       0       0       0       0       0
  8176 ;;      Locals:         3       0       0       0       0       0       0
  8177 ;;      Temps:          2       0       0       0       0       0       0
  8178 ;;      Totals:         7       0       0       0       0       0       0
  8179 ;;Total ram usage:        7 bytes
  8180 ;; Hardware stack levels used: 1
  8181 ;; Hardware stack levels required when called: 4
  8182 ;; This function calls:
  8183 ;;		Nothing
  8184 ;; This function is called by:
  8185 ;;		_vfpfcnvrt
  8186 ;; This function uses a non-reentrant model
  8187 ;;
  8188                           
  8189                           	psect	text26
  8190   0011E2                     __ptext26:
  8191                           	callstack 0
  8192   0011E2                     _read_prec_or_width:
  8193                           	callstack 23
  8194   0011E2                     
  8195                           ;/Applications/microchip/xc8/v3.00/pic/sources/c99/common/doprnt.c: 1159:     int n = 0;
  8196   0011E2  0E00               	movlw	0
  8197   0011E4  6E15               	movwf	(read_prec_or_width@n+1)^0,c
  8198   0011E6  0E00               	movlw	0
  8199   0011E8  6E14               	movwf	read_prec_or_width@n^0,c
  8200   0011EA                     
  8201                           ;/Applications/microchip/xc8/v3.00/pic/sources/c99/common/doprnt.c: 1160:     if ((*fmt)
      +                          [0] == '*') {
  8202   0011EA  500F               	movf	read_prec_or_width@fmt^0,w,c
  8203   0011EC  6ED9               	movwf	fsr2l,c
  8204   0011EE  6ADA               	clrf	fsr2h,c
  8205   0011F0  CFDE FFF6          	movff	postinc2,tblptrl
  8206   0011F4  CFDD FFF7          	movff	postdec2,tblptrh
  8207   0011F8                     	if	0	;tblptru may be non-zero
  8208   0011F8                     	endif
  8209   0011F8                     	if	0	;tblptru may be non-zero
  8210   0011F8                     	endif
  8211   0011F8  0008               	tblrd		*
  8212   0011FA  50F5               	movf	tablat,w,c
  8213   0011FC  0A2A               	xorlw	42
  8214   0011FE  A4D8               	btfss	status,2,c
  8215   001200  EF04  F009         	goto	u2781
  8216   001204  EF06  F009         	goto	u2780
  8217   001208                     u2781:
  8218   001208  EF2F  F009         	goto	l3637
  8219   00120C                     u2780:
  8220   00120C                     
  8221                           ;/Applications/microchip/xc8/v3.00/pic/sources/c99/common/doprnt.c: 1161:         ++*fmt
      +                          ;
  8222   00120C  500F               	movf	read_prec_or_width@fmt^0,w,c
  8223   00120E  6ED9               	movwf	fsr2l,c
  8224   001210  6ADA               	clrf	fsr2h,c
  8225   001212  2ADE               	incf	postinc2,f,c
  8226   001214  0E00               	movlw	0
  8227   001216  22DD               	addwfc	postdec2,f,c
  8228   001218                     
  8229                           ;/Applications/microchip/xc8/v3.00/pic/sources/c99/common/doprnt.c: 1162:         n = (*
      +                          (int *)__va_arg(*(int **)*ap, (int)0));
  8230   001218  5010               	movf	read_prec_or_width@ap^0,w,c
  8231   00121A  6ED9               	movwf	fsr2l,c
  8232   00121C  6ADA               	clrf	fsr2h,c
  8233   00121E  0E02               	movlw	2
  8234   001220  26DF               	addwf	indf2,f,c
  8235   001222  5CDF               	subwf	indf2,w,c
  8236   001224  6ED9               	movwf	fsr2l,c
  8237   001226  6ADA               	clrf	fsr2h,c
  8238   001228  CFDE F014          	movff	postinc2,read_prec_or_width@n
  8239   00122C  CFDE F015          	movff	postinc2,read_prec_or_width@n+1
  8240                           
  8241                           ;/Applications/microchip/xc8/v3.00/pic/sources/c99/common/doprnt.c: 1163:     } else {
  8242   001230  EF42  F009         	goto	l1410
  8243   001234                     l3633:
  8244                           
  8245                           ;/Applications/microchip/xc8/v3.00/pic/sources/c99/common/doprnt.c: 1166:             n 
      +                          = n * 10 + c;
  8246   001234  0E0A               	movlw	10
  8247   001236  0214               	mulwf	read_prec_or_width@n^0,c
  8248   001238  CFF3 F011          	movff	prodl,??_read_prec_or_width
  8249   00123C  CFF4 F012          	movff	prodh,??_read_prec_or_width+1
  8250   001240  0215               	mulwf	(read_prec_or_width@n+1)^0,c
  8251   001242  50F3               	movf	prodl,w,c
  8252   001244  2612               	addwf	(??_read_prec_or_width+1)^0,f,c
  8253   001246  5013               	movf	read_prec_or_width@c^0,w,c
  8254   001248  2411               	addwf	??_read_prec_or_width^0,w,c
  8255   00124A  6E14               	movwf	read_prec_or_width@n^0,c
  8256   00124C  0E00               	movlw	0
  8257   00124E  2012               	addwfc	(??_read_prec_or_width+1)^0,w,c
  8258   001250  6E15               	movwf	(read_prec_or_width@n+1)^0,c
  8259   001252                     
  8260                           ;/Applications/microchip/xc8/v3.00/pic/sources/c99/common/doprnt.c: 1167:             ++
      +                          *fmt;
  8261   001252  500F               	movf	read_prec_or_width@fmt^0,w,c
  8262   001254  6ED9               	movwf	fsr2l,c
  8263   001256  6ADA               	clrf	fsr2h,c
  8264   001258  2ADE               	incf	postinc2,f,c
  8265   00125A  0E00               	movlw	0
  8266   00125C  22DD               	addwfc	postdec2,f,c
  8267   00125E                     l3637:
  8268                           
  8269                           ;/Applications/microchip/xc8/v3.00/pic/sources/c99/common/doprnt.c: 1165:         while 
      +                          ((c = ((unsigned)(*fmt)[0]) - '0') < 10) {
  8270   00125E  500F               	movf	read_prec_or_width@fmt^0,w,c
  8271   001260  6ED9               	movwf	fsr2l,c
  8272   001262  6ADA               	clrf	fsr2h,c
  8273   001264  CFDE FFF6          	movff	postinc2,tblptrl
  8274   001268  CFDD FFF7          	movff	postdec2,tblptrh
  8275   00126C                     	if	0	;tblptru may be non-zero
  8276   00126C                     	endif
  8277   00126C                     	if	0	;tblptru may be non-zero
  8278   00126C                     	endif
  8279   00126C  0008               	tblrd		*
  8280   00126E  50F5               	movf	tablat,w,c
  8281   001270  0FD0               	addlw	208
  8282   001272  6E13               	movwf	read_prec_or_width@c^0,c
  8283   001274  0E09               	movlw	9
  8284   001276  6413               	cpfsgt	read_prec_or_width@c^0,c
  8285   001278  EF40  F009         	goto	u2791
  8286   00127C  EF42  F009         	goto	u2790
  8287   001280                     u2791:
  8288   001280  EF1A  F009         	goto	l3633
  8289   001284                     u2790:
  8290   001284                     l1410:
  8291                           
  8292                           ;/Applications/microchip/xc8/v3.00/pic/sources/c99/common/doprnt.c: 1170:     return n;
  8293   001284  C014  F00F         	movff	read_prec_or_width@n,?_read_prec_or_width
  8294   001288  C015  F010         	movff	read_prec_or_width@n+1,?_read_prec_or_width+1
  8295   00128C  0012               	return		;funcret
  8296   00128E                     __end_of_read_prec_or_width:
  8297                           	callstack 0
  8298                           
  8299 ;; *************** function _dtoa *****************
  8300 ;; Defined at:
  8301 ;;		line 513 in file "/Applications/microchip/xc8/v3.00/pic/sources/c99/common/doprnt.c"
  8302 ;; Parameters:    Size  Location     Type
  8303 ;;  fp              2   39[COMRAM] PTR struct _IO_FILE
  8304 ;;		 -> NULL(0), 
  8305 ;;  d               2   41[COMRAM] int 
  8306 ;; Auto vars:     Size  Location     Type
  8307 ;;  i               2   49[COMRAM] int 
  8308 ;;  w               2   46[COMRAM] int 
  8309 ;;  s               1   48[COMRAM] unsigned char 
  8310 ;;  p               1   45[COMRAM] _Bool 
  8311 ;; Return value:  Size  Location     Type
  8312 ;;                  1    wreg      void 
  8313 ;; Registers used:
  8314 ;;		wreg, fsr1l, fsr1h, fsr2l, fsr2h, status,2, status,0, cstack
  8315 ;; Tracked objects:
  8316 ;;		On entry : 0/0
  8317 ;;		On exit  : 0/0
  8318 ;;		Unchanged: 0/0
  8319 ;; Data sizes:     COMRAM   BANK0   BANK1   BANK2   BANK3   BANK4   BANK5
  8320 ;;      Params:         4       0       0       0       0       0       0
  8321 ;;      Locals:         8       0       0       0       0       0       0
  8322 ;;      Temps:          0       0       0       0       0       0       0
  8323 ;;      Totals:        12       0       0       0       0       0       0
  8324 ;;Total ram usage:       12 bytes
  8325 ;; Hardware stack levels used: 1
  8326 ;; Hardware stack levels required when called: 9
  8327 ;; This function calls:
  8328 ;;		___awdiv
  8329 ;;		___awmod
  8330 ;;		_abs
  8331 ;;		_pad
  8332 ;; This function is called by:
  8333 ;;		_vfpfcnvrt
  8334 ;; This function uses a non-reentrant model
  8335 ;;
  8336                           
  8337                           	psect	text27
  8338   000C7E                     __ptext27:
  8339                           	callstack 0
  8340   000C7E                     _dtoa:
  8341                           	callstack 18
  8342   000C7E                     
  8343                           ;/Applications/microchip/xc8/v3.00/pic/sources/c99/common/doprnt.c: 513: static void dto
      +                          a(FILE *fp, vfpf_sint_t d);/Applications/microchip/xc8/v3.00/pic/sources/c99/common/dopr
      +                          nt.c: 514: {;/Applications/microchip/xc8/v3.00/pic/sources/c99/common/doprnt.c: 515:  ch
      +                          ar s;;/Applications/microchip/xc8/v3.00/pic/sources/c99/common/doprnt.c: 516:     int i,
      +                           w;;/Applications/microchip/xc8/v3.00/pic/sources/c99/common/doprnt.c: 520:  _Bool p = 1
      +                          ;
  8344   000C7E  0E01               	movlw	1
  8345   000C80  6E2E               	movwf	dtoa@p^0,c
  8346   000C82                     
  8347                           ;/Applications/microchip/xc8/v3.00/pic/sources/c99/common/doprnt.c: 524:     s = d < 0 ?
      +                           1 : 0;
  8348   000C82  BE2B               	btfsc	(dtoa@d+1)^0,7,c
  8349   000C84  EF46  F006         	goto	u2611
  8350   000C88  EF49  F006         	goto	u2610
  8351   000C8C                     u2611:
  8352   000C8C  0E01               	movlw	1
  8353   000C8E  EF4A  F006         	goto	u2620
  8354   000C92                     u2610:
  8355   000C92  0E00               	movlw	0
  8356   000C94                     u2620:
  8357   000C94  6E31               	movwf	dtoa@s^0,c
  8358   000C96                     
  8359                           ;/Applications/microchip/xc8/v3.00/pic/sources/c99/common/doprnt.c: 535:     w = width;
  8360   000C96  C044  F02F         	movff	_width,dtoa@w
  8361   000C9A  C045  F030         	movff	_width+1,dtoa@w+1
  8362   000C9E                     
  8363                           ;/Applications/microchip/xc8/v3.00/pic/sources/c99/common/doprnt.c: 536:     if (s
  8364   000C9E  5031               	movf	dtoa@s^0,w,c
  8365   000CA0  B4D8               	btfsc	status,2,c
  8366   000CA2  EF55  F006         	goto	u2631
  8367   000CA6  EF57  F006         	goto	u2630
  8368   000CAA                     u2631:
  8369   000CAA  EF6E  F006         	goto	l1381
  8370   000CAE                     u2630:
  8371   000CAE                     
  8372                           ;/Applications/microchip/xc8/v3.00/pic/sources/c99/common/doprnt.c: 540:     ) {;/Applic
      +                          ations/microchip/xc8/v3.00/pic/sources/c99/common/doprnt.c: 541:         --w;
  8373   000CAE  062F               	decf	dtoa@w^0,f,c
  8374   000CB0  A0D8               	btfss	status,0,c
  8375   000CB2  0630               	decf	(dtoa@w+1)^0,f,c
  8376   000CB4                     
  8377                           ;/Applications/microchip/xc8/v3.00/pic/sources/c99/common/doprnt.c: 542:   s = s ? '-' :
      +                           '+';
  8378   000CB4  5031               	movf	dtoa@s^0,w,c
  8379   000CB6  A4D8               	btfss	status,2,c
  8380   000CB8  EF60  F006         	goto	u2641
  8381   000CBC  EF62  F006         	goto	u2640
  8382   000CC0                     u2641:
  8383   000CC0  EF68  F006         	goto	l3551
  8384   000CC4                     u2640:
  8385   000CC4  0E00               	movlw	0
  8386   000CC6  6E2D               	movwf	(_dtoa$2245+1)^0,c
  8387   000CC8  0E2B               	movlw	43
  8388   000CCA  6E2C               	movwf	_dtoa$2245^0,c
  8389   000CCC  EF6C  F006         	goto	l3553
  8390   000CD0                     l3551:
  8391   000CD0  0E00               	movlw	0
  8392   000CD2  6E2D               	movwf	(_dtoa$2245+1)^0,c
  8393   000CD4  0E2D               	movlw	45
  8394   000CD6  6E2C               	movwf	_dtoa$2245^0,c
  8395   000CD8                     l3553:
  8396   000CD8  C02C  F031         	movff	_dtoa$2245,dtoa@s
  8397   000CDC                     l1381:
  8398                           
  8399                           ;/Applications/microchip/xc8/v3.00/pic/sources/c99/common/doprnt.c: 552:     i = sizeof(
      +                          dbuf) - 1;
  8400   000CDC  0E00               	movlw	0
  8401   000CDE  6E33               	movwf	(dtoa@i+1)^0,c
  8402   000CE0  0E1F               	movlw	31
  8403   000CE2  6E32               	movwf	dtoa@i^0,c
  8404   000CE4                     
  8405                           ;/Applications/microchip/xc8/v3.00/pic/sources/c99/common/doprnt.c: 553:     dbuf[i] = '
      +                          \0';
  8406   000CE4  0100               	movlb	0	; () banked
  8407   000CE6  6B85               	clrf	(_dbuf+31)& (0+255),b
  8408                           
  8409                           ;/Applications/microchip/xc8/v3.00/pic/sources/c99/common/doprnt.c: 554:     while (!(i 
      +                          < 1) && (d != 0
  8410   000CE8  EFA2  F006         	goto	l3567
  8411   000CEC                     l3557:
  8412                           
  8413                           ;/Applications/microchip/xc8/v3.00/pic/sources/c99/common/doprnt.c: 563:     )) {;/Appli
      +                          cations/microchip/xc8/v3.00/pic/sources/c99/common/doprnt.c: 564:         --i;
  8414   000CEC  0632               	decf	dtoa@i^0,f,c
  8415   000CEE  A0D8               	btfss	status,0,c
  8416   000CF0  0633               	decf	(dtoa@i+1)^0,f,c
  8417   000CF2                     
  8418                           ;/Applications/microchip/xc8/v3.00/pic/sources/c99/common/doprnt.c: 565:         dbuf[i]
      +                           = (char)((int)'0' + abs(d % 10));
  8419   000CF2  5032               	movf	dtoa@i^0,w,c
  8420   000CF4  0F66               	addlw	low _dbuf
  8421   000CF6  6ED9               	movwf	fsr2l,c
  8422   000CF8  6ADA               	clrf	fsr2h,c
  8423   000CFA  C02A  F00F         	movff	dtoa@d,___awmod@dividend
  8424   000CFE  C02B  F010         	movff	dtoa@d+1,___awmod@dividend+1
  8425   000D02  0E00               	movlw	0
  8426   000D04  6E12               	movwf	(___awmod@divisor+1)^0,c
  8427   000D06  0E0A               	movlw	10
  8428   000D08  6E11               	movwf	___awmod@divisor^0,c
  8429   000D0A  EC9A  F008         	call	___awmod	;wreg free
  8430   000D0E  C00F  F015         	movff	?___awmod,abs@a
  8431   000D12  C010  F016         	movff	?___awmod+1,abs@a+1
  8432   000D16  EC80  F00B         	call	_abs	;wreg free
  8433   000D1A  5015               	movf	?_abs^0,w,c
  8434   000D1C  0F30               	addlw	48
  8435   000D1E  6EDF               	movwf	indf2,c
  8436   000D20                     
  8437                           ;/Applications/microchip/xc8/v3.00/pic/sources/c99/common/doprnt.c: 569:   p = 0;
  8438   000D20  6A2E               	clrf	dtoa@p^0,c
  8439   000D22                     
  8440                           ;/Applications/microchip/xc8/v3.00/pic/sources/c99/common/doprnt.c: 571:         --w;
  8441   000D22  062F               	decf	dtoa@w^0,f,c
  8442   000D24  A0D8               	btfss	status,0,c
  8443   000D26  0630               	decf	(dtoa@w+1)^0,f,c
  8444   000D28                     
  8445                           ;/Applications/microchip/xc8/v3.00/pic/sources/c99/common/doprnt.c: 572:         d = d /
      +                           10;
  8446   000D28  C02A  F00F         	movff	dtoa@d,___awdiv@dividend
  8447   000D2C  C02B  F010         	movff	dtoa@d+1,___awdiv@dividend+1
  8448   000D30  0E00               	movlw	0
  8449   000D32  6E12               	movwf	(___awdiv@divisor+1)^0,c
  8450   000D34  0E0A               	movlw	10
  8451   000D36  6E11               	movwf	___awdiv@divisor^0,c
  8452   000D38  EC39  F008         	call	___awdiv	;wreg free
  8453   000D3C  C00F  F02A         	movff	?___awdiv,dtoa@d
  8454   000D40  C010  F02B         	movff	?___awdiv+1,dtoa@d+1
  8455   000D44                     l3567:
  8456                           
  8457                           ;/Applications/microchip/xc8/v3.00/pic/sources/c99/common/doprnt.c: 554:     while (!(i 
      +                          < 1) && (d != 0
  8458   000D44  BE33               	btfsc	(dtoa@i+1)^0,7,c
  8459   000D46  EFAD  F006         	goto	u2651
  8460   000D4A  5033               	movf	(dtoa@i+1)^0,w,c
  8461   000D4C  E108               	bnz	u2650
  8462   000D4E  0432               	decf	dtoa@i^0,w,c
  8463   000D50  A0D8               	btfss	status,0,c
  8464   000D52  EFAD  F006         	goto	u2651
  8465   000D56  EFAF  F006         	goto	u2650
  8466   000D5A                     u2651:
  8467   000D5A  EFD4  F006         	goto	l3577
  8468   000D5E                     u2650:
  8469   000D5E  502A               	movf	dtoa@d^0,w,c
  8470   000D60  102B               	iorwf	(dtoa@d+1)^0,w,c
  8471   000D62  A4D8               	btfss	status,2,c
  8472   000D64  EFB6  F006         	goto	u2661
  8473   000D68  EFB8  F006         	goto	u2660
  8474   000D6C                     u2661:
  8475   000D6C  EF76  F006         	goto	l3557
  8476   000D70                     u2660:
  8477   000D70  502E               	movf	dtoa@p^0,w,c
  8478   000D72  A4D8               	btfss	status,2,c
  8479   000D74  EFBE  F006         	goto	u2671
  8480   000D78  EFC0  F006         	goto	u2670
  8481   000D7C                     u2671:
  8482   000D7C  EF76  F006         	goto	l3557
  8483   000D80                     u2670:
  8484   000D80  BE30               	btfsc	(dtoa@w+1)^0,7,c
  8485   000D82  EFCB  F006         	goto	u2681
  8486   000D86  5030               	movf	(dtoa@w+1)^0,w,c
  8487   000D88  E108               	bnz	u2680
  8488   000D8A  042F               	decf	dtoa@w^0,w,c
  8489   000D8C  A0D8               	btfss	status,0,c
  8490   000D8E  EFCB  F006         	goto	u2681
  8491   000D92  EFCD  F006         	goto	u2680
  8492   000D96                     u2681:
  8493   000D96  EFD4  F006         	goto	l3577
  8494   000D9A                     u2680:
  8495   000D9A  B250               	btfsc	_flags^0,1,c
  8496   000D9C  EFD2  F006         	goto	u2691
  8497   000DA0  EFD4  F006         	goto	u2690
  8498   000DA4                     u2691:
  8499   000DA4  EF76  F006         	goto	l3557
  8500   000DA8                     u2690:
  8501   000DA8                     l3577:
  8502                           
  8503                           ;/Applications/microchip/xc8/v3.00/pic/sources/c99/common/doprnt.c: 576:     if (s != 0)
      +                           {
  8504   000DA8  5031               	movf	dtoa@s^0,w,c
  8505   000DAA  B4D8               	btfsc	status,2,c
  8506   000DAC  EFDA  F006         	goto	u2701
  8507   000DB0  EFDC  F006         	goto	u2700
  8508   000DB4                     u2701:
  8509   000DB4  EFE5  F006         	goto	l3583
  8510   000DB8                     u2700:
  8511   000DB8                     
  8512                           ;/Applications/microchip/xc8/v3.00/pic/sources/c99/common/doprnt.c: 577:         --i;
  8513   000DB8  0632               	decf	dtoa@i^0,f,c
  8514   000DBA  A0D8               	btfss	status,0,c
  8515   000DBC  0633               	decf	(dtoa@i+1)^0,f,c
  8516   000DBE                     
  8517                           ;/Applications/microchip/xc8/v3.00/pic/sources/c99/common/doprnt.c: 578:         dbuf[i]
      +                           = s;
  8518   000DBE  5032               	movf	dtoa@i^0,w,c
  8519   000DC0  0F66               	addlw	low _dbuf
  8520   000DC2  6ED9               	movwf	fsr2l,c
  8521   000DC4  6ADA               	clrf	fsr2h,c
  8522   000DC6  C031  FFDF         	movff	dtoa@s,indf2
  8523   000DCA                     l3583:
  8524                           
  8525                           ;/Applications/microchip/xc8/v3.00/pic/sources/c99/common/doprnt.c: 582:     return (voi
      +                          d) pad(fp, &dbuf[i], w);
  8526   000DCA  C028  F020         	movff	dtoa@fp,pad@fp
  8527   000DCE  C029  F021         	movff	dtoa@fp+1,pad@fp+1
  8528   000DD2  5032               	movf	dtoa@i^0,w,c
  8529   000DD4  0F66               	addlw	low _dbuf
  8530   000DD6  6E22               	movwf	pad@buf^0,c
  8531   000DD8  C02F  F023         	movff	dtoa@w,pad@p
  8532   000DDC  C030  F024         	movff	dtoa@w+1,pad@p+1
  8533   000DE0  EC94  F009         	call	_pad	;wreg free
  8534   000DE4  0012               	return		;funcret
  8535   000DE6                     __end_of_dtoa:
  8536                           	callstack 0
  8537                           
  8538 ;; *************** function _pad *****************
  8539 ;; Defined at:
  8540 ;;		line 193 in file "/Applications/microchip/xc8/v3.00/pic/sources/c99/common/doprnt.c"
  8541 ;; Parameters:    Size  Location     Type
  8542 ;;  fp              2   31[COMRAM] PTR struct _IO_FILE
  8543 ;;		 -> NULL(0), 
  8544 ;;  buf             1   33[COMRAM] PTR unsigned char 
  8545 ;;		 -> dbuf(32), 
  8546 ;;  p               2   34[COMRAM] int 
  8547 ;; Auto vars:     Size  Location     Type
  8548 ;;  i               2   37[COMRAM] int 
  8549 ;; Return value:  Size  Location     Type
  8550 ;;                  1    wreg      void 
  8551 ;; Registers used:
  8552 ;;		wreg, fsr1l, fsr1h, fsr2l, fsr2h, status,2, status,0, cstack
  8553 ;; Tracked objects:
  8554 ;;		On entry : 0/0
  8555 ;;		On exit  : 0/0
  8556 ;;		Unchanged: 0/0
  8557 ;; Data sizes:     COMRAM   BANK0   BANK1   BANK2   BANK3   BANK4   BANK5
  8558 ;;      Params:         5       0       0       0       0       0       0
  8559 ;;      Locals:         2       0       0       0       0       0       0
  8560 ;;      Temps:          1       0       0       0       0       0       0
  8561 ;;      Totals:         8       0       0       0       0       0       0
  8562 ;;Total ram usage:        8 bytes
  8563 ;; Hardware stack levels used: 1
  8564 ;; Hardware stack levels required when called: 8
  8565 ;; This function calls:
  8566 ;;		_fputc
  8567 ;;		_fputs
  8568 ;; This function is called by:
  8569 ;;		_dtoa
  8570 ;;		_xtoa
  8571 ;; This function uses a non-reentrant model
  8572 ;;
  8573                           
  8574                           	psect	text28
  8575   001328                     __ptext28:
  8576                           	callstack 0
  8577   001328                     _pad:
  8578                           	callstack 18
  8579   001328                     
  8580                           ;/Applications/microchip/xc8/v3.00/pic/sources/c99/common/doprnt.c: 193: static void pad
      +                          (FILE *fp, char *buf, int p);/Applications/microchip/xc8/v3.00/pic/sources/c99/common/do
      +                          prnt.c: 194: {;/Applications/microchip/xc8/v3.00/pic/sources/c99/common/doprnt.c: 195:  
      +                             int i;;/Applications/microchip/xc8/v3.00/pic/sources/c99/common/doprnt.c: 199:     if
      +                           (flags & (1 << 0)) {
  8581   001328  A050               	btfss	_flags^0,0,c
  8582   00132A  EF99  F009         	goto	u2511
  8583   00132E  EF9B  F009         	goto	u2510
  8584   001332                     u2511:
  8585   001332  EFA3  F009         	goto	l3497
  8586   001336                     u2510:
  8587   001336                     
  8588                           ;/Applications/microchip/xc8/v3.00/pic/sources/c99/common/doprnt.c: 200:         fputs((
      +                          const char *)buf, fp);
  8589   001336  C022  F01A         	movff	pad@buf,fputs@s
  8590   00133A  C020  F01B         	movff	pad@fp,fputs@fp
  8591   00133E  C021  F01C         	movff	pad@fp+1,fputs@fp+1
  8592   001342  ECD2  F00A         	call	_fputs	;wreg free
  8593   001346                     l3497:
  8594                           
  8595                           ;/Applications/microchip/xc8/v3.00/pic/sources/c99/common/doprnt.c: 205:  if (p < 0) {
  8596   001346  BE24               	btfsc	(pad@p+1)^0,7,c
  8597   001348  EFAA  F009         	goto	u2520
  8598   00134C  EFA8  F009         	goto	u2521
  8599   001350                     u2521:
  8600   001350  EFAE  F009         	goto	l1357
  8601   001354                     u2520:
  8602   001354                     
  8603                           ;/Applications/microchip/xc8/v3.00/pic/sources/c99/common/doprnt.c: 206:   p = 0;
  8604   001354  0E00               	movlw	0
  8605   001356  6E24               	movwf	(pad@p+1)^0,c
  8606   001358  0E00               	movlw	0
  8607   00135A  6E23               	movwf	pad@p^0,c
  8608   00135C                     l1357:
  8609                           
  8610                           ;/Applications/microchip/xc8/v3.00/pic/sources/c99/common/doprnt.c: 208:     i = 0;
  8611   00135C  0E00               	movlw	0
  8612   00135E  6E27               	movwf	(pad@i+1)^0,c
  8613   001360  0E00               	movlw	0
  8614   001362  6E26               	movwf	pad@i^0,c
  8615                           
  8616                           ;/Applications/microchip/xc8/v3.00/pic/sources/c99/common/doprnt.c: 209:     while (i < 
      +                          p) {
  8617   001364  EFC0  F009         	goto	l3505
  8618   001368                     l3501:
  8619                           
  8620                           ;/Applications/microchip/xc8/v3.00/pic/sources/c99/common/doprnt.c: 210:         fputc('
      +                           ', fp);
  8621   001368  0E00               	movlw	0
  8622   00136A  6E12               	movwf	(fputc@c+1)^0,c
  8623   00136C  0E20               	movlw	32
  8624   00136E  6E11               	movwf	fputc@c^0,c
  8625   001370  C020  F013         	movff	pad@fp,fputc@fp
  8626   001374  C021  F014         	movff	pad@fp+1,fputc@fp+1
  8627   001378  EC70  F007         	call	_fputc	;wreg free
  8628   00137C                     
  8629                           ;/Applications/microchip/xc8/v3.00/pic/sources/c99/common/doprnt.c: 211:         ++i;
  8630   00137C  4A26               	infsnz	pad@i^0,f,c
  8631   00137E  2A27               	incf	(pad@i+1)^0,f,c
  8632   001380                     l3505:
  8633                           
  8634                           ;/Applications/microchip/xc8/v3.00/pic/sources/c99/common/doprnt.c: 209:     while (i < 
      +                          p) {
  8635   001380  5023               	movf	pad@p^0,w,c
  8636   001382  5C26               	subwf	pad@i^0,w,c
  8637   001384  5027               	movf	(pad@i+1)^0,w,c
  8638   001386  0A80               	xorlw	128
  8639   001388  6E25               	movwf	??_pad^0,c
  8640   00138A  5024               	movf	(pad@p+1)^0,w,c
  8641   00138C  0A80               	xorlw	128
  8642   00138E  5825               	subwfb	??_pad^0,w,c
  8643   001390  A0D8               	btfss	status,0,c
  8644   001392  EFCD  F009         	goto	u2531
  8645   001396  EFCF  F009         	goto	u2530
  8646   00139A                     u2531:
  8647   00139A  EFB4  F009         	goto	l3501
  8648   00139E                     u2530:
  8649   00139E                     
  8650                           ;/Applications/microchip/xc8/v3.00/pic/sources/c99/common/doprnt.c: 216:     if (!(flags
      +                           & (1 << 0))) {
  8651   00139E  B050               	btfsc	_flags^0,0,c
  8652   0013A0  EFD4  F009         	goto	u2541
  8653   0013A4  EFD6  F009         	goto	u2540
  8654   0013A8                     u2541:
  8655   0013A8  EFDE  F009         	goto	l1362
  8656   0013AC                     u2540:
  8657   0013AC                     
  8658                           ;/Applications/microchip/xc8/v3.00/pic/sources/c99/common/doprnt.c: 218:         fputs((
      +                          const char *)buf, fp);
  8659   0013AC  C022  F01A         	movff	pad@buf,fputs@s
  8660   0013B0  C020  F01B         	movff	pad@fp,fputs@fp
  8661   0013B4  C021  F01C         	movff	pad@fp+1,fputs@fp+1
  8662   0013B8  ECD2  F00A         	call	_fputs	;wreg free
  8663   0013BC                     l1362:
  8664   0013BC  0012               	return		;funcret
  8665   0013BE                     __end_of_pad:
  8666                           	callstack 0
  8667                           
  8668 ;; *************** function _fputs *****************
  8669 ;; Defined at:
  8670 ;;		line 8 in file "/Applications/microchip/xc8/v3.00/pic/sources/c99/common/nf_fputs.c"
  8671 ;; Parameters:    Size  Location     Type
  8672 ;;  s               1   25[COMRAM] PTR const unsigned char 
  8673 ;;		 -> dbuf(32), 
  8674 ;;  fp              2   26[COMRAM] PTR struct _IO_FILE
  8675 ;;		 -> NULL(0), 
  8676 ;; Auto vars:     Size  Location     Type
  8677 ;;  i               2   29[COMRAM] int 
  8678 ;;  c               1   28[COMRAM] unsigned char 
  8679 ;; Return value:  Size  Location     Type
  8680 ;;                  2   25[COMRAM] int 
  8681 ;; Registers used:
  8682 ;;		wreg, fsr1l, fsr1h, fsr2l, fsr2h, status,2, status,0, cstack
  8683 ;; Tracked objects:
  8684 ;;		On entry : 0/0
  8685 ;;		On exit  : 0/0
  8686 ;;		Unchanged: 0/0
  8687 ;; Data sizes:     COMRAM   BANK0   BANK1   BANK2   BANK3   BANK4   BANK5
  8688 ;;      Params:         3       0       0       0       0       0       0
  8689 ;;      Locals:         3       0       0       0       0       0       0
  8690 ;;      Temps:          0       0       0       0       0       0       0
  8691 ;;      Totals:         6       0       0       0       0       0       0
  8692 ;;Total ram usage:        6 bytes
  8693 ;; Hardware stack levels used: 1
  8694 ;; Hardware stack levels required when called: 7
  8695 ;; This function calls:
  8696 ;;		_fputc
  8697 ;; This function is called by:
  8698 ;;		_pad
  8699 ;; This function uses a non-reentrant model
  8700 ;;
  8701                           
  8702                           	psect	text29
  8703   0015A4                     __ptext29:
  8704                           	callstack 0
  8705   0015A4                     _fputs:
  8706                           	callstack 18
  8707   0015A4  0E00               	movlw	0
  8708   0015A6  6E1F               	movwf	(fputs@i+1)^0,c
  8709   0015A8  0E00               	movlw	0
  8710   0015AA  6E1E               	movwf	fputs@i^0,c
  8711   0015AC  EFE3  F00A         	goto	l3411
  8712   0015B0                     l3407:
  8713   0015B0  C01D  F011         	movff	fputs@c,fputc@c
  8714   0015B4  6A12               	clrf	(fputc@c+1)^0,c
  8715   0015B6  C01B  F013         	movff	fputs@fp,fputc@fp
  8716   0015BA  C01C  F014         	movff	fputs@fp+1,fputc@fp+1
  8717   0015BE  EC70  F007         	call	_fputc	;wreg free
  8718   0015C2  4A1E               	infsnz	fputs@i^0,f,c
  8719   0015C4  2A1F               	incf	(fputs@i+1)^0,f,c
  8720   0015C6                     l3411:
  8721   0015C6  501A               	movf	fputs@s^0,w,c
  8722   0015C8  241E               	addwf	fputs@i^0,w,c
  8723   0015CA  6ED9               	movwf	fsr2l,c
  8724   0015CC  6ADA               	clrf	fsr2h,c
  8725   0015CE  50DF               	movf	indf2,w,c
  8726   0015D0  6E1D               	movwf	fputs@c^0,c
  8727   0015D2  501D               	movf	fputs@c^0,w,c
  8728   0015D4  A4D8               	btfss	status,2,c
  8729   0015D6  EFEF  F00A         	goto	u2381
  8730   0015DA  EFF1  F00A         	goto	u2380
  8731   0015DE                     u2381:
  8732   0015DE  EFD8  F00A         	goto	l3407
  8733   0015E2                     u2380:
  8734   0015E2  0012               	return		;funcret
  8735   0015E4                     __end_of_fputs:
  8736                           	callstack 0
  8737                           
  8738 ;; *************** function _abs *****************
  8739 ;; Defined at:
  8740 ;;		line 1 in file "/Applications/microchip/xc8/v3.00/pic/sources/c99/common/abs.c"
  8741 ;; Parameters:    Size  Location     Type
  8742 ;;  a               2   20[COMRAM] int 
  8743 ;; Auto vars:     Size  Location     Type
  8744 ;;		None
  8745 ;; Return value:  Size  Location     Type
  8746 ;;                  2   20[COMRAM] int 
  8747 ;; Registers used:
  8748 ;;		wreg, status,2, status,0
  8749 ;; Tracked objects:
  8750 ;;		On entry : 0/0
  8751 ;;		On exit  : 0/0
  8752 ;;		Unchanged: 0/0
  8753 ;; Data sizes:     COMRAM   BANK0   BANK1   BANK2   BANK3   BANK4   BANK5
  8754 ;;      Params:         2       0       0       0       0       0       0
  8755 ;;      Locals:         0       0       0       0       0       0       0
  8756 ;;      Temps:          2       0       0       0       0       0       0
  8757 ;;      Totals:         4       0       0       0       0       0       0
  8758 ;;Total ram usage:        4 bytes
  8759 ;; Hardware stack levels used: 1
  8760 ;; Hardware stack levels required when called: 4
  8761 ;; This function calls:
  8762 ;;		Nothing
  8763 ;; This function is called by:
  8764 ;;		_dtoa
  8765 ;; This function uses a non-reentrant model
  8766 ;;
  8767                           
  8768                           	psect	text30
  8769   001700                     __ptext30:
  8770                           	callstack 0
  8771   001700                     _abs:
  8772                           	callstack 22
  8773   001700  BE16               	btfsc	(abs@a+1)^0,7,c
  8774   001702  EF85  F00B         	goto	u2551
  8775   001706  EF87  F00B         	goto	u2550
  8776   00170A                     u2551:
  8777   00170A  EF8D  F00B         	goto	l1446
  8778   00170E                     u2550:
  8779   00170E  C015  F015         	movff	abs@a,?_abs
  8780   001712  C016  F016         	movff	abs@a+1,?_abs+1
  8781   001716  EF99  F00B         	goto	l1449
  8782   00171A                     l1446:
  8783   00171A  C015  F017         	movff	abs@a,??_abs
  8784   00171E  C016  F018         	movff	abs@a+1,??_abs+1
  8785   001722  1E17               	comf	??_abs^0,f,c
  8786   001724  1E18               	comf	(??_abs+1)^0,f,c
  8787   001726  4A17               	infsnz	??_abs^0,f,c
  8788   001728  2A18               	incf	(??_abs+1)^0,f,c
  8789   00172A  C017  F015         	movff	??_abs,?_abs
  8790   00172E  C018  F016         	movff	??_abs+1,?_abs+1
  8791   001732                     l1449:
  8792   001732  0012               	return		;funcret
  8793   001734                     __end_of_abs:
  8794                           	callstack 0
  8795                           
  8796 ;; *************** function ___awmod *****************
  8797 ;; Defined at:
  8798 ;;		line 7 in file "/Applications/microchip/xc8/v3.00/pic/sources/c99/common/awmod.c"
  8799 ;; Parameters:    Size  Location     Type
  8800 ;;  dividend        2   14[COMRAM] int 
  8801 ;;  divisor         2   16[COMRAM] int 
  8802 ;; Auto vars:     Size  Location     Type
  8803 ;;  sign            1   19[COMRAM] unsigned char 
  8804 ;;  counter         1   18[COMRAM] unsigned char 
  8805 ;; Return value:  Size  Location     Type
  8806 ;;                  2   14[COMRAM] int 
  8807 ;; Registers used:
  8808 ;;		wreg, status,2, status,0
  8809 ;; Tracked objects:
  8810 ;;		On entry : 0/0
  8811 ;;		On exit  : 0/0
  8812 ;;		Unchanged: 0/0
  8813 ;; Data sizes:     COMRAM   BANK0   BANK1   BANK2   BANK3   BANK4   BANK5
  8814 ;;      Params:         4       0       0       0       0       0       0
  8815 ;;      Locals:         2       0       0       0       0       0       0
  8816 ;;      Temps:          0       0       0       0       0       0       0
  8817 ;;      Totals:         6       0       0       0       0       0       0
  8818 ;;Total ram usage:        6 bytes
  8819 ;; Hardware stack levels used: 1
  8820 ;; Hardware stack levels required when called: 4
  8821 ;; This function calls:
  8822 ;;		Nothing
  8823 ;; This function is called by:
  8824 ;;		_dtoa
  8825 ;; This function uses a non-reentrant model
  8826 ;;
  8827                           
  8828                           	psect	text31
  8829   001134                     __ptext31:
  8830                           	callstack 0
  8831   001134                     ___awmod:
  8832                           	callstack 22
  8833   001134  6A14               	clrf	___awmod@sign^0,c
  8834   001136  BE10               	btfsc	(___awmod@dividend+1)^0,7,c
  8835   001138  EFA2  F008         	goto	u2450
  8836   00113C  EFA0  F008         	goto	u2451
  8837   001140                     u2451:
  8838   001140  EFA8  F008         	goto	l3465
  8839   001144                     u2450:
  8840   001144  6C0F               	negf	___awmod@dividend^0,c
  8841   001146  1E10               	comf	(___awmod@dividend+1)^0,f,c
  8842   001148  B0D8               	btfsc	status,0,c
  8843   00114A  2A10               	incf	(___awmod@dividend+1)^0,f,c
  8844   00114C  0E01               	movlw	1
  8845   00114E  6E14               	movwf	___awmod@sign^0,c
  8846   001150                     l3465:
  8847   001150  BE12               	btfsc	(___awmod@divisor+1)^0,7,c
  8848   001152  EFAF  F008         	goto	u2460
  8849   001156  EFAD  F008         	goto	u2461
  8850   00115A                     u2461:
  8851   00115A  EFB3  F008         	goto	l3469
  8852   00115E                     u2460:
  8853   00115E  6C11               	negf	___awmod@divisor^0,c
  8854   001160  1E12               	comf	(___awmod@divisor+1)^0,f,c
  8855   001162  B0D8               	btfsc	status,0,c
  8856   001164  2A12               	incf	(___awmod@divisor+1)^0,f,c
  8857   001166                     l3469:
  8858   001166  5011               	movf	___awmod@divisor^0,w,c
  8859   001168  1012               	iorwf	(___awmod@divisor+1)^0,w,c
  8860   00116A  B4D8               	btfsc	status,2,c
  8861   00116C  EFBA  F008         	goto	u2471
  8862   001170  EFBC  F008         	goto	u2470
  8863   001174                     u2471:
  8864   001174  EFE0  F008         	goto	l3485
  8865   001178                     u2470:
  8866   001178  0E01               	movlw	1
  8867   00117A  6E13               	movwf	___awmod@counter^0,c
  8868   00117C  EFC4  F008         	goto	l3475
  8869   001180                     l3473:
  8870   001180  90D8               	bcf	status,0,c
  8871   001182  3611               	rlcf	___awmod@divisor^0,f,c
  8872   001184  3612               	rlcf	(___awmod@divisor+1)^0,f,c
  8873   001186  2A13               	incf	___awmod@counter^0,f,c
  8874   001188                     l3475:
  8875   001188  AE12               	btfss	(___awmod@divisor+1)^0,7,c
  8876   00118A  EFC9  F008         	goto	u2481
  8877   00118E  EFCB  F008         	goto	u2480
  8878   001192                     u2481:
  8879   001192  EFC0  F008         	goto	l3473
  8880   001196                     u2480:
  8881   001196                     l3477:
  8882   001196  5011               	movf	___awmod@divisor^0,w,c
  8883   001198  5C0F               	subwf	___awmod@dividend^0,w,c
  8884   00119A  5012               	movf	(___awmod@divisor+1)^0,w,c
  8885   00119C  5810               	subwfb	(___awmod@dividend+1)^0,w,c
  8886   00119E  A0D8               	btfss	status,0,c
  8887   0011A0  EFD4  F008         	goto	u2491
  8888   0011A4  EFD6  F008         	goto	u2490
  8889   0011A8                     u2491:
  8890   0011A8  EFDA  F008         	goto	l3481
  8891   0011AC                     u2490:
  8892   0011AC  5011               	movf	___awmod@divisor^0,w,c
  8893   0011AE  5E0F               	subwf	___awmod@dividend^0,f,c
  8894   0011B0  5012               	movf	(___awmod@divisor+1)^0,w,c
  8895   0011B2  5A10               	subwfb	(___awmod@dividend+1)^0,f,c
  8896   0011B4                     l3481:
  8897   0011B4  90D8               	bcf	status,0,c
  8898   0011B6  3212               	rrcf	(___awmod@divisor+1)^0,f,c
  8899   0011B8  3211               	rrcf	___awmod@divisor^0,f,c
  8900   0011BA  2E13               	decfsz	___awmod@counter^0,f,c
  8901   0011BC  EFCB  F008         	goto	l3477
  8902   0011C0                     l3485:
  8903   0011C0  5014               	movf	___awmod@sign^0,w,c
  8904   0011C2  B4D8               	btfsc	status,2,c
  8905   0011C4  EFE6  F008         	goto	u2501
  8906   0011C8  EFE8  F008         	goto	u2500
  8907   0011CC                     u2501:
  8908   0011CC  EFEC  F008         	goto	l3489
  8909   0011D0                     u2500:
  8910   0011D0  6C0F               	negf	___awmod@dividend^0,c
  8911   0011D2  1E10               	comf	(___awmod@dividend+1)^0,f,c
  8912   0011D4  B0D8               	btfsc	status,0,c
  8913   0011D6  2A10               	incf	(___awmod@dividend+1)^0,f,c
  8914   0011D8                     l3489:
  8915   0011D8  C00F  F00F         	movff	___awmod@dividend,?___awmod
  8916   0011DC  C010  F010         	movff	___awmod@dividend+1,?___awmod+1
  8917   0011E0  0012               	return		;funcret
  8918   0011E2                     __end_of___awmod:
  8919                           	callstack 0
  8920                           
  8921 ;; *************** function ___awdiv *****************
  8922 ;; Defined at:
  8923 ;;		line 7 in file "/Applications/microchip/xc8/v3.00/pic/sources/c99/common/awdiv.c"
  8924 ;; Parameters:    Size  Location     Type
  8925 ;;  dividend        2   14[COMRAM] int 
  8926 ;;  divisor         2   16[COMRAM] int 
  8927 ;; Auto vars:     Size  Location     Type
  8928 ;;  quotient        2   20[COMRAM] int 
  8929 ;;  sign            1   19[COMRAM] unsigned char 
  8930 ;;  counter         1   18[COMRAM] unsigned char 
  8931 ;; Return value:  Size  Location     Type
  8932 ;;                  2   14[COMRAM] int 
  8933 ;; Registers used:
  8934 ;;		wreg, status,2, status,0
  8935 ;; Tracked objects:
  8936 ;;		On entry : 0/0
  8937 ;;		On exit  : 0/0
  8938 ;;		Unchanged: 0/0
  8939 ;; Data sizes:     COMRAM   BANK0   BANK1   BANK2   BANK3   BANK4   BANK5
  8940 ;;      Params:         4       0       0       0       0       0       0
  8941 ;;      Locals:         4       0       0       0       0       0       0
  8942 ;;      Temps:          0       0       0       0       0       0       0
  8943 ;;      Totals:         8       0       0       0       0       0       0
  8944 ;;Total ram usage:        8 bytes
  8945 ;; Hardware stack levels used: 1
  8946 ;; Hardware stack levels required when called: 4
  8947 ;; This function calls:
  8948 ;;		Nothing
  8949 ;; This function is called by:
  8950 ;;		_dtoa
  8951 ;; This function uses a non-reentrant model
  8952 ;;
  8953                           
  8954                           	psect	text32
  8955   001072                     __ptext32:
  8956                           	callstack 0
  8957   001072                     ___awdiv:
  8958                           	callstack 22
  8959   001072  6A14               	clrf	___awdiv@sign^0,c
  8960   001074  BE12               	btfsc	(___awdiv@divisor+1)^0,7,c
  8961   001076  EF41  F008         	goto	u2390
  8962   00107A  EF3F  F008         	goto	u2391
  8963   00107E                     u2391:
  8964   00107E  EF47  F008         	goto	l3421
  8965   001082                     u2390:
  8966   001082  6C11               	negf	___awdiv@divisor^0,c
  8967   001084  1E12               	comf	(___awdiv@divisor+1)^0,f,c
  8968   001086  B0D8               	btfsc	status,0,c
  8969   001088  2A12               	incf	(___awdiv@divisor+1)^0,f,c
  8970   00108A  0E01               	movlw	1
  8971   00108C  6E14               	movwf	___awdiv@sign^0,c
  8972   00108E                     l3421:
  8973   00108E  BE10               	btfsc	(___awdiv@dividend+1)^0,7,c
  8974   001090  EF4E  F008         	goto	u2400
  8975   001094  EF4C  F008         	goto	u2401
  8976   001098                     u2401:
  8977   001098  EF54  F008         	goto	l3427
  8978   00109C                     u2400:
  8979   00109C  6C0F               	negf	___awdiv@dividend^0,c
  8980   00109E  1E10               	comf	(___awdiv@dividend+1)^0,f,c
  8981   0010A0  B0D8               	btfsc	status,0,c
  8982   0010A2  2A10               	incf	(___awdiv@dividend+1)^0,f,c
  8983   0010A4  0E01               	movlw	1
  8984   0010A6  1A14               	xorwf	___awdiv@sign^0,f,c
  8985   0010A8                     l3427:
  8986   0010A8  0E00               	movlw	0
  8987   0010AA  6E16               	movwf	(___awdiv@quotient+1)^0,c
  8988   0010AC  0E00               	movlw	0
  8989   0010AE  6E15               	movwf	___awdiv@quotient^0,c
  8990   0010B0  5011               	movf	___awdiv@divisor^0,w,c
  8991   0010B2  1012               	iorwf	(___awdiv@divisor+1)^0,w,c
  8992   0010B4  B4D8               	btfsc	status,2,c
  8993   0010B6  EF5F  F008         	goto	u2411
  8994   0010BA  EF61  F008         	goto	u2410
  8995   0010BE                     u2411:
  8996   0010BE  EF89  F008         	goto	l3449
  8997   0010C2                     u2410:
  8998   0010C2  0E01               	movlw	1
  8999   0010C4  6E13               	movwf	___awdiv@counter^0,c
  9000   0010C6  EF69  F008         	goto	l3435
  9001   0010CA                     l3433:
  9002   0010CA  90D8               	bcf	status,0,c
  9003   0010CC  3611               	rlcf	___awdiv@divisor^0,f,c
  9004   0010CE  3612               	rlcf	(___awdiv@divisor+1)^0,f,c
  9005   0010D0  2A13               	incf	___awdiv@counter^0,f,c
  9006   0010D2                     l3435:
  9007   0010D2  AE12               	btfss	(___awdiv@divisor+1)^0,7,c
  9008   0010D4  EF6E  F008         	goto	u2421
  9009   0010D8  EF70  F008         	goto	u2420
  9010   0010DC                     u2421:
  9011   0010DC  EF65  F008         	goto	l3433
  9012   0010E0                     u2420:
  9013   0010E0                     l3437:
  9014   0010E0  90D8               	bcf	status,0,c
  9015   0010E2  3615               	rlcf	___awdiv@quotient^0,f,c
  9016   0010E4  3616               	rlcf	(___awdiv@quotient+1)^0,f,c
  9017   0010E6  5011               	movf	___awdiv@divisor^0,w,c
  9018   0010E8  5C0F               	subwf	___awdiv@dividend^0,w,c
  9019   0010EA  5012               	movf	(___awdiv@divisor+1)^0,w,c
  9020   0010EC  5810               	subwfb	(___awdiv@dividend+1)^0,w,c
  9021   0010EE  A0D8               	btfss	status,0,c
  9022   0010F0  EF7C  F008         	goto	u2431
  9023   0010F4  EF7E  F008         	goto	u2430
  9024   0010F8                     u2431:
  9025   0010F8  EF83  F008         	goto	l3445
  9026   0010FC                     u2430:
  9027   0010FC  5011               	movf	___awdiv@divisor^0,w,c
  9028   0010FE  5E0F               	subwf	___awdiv@dividend^0,f,c
  9029   001100  5012               	movf	(___awdiv@divisor+1)^0,w,c
  9030   001102  5A10               	subwfb	(___awdiv@dividend+1)^0,f,c
  9031   001104  8015               	bsf	___awdiv@quotient^0,0,c
  9032   001106                     l3445:
  9033   001106  90D8               	bcf	status,0,c
  9034   001108  3212               	rrcf	(___awdiv@divisor+1)^0,f,c
  9035   00110A  3211               	rrcf	___awdiv@divisor^0,f,c
  9036   00110C  2E13               	decfsz	___awdiv@counter^0,f,c
  9037   00110E  EF70  F008         	goto	l3437
  9038   001112                     l3449:
  9039   001112  5014               	movf	___awdiv@sign^0,w,c
  9040   001114  B4D8               	btfsc	status,2,c
  9041   001116  EF8F  F008         	goto	u2441
  9042   00111A  EF91  F008         	goto	u2440
  9043   00111E                     u2441:
  9044   00111E  EF95  F008         	goto	l3453
  9045   001122                     u2440:
  9046   001122  6C15               	negf	___awdiv@quotient^0,c
  9047   001124  1E16               	comf	(___awdiv@quotient+1)^0,f,c
  9048   001126  B0D8               	btfsc	status,0,c
  9049   001128  2A16               	incf	(___awdiv@quotient+1)^0,f,c
  9050   00112A                     l3453:
  9051   00112A  C015  F00F         	movff	___awdiv@quotient,?___awdiv
  9052   00112E  C016  F010         	movff	___awdiv@quotient+1,?___awdiv+1
  9053   001132  0012               	return		;funcret
  9054   001134                     __end_of___awdiv:
  9055                           	callstack 0
  9056                           
  9057 ;; *************** function _ctoa *****************
  9058 ;; Defined at:
  9059 ;;		line 476 in file "/Applications/microchip/xc8/v3.00/pic/sources/c99/common/doprnt.c"
  9060 ;; Parameters:    Size  Location     Type
  9061 ;;  fp              2   25[COMRAM] PTR struct _IO_FILE
  9062 ;;		 -> NULL(0), 
  9063 ;;  c               1   27[COMRAM] unsigned char 
  9064 ;; Auto vars:     Size  Location     Type
  9065 ;;  w               2   31[COMRAM] int 
  9066 ;;  l               2   29[COMRAM] int 
  9067 ;; Return value:  Size  Location     Type
  9068 ;;                  1    wreg      void 
  9069 ;; Registers used:
  9070 ;;		wreg, fsr1l, fsr1h, fsr2l, fsr2h, status,2, status,0, cstack
  9071 ;; Tracked objects:
  9072 ;;		On entry : 0/0
  9073 ;;		On exit  : 0/0
  9074 ;;		Unchanged: 0/0
  9075 ;; Data sizes:     COMRAM   BANK0   BANK1   BANK2   BANK3   BANK4   BANK5
  9076 ;;      Params:         3       0       0       0       0       0       0
  9077 ;;      Locals:         4       0       0       0       0       0       0
  9078 ;;      Temps:          1       0       0       0       0       0       0
  9079 ;;      Totals:         8       0       0       0       0       0       0
  9080 ;;Total ram usage:        8 bytes
  9081 ;; Hardware stack levels used: 1
  9082 ;; Hardware stack levels required when called: 7
  9083 ;; This function calls:
  9084 ;;		_fputc
  9085 ;; This function is called by:
  9086 ;;		_vfpfcnvrt
  9087 ;; This function uses a non-reentrant model
  9088 ;;
  9089                           
  9090                           	psect	text33
  9091   000FAA                     __ptext33:
  9092                           	callstack 0
  9093   000FAA                     _ctoa:
  9094                           	callstack 20
  9095   000FAA                     
  9096                           ;/Applications/microchip/xc8/v3.00/pic/sources/c99/common/doprnt.c: 476: static void cto
      +                          a(FILE *fp, char c);/Applications/microchip/xc8/v3.00/pic/sources/c99/common/doprnt.c: 4
      +                          77: {;/Applications/microchip/xc8/v3.00/pic/sources/c99/common/doprnt.c: 478:     int l,
      +                          w;;/Applications/microchip/xc8/v3.00/pic/sources/c99/common/doprnt.c: 481:     w = width
      +                           ? width - 1 : width;
  9097   000FAA  5044               	movf	_width^0,w,c
  9098   000FAC  1045               	iorwf	(_width+1)^0,w,c
  9099   000FAE  A4D8               	btfss	status,2,c
  9100   000FB0  EFDC  F007         	goto	u2561
  9101   000FB4  EFDE  F007         	goto	u2560
  9102   000FB8                     u2561:
  9103   000FB8  EFE4  F007         	goto	l3517
  9104   000FBC                     u2560:
  9105   000FBC  C044  F020         	movff	_width,ctoa@w
  9106   000FC0  C045  F021         	movff	_width+1,ctoa@w+1
  9107   000FC4  EFEA  F007         	goto	l3519
  9108   000FC8                     l3517:
  9109   000FC8  0EFF               	movlw	255
  9110   000FCA  2444               	addwf	_width^0,w,c
  9111   000FCC  6E20               	movwf	ctoa@w^0,c
  9112   000FCE  0EFF               	movlw	255
  9113   000FD0  2045               	addwfc	(_width+1)^0,w,c
  9114   000FD2  6E21               	movwf	(ctoa@w+1)^0,c
  9115   000FD4                     l3519:
  9116                           
  9117                           ;/Applications/microchip/xc8/v3.00/pic/sources/c99/common/doprnt.c: 485:     if (flags &
      +                           (1 << 0)) {
  9118   000FD4  A050               	btfss	_flags^0,0,c
  9119   000FD6  EFEF  F007         	goto	u2571
  9120   000FDA  EFF1  F007         	goto	u2570
  9121   000FDE                     u2571:
  9122   000FDE  EFFA  F007         	goto	l3523
  9123   000FE2                     u2570:
  9124   000FE2                     
  9125                           ;/Applications/microchip/xc8/v3.00/pic/sources/c99/common/doprnt.c: 486:         fputc(c
      +                          , fp);
  9126   000FE2  C01C  F011         	movff	ctoa@c,fputc@c
  9127   000FE6  6A12               	clrf	(fputc@c+1)^0,c
  9128   000FE8  C01A  F013         	movff	ctoa@fp,fputc@fp
  9129   000FEC  C01B  F014         	movff	ctoa@fp+1,fputc@fp+1
  9130   000FF0  EC70  F007         	call	_fputc	;wreg free
  9131   000FF4                     l3523:
  9132                           
  9133                           ;/Applications/microchip/xc8/v3.00/pic/sources/c99/common/doprnt.c: 491:     w = (w < 0)
      +                           ? 0 : w;
  9134   000FF4  BE21               	btfsc	(ctoa@w+1)^0,7,c
  9135   000FF6  EFFF  F007         	goto	u2581
  9136   000FFA  EF01  F008         	goto	u2580
  9137   000FFE                     u2581:
  9138   000FFE  EF03  F008         	goto	l3527
  9139   001002                     u2580:
  9140   001002  EF07  F008         	goto	l1373
  9141   001006                     l3527:
  9142   001006  0E00               	movlw	0
  9143   001008  6E21               	movwf	(ctoa@w+1)^0,c
  9144   00100A  0E00               	movlw	0
  9145   00100C  6E20               	movwf	ctoa@w^0,c
  9146   00100E                     l1373:
  9147                           
  9148                           ;/Applications/microchip/xc8/v3.00/pic/sources/c99/common/doprnt.c: 492:     l = 0;
  9149   00100E  0E00               	movlw	0
  9150   001010  6E1F               	movwf	(ctoa@l+1)^0,c
  9151   001012  0E00               	movlw	0
  9152   001014  6E1E               	movwf	ctoa@l^0,c
  9153                           
  9154                           ;/Applications/microchip/xc8/v3.00/pic/sources/c99/common/doprnt.c: 493:     while (l < 
      +                          w) {
  9155   001016  EF19  F008         	goto	l3533
  9156   00101A                     l3529:
  9157                           
  9158                           ;/Applications/microchip/xc8/v3.00/pic/sources/c99/common/doprnt.c: 494:         fputc('
      +                           ', fp);
  9159   00101A  0E00               	movlw	0
  9160   00101C  6E12               	movwf	(fputc@c+1)^0,c
  9161   00101E  0E20               	movlw	32
  9162   001020  6E11               	movwf	fputc@c^0,c
  9163   001022  C01A  F013         	movff	ctoa@fp,fputc@fp
  9164   001026  C01B  F014         	movff	ctoa@fp+1,fputc@fp+1
  9165   00102A  EC70  F007         	call	_fputc	;wreg free
  9166   00102E                     
  9167                           ;/Applications/microchip/xc8/v3.00/pic/sources/c99/common/doprnt.c: 495:         ++l;
  9168   00102E  4A1E               	infsnz	ctoa@l^0,f,c
  9169   001030  2A1F               	incf	(ctoa@l+1)^0,f,c
  9170   001032                     l3533:
  9171                           
  9172                           ;/Applications/microchip/xc8/v3.00/pic/sources/c99/common/doprnt.c: 493:     while (l < 
      +                          w) {
  9173   001032  5020               	movf	ctoa@w^0,w,c
  9174   001034  5C1E               	subwf	ctoa@l^0,w,c
  9175   001036  501F               	movf	(ctoa@l+1)^0,w,c
  9176   001038  0A80               	xorlw	128
  9177   00103A  6E1D               	movwf	??_ctoa^0,c
  9178   00103C  5021               	movf	(ctoa@w+1)^0,w,c
  9179   00103E  0A80               	xorlw	128
  9180   001040  581D               	subwfb	??_ctoa^0,w,c
  9181   001042  A0D8               	btfss	status,0,c
  9182   001044  EF26  F008         	goto	u2591
  9183   001048  EF28  F008         	goto	u2590
  9184   00104C                     u2591:
  9185   00104C  EF0D  F008         	goto	l3529
  9186   001050                     u2590:
  9187   001050                     
  9188                           ;/Applications/microchip/xc8/v3.00/pic/sources/c99/common/doprnt.c: 499:     if (!(flags
      +                           & (1 << 0))) {
  9189   001050  B050               	btfsc	_flags^0,0,c
  9190   001052  EF2D  F008         	goto	u2601
  9191   001056  EF2F  F008         	goto	u2600
  9192   00105A                     u2601:
  9193   00105A  EF38  F008         	goto	l1378
  9194   00105E                     u2600:
  9195   00105E                     
  9196                           ;/Applications/microchip/xc8/v3.00/pic/sources/c99/common/doprnt.c: 501:         fputc(c
      +                          , fp);
  9197   00105E  C01C  F011         	movff	ctoa@c,fputc@c
  9198   001062  6A12               	clrf	(fputc@c+1)^0,c
  9199   001064  C01A  F013         	movff	ctoa@fp,fputc@fp
  9200   001068  C01B  F014         	movff	ctoa@fp+1,fputc@fp+1
  9201   00106C  EC70  F007         	call	_fputc	;wreg free
  9202   001070                     l1378:
  9203   001070  0012               	return		;funcret
  9204   001072                     __end_of_ctoa:
  9205                           	callstack 0
  9206                           
  9207 ;; *************** function _fputc *****************
  9208 ;; Defined at:
  9209 ;;		line 8 in file "/Applications/microchip/xc8/v3.00/pic/sources/c99/common/nf_fputc.c"
  9210 ;; Parameters:    Size  Location     Type
  9211 ;;  c               2   16[COMRAM] int 
  9212 ;;  fp              2   18[COMRAM] PTR struct _IO_FILE
  9213 ;;		 -> NULL(0), 
  9214 ;; Auto vars:     Size  Location     Type
  9215 ;;		None
  9216 ;; Return value:  Size  Location     Type
  9217 ;;                  2   16[COMRAM] int 
  9218 ;; Registers used:
  9219 ;;		wreg, fsr1l, fsr1h, fsr2l, fsr2h, status,2, status,0, cstack
  9220 ;; Tracked objects:
  9221 ;;		On entry : 0/0
  9222 ;;		On exit  : 0/0
  9223 ;;		Unchanged: 0/0
  9224 ;; Data sizes:     COMRAM   BANK0   BANK1   BANK2   BANK3   BANK4   BANK5
  9225 ;;      Params:         4       0       0       0       0       0       0
  9226 ;;      Locals:         0       0       0       0       0       0       0
  9227 ;;      Temps:          5       0       0       0       0       0       0
  9228 ;;      Totals:         9       0       0       0       0       0       0
  9229 ;;Total ram usage:        9 bytes
  9230 ;; Hardware stack levels used: 1
  9231 ;; Hardware stack levels required when called: 6
  9232 ;; This function calls:
  9233 ;;		_putch
  9234 ;; This function is called by:
  9235 ;;		_pad
  9236 ;;		_ctoa
  9237 ;;		_vfpfcnvrt
  9238 ;;		_fputs
  9239 ;; This function uses a non-reentrant model
  9240 ;;
  9241                           
  9242                           	psect	text34
  9243   000EE0                     __ptext34:
  9244                           	callstack 0
  9245   000EE0                     _fputc:
  9246                           	callstack 18
  9247   000EE0  5013               	movf	fputc@fp^0,w,c
  9248   000EE2  1014               	iorwf	(fputc@fp+1)^0,w,c
  9249   000EE4  B4D8               	btfsc	status,2,c
  9250   000EE6  EF77  F007         	goto	u2341
  9251   000EEA  EF79  F007         	goto	u2340
  9252   000EEE                     u2341:
  9253   000EEE  EF82  F007         	goto	l3395
  9254   000EF2                     u2340:
  9255   000EF2  5013               	movf	fputc@fp^0,w,c
  9256   000EF4  1014               	iorwf	(fputc@fp+1)^0,w,c
  9257   000EF6  A4D8               	btfss	status,2,c
  9258   000EF8  EF80  F007         	goto	u2351
  9259   000EFC  EF82  F007         	goto	u2350
  9260   000F00                     u2351:
  9261   000F00  EF87  F007         	goto	l3397
  9262   000F04                     u2350:
  9263   000F04                     l3395:
  9264   000F04  5011               	movf	fputc@c^0,w,c
  9265   000F06  EC00  F00C         	call	_putch
  9266   000F0A  EFD4  F007         	goto	l1461
  9267   000F0E                     l3397:
  9268   000F0E  EE20 F009          	lfsr	2,9
  9269   000F12  5013               	movf	fputc@fp^0,w,c
  9270   000F14  26D9               	addwf	fsr2l,f,c
  9271   000F16  5014               	movf	(fputc@fp+1)^0,w,c
  9272   000F18  22DA               	addwfc	fsr2h,f,c
  9273   000F1A  50DE               	movf	postinc2,w,c
  9274   000F1C  10DE               	iorwf	postinc2,w,c
  9275   000F1E  B4D8               	btfsc	status,2,c
  9276   000F20  EF94  F007         	goto	u2361
  9277   000F24  EF96  F007         	goto	u2360
  9278   000F28                     u2361:
  9279   000F28  EFB1  F007         	goto	l3401
  9280   000F2C                     u2360:
  9281   000F2C  EE20 F009          	lfsr	2,9
  9282   000F30  5013               	movf	fputc@fp^0,w,c
  9283   000F32  26D9               	addwf	fsr2l,f,c
  9284   000F34  5014               	movf	(fputc@fp+1)^0,w,c
  9285   000F36  22DA               	addwfc	fsr2h,f,c
  9286   000F38  EE10 F002          	lfsr	1,2
  9287   000F3C  5013               	movf	fputc@fp^0,w,c
  9288   000F3E  26E1               	addwf	fsr1l,f,c
  9289   000F40  5014               	movf	(fputc@fp+1)^0,w,c
  9290   000F42  22E2               	addwfc	fsr1h,f,c
  9291   000F44  50DE               	movf	postinc2,w,c
  9292   000F46  5CE6               	subwf	postinc1,w,c
  9293   000F48  50E6               	movf	postinc1,w,c
  9294   000F4A  0A80               	xorlw	128
  9295   000F4C  6E19               	movwf	(??_fputc+4)^0,c
  9296   000F4E  50DE               	movf	postinc2,w,c
  9297   000F50  0A80               	xorlw	128
  9298   000F52  5819               	subwfb	(??_fputc+4)^0,w,c
  9299   000F54  B0D8               	btfsc	status,0,c
  9300   000F56  EFAF  F007         	goto	u2371
  9301   000F5A  EFB1  F007         	goto	u2370
  9302   000F5E                     u2371:
  9303   000F5E  EFD4  F007         	goto	l1461
  9304   000F62                     u2370:
  9305   000F62                     l3401:
  9306   000F62  EE20 F002          	lfsr	2,2
  9307   000F66  5013               	movf	fputc@fp^0,w,c
  9308   000F68  26D9               	addwf	fsr2l,f,c
  9309   000F6A  5014               	movf	(fputc@fp+1)^0,w,c
  9310   000F6C  22DA               	addwfc	fsr2h,f,c
  9311   000F6E  CFDE F015          	movff	postinc2,??_fputc
  9312   000F72  CFDD F016          	movff	postdec2,??_fputc+1
  9313   000F76  C013  FFD9         	movff	fputc@fp,fsr2l
  9314   000F7A  C014  FFDA         	movff	fputc@fp+1,fsr2h
  9315   000F7E  CFDE F017          	movff	postinc2,??_fputc+2
  9316   000F82  CFDD F018          	movff	postdec2,??_fputc+3
  9317   000F86  5015               	movf	??_fputc^0,w,c
  9318   000F88  2417               	addwf	(??_fputc+2)^0,w,c
  9319   000F8A  6ED9               	movwf	fsr2l,c
  9320   000F8C  5016               	movf	(??_fputc+1)^0,w,c
  9321   000F8E  2018               	addwfc	(??_fputc+3)^0,w,c
  9322   000F90  6EDA               	movwf	fsr2h,c
  9323   000F92  C011  FFDF         	movff	fputc@c,indf2
  9324   000F96  EE20 F002          	lfsr	2,2
  9325   000F9A  5013               	movf	fputc@fp^0,w,c
  9326   000F9C  26D9               	addwf	fsr2l,f,c
  9327   000F9E  5014               	movf	(fputc@fp+1)^0,w,c
  9328   000FA0  22DA               	addwfc	fsr2h,f,c
  9329   000FA2  2ADE               	incf	postinc2,f,c
  9330   000FA4  0E00               	movlw	0
  9331   000FA6  22DD               	addwfc	postdec2,f,c
  9332   000FA8                     l1461:
  9333   000FA8  0012               	return		;funcret
  9334   000FAA                     __end_of_fputc:
  9335                           	callstack 0
  9336                           
  9337 ;; *************** function _putch *****************
  9338 ;; Defined at:
  9339 ;;		line 254 in file "mcc_generated_files/uart/src/eusart1.c"
  9340 ;; Parameters:    Size  Location     Type
  9341 ;;  txData          1    wreg     unsigned char 
  9342 ;; Auto vars:     Size  Location     Type
  9343 ;;  txData          1   15[COMRAM] unsigned char 
  9344 ;; Return value:  Size  Location     Type
  9345 ;;                  1    wreg      void 
  9346 ;; Registers used:
  9347 ;;		wreg, status,2, cstack
  9348 ;; Tracked objects:
  9349 ;;		On entry : 0/0
  9350 ;;		On exit  : 0/0
  9351 ;;		Unchanged: 0/0
  9352 ;; Data sizes:     COMRAM   BANK0   BANK1   BANK2   BANK3   BANK4   BANK5
  9353 ;;      Params:         0       0       0       0       0       0       0
  9354 ;;      Locals:         1       0       0       0       0       0       0
  9355 ;;      Temps:          0       0       0       0       0       0       0
  9356 ;;      Totals:         1       0       0       0       0       0       0
  9357 ;;Total ram usage:        1 bytes
  9358 ;; Hardware stack levels used: 1
  9359 ;; Hardware stack levels required when called: 5
  9360 ;; This function calls:
  9361 ;;		_EUSART1_IsTxReady
  9362 ;;		_EUSART1_Write
  9363 ;; This function is called by:
  9364 ;;		_fputc
  9365 ;; This function uses a non-reentrant model
  9366 ;;
  9367                           
  9368                           	psect	text35
  9369   001800                     __ptext35:
  9370                           	callstack 0
  9371   001800                     _putch:
  9372                           	callstack 18
  9373                           
  9374                           ;incstack = 0
  9375                           ;putch@txData stored from wreg
  9376   001800  6E10               	movwf	putch@txData^0,c
  9377   001802                     l3385:
  9378                           
  9379                           ;mcc_generated_files/uart/src/eusart1.c: 256:     while(!(EUSART1_IsTxReady()))
  9380   001802  ECCB  F00B         	call	_EUSART1_IsTxReady	;wreg free
  9381   001806  0900               	iorlw	0
  9382   001808  B4D8               	btfsc	status,2,c
  9383   00180A  EF09  F00C         	goto	u2331
  9384   00180E  EF0B  F00C         	goto	u2330
  9385   001812                     u2331:
  9386   001812  EF01  F00C         	goto	l3385
  9387   001816                     u2330:
  9388   001816                     
  9389                           ;mcc_generated_files/uart/src/eusart1.c: 260:     return EUSART1_Write(txData);;	Return 
      +                          value of _putch is never used
  9390   001816  5010               	movf	putch@txData^0,w,c
  9391   001818  EC8A  F00C         	call	_EUSART1_Write
  9392   00181C  0012               	return		;funcret
  9393   00181E                     __end_of_putch:
  9394                           	callstack 0
  9395                           
  9396 ;; *************** function _EUSART1_Write *****************
  9397 ;; Defined at:
  9398 ;;		line 240 in file "mcc_generated_files/uart/src/eusart1.c"
  9399 ;; Parameters:    Size  Location     Type
  9400 ;;  txData          1    wreg     unsigned char 
  9401 ;; Auto vars:     Size  Location     Type
  9402 ;;  txData          1   14[COMRAM] unsigned char 
  9403 ;; Return value:  Size  Location     Type
  9404 ;;                  1    wreg      void 
  9405 ;; Registers used:
  9406 ;;		wreg
  9407 ;; Tracked objects:
  9408 ;;		On entry : 0/0
  9409 ;;		On exit  : 0/0
  9410 ;;		Unchanged: 0/0
  9411 ;; Data sizes:     COMRAM   BANK0   BANK1   BANK2   BANK3   BANK4   BANK5
  9412 ;;      Params:         0       0       0       0       0       0       0
  9413 ;;      Locals:         1       0       0       0       0       0       0
  9414 ;;      Temps:          0       0       0       0       0       0       0
  9415 ;;      Totals:         1       0       0       0       0       0       0
  9416 ;;Total ram usage:        1 bytes
  9417 ;; Hardware stack levels used: 1
  9418 ;; Hardware stack levels required when called: 4
  9419 ;; This function calls:
  9420 ;;		Nothing
  9421 ;; This function is called by:
  9422 ;;		_putch
  9423 ;; This function uses a non-reentrant model
  9424 ;;
  9425                           
  9426                           	psect	text36
  9427   001914                     __ptext36:
  9428                           	callstack 0
  9429   001914                     _EUSART1_Write:
  9430                           	callstack 18
  9431                           
  9432                           ;incstack = 0
  9433                           ;EUSART1_Write@txData stored from wreg
  9434   001914  6E0F               	movwf	EUSART1_Write@txData^0,c
  9435   001916                     
  9436                           ;mcc_generated_files/uart/src/eusart1.c: 240: void EUSART1_Write(uint8_t txData);mcc_gen
      +                          erated_files/uart/src/eusart1.c: 241: {;mcc_generated_files/uart/src/eusart1.c: 242:    
      +                           TXREG1 = txData;
  9437   001916  C00F  FFAD         	movff	EUSART1_Write@txData,4013	;volatile
  9438   00191A  0012               	return		;funcret
  9439   00191C                     __end_of_EUSART1_Write:
  9440                           	callstack 0
  9441                           
  9442 ;; *************** function _EUSART1_IsTxReady *****************
  9443 ;; Defined at:
  9444 ;;		line 203 in file "mcc_generated_files/uart/src/eusart1.c"
  9445 ;; Parameters:    Size  Location     Type
  9446 ;;		None
  9447 ;; Auto vars:     Size  Location     Type
  9448 ;;		None
  9449 ;; Return value:  Size  Location     Type
  9450 ;;                  1    wreg      _Bool 
  9451 ;; Registers used:
  9452 ;;		wreg, status,2
  9453 ;; Tracked objects:
  9454 ;;		On entry : 0/0
  9455 ;;		On exit  : 0/0
  9456 ;;		Unchanged: 0/0
  9457 ;; Data sizes:     COMRAM   BANK0   BANK1   BANK2   BANK3   BANK4   BANK5
  9458 ;;      Params:         0       0       0       0       0       0       0
  9459 ;;      Locals:         1       0       0       0       0       0       0
  9460 ;;      Temps:          0       0       0       0       0       0       0
  9461 ;;      Totals:         1       0       0       0       0       0       0
  9462 ;;Total ram usage:        1 bytes
  9463 ;; Hardware stack levels used: 1
  9464 ;; Hardware stack levels required when called: 4
  9465 ;; This function calls:
  9466 ;;		Nothing
  9467 ;; This function is called by:
  9468 ;;		_putch
  9469 ;; This function uses a non-reentrant model
  9470 ;;
  9471                           
  9472                           	psect	text37
  9473   001796                     __ptext37:
  9474                           	callstack 0
  9475   001796                     _EUSART1_IsTxReady:
  9476                           	callstack 18
  9477   001796                     
  9478                           ;mcc_generated_files/uart/src/eusart1.c: 205:     return (_Bool)(PIR1bits.TX1IF && TXSTA
      +                          1bits.TXEN);
  9479   001796  6A0F               	clrf	_EUSART1_IsTxReady$1656^0,c
  9480   001798  A89E               	btfss	158,4,c	;volatile
  9481   00179A  EFD1  F00B         	goto	u2311
  9482   00179E  EFD3  F00B         	goto	u2310
  9483   0017A2                     u2311:
  9484   0017A2  EFDC  F00B         	goto	l530
  9485   0017A6                     u2310:
  9486   0017A6  AAAC               	btfss	172,5,c	;volatile
  9487   0017A8  EFD8  F00B         	goto	u2321
  9488   0017AC  EFDA  F00B         	goto	u2320
  9489   0017B0                     u2321:
  9490   0017B0  EFDC  F00B         	goto	l530
  9491   0017B4                     u2320:
  9492   0017B4  0E01               	movlw	1
  9493   0017B6  6E0F               	movwf	_EUSART1_IsTxReady$1656^0,c
  9494   0017B8                     l530:
  9495   0017B8  500F               	movf	_EUSART1_IsTxReady$1656^0,w,c
  9496   0017BA  0012               	return		;funcret
  9497   0017BC                     __end_of_EUSART1_IsTxReady:
  9498                           	callstack 0
  9499                           
  9500 ;; *************** function _SPI2_ByteExchange *****************
  9501 ;; Defined at:
  9502 ;;		line 161 in file "mcc_generated_files/spi/src/mssp2.c"
  9503 ;; Parameters:    Size  Location     Type
  9504 ;;  byteData        1    wreg     unsigned char 
  9505 ;; Auto vars:     Size  Location     Type
  9506 ;;  byteData        1   14[COMRAM] unsigned char 
  9507 ;; Return value:  Size  Location     Type
  9508 ;;                  1    wreg      unsigned char 
  9509 ;; Registers used:
  9510 ;;		wreg, status,2
  9511 ;; Tracked objects:
  9512 ;;		On entry : 0/0
  9513 ;;		On exit  : 0/0
  9514 ;;		Unchanged: 0/0
  9515 ;; Data sizes:     COMRAM   BANK0   BANK1   BANK2   BANK3   BANK4   BANK5
  9516 ;;      Params:         0       0       0       0       0       0       0
  9517 ;;      Locals:         1       0       0       0       0       0       0
  9518 ;;      Temps:          0       0       0       0       0       0       0
  9519 ;;      Totals:         1       0       0       0       0       0       0
  9520 ;;Total ram usage:        1 bytes
  9521 ;; Hardware stack levels used: 1
  9522 ;; Hardware stack levels required when called: 4
  9523 ;; This function calls:
  9524 ;;		Nothing
  9525 ;; This function is called by:
  9526 ;;		_main
  9527 ;;		_SDCARD_ReadBlock
  9528 ;;		_SDCARD_WriteBlock
  9529 ;;		_SDCARD_PollWriteComplete
  9530 ;;		_SDCARD_Initialize
  9531 ;; This function uses a non-reentrant model
  9532 ;;
  9533                           
  9534                           	psect	text38
  9535   00188E                     __ptext38:
  9536                           	callstack 0
  9537   00188E                     _SPI2_ByteExchange:
  9538                           	callstack 26
  9539                           
  9540                           ;incstack = 0
  9541                           ;SPI2_ByteExchange@byteData stored from wreg
  9542   00188E  6E0F               	movwf	SPI2_ByteExchange@byteData^0,c
  9543   001890                     
  9544                           ;mcc_generated_files/spi/src/mssp2.c: 161: uint8_t SPI2_ByteExchange(uint8_t byteData);m
      +                          cc_generated_files/spi/src/mssp2.c: 162: {;mcc_generated_files/spi/src/mssp2.c: 163:    
      +                           SSP2BUF = byteData;
  9545   001890  C00F  FF6F         	movff	SPI2_ByteExchange@byteData,3951	;volatile
  9546   001894                     l397:
  9547                           
  9548                           ;mcc_generated_files/spi/src/mssp2.c: 164:     while (!PIR3bits.SSP2IF)
  9549   001894  AEA4               	btfss	164,7,c	;volatile
  9550   001896  EF4F  F00C         	goto	u1831
  9551   00189A  EF51  F00C         	goto	u1830
  9552   00189E                     u1831:
  9553   00189E  EF4A  F00C         	goto	l397
  9554   0018A2                     u1830:
  9555   0018A2                     
  9556                           ;mcc_generated_files/spi/src/mssp2.c: 168:     PIR3bits.SSP2IF = 0;
  9557   0018A2  9EA4               	bcf	164,7,c	;volatile
  9558                           
  9559                           ;mcc_generated_files/spi/src/mssp2.c: 169:     return SSP2BUF;
  9560   0018A4  506F               	movf	111,w,c	;volatile
  9561   0018A6  0012               	return		;funcret
  9562   0018A8                     __end_of_SPI2_ByteExchange:
  9563                           	callstack 0
  9564                           
  9565 ;; *************** function _EUSART1_Read *****************
  9566 ;; Defined at:
  9567 ;;		line 218 in file "mcc_generated_files/uart/src/eusart1.c"
  9568 ;; Parameters:    Size  Location     Type
  9569 ;;		None
  9570 ;; Auto vars:     Size  Location     Type
  9571 ;;		None
  9572 ;; Return value:  Size  Location     Type
  9573 ;;                  1    wreg      unsigned char 
  9574 ;; Registers used:
  9575 ;;		wreg, status,2, status,0, pcl, pclath, pclatu, tosl, cstack
  9576 ;; Tracked objects:
  9577 ;;		On entry : 0/0
  9578 ;;		On exit  : 0/0
  9579 ;;		Unchanged: 0/0
  9580 ;; Data sizes:     COMRAM   BANK0   BANK1   BANK2   BANK3   BANK4   BANK5
  9581 ;;      Params:         0       0       0       0       0       0       0
  9582 ;;      Locals:         0       0       0       0       0       0       0
  9583 ;;      Temps:          0       0       0       0       0       0       0
  9584 ;;      Totals:         0       0       0       0       0       0       0
  9585 ;;Total ram usage:        0 bytes
  9586 ;; Hardware stack levels used: 1
  9587 ;; Hardware stack levels required when called: 5
  9588 ;; This function calls:
  9589 ;;		NULL
  9590 ;;		_EUSART1_DefaultFramingErrorCallback
  9591 ;;		_EUSART1_DefaultOverrunErrorCallback
  9592 ;; This function is called by:
  9593 ;;		_main
  9594 ;;		_getch
  9595 ;; This function uses a non-reentrant model
  9596 ;;
  9597                           
  9598                           	psect	text39
  9599   0014D4                     __ptext39:
  9600                           	callstack 0
  9601   0014D4                     _EUSART1_Read:
  9602                           	callstack 25
  9603   0014D4                     
  9604                           ;mcc_generated_files/uart/src/eusart1.c: 220:     eusart1RxLastError.status = 0;
  9605   0014D4  0E00               	movlw	0
  9606   0014D6  0100               	movlb	0	; () banked
  9607   0014D8  6F65               	movwf	(_eusart1RxLastError+1)& (0+255),b	;volatile
  9608   0014DA  0E00               	movlw	0
  9609   0014DC  6F64               	movwf	_eusart1RxLastError& (0+255),b	;volatile
  9610   0014DE                     
  9611                           ; BSR set to: 0
  9612                           ;mcc_generated_files/uart/src/eusart1.c: 221:     if(1 == RCSTA1bits.OERR)
  9613   0014DE  A2AB               	btfss	171,1,c	;volatile
  9614   0014E0  EF74  F00A         	goto	u1891
  9615   0014E4  EF76  F00A         	goto	u1890
  9616   0014E8                     u1891:
  9617   0014E8  EF8D  F00A         	goto	l2983
  9618   0014EC                     u1890:
  9619   0014EC                     
  9620                           ; BSR set to: 0
  9621                           ;mcc_generated_files/uart/src/eusart1.c: 222:     {;mcc_generated_files/uart/src/eusart1
      +                          .c: 223:         eusart1RxLastError.oerr = 1;
  9622   0014EC  8564               	bsf	_eusart1RxLastError& (0+255),2,b	;volatile
  9623   0014EE                     
  9624                           ; BSR set to: 0
  9625                           ;mcc_generated_files/uart/src/eusart1.c: 224:         if(((void*)0) != EUSART1_OverrunEr
      +                          rorHandler)
  9626   0014EE  5162               	movf	_EUSART1_OverrunErrorHandler& (0+255),w,b
  9627   0014F0  1163               	iorwf	(_EUSART1_OverrunErrorHandler+1)& (0+255),w,b
  9628   0014F2  B4D8               	btfsc	status,2,c
  9629   0014F4  EF7E  F00A         	goto	u1901
  9630   0014F8  EF80  F00A         	goto	u1900
  9631   0014FC                     u1901:
  9632   0014FC  EF8D  F00A         	goto	l2983
  9633   001500                     u1900:
  9634   001500                     
  9635                           ; BSR set to: 0
  9636                           ;mcc_generated_files/uart/src/eusart1.c: 225:         {;mcc_generated_files/uart/src/eus
      +                          art1.c: 226:             EUSART1_OverrunErrorHandler();
  9637   001500  D802               	call	u1918
  9638   001502  EF8D  F00A         	goto	u1919
  9639   001506                     u1918:
  9640   001506  0005               	push	
  9641   001508  6EFA               	movwf	pclath,c
  9642   00150A  5162               	movf	_EUSART1_OverrunErrorHandler& (0+255),w,b
  9643   00150C  6EFD               	movwf	tosl,c
  9644   00150E  5163               	movf	(_EUSART1_OverrunErrorHandler+1)& (0+255),w,b
  9645   001510  6EFE               	movwf	tosh,c
  9646   001512  50F8               	movf	tblptru,w,c
  9647   001514  6EFF               	movwf	tosu,c
  9648   001516  50FA               	movf	pclath,w,c
  9649   001518  0012               	return		;indir
  9650   00151A                     u1919:
  9651   00151A                     l2983:
  9652                           
  9653                           ;mcc_generated_files/uart/src/eusart1.c: 229:     if(1 == RCSTA1bits.FERR)
  9654   00151A  A4AB               	btfss	171,2,c	;volatile
  9655   00151C  EF92  F00A         	goto	u1921
  9656   001520  EF94  F00A         	goto	u1920
  9657   001524                     u1921:
  9658   001524  EFAC  F00A         	goto	l2991
  9659   001528                     u1920:
  9660   001528                     
  9661                           ;mcc_generated_files/uart/src/eusart1.c: 230:     {;mcc_generated_files/uart/src/eusart1
      +                          .c: 231:         eusart1RxLastError.ferr = 1;
  9662   001528  0100               	movlb	0	; () banked
  9663   00152A  8364               	bsf	_eusart1RxLastError& (0+255),1,b	;volatile
  9664   00152C                     
  9665                           ; BSR set to: 0
  9666                           ;mcc_generated_files/uart/src/eusart1.c: 232:         if(((void*)0) != EUSART1_FramingEr
      +                          rorHandler)
  9667   00152C  5046               	movf	_EUSART1_FramingErrorHandler^0,w,c
  9668   00152E  1047               	iorwf	(_EUSART1_FramingErrorHandler+1)^0,w,c
  9669   001530  B4D8               	btfsc	status,2,c
  9670   001532  EF9D  F00A         	goto	u1931
  9671   001536  EF9F  F00A         	goto	u1930
  9672   00153A                     u1931:
  9673   00153A  EFAC  F00A         	goto	l2991
  9674   00153E                     u1930:
  9675   00153E                     
  9676                           ; BSR set to: 0
  9677                           ;mcc_generated_files/uart/src/eusart1.c: 233:         {;mcc_generated_files/uart/src/eus
      +                          art1.c: 234:             EUSART1_FramingErrorHandler();
  9678   00153E  D802               	call	u1948
  9679   001540  EFAC  F00A         	goto	u1949
  9680   001544                     u1948:
  9681   001544  0005               	push	
  9682   001546  6EFA               	movwf	pclath,c
  9683   001548  5046               	movf	_EUSART1_FramingErrorHandler^0,w,c
  9684   00154A  6EFD               	movwf	tosl,c
  9685   00154C  5047               	movf	(_EUSART1_FramingErrorHandler+1)^0,w,c
  9686   00154E  6EFE               	movwf	tosh,c
  9687   001550  50F8               	movf	tblptru,w,c
  9688   001552  6EFF               	movwf	tosu,c
  9689   001554  50FA               	movf	pclath,w,c
  9690   001556  0012               	return		;indir
  9691   001558                     u1949:
  9692   001558                     l2991:
  9693                           
  9694                           ;mcc_generated_files/uart/src/eusart1.c: 237:     return RCREG1;
  9695   001558  50AE               	movf	174,w,c	;volatile
  9696   00155A  0012               	return		;funcret
  9697   00155C                     __end_of_EUSART1_Read:
  9698                           	callstack 0
  9699                           
  9700 ;; *************** function _EUSART1_DefaultOverrunErrorCallback *****************
  9701 ;; Defined at:
  9702 ;;		line 268 in file "mcc_generated_files/uart/src/eusart1.c"
  9703 ;; Parameters:    Size  Location     Type
  9704 ;;		None
  9705 ;; Auto vars:     Size  Location     Type
  9706 ;;		None
  9707 ;; Return value:  Size  Location     Type
  9708 ;;                  1    wreg      void 
  9709 ;; Registers used:
  9710 ;;		None
  9711 ;; Tracked objects:
  9712 ;;		On entry : 0/0
  9713 ;;		On exit  : 0/0
  9714 ;;		Unchanged: 0/0
  9715 ;; Data sizes:     COMRAM   BANK0   BANK1   BANK2   BANK3   BANK4   BANK5
  9716 ;;      Params:         0       0       0       0       0       0       0
  9717 ;;      Locals:         0       0       0       0       0       0       0
  9718 ;;      Temps:          0       0       0       0       0       0       0
  9719 ;;      Totals:         0       0       0       0       0       0       0
  9720 ;;Total ram usage:        0 bytes
  9721 ;; Hardware stack levels used: 1
  9722 ;; Hardware stack levels required when called: 4
  9723 ;; This function calls:
  9724 ;;		Nothing
  9725 ;; This function is called by:
  9726 ;;		_EUSART1_Initialize
  9727 ;;		_EUSART1_Read
  9728 ;; This function uses a non-reentrant model
  9729 ;;
  9730                           
  9731                           	psect	text40
  9732   00191C                     __ptext40:
  9733                           	callstack 0
  9734   00191C                     _EUSART1_DefaultOverrunErrorCallback:
  9735                           	callstack 25
  9736   00191C                     
  9737                           ;mcc_generated_files/uart/src/eusart1.c: 271:     RCSTA1bits.CREN = 0;
  9738   00191C  98AB               	bcf	171,4,c	;volatile
  9739                           
  9740                           ;mcc_generated_files/uart/src/eusart1.c: 272:     RCSTA1bits.CREN = 1;
  9741   00191E  88AB               	bsf	171,4,c	;volatile
  9742   001920  0012               	return		;funcret
  9743   001922                     __end_of_EUSART1_DefaultOverrunErrorCallback:
  9744                           	callstack 0
  9745                           
  9746 ;; *************** function _EUSART1_DefaultFramingErrorCallback *****************
  9747 ;; Defined at:
  9748 ;;		line 263 in file "mcc_generated_files/uart/src/eusart1.c"
  9749 ;; Parameters:    Size  Location     Type
  9750 ;;		None
  9751 ;; Auto vars:     Size  Location     Type
  9752 ;;		None
  9753 ;; Return value:  Size  Location     Type
  9754 ;;                  1    wreg      void 
  9755 ;; Registers used:
  9756 ;;		None
  9757 ;; Tracked objects:
  9758 ;;		On entry : 0/0
  9759 ;;		On exit  : 0/0
  9760 ;;		Unchanged: 0/0
  9761 ;; Data sizes:     COMRAM   BANK0   BANK1   BANK2   BANK3   BANK4   BANK5
  9762 ;;      Params:         0       0       0       0       0       0       0
  9763 ;;      Locals:         0       0       0       0       0       0       0
  9764 ;;      Temps:          0       0       0       0       0       0       0
  9765 ;;      Totals:         0       0       0       0       0       0       0
  9766 ;;Total ram usage:        0 bytes
  9767 ;; Hardware stack levels used: 1
  9768 ;; Hardware stack levels required when called: 4
  9769 ;; This function calls:
  9770 ;;		Nothing
  9771 ;; This function is called by:
  9772 ;;		_EUSART1_Initialize
  9773 ;;		_EUSART1_Read
  9774 ;; This function uses a non-reentrant model
  9775 ;;
  9776                           
  9777                           	psect	text41
  9778   001926                     __ptext41:
  9779                           	callstack 0
  9780   001926                     _EUSART1_DefaultFramingErrorCallback:
  9781                           	callstack 25
  9782   001926  0012               	return		;funcret
  9783   001928                     __end_of_EUSART1_DefaultFramingErrorCallback:
  9784                           	callstack 0
  9785                           
  9786 ;; *************** function _EUSART1_IsRxReady *****************
  9787 ;; Defined at:
  9788 ;;		line 198 in file "mcc_generated_files/uart/src/eusart1.c"
  9789 ;; Parameters:    Size  Location     Type
  9790 ;;		None
  9791 ;; Auto vars:     Size  Location     Type
  9792 ;;		None
  9793 ;; Return value:  Size  Location     Type
  9794 ;;                  1    wreg      _Bool 
  9795 ;; Registers used:
  9796 ;;		wreg
  9797 ;; Tracked objects:
  9798 ;;		On entry : 0/0
  9799 ;;		On exit  : 0/0
  9800 ;;		Unchanged: 0/0
  9801 ;; Data sizes:     COMRAM   BANK0   BANK1   BANK2   BANK3   BANK4   BANK5
  9802 ;;      Params:         0       0       0       0       0       0       0
  9803 ;;      Locals:         0       0       0       0       0       0       0
  9804 ;;      Temps:          0       0       0       0       0       0       0
  9805 ;;      Totals:         0       0       0       0       0       0       0
  9806 ;;Total ram usage:        0 bytes
  9807 ;; Hardware stack levels used: 1
  9808 ;; Hardware stack levels required when called: 4
  9809 ;; This function calls:
  9810 ;;		Nothing
  9811 ;; This function is called by:
  9812 ;;		_main
  9813 ;;		_getch
  9814 ;; This function uses a non-reentrant model
  9815 ;;
  9816                           
  9817                           	psect	text42
  9818   0018A8                     __ptext42:
  9819                           	callstack 0
  9820   0018A8                     _EUSART1_IsRxReady:
  9821                           	callstack 26
  9822   0018A8                     
  9823                           ;mcc_generated_files/uart/src/eusart1.c: 200:     return (_Bool)(PIR1bits.RC1IF);
  9824   0018A8  BA9E               	btfsc	158,5,c	;volatile
  9825   0018AA  EF59  F00C         	goto	u1881
  9826   0018AE  EF5C  F00C         	goto	u1880
  9827   0018B2                     u1881:
  9828   0018B2  0E01               	movlw	1
  9829   0018B4  EF5D  F00C         	goto	u1886
  9830   0018B8                     u1880:
  9831   0018B8  0E00               	movlw	0
  9832   0018BA                     u1886:
  9833   0018BA  0012               	return		;funcret
  9834   0018BC                     __end_of_EUSART1_IsRxReady:
  9835                           	callstack 0
  9836                           
  9837 ;; *************** function _INTERRUPT_InterruptManager *****************
  9838 ;; Defined at:
  9839 ;;		line 80 in file "mcc_generated_files/system/src/interrupt.c"
  9840 ;; Parameters:    Size  Location     Type
  9841 ;;		None
  9842 ;; Auto vars:     Size  Location     Type
  9843 ;;		None
  9844 ;; Return value:  Size  Location     Type
  9845 ;;                  1    wreg      void 
  9846 ;; Registers used:
  9847 ;;		wreg, status,2, status,0, pcl, pclath, pclatu, tosl, cstack
  9848 ;; Tracked objects:
  9849 ;;		On entry : 0/0
  9850 ;;		On exit  : 0/0
  9851 ;;		Unchanged: 0/0
  9852 ;; Data sizes:     COMRAM   BANK0   BANK1   BANK2   BANK3   BANK4   BANK5
  9853 ;;      Params:         0       0       0       0       0       0       0
  9854 ;;      Locals:         0       0       0       0       0       0       0
  9855 ;;      Temps:          2       0       0       0       0       0       0
  9856 ;;      Totals:         2       0       0       0       0       0       0
  9857 ;;Total ram usage:        2 bytes
  9858 ;; Hardware stack levels used: 1
  9859 ;; Hardware stack levels required when called: 3
  9860 ;; This function calls:
  9861 ;;		_TMR0_OverflowISR
  9862 ;; This function is called by:
  9863 ;;		Interrupt level 2
  9864 ;; This function uses a non-reentrant model
  9865 ;;
  9866                           
  9867                           	psect	intcode
  9868   000008                     __pintcode:
  9869                           	callstack 0
  9870   000008                     _INTERRUPT_InterruptManager:
  9871                           	callstack 17
  9872                           
  9873                           ;incstack = 0
  9874   000008  8251               	bsf	int$flags,1,c	;set compiler interrupt flag (level 2)
  9875   00000A  CFFA F00D          	movff	pclath,??_INTERRUPT_InterruptManager
  9876   00000E  CFFB F00E          	movff	pclatu,??_INTERRUPT_InterruptManager+1
  9877   000012                     
  9878                           ;mcc_generated_files/system/src/interrupt.c: 83:     if(INTCONbits.PEIE == 1)
  9879   000012  ACF2               	btfss	242,6,c	;volatile
  9880   000014  EF0E  F000         	goto	i2u216_41
  9881   000018  EF10  F000         	goto	i2u216_40
  9882   00001C                     i2u216_41:
  9883   00001C  EF20  F000         	goto	i2l44
  9884   000020                     i2u216_40:
  9885   000020                     
  9886                           ;mcc_generated_files/system/src/interrupt.c: 84:     {;mcc_generated_files/system/src/in
      +                          terrupt.c: 85:         if(INTCONbits.TMR0IE == 1 && INTCONbits.TMR0IF == 1)
  9887   000020  AAF2               	btfss	242,5,c	;volatile
  9888   000022  EF15  F000         	goto	i2u217_41
  9889   000026  EF17  F000         	goto	i2u217_40
  9890   00002A                     i2u217_41:
  9891   00002A  EF20  F000         	goto	i2l44
  9892   00002E                     i2u217_40:
  9893   00002E  A4F2               	btfss	242,2,c	;volatile
  9894   000030  EF1C  F000         	goto	i2u218_41
  9895   000034  EF1E  F000         	goto	i2u218_40
  9896   000038                     i2u218_41:
  9897   000038  EF20  F000         	goto	i2l44
  9898   00003C                     i2u218_40:
  9899   00003C                     
  9900                           ;mcc_generated_files/system/src/interrupt.c: 86:         {;mcc_generated_files/system/sr
      +                          c/interrupt.c: 87:             TMR0_OverflowISR();
  9901   00003C  EC9A  F00B         	call	_TMR0_OverflowISR	;wreg free
  9902   000040                     i2l44:
  9903   000040  C00E  FFFB         	movff	??_INTERRUPT_InterruptManager+1,pclatu
  9904   000044  C00D  FFFA         	movff	??_INTERRUPT_InterruptManager,pclath
  9905   000048  9251               	bcf	int$flags,1,c	;clear compiler interrupt flag (level 2)
  9906   00004A  0011               	retfie		f
  9907   00004C                     __end_of_INTERRUPT_InterruptManager:
  9908                           	callstack 0
  9909                           
  9910 ;; *************** function _TMR0_OverflowISR *****************
  9911 ;; Defined at:
  9912 ;;		line 139 in file "mcc_generated_files/timer/src/tmr0.c"
  9913 ;; Parameters:    Size  Location     Type
  9914 ;;		None
  9915 ;; Auto vars:     Size  Location     Type
  9916 ;;		None
  9917 ;; Return value:  Size  Location     Type
  9918 ;;                  1    wreg      void 
  9919 ;; Registers used:
  9920 ;;		wreg, status,2, status,0, pcl, pclath, pclatu, tosl, cstack
  9921 ;; Tracked objects:
  9922 ;;		On entry : 0/0
  9923 ;;		On exit  : 0/0
  9924 ;;		Unchanged: 0/0
  9925 ;; Data sizes:     COMRAM   BANK0   BANK1   BANK2   BANK3   BANK4   BANK5
  9926 ;;      Params:         0       0       0       0       0       0       0
  9927 ;;      Locals:         0       0       0       0       0       0       0
  9928 ;;      Temps:          0       0       0       0       0       0       0
  9929 ;;      Totals:         0       0       0       0       0       0       0
  9930 ;;Total ram usage:        0 bytes
  9931 ;; Hardware stack levels used: 1
  9932 ;; Hardware stack levels required when called: 2
  9933 ;; This function calls:
  9934 ;;		NULL
  9935 ;;		_TMR0_DefaultOverflowCallback
  9936 ;;		_myTMR0ISR
  9937 ;; This function is called by:
  9938 ;;		_INTERRUPT_InterruptManager
  9939 ;; This function uses a non-reentrant model
  9940 ;;
  9941                           
  9942                           	psect	text44
  9943   001734                     __ptext44:
  9944                           	callstack 0
  9945   001734                     _TMR0_OverflowISR:
  9946                           	callstack 17
  9947   001734                     
  9948                           ;mcc_generated_files/timer/src/tmr0.c: 147:     if(((void*)0) != TMR0_OverflowCallback)
  9949   001734  0100               	movlb	0	; () banked
  9950   001736  51A7               	movf	_TMR0_OverflowCallback& (0+255),w,b
  9951   001738  11A8               	iorwf	(_TMR0_OverflowCallback+1)& (0+255),w,b
  9952   00173A  B4D8               	btfsc	status,2,c
  9953   00173C  EFA2  F00B         	goto	i2u185_41
  9954   001740  EFA4  F00B         	goto	i2u185_40
  9955   001744                     i2u185_41:
  9956   001744  EFB1  F00B         	goto	i2l2943
  9957   001748                     i2u185_40:
  9958   001748                     
  9959                           ; BSR set to: 0
  9960                           ;mcc_generated_files/timer/src/tmr0.c: 148:     {;mcc_generated_files/timer/src/tmr0.c: 
      +                          149:         TMR0_OverflowCallback();
  9961   001748  D802               	call	i2u186_48
  9962   00174A  EFB1  F00B         	goto	i2u186_49
  9963   00174E                     i2u186_48:
  9964   00174E  0005               	push	
  9965   001750  6EFA               	movwf	pclath,c
  9966   001752  51A7               	movf	_TMR0_OverflowCallback& (0+255),w,b
  9967   001754  6EFD               	movwf	tosl,c
  9968   001756  51A8               	movf	(_TMR0_OverflowCallback+1)& (0+255),w,b
  9969   001758  6EFE               	movwf	tosh,c
  9970   00175A  50F8               	movf	tblptru,w,c
  9971   00175C  6EFF               	movwf	tosu,c
  9972   00175E  50FA               	movf	pclath,w,c
  9973   001760  0012               	return		;indir
  9974   001762                     i2u186_49:
  9975   001762                     i2l2943:
  9976                           
  9977                           ;mcc_generated_files/timer/src/tmr0.c: 151:     INTCONbits.TMR0IF = 0;
  9978   001762  94F2               	bcf	242,2,c	;volatile
  9979   001764  0012               	return		;funcret
  9980   001766                     __end_of_TMR0_OverflowISR:
  9981                           	callstack 0
  9982                           
  9983 ;; *************** function _TMR0_DefaultOverflowCallback *****************
  9984 ;; Defined at:
  9985 ;;		line 159 in file "mcc_generated_files/timer/src/tmr0.c"
  9986 ;; Parameters:    Size  Location     Type
  9987 ;;		None
  9988 ;; Auto vars:     Size  Location     Type
  9989 ;;		None
  9990 ;; Return value:  Size  Location     Type
  9991 ;;                  1    wreg      void 
  9992 ;; Registers used:
  9993 ;;		None
  9994 ;; Tracked objects:
  9995 ;;		On entry : 0/0
  9996 ;;		On exit  : 0/0
  9997 ;;		Unchanged: 0/0
  9998 ;; Data sizes:     COMRAM   BANK0   BANK1   BANK2   BANK3   BANK4   BANK5
  9999 ;;      Params:         0       0       0       0       0       0       0
 10000 ;;      Locals:         0       0       0       0       0       0       0
 10001 ;;      Temps:          0       0       0       0       0       0       0
 10002 ;;      Totals:         0       0       0       0       0       0       0
 10003 ;;Total ram usage:        0 bytes
 10004 ;; Hardware stack levels used: 1
 10005 ;; This function calls:
 10006 ;;		Nothing
 10007 ;; This function is called by:
 10008 ;;		_TMR0_Initialize
 10009 ;;		_TMR0_OverflowISR
 10010 ;; This function uses a non-reentrant model
 10011 ;;
 10012                           
 10013                           	psect	text45
 10014   001928                     __ptext45:
 10015                           	callstack 0
 10016   001928                     _TMR0_DefaultOverflowCallback:
 10017                           	callstack 18
 10018   001928  0012               	return		;funcret
 10019   00192A                     __end_of_TMR0_DefaultOverflowCallback:
 10020                           	callstack 0
 10021                           
 10022 ;; *************** function _myTMR0ISR *****************
 10023 ;; Defined at:
 10024 ;;		line 248 in file "main.c"
 10025 ;; Parameters:    Size  Location     Type
 10026 ;;		None
 10027 ;; Auto vars:     Size  Location     Type
 10028 ;;  bigOleWasteO    2   10[COMRAM] unsigned short 
 10029 ;; Return value:  Size  Location     Type
 10030 ;;                  1    wreg      void 
 10031 ;; Registers used:
 10032 ;;		wreg, status,2, status,0, cstack
 10033 ;; Tracked objects:
 10034 ;;		On entry : 0/0
 10035 ;;		On exit  : 0/0
 10036 ;;		Unchanged: 0/0
 10037 ;; Data sizes:     COMRAM   BANK0   BANK1   BANK2   BANK3   BANK4   BANK5
 10038 ;;      Params:         0       0       0       0       0       0       0
 10039 ;;      Locals:         2       0       0       0       0       0       0
 10040 ;;      Temps:          0       0       0       0       0       0       0
 10041 ;;      Totals:         2       0       0       0       0       0       0
 10042 ;;Total ram usage:        2 bytes
 10043 ;; Hardware stack levels used: 1
 10044 ;; Hardware stack levels required when called: 1
 10045 ;; This function calls:
 10046 ;;		_TMR0_CounterGet
 10047 ;;		i2_TMR0_CounterSet
 10048 ;; This function is called by:
 10049 ;;		_main
 10050 ;;		_TMR0_OverflowISR
 10051 ;; This function uses a non-reentrant model
 10052 ;;
 10053                           
 10054                           	psect	text46
 10055   0015E4                     __ptext46:
 10056                           	callstack 0
 10057   0015E4                     _myTMR0ISR:
 10058                           	callstack 17
 10059   0015E4  8C89               	bsf	137,6,c	;volatile
 10060   0015E6                     
 10061                           ;main.c: 253:     for (bigOleWasteOfTime = 0; bigOleWasteOfTime < 40; bigOleWasteOfTime+
      +                          +);
 10062   0015E6  0E00               	movlw	0
 10063   0015E8  6E0C               	movwf	(myTMR0ISR@bigOleWasteOfTime+1)^0,c
 10064   0015EA  0E00               	movlw	0
 10065   0015EC  6E0B               	movwf	myTMR0ISR@bigOleWasteOfTime^0,c
 10066   0015EE                     i2l2927:
 10067   0015EE  4A0B               	infsnz	myTMR0ISR@bigOleWasteOfTime^0,f,c
 10068   0015F0  2A0C               	incf	(myTMR0ISR@bigOleWasteOfTime+1)^0,f,c
 10069   0015F2  500C               	movf	(myTMR0ISR@bigOleWasteOfTime+1)^0,w,c
 10070   0015F4  E109               	bnz	i2u184_40
 10071   0015F6  0E28               	movlw	40
 10072   0015F8  5C0B               	subwf	myTMR0ISR@bigOleWasteOfTime^0,w,c
 10073   0015FA  A0D8               	btfss	status,0,c
 10074   0015FC  EF02  F00B         	goto	i2u184_41
 10075   001600  EF04  F00B         	goto	i2u184_40
 10076   001604                     i2u184_41:
 10077   001604  EFF7  F00A         	goto	i2l2927
 10078   001608                     i2u184_40:
 10079   001608                     
 10080                           ;main.c: 255:      TMR0_CounterSet(TMR0_CounterGet() + (0x10000 - 1600));
 10081   001608  EC0F  F00C         	call	_TMR0_CounterGet	;wreg free
 10082   00160C  0EC0               	movlw	192
 10083   00160E  2401               	addwf	?_TMR0_CounterGet^0,w,c
 10084   001610  6E09               	movwf	i2TMR0_CounterSet@counterValue^0,c
 10085   001612  0EF9               	movlw	249
 10086   001614  2002               	addwfc	(?_TMR0_CounterGet+1)^0,w,c
 10087   001616  6E0A               	movwf	(i2TMR0_CounterSet@counterValue+1)^0,c
 10088   001618  EC85  F00C         	call	i2_TMR0_CounterSet	;wreg free
 10089   00161C                     
 10090                           ;main.c: 257:     INTCONbits.TMR0IF = 0;
 10091   00161C  94F2               	bcf	242,2,c	;volatile
 10092   00161E  9C89               	bcf	137,6,c	;volatile
 10093   001620  0012               	return		;funcret
 10094   001622                     __end_of_myTMR0ISR:
 10095                           	callstack 0
 10096                           
 10097 ;; *************** function i2_TMR0_CounterSet *****************
 10098 ;; Defined at:
 10099 ;;		line 102 in file "mcc_generated_files/timer/src/tmr0.c"
 10100 ;; Parameters:    Size  Location     Type
 10101 ;;  counterValue    2    8[COMRAM] unsigned short 
 10102 ;; Auto vars:     Size  Location     Type
 10103 ;;		None
 10104 ;; Return value:  Size  Location     Type
 10105 ;;                  1    wreg      void 
 10106 ;; Registers used:
 10107 ;;		wreg, status,2
 10108 ;; Tracked objects:
 10109 ;;		On entry : 0/0
 10110 ;;		On exit  : 0/0
 10111 ;;		Unchanged: 0/0
 10112 ;; Data sizes:     COMRAM   BANK0   BANK1   BANK2   BANK3   BANK4   BANK5
 10113 ;;      Params:         2       0       0       0       0       0       0
 10114 ;;      Locals:         0       0       0       0       0       0       0
 10115 ;;      Temps:          0       0       0       0       0       0       0
 10116 ;;      Totals:         2       0       0       0       0       0       0
 10117 ;;Total ram usage:        2 bytes
 10118 ;; Hardware stack levels used: 1
 10119 ;; This function calls:
 10120 ;;		Nothing
 10121 ;; This function is called by:
 10122 ;;		_myTMR0ISR
 10123 ;; This function uses a non-reentrant model
 10124 ;;
 10125                           
 10126                           	psect	text47
 10127   00190A                     __ptext47:
 10128                           	callstack 0
 10129   00190A                     i2_TMR0_CounterSet:
 10130                           	callstack 17
 10131   00190A                     
 10132                           ;mcc_generated_files/timer/src/tmr0.c: 102: void TMR0_CounterSet(uint16_t counterValue);
      +                          mcc_generated_files/timer/src/tmr0.c: 103: {;mcc_generated_files/timer/src/tmr0.c: 104: 
      +                              TMR0H = (uint8_t)(counterValue >> 8);
 10133   00190A  500A               	movf	(i2TMR0_CounterSet@counterValue+1)^0,w,c
 10134   00190C  6ED7               	movwf	215,c	;volatile
 10135   00190E                     
 10136                           ;mcc_generated_files/timer/src/tmr0.c: 105:     TMR0L = (uint8_t)(counterValue);
 10137   00190E  C009  FFD6         	movff	i2TMR0_CounterSet@counterValue,4054	;volatile
 10138   001912  0012               	return		;funcret
 10139   001914                     __end_ofi2_TMR0_CounterSet:
 10140                           	callstack 0
 10141                           
 10142 ;; *************** function _TMR0_CounterGet *****************
 10143 ;; Defined at:
 10144 ;;		line 89 in file "mcc_generated_files/timer/src/tmr0.c"
 10145 ;; Parameters:    Size  Location     Type
 10146 ;;		None
 10147 ;; Auto vars:     Size  Location     Type
 10148 ;;  counterValue    2    4[COMRAM] unsigned short 
 10149 ;;  counterHighB    1    7[COMRAM] unsigned char 
 10150 ;;  counterLowBy    1    6[COMRAM] unsigned char 
 10151 ;; Return value:  Size  Location     Type
 10152 ;;                  2    0[COMRAM] unsigned short 
 10153 ;; Registers used:
 10154 ;;		wreg, status,2
 10155 ;; Tracked objects:
 10156 ;;		On entry : 0/0
 10157 ;;		On exit  : 0/0
 10158 ;;		Unchanged: 0/0
 10159 ;; Data sizes:     COMRAM   BANK0   BANK1   BANK2   BANK3   BANK4   BANK5
 10160 ;;      Params:         2       0       0       0       0       0       0
 10161 ;;      Locals:         4       0       0       0       0       0       0
 10162 ;;      Temps:          2       0       0       0       0       0       0
 10163 ;;      Totals:         8       0       0       0       0       0       0
 10164 ;;Total ram usage:        8 bytes
 10165 ;; Hardware stack levels used: 1
 10166 ;; This function calls:
 10167 ;;		Nothing
 10168 ;; This function is called by:
 10169 ;;		_myTMR0ISR
 10170 ;; This function uses a non-reentrant model
 10171 ;;
 10172                           
 10173                           	psect	text48
 10174   00181E                     __ptext48:
 10175                           	callstack 0
 10176   00181E                     _TMR0_CounterGet:
 10177                           	callstack 17
 10178   00181E                     
 10179                           ;mcc_generated_files/timer/src/tmr0.c: 91:     uint16_t counterValue;;mcc_generated_file
      +                          s/timer/src/tmr0.c: 92:     uint8_t counterLowByte;;mcc_generated_files/timer/src/tmr0.c
      +                          : 93:     uint8_t counterHighByte;;mcc_generated_files/timer/src/tmr0.c: 95:     counter
      +                          LowByte = TMR0L;
 10180   00181E  CFD6 F007          	movff	4054,TMR0_CounterGet@counterLowByte	;volatile
 10181                           
 10182                           ;mcc_generated_files/timer/src/tmr0.c: 96:     counterHighByte = TMR0H;
 10183   001822  CFD7 F008          	movff	4055,TMR0_CounterGet@counterHighByte	;volatile
 10184   001826                     
 10185                           ;mcc_generated_files/timer/src/tmr0.c: 97:     counterValue = ((uint16_t)counterHighByte
      +                           << 8) + counterLowByte;
 10186   001826  5008               	movf	TMR0_CounterGet@counterHighByte^0,w,c
 10187   001828  6E03               	movwf	??_TMR0_CounterGet^0,c
 10188   00182A  5007               	movf	TMR0_CounterGet@counterLowByte^0,w,c
 10189   00182C  6E05               	movwf	TMR0_CounterGet@counterValue^0,c
 10190   00182E  C003  F006         	movff	??_TMR0_CounterGet,TMR0_CounterGet@counterValue+1
 10191   001832                     
 10192                           ;mcc_generated_files/timer/src/tmr0.c: 99:     return counterValue;
 10193   001832  C005  F001         	movff	TMR0_CounterGet@counterValue,?_TMR0_CounterGet
 10194   001836  C006  F002         	movff	TMR0_CounterGet@counterValue+1,?_TMR0_CounterGet+1
 10195   00183A  0012               	return		;funcret
 10196   00183C                     __end_of_TMR0_CounterGet:
 10197                           	callstack 0
 10198                           
 10199                           	psect	rparam
 10200   000001                     ___rparam_used  equ	1
 10201   000000                     ___param_bank   equ	0
 10202   000000                     __Lparam        equ	__Lrparam
 10203   000000                     __Hparam        equ	__Hrparam
 10204                           
 10205                           	psect	temp
 10206   000051                     btemp:
 10207                           	callstack 0
 10208   000051                     	ds	1
 10209   000051                     int$flags       set	btemp
 10210   000052                     wtemp8          set	btemp+1
 10211   000052                     ttemp5          set	btemp+1
 10212   000055                     ttemp6          set	btemp+4
 10213   000059                     ttemp7          set	btemp+8
 10214                           
 10215                           	psect	config
 10216                           
 10217                           ; Padding undefined space
 10218   300000                     	org	3145728
 10219   300000  FF                 	db	255
 10220                           
 10221                           ;Config register CONFIG1H @ 0x300001
 10222                           ;	Oscillator Selection bits
 10223                           ;	FOSC = INTIO67, Internal oscillator block
 10224                           ;	4X PLL Enable
 10225                           ;	PLLCFG = OFF, Oscillator used directly
 10226                           ;	Primary clock enable bit
 10227                           ;	PRICLKEN = ON, Primary clock enabled
 10228                           ;	Fail-Safe Clock Monitor Enable bit
 10229                           ;	FCMEN = OFF, Fail-Safe Clock Monitor disabled
 10230                           ;	Internal/External Oscillator Switchover bit
 10231                           ;	IESO = OFF, Oscillator Switchover mode disabled
 10232   300001                     	org	3145729
 10233   300001  28                 	db	40
 10234                           
 10235                           ;Config register CONFIG2L @ 0x300002
 10236                           ;	Power-up Timer Enable bit
 10237                           ;	PWRTEN = OFF, Power up timer disabled
 10238                           ;	Brown-out Reset Enable bits
 10239                           ;	BOREN = SBORDIS, Brown-out Reset enabled in hardware only (SBOREN is disabled)
 10240                           ;	Brown Out Reset Voltage bits
 10241                           ;	BORV = 190, VBOR set to 1.90 V nominal
 10242   300002                     	org	3145730
 10243   300002  1F                 	db	31
 10244                           
 10245                           ;Config register CONFIG2H @ 0x300003
 10246                           ;	Watchdog Timer Enable bits
 10247                           ;	WDTEN = OFF, Watch dog timer is always disabled. SWDTEN has no effect.
 10248                           ;	Watchdog Timer Postscale Select bits
 10249                           ;	WDTPS = 32768, 1:32768
 10250   300003                     	org	3145731
 10251   300003  3C                 	db	60
 10252                           
 10253                           ; Padding undefined space
 10254   300004                     	org	3145732
 10255   300004  FF                 	db	255
 10256                           
 10257                           ;Config register CONFIG3H @ 0x300005
 10258                           ;	CCP2 MUX bit
 10259                           ;	CCP2MX = PORTC1, CCP2 input/output is multiplexed with RC1
 10260                           ;	PORTB A/D Enable bit
 10261                           ;	PBADEN = ON, PORTB<5:0> pins are configured as analog input channels on Reset
 10262                           ;	P3A/CCP3 Mux bit
 10263                           ;	CCP3MX = PORTB5, P3A/CCP3 input/output is multiplexed with RB5
 10264                           ;	HFINTOSC Fast Start-up
 10265                           ;	HFOFST = ON, HFINTOSC output and ready status are not delayed by the oscillator stable
      +                           status
 10266                           ;	Timer3 Clock input mux bit
 10267                           ;	T3CMX = PORTC0, T3CKI is on RC0
 10268                           ;	ECCP2 B output mux bit
 10269                           ;	P2BMX = PORTB5, P2B is on RB5
 10270                           ;	MCLR Pin Enable bit
 10271                           ;	MCLRE = EXTMCLR, MCLR pin enabled, RE3 input pin disabled
 10272   300005                     	org	3145733
 10273   300005  BF                 	db	191
 10274                           
 10275                           ;Config register CONFIG4L @ 0x300006
 10276                           ;	Stack Full/Underflow Reset Enable bit
 10277                           ;	STVREN = ON, Stack full/underflow will cause Reset
 10278                           ;	Single-Supply ICSP Enable bit
 10279                           ;	LVP = ON, Single-Supply ICSP enabled if MCLRE is also 1
 10280                           ;	Extended Instruction Set Enable bit
 10281                           ;	XINST = OFF, Instruction set extension and Indexed Addressing mode disabled (Legacy mo
      +                          de)
 10282                           ;	Background Debug
 10283                           ;	DEBUG = 0x1, unprogrammed default
 10284   300006                     	org	3145734
 10285   300006  85                 	db	133
 10286                           
 10287                           ; Padding undefined space
 10288   300007                     	org	3145735
 10289   300007  FF                 	db	255
 10290                           
 10291                           ;Config register CONFIG5L @ 0x300008
 10292                           ;	Code Protection Block 0
 10293                           ;	CP0 = OFF, Block 0 (000800-001FFFh) not code-protected
 10294                           ;	Code Protection Block 1
 10295                           ;	CP1 = OFF, Block 1 (002000-003FFFh) not code-protected
 10296                           ;	Code Protection Block 2
 10297                           ;	CP2 = OFF, Block 2 (004000-005FFFh) not code-protected
 10298                           ;	Code Protection Block 3
 10299                           ;	CP3 = OFF, Block 3 (006000-007FFFh) not code-protected
 10300   300008                     	org	3145736
 10301   300008  0F                 	db	15
 10302                           
 10303                           ;Config register CONFIG5H @ 0x300009
 10304                           ;	Boot Block Code Protection bit
 10305                           ;	CPB = OFF, Boot block (000000-0007FFh) not code-protected
 10306                           ;	Data EEPROM Code Protection bit
 10307                           ;	CPD = OFF, Data EEPROM not code-protected
 10308   300009                     	org	3145737
 10309   300009  C0                 	db	192
 10310                           
 10311                           ;Config register CONFIG6L @ 0x30000A
 10312                           ;	Write Protection Block 0
 10313                           ;	WRT0 = OFF, Block 0 (000800-001FFFh) not write-protected
 10314                           ;	Write Protection Block 1
 10315                           ;	WRT1 = OFF, Block 1 (002000-003FFFh) not write-protected
 10316                           ;	Write Protection Block 2
 10317                           ;	WRT2 = OFF, Block 2 (004000-005FFFh) not write-protected
 10318                           ;	Write Protection Block 3
 10319                           ;	WRT3 = OFF, Block 3 (006000-007FFFh) not write-protected
 10320   30000A                     	org	3145738
 10321   30000A  0F                 	db	15
 10322                           
 10323                           ;Config register CONFIG6H @ 0x30000B
 10324                           ;	Configuration Register Write Protection bit
 10325                           ;	WRTC = OFF, Configuration registers (300000-3000FFh) not write-protected
 10326                           ;	Boot Block Write Protection bit
 10327                           ;	WRTB = OFF, Boot Block (000000-0007FFh) not write-protected
 10328                           ;	Data EEPROM Write Protection bit
 10329                           ;	WRTD = OFF, Data EEPROM not write-protected
 10330   30000B                     	org	3145739
 10331   30000B  E0                 	db	224
 10332                           
 10333                           ;Config register CONFIG7L @ 0x30000C
 10334                           ;	Table Read Protection Block 0
 10335                           ;	EBTR0 = OFF, Block 0 (000800-001FFFh) not protected from table reads executed in other
      +                           blocks
 10336                           ;	Table Read Protection Block 1
 10337                           ;	EBTR1 = OFF, Block 1 (002000-003FFFh) not protected from table reads executed in other
      +                           blocks
 10338                           ;	Table Read Protection Block 2
 10339                           ;	EBTR2 = OFF, Block 2 (004000-005FFFh) not protected from table reads executed in other
      +                           blocks
 10340                           ;	Table Read Protection Block 3
 10341                           ;	EBTR3 = OFF, Block 3 (006000-007FFFh) not protected from table reads executed in other
      +                           blocks
 10342   30000C                     	org	3145740
 10343   30000C  0F                 	db	15
 10344                           
 10345                           ;Config register CONFIG7H @ 0x30000D
 10346                           ;	Boot Block Table Read Protection bit
 10347                           ;	EBTRB = OFF, Boot Block (000000-0007FFh) not protected from table reads executed in ot
      +                          her blocks
 10348   30000D                     	org	3145741
 10349   30000D  40                 	db	64
 10350                           tosu	equ	0xFFF
 10351                           tosh	equ	0xFFE
 10352                           tosl	equ	0xFFD
 10353                           stkptr	equ	0xFFC
 10354                           pclatu	equ	0xFFB
 10355                           pclath	equ	0xFFA
 10356                           pcl	equ	0xFF9
 10357                           tblptru	equ	0xFF8
 10358                           tblptrh	equ	0xFF7
 10359                           tblptrl	equ	0xFF6
 10360                           tablat	equ	0xFF5
 10361                           prodh	equ	0xFF4
 10362                           prodl	equ	0xFF3
 10363                           indf0	equ	0xFEF
 10364                           postinc0	equ	0xFEE
 10365                           postdec0	equ	0xFED
 10366                           preinc0	equ	0xFEC
 10367                           plusw0	equ	0xFEB
 10368                           fsr0h	equ	0xFEA
 10369                           fsr0l	equ	0xFE9
 10370                           wreg	equ	0xFE8
 10371                           indf1	equ	0xFE7
 10372                           postinc1	equ	0xFE6
 10373                           postdec1	equ	0xFE5
 10374                           preinc1	equ	0xFE4
 10375                           plusw1	equ	0xFE3
 10376                           fsr1h	equ	0xFE2
 10377                           fsr1l	equ	0xFE1
 10378                           bsr	equ	0xFE0
 10379                           indf2	equ	0xFDF
 10380                           postinc2	equ	0xFDE
 10381                           postdec2	equ	0xFDD
 10382                           preinc2	equ	0xFDC
 10383                           plusw2	equ	0xFDB
 10384                           fsr2h	equ	0xFDA
 10385                           fsr2l	equ	0xFD9
 10386                           status	equ	0xFD8

Data Sizes:
    Strings     1285
    Constant    91
    Data        0
    BSS         563
    Persistent  2
    Stack       0

Auto Spaces:
    Space          Size  Autos    Used
    COMRAM           94     67      80
    BANK0           160     33      73
    BANK1           256      0       0
    BANK2           256      0       0
    BANK3           256      0       0
    BANK4           256      0       0
    BANK5           256      0       0

Pointer List with Targets:

    ctoa@fp	PTR struct _IO_FILE size(2) Largest target is 0
		 -> NULL(NULL[0]), 

    dtoa@fp	PTR struct _IO_FILE size(2) Largest target is 0
		 -> NULL(NULL[0]), 

    EUSART1_FramingErrorCallbackRegister@callbackHandler	PTR FTN()void  size(2) Largest target is 1
		 -> EUSART1_DefaultFramingErrorCallback(), 

    EUSART1_FramingErrorHandler	PTR FTN()void  size(2) Largest target is 1
		 -> EUSART1_DefaultFramingErrorCallback(), NULL(), 

    EUSART1_OverrunErrorCallbackRegister@callbackHandler	PTR FTN()void  size(2) Largest target is 1
		 -> EUSART1_DefaultOverrunErrorCallback(), 

    EUSART1_OverrunErrorHandler	PTR FTN()void  size(2) Largest target is 1
		 -> EUSART1_DefaultOverrunErrorCallback(), NULL(), 

    fputc@fp	PTR struct _IO_FILE size(2) Largest target is 0
		 -> NULL(NULL[0]), 

    fputc@fp$.$buffer	PTR unsigned char  size(2) Largest target is 0

    fputc@fp$.$source	PTR const unsigned char  size(2) Largest target is 0

    fputs@fp	PTR struct _IO_FILE size(2) Largest target is 0
		 -> NULL(NULL[0]), 

    fputs@s	PTR const unsigned char  size(1) Largest target is 32
		 -> dbuf(BANK0[32]), 

    hexDumpBuffer@sdCardBuffer	PTR unsigned char  size(2) Largest target is 512
		 -> sdCardBuffer(BIGRAM[512]), 

    INT0_InterruptHandler	PTR FTN()void  size(2) Largest target is 1
		 -> INT0_DefaultInterruptHandler(), NULL(), 

    INT0_SetInterruptHandler@InterruptHandler	PTR FTN()void  size(2) Largest target is 1
		 -> INT0_DefaultInterruptHandler(), 

    INT1_InterruptHandler	PTR FTN()void  size(2) Largest target is 1
		 -> INT1_DefaultInterruptHandler(), NULL(), 

    INT1_SetInterruptHandler@InterruptHandler	PTR FTN()void  size(2) Largest target is 1
		 -> INT1_DefaultInterruptHandler(), 

    INT2_InterruptHandler	PTR FTN()void  size(2) Largest target is 1
		 -> INT2_DefaultInterruptHandler(), NULL(), 

    INT2_SetInterruptHandler@InterruptHandler	PTR FTN()void  size(2) Largest target is 1
		 -> INT2_DefaultInterruptHandler(), 

    pad@buf	PTR unsigned char  size(1) Largest target is 32
		 -> dbuf(BANK0[32]), 

    pad@fp	PTR struct _IO_FILE size(2) Largest target is 0
		 -> NULL(NULL[0]), 

    printf@ap	PTR void [1] size(1) Largest target is 2
		 -> ?_printf(BANK0[2]), 

    printf@fmt	PTR const unsigned char  size(2) Largest target is 83
		 -> STR_1(CODE[11]), STR_10(CODE[52]), STR_11(CODE[15]), STR_12(CODE[7]), 
		 -> STR_13(CODE[21]), STR_14(CODE[24]), STR_15(CODE[52]), STR_16(CODE[36]), 
		 -> STR_17(CODE[52]), STR_18(CODE[24]), STR_19(CODE[37]), STR_2(CODE[18]), 
		 -> STR_20(CODE[43]), STR_21(CODE[42]), STR_22(CODE[60]), STR_23(CODE[66]), 
		 -> STR_24(CODE[52]), STR_25(CODE[8]), STR_26(CODE[2]), STR_27(CODE[2]), 
		 -> STR_28(CODE[83]), STR_29(CODE[83]), STR_3(CODE[9]), STR_30(CODE[27]), 
		 -> STR_31(CODE[44]), STR_32(CODE[29]), STR_33(CODE[29]), STR_34(CODE[30]), 
		 -> STR_35(CODE[20]), STR_36(CODE[28]), STR_37(CODE[20]), STR_38(CODE[19]), 
		 -> STR_39(CODE[5]), STR_4(CODE[54]), STR_40(CODE[2]), STR_41(CODE[5]), 
		 -> STR_42(CODE[3]), STR_43(CODE[38]), STR_44(CODE[43]), STR_45(CODE[17]), 
		 -> STR_46(CODE[5]), STR_47(CODE[2]), STR_48(CODE[5]), STR_49(CODE[3]), 
		 -> STR_5(CODE[19]), STR_50(CODE[23]), STR_51(CODE[38]), STR_52(CODE[15]), 
		 -> STR_53(CODE[17]), STR_54(CODE[5]), STR_55(CODE[2]), STR_56(CODE[5]), 
		 -> STR_57(CODE[3]), STR_58(CODE[17]), STR_59(CODE[27]), STR_6(CODE[5]), 
		 -> STR_60(CODE[26]), STR_61(CODE[28]), STR_62(CODE[4]), STR_63(CODE[2]), 
		 -> STR_64(CODE[3]), STR_65(CODE[2]), STR_66(CODE[3]), STR_67(CODE[3]), 
		 -> STR_68(CODE[6]), STR_69(CODE[4]), STR_7(CODE[2]), STR_70(CODE[2]), 
		 -> STR_71(CODE[3]), STR_72(CODE[3]), STR_8(CODE[5]), STR_9(CODE[3]), 

    read_prec_or_width@ap	PTR PTR void [1] size(1) Largest target is 1
		 -> printf@ap(COMRAM[1]), 

    read_prec_or_width@fmt	PTR PTR const unsigned char  size(1) Largest target is 2
		 -> vfprintf@cfmt(BANK0[2]), 

    S1170$20$0	PTR FTN()void  size(2) Largest target is 1
		 -> EUSART1_DefaultFramingErrorCallback(), 

    S1170$21$0	PTR FTN()void  size(2) Largest target is 1
		 -> EUSART1_DefaultOverrunErrorCallback(), 

    S1170$AutoBaudEventEnableGet	PTR FTN()_Bool  size(2) Largest target is 1
		 -> NULL(), 

    S1170$AutoBaudQuery	PTR FTN()_Bool  size(2) Largest target is 1
		 -> EUSART1_AutoBaudQuery(), 

    S1170$AutoBaudSet	PTR FTN(_Bool ,)void  size(2) Largest target is 1
		 -> EUSART1_AutoBaudSet(), 

    S1170$BaudRateGet	PTR FTN()unsigned long  size(2) Largest target is 1
		 -> NULL(), 

    S1170$BaudRateSet	PTR FTN(unsigned long ,)void  size(2) Largest target is 1
		 -> NULL(), 

    S1170$BRGCountGet	PTR FTN()unsigned long  size(2) Largest target is 1
		 -> NULL(), 

    S1170$BRGCountSet	PTR FTN(unsigned long ,)void  size(2) Largest target is 1
		 -> NULL(), 

    S1170$Deinitialize	PTR FTN()void  size(2) Largest target is 1
		 -> EUSART1_Deinitialize(), 

    S1170$ErrorGet	PTR FTN()unsigned int  size(2) Largest target is 2
		 -> EUSART1_ErrorGet(), 

    S1170$EventCallbackRegister	PTR FTN(PTR FTN()void ,)void  size(2) Largest target is 1
		 -> NULL(), 

    S1170$FramingErrorCallbackRegister	PTR FTN(PTR FTN()void ,)void  size(2) Largest target is 1
		 -> EUSART1_FramingErrorCallbackRegister(), 

    S1170$Initialize	PTR FTN()void  size(2) Largest target is 1
		 -> EUSART1_Initialize(), 

    S1170$IsRxReady	PTR FTN()_Bool  size(2) Largest target is 1
		 -> EUSART1_IsRxReady(), 

    S1170$IsTxDone	PTR FTN()_Bool  size(2) Largest target is 1
		 -> EUSART1_IsTxDone(), 

    S1170$IsTxReady	PTR FTN()_Bool  size(2) Largest target is 1
		 -> EUSART1_IsTxReady(), 

    S1170$OverrunErrorCallbackRegister	PTR FTN(PTR FTN()void ,)void  size(2) Largest target is 1
		 -> EUSART1_OverrunErrorCallbackRegister(), 

    S1170$ParityErrorCallbackRegister	PTR FTN(PTR FTN()void ,)void  size(2) Largest target is 1
		 -> NULL(), 

    S1170$Read	PTR FTN()unsigned char  size(2) Largest target is 1
		 -> EUSART1_Read(), 

    S1170$RxCompleteCallbackRegister	PTR FTN(PTR FTN()void ,)void  size(2) Largest target is 1
		 -> NULL(), 

    S1170$TransmitDisable	PTR FTN()void  size(2) Largest target is 1
		 -> EUSART1_TransmitDisable(), 

    S1170$TransmitEnable	PTR FTN()void  size(2) Largest target is 1
		 -> EUSART1_TransmitEnable(), 

    S1170$TxCollisionCallbackRegister	PTR FTN(PTR FTN()void ,)void  size(2) Largest target is 1
		 -> NULL(), 

    S1170$TxCompleteCallbackRegister	PTR FTN(PTR FTN()void ,)void  size(2) Largest target is 1
		 -> NULL(), 

    S1170$Write	PTR FTN(unsigned char ,)void  size(2) Largest target is 1
		 -> EUSART1_Write(), 

    S2175$buffer	PTR unsigned char  size(2) Largest target is 0

    S2175$source	PTR const unsigned char  size(2) Largest target is 0

    S837$4$0	PTR void  size(2) Largest target is 0

    S837$5$0	PTR void  size(2) Largest target is 0

    S837$6$0	PTR void  size(2) Largest target is 0

    S837SPI_INTERFACE$BufferExchange	PTR FTN(PTR void ,unsigned int ,)void  size(2) Largest target is 1
		 -> SPI2_BufferExchange(), 

    S837SPI_INTERFACE$BufferRead	PTR FTN(PTR void ,unsigned int ,)void  size(2) Largest target is 1
		 -> SPI2_BufferRead(), 

    S837SPI_INTERFACE$BufferWrite	PTR FTN(PTR void ,unsigned int ,)void  size(2) Largest target is 1
		 -> SPI2_BufferWrite(), 

    S837SPI_INTERFACE$ByteExchange	PTR FTN(unsigned char ,)unsigned char  size(2) Largest target is 1
		 -> SPI2_ByteExchange(), 

    S837SPI_INTERFACE$ByteRead	PTR FTN()unsigned char  size(2) Largest target is 1
		 -> SPI2_ByteRead(), 

    S837SPI_INTERFACE$ByteWrite	PTR FTN(unsigned char ,)void  size(2) Largest target is 1
		 -> SPI2_ByteWrite(), 

    S837SPI_INTERFACE$Close	PTR FTN()void  size(2) Largest target is 1
		 -> SPI2_Close(), 

    S837SPI_INTERFACE$Deinitialize	PTR FTN()void  size(2) Largest target is 1
		 -> SPI2_Deinitialize(), 

    S837SPI_INTERFACE$Initialize	PTR FTN()void  size(2) Largest target is 1
		 -> SPI2_Initialize(), 

    S837SPI_INTERFACE$IsRxReady	PTR FTN()_Bool  size(2) Largest target is 1
		 -> SPI2_IsRxReady(), 

    S837SPI_INTERFACE$IsTxReady	PTR FTN()_Bool  size(2) Largest target is 1
		 -> SPI2_IsTxReady(), 

    S837SPI_INTERFACE$Open	PTR FTN(unsigned char ,)_Bool  size(2) Largest target is 1
		 -> SPI2_Open(), 

    S837SPI_INTERFACE$RxCompleteCallbackRegister	PTR FTN(PTR FTN()void ,)void  size(2) Largest target is 1
		 -> NULL(), 

    S837SPI_INTERFACE$TxCompleteCallbackRegister	PTR FTN(PTR FTN()void ,)void  size(2) Largest target is 1
		 -> NULL(), 

    SDCARD_ReadBlock@sdCardBuffer	PTR unsigned char  size(2) Largest target is 512
		 -> sdCardBuffer(BIGRAM[512]), 

    SDCARD_WriteBlock@sdCardBuffer	PTR unsigned char  size(2) Largest target is 512
		 -> sdCardBuffer(BIGRAM[512]), 

    SPI2_Host$BufferExchange	PTR FTN(PTR void ,unsigned int ,)void  size(2) Largest target is 1
		 -> SPI2_BufferExchange(), 

    SPI2_Host$BufferRead	PTR FTN(PTR void ,unsigned int ,)void  size(2) Largest target is 1
		 -> SPI2_BufferRead(), 

    SPI2_Host$BufferWrite	PTR FTN(PTR void ,unsigned int ,)void  size(2) Largest target is 1
		 -> SPI2_BufferWrite(), 

    SPI2_Host$ByteExchange	PTR FTN(unsigned char ,)unsigned char  size(2) Largest target is 1
		 -> SPI2_ByteExchange(), 

    SPI2_Host$ByteRead	PTR FTN()unsigned char  size(2) Largest target is 1
		 -> SPI2_ByteRead(), 

    SPI2_Host$ByteWrite	PTR FTN(unsigned char ,)void  size(2) Largest target is 1
		 -> SPI2_ByteWrite(), 

    SPI2_Host$Close	PTR FTN()void  size(2) Largest target is 1
		 -> SPI2_Close(), 

    SPI2_Host$Deinitialize	PTR FTN()void  size(2) Largest target is 1
		 -> SPI2_Deinitialize(), 

    SPI2_Host$Initialize	PTR FTN()void  size(2) Largest target is 1
		 -> SPI2_Initialize(), 

    SPI2_Host$IsRxReady	PTR FTN()_Bool  size(2) Largest target is 1
		 -> SPI2_IsRxReady(), 

    SPI2_Host$IsTxReady	PTR FTN()_Bool  size(2) Largest target is 1
		 -> SPI2_IsTxReady(), 

    SPI2_Host$Open	PTR FTN(unsigned char ,)_Bool  size(2) Largest target is 1
		 -> SPI2_Open(), 

    SPI2_Host$RxCompleteCallbackRegister	PTR FTN(PTR FTN()void ,)void  size(2) Largest target is 1
		 -> NULL(), 

    SPI2_Host$TxCompleteCallbackRegister	PTR FTN(PTR FTN()void ,)void  size(2) Largest target is 1
		 -> NULL(), 

    TMR0_OverflowCallback	PTR FTN()void  size(2) Largest target is 1
		 -> myTMR0ISR(), TMR0_DefaultOverflowCallback(), NULL(), 

    TMR0_OverflowCallbackRegister@callbackHandler	PTR FTN()void  size(2) Largest target is 1
		 -> myTMR0ISR(), TMR0_DefaultOverflowCallback(), 

    UART1$AutoBaudEventEnableGet	PTR FTN()_Bool  size(2) Largest target is 1
		 -> NULL(), 

    UART1$AutoBaudQuery	PTR FTN()_Bool  size(2) Largest target is 1
		 -> EUSART1_AutoBaudQuery(), 

    UART1$AutoBaudSet	PTR FTN(_Bool ,)void  size(2) Largest target is 1
		 -> EUSART1_AutoBaudSet(), 

    UART1$BaudRateGet	PTR FTN()unsigned long  size(2) Largest target is 1
		 -> NULL(), 

    UART1$BaudRateSet	PTR FTN(unsigned long ,)void  size(2) Largest target is 1
		 -> NULL(), 

    UART1$BRGCountGet	PTR FTN()unsigned long  size(2) Largest target is 1
		 -> NULL(), 

    UART1$BRGCountSet	PTR FTN(unsigned long ,)void  size(2) Largest target is 1
		 -> NULL(), 

    UART1$Deinitialize	PTR FTN()void  size(2) Largest target is 1
		 -> EUSART1_Deinitialize(), 

    UART1$ErrorGet	PTR FTN()unsigned int  size(2) Largest target is 2
		 -> EUSART1_ErrorGet(), 

    UART1$EventCallbackRegister	PTR FTN(PTR FTN()void ,)void  size(2) Largest target is 1
		 -> NULL(), 

    UART1$FramingErrorCallbackRegister	PTR FTN(PTR FTN()void ,)void  size(2) Largest target is 1
		 -> EUSART1_FramingErrorCallbackRegister(), 

    UART1$Initialize	PTR FTN()void  size(2) Largest target is 1
		 -> EUSART1_Initialize(), 

    UART1$IsRxReady	PTR FTN()_Bool  size(2) Largest target is 1
		 -> EUSART1_IsRxReady(), 

    UART1$IsTxDone	PTR FTN()_Bool  size(2) Largest target is 1
		 -> EUSART1_IsTxDone(), 

    UART1$IsTxReady	PTR FTN()_Bool  size(2) Largest target is 1
		 -> EUSART1_IsTxReady(), 

    UART1$OverrunErrorCallbackRegister	PTR FTN(PTR FTN()void ,)void  size(2) Largest target is 1
		 -> EUSART1_OverrunErrorCallbackRegister(), 

    UART1$ParityErrorCallbackRegister	PTR FTN(PTR FTN()void ,)void  size(2) Largest target is 1
		 -> NULL(), 

    UART1$Read	PTR FTN()unsigned char  size(2) Largest target is 1
		 -> EUSART1_Read(), 

    UART1$RxCompleteCallbackRegister	PTR FTN(PTR FTN()void ,)void  size(2) Largest target is 1
		 -> NULL(), 

    UART1$TransmitDisable	PTR FTN()void  size(2) Largest target is 1
		 -> EUSART1_TransmitDisable(), 

    UART1$TransmitEnable	PTR FTN()void  size(2) Largest target is 1
		 -> EUSART1_TransmitEnable(), 

    UART1$TxCollisionCallbackRegister	PTR FTN(PTR FTN()void ,)void  size(2) Largest target is 1
		 -> NULL(), 

    UART1$TxCompleteCallbackRegister	PTR FTN(PTR FTN()void ,)void  size(2) Largest target is 1
		 -> NULL(), 

    UART1$Write	PTR FTN(unsigned char ,)void  size(2) Largest target is 1
		 -> EUSART1_Write(), 

    vfpfcnvrt@ap	PTR PTR void  size(1) Largest target is 1
		 -> printf@ap(COMRAM[1]), 

    vfpfcnvrt@cp	PTR unsigned char  size(2) Largest target is 83
		 -> STR_1(CODE[11]), STR_10(CODE[52]), STR_11(CODE[15]), STR_12(CODE[7]), 
		 -> STR_13(CODE[21]), STR_14(CODE[24]), STR_15(CODE[52]), STR_16(CODE[36]), 
		 -> STR_17(CODE[52]), STR_18(CODE[24]), STR_19(CODE[37]), STR_2(CODE[18]), 
		 -> STR_20(CODE[43]), STR_21(CODE[42]), STR_22(CODE[60]), STR_23(CODE[66]), 
		 -> STR_24(CODE[52]), STR_25(CODE[8]), STR_26(CODE[2]), STR_27(CODE[2]), 
		 -> STR_28(CODE[83]), STR_29(CODE[83]), STR_3(CODE[9]), STR_30(CODE[27]), 
		 -> STR_31(CODE[44]), STR_32(CODE[29]), STR_33(CODE[29]), STR_34(CODE[30]), 
		 -> STR_35(CODE[20]), STR_36(CODE[28]), STR_37(CODE[20]), STR_38(CODE[19]), 
		 -> STR_39(CODE[5]), STR_4(CODE[54]), STR_40(CODE[2]), STR_41(CODE[5]), 
		 -> STR_42(CODE[3]), STR_43(CODE[38]), STR_44(CODE[43]), STR_45(CODE[17]), 
		 -> STR_46(CODE[5]), STR_47(CODE[2]), STR_48(CODE[5]), STR_49(CODE[3]), 
		 -> STR_5(CODE[19]), STR_50(CODE[23]), STR_51(CODE[38]), STR_52(CODE[15]), 
		 -> STR_53(CODE[17]), STR_54(CODE[5]), STR_55(CODE[2]), STR_56(CODE[5]), 
		 -> STR_57(CODE[3]), STR_58(CODE[17]), STR_59(CODE[27]), STR_6(CODE[5]), 
		 -> STR_60(CODE[26]), STR_61(CODE[28]), STR_62(CODE[4]), STR_63(CODE[2]), 
		 -> STR_64(CODE[3]), STR_65(CODE[2]), STR_66(CODE[3]), STR_67(CODE[3]), 
		 -> STR_68(CODE[6]), STR_69(CODE[4]), STR_7(CODE[2]), STR_70(CODE[2]), 
		 -> STR_71(CODE[3]), STR_72(CODE[3]), STR_8(CODE[5]), STR_9(CODE[3]), 

    vfpfcnvrt@fmt	PTR PTR unsigned char  size(1) Largest target is 2
		 -> vfprintf@cfmt(BANK0[2]), 

    vfpfcnvrt@fp	PTR struct _IO_FILE size(2) Largest target is 0
		 -> NULL(NULL[0]), 

    vfprintf@ap	PTR PTR void  size(1) Largest target is 1
		 -> printf@ap(COMRAM[1]), 

    vfprintf@cfmt	PTR unsigned char  size(2) Largest target is 83
		 -> STR_1(CODE[11]), STR_10(CODE[52]), STR_11(CODE[15]), STR_12(CODE[7]), 
		 -> STR_13(CODE[21]), STR_14(CODE[24]), STR_15(CODE[52]), STR_16(CODE[36]), 
		 -> STR_17(CODE[52]), STR_18(CODE[24]), STR_19(CODE[37]), STR_2(CODE[18]), 
		 -> STR_20(CODE[43]), STR_21(CODE[42]), STR_22(CODE[60]), STR_23(CODE[66]), 
		 -> STR_24(CODE[52]), STR_25(CODE[8]), STR_26(CODE[2]), STR_27(CODE[2]), 
		 -> STR_28(CODE[83]), STR_29(CODE[83]), STR_3(CODE[9]), STR_30(CODE[27]), 
		 -> STR_31(CODE[44]), STR_32(CODE[29]), STR_33(CODE[29]), STR_34(CODE[30]), 
		 -> STR_35(CODE[20]), STR_36(CODE[28]), STR_37(CODE[20]), STR_38(CODE[19]), 
		 -> STR_39(CODE[5]), STR_4(CODE[54]), STR_40(CODE[2]), STR_41(CODE[5]), 
		 -> STR_42(CODE[3]), STR_43(CODE[38]), STR_44(CODE[43]), STR_45(CODE[17]), 
		 -> STR_46(CODE[5]), STR_47(CODE[2]), STR_48(CODE[5]), STR_49(CODE[3]), 
		 -> STR_5(CODE[19]), STR_50(CODE[23]), STR_51(CODE[38]), STR_52(CODE[15]), 
		 -> STR_53(CODE[17]), STR_54(CODE[5]), STR_55(CODE[2]), STR_56(CODE[5]), 
		 -> STR_57(CODE[3]), STR_58(CODE[17]), STR_59(CODE[27]), STR_6(CODE[5]), 
		 -> STR_60(CODE[26]), STR_61(CODE[28]), STR_62(CODE[4]), STR_63(CODE[2]), 
		 -> STR_64(CODE[3]), STR_65(CODE[2]), STR_66(CODE[3]), STR_67(CODE[3]), 
		 -> STR_68(CODE[6]), STR_69(CODE[4]), STR_7(CODE[2]), STR_70(CODE[2]), 
		 -> STR_71(CODE[3]), STR_72(CODE[3]), STR_8(CODE[5]), STR_9(CODE[3]), 

    vfprintf@fmt	PTR const unsigned char  size(2) Largest target is 83
		 -> STR_1(CODE[11]), STR_10(CODE[52]), STR_11(CODE[15]), STR_12(CODE[7]), 
		 -> STR_13(CODE[21]), STR_14(CODE[24]), STR_15(CODE[52]), STR_16(CODE[36]), 
		 -> STR_17(CODE[52]), STR_18(CODE[24]), STR_19(CODE[37]), STR_2(CODE[18]), 
		 -> STR_20(CODE[43]), STR_21(CODE[42]), STR_22(CODE[60]), STR_23(CODE[66]), 
		 -> STR_24(CODE[52]), STR_25(CODE[8]), STR_26(CODE[2]), STR_27(CODE[2]), 
		 -> STR_28(CODE[83]), STR_29(CODE[83]), STR_3(CODE[9]), STR_30(CODE[27]), 
		 -> STR_31(CODE[44]), STR_32(CODE[29]), STR_33(CODE[29]), STR_34(CODE[30]), 
		 -> STR_35(CODE[20]), STR_36(CODE[28]), STR_37(CODE[20]), STR_38(CODE[19]), 
		 -> STR_39(CODE[5]), STR_4(CODE[54]), STR_40(CODE[2]), STR_41(CODE[5]), 
		 -> STR_42(CODE[3]), STR_43(CODE[38]), STR_44(CODE[43]), STR_45(CODE[17]), 
		 -> STR_46(CODE[5]), STR_47(CODE[2]), STR_48(CODE[5]), STR_49(CODE[3]), 
		 -> STR_5(CODE[19]), STR_50(CODE[23]), STR_51(CODE[38]), STR_52(CODE[15]), 
		 -> STR_53(CODE[17]), STR_54(CODE[5]), STR_55(CODE[2]), STR_56(CODE[5]), 
		 -> STR_57(CODE[3]), STR_58(CODE[17]), STR_59(CODE[27]), STR_6(CODE[5]), 
		 -> STR_60(CODE[26]), STR_61(CODE[28]), STR_62(CODE[4]), STR_63(CODE[2]), 
		 -> STR_64(CODE[3]), STR_65(CODE[2]), STR_66(CODE[3]), STR_67(CODE[3]), 
		 -> STR_68(CODE[6]), STR_69(CODE[4]), STR_7(CODE[2]), STR_70(CODE[2]), 
		 -> STR_71(CODE[3]), STR_72(CODE[3]), STR_8(CODE[5]), STR_9(CODE[3]), 

    vfprintf@fp	PTR struct _IO_FILE size(2) Largest target is 0
		 -> NULL(NULL[0]), 

    xtoa@fp	PTR struct _IO_FILE size(2) Largest target is 0
		 -> NULL(NULL[0]), 


Critical Paths under _main in COMRAM

    _main->_printf
    _hexDumpBuffer->_printf
    _TMR0_Initialize->_TMR0_OverflowCallbackRegister
    _INTERRUPT_Initialize->_INT0_SetInterruptHandler
    _INTERRUPT_Initialize->_INT1_SetInterruptHandler
    _INTERRUPT_Initialize->_INT2_SetInterruptHandler
    _EUSART1_Initialize->_EUSART1_FramingErrorCallbackRegister
    _EUSART1_Initialize->_EUSART1_OverrunErrorCallbackRegister
    _SDCARD_WriteBlock->_SPI2_ByteExchange
    _SDCARD_ReadBlock->_SPI2_ByteExchange
    _SDCARD_PollWriteComplete->_SPI2_ByteExchange
    _SDCARD_Initialize->_printf
    _vfprintf->_vfpfcnvrt
    _vfpfcnvrt->_xtoa
    _xtoa->_pad
    _dtoa->_pad
    _pad->_fputs
    _fputs->_fputc
    _abs->___awmod
    _ctoa->_fputc
    _fputc->_putch
    _putch->_EUSART1_IsTxReady
    _putch->_EUSART1_Write

Critical Paths under _INTERRUPT_InterruptManager in COMRAM

    _TMR0_OverflowISR->_myTMR0ISR
    _myTMR0ISR->i2_TMR0_CounterSet
    i2_TMR0_CounterSet->_TMR0_CounterGet

Critical Paths under _main in BANK0

    _main->_hexDumpBuffer
    _hexDumpBuffer->_printf
    _SDCARD_Initialize->_printf
    _printf->_vfprintf

Critical Paths under _INTERRUPT_InterruptManager in BANK0

    None.

Critical Paths under _main in BANK1

    None.

Critical Paths under _INTERRUPT_InterruptManager in BANK1

    None.

Critical Paths under _main in BANK2

    None.

Critical Paths under _INTERRUPT_InterruptManager in BANK2

    None.

Critical Paths under _main in BANK3

    None.

Critical Paths under _INTERRUPT_InterruptManager in BANK3

    None.

Critical Paths under _main in BANK4

    None.

Critical Paths under _INTERRUPT_InterruptManager in BANK4

    None.

Critical Paths under _main in BANK5

    None.

Critical Paths under _INTERRUPT_InterruptManager in BANK5

    None.

Call Graph Tables:

 ---------------------------------------------------------------------------------
 (Depth) Function   	        Calls       Base Space   Used Autos Params    Refs
 ---------------------------------------------------------------------------------
 (0) _main                                                12    12      0   26454
                                             23 BANK0     10    10      0
                  _EUSART1_IsRxReady
                       _EUSART1_Read
                  _SDCARD_Initialize
           _SDCARD_PollWriteComplete
                   _SDCARD_ReadBlock
                  _SDCARD_WriteBlock
                  _SPI2_ByteExchange
                         _SPI2_Close
                          _SPI2_Open
                  _SYSTEM_Initialize
                    _TMR0_CounterSet
      _TMR0_OverflowCallbackRegister
                      _hexDumpBuffer
                             _printf
 ---------------------------------------------------------------------------------
 (1) _hexDumpBuffer                                       10     8      2    8569
                                             13 BANK0     10     8      2
                             _printf
 ---------------------------------------------------------------------------------
 (1) _TMR0_CounterSet                                      2     0      2      45
                                             14 COMRAM     2     0      2
 ---------------------------------------------------------------------------------
 (1) _SYSTEM_Initialize                                    0     0      0     183
                   _CLOCK_Initialize
                 _EUSART1_Initialize
               _INTERRUPT_Initialize
             _PIN_MANAGER_Initialize
                    _SPI2_Initialize
                    _TMR0_Initialize
 ---------------------------------------------------------------------------------
 (2) _TMR0_Initialize                                      0     0      0      24
      _TMR0_OverflowCallbackRegister
 ---------------------------------------------------------------------------------
 (1) _TMR0_OverflowCallbackRegister                        2     0      2      24
                                             14 COMRAM     2     0      2
 ---------------------------------------------------------------------------------
 (2) _SPI2_Initialize                                      0     0      0       0
 ---------------------------------------------------------------------------------
 (2) _PIN_MANAGER_Initialize                               0     0      0       0
 ---------------------------------------------------------------------------------
 (2) _INTERRUPT_Initialize                                 0     0      0      69
           _INT0_SetInterruptHandler
           _INT1_SetInterruptHandler
           _INT2_SetInterruptHandler
 ---------------------------------------------------------------------------------
 (3) _INT2_SetInterruptHandler                             2     0      2      23
                                             14 COMRAM     2     0      2
 ---------------------------------------------------------------------------------
 (3) _INT1_SetInterruptHandler                             2     0      2      23
                                             14 COMRAM     2     0      2
 ---------------------------------------------------------------------------------
 (3) _INT0_SetInterruptHandler                             2     0      2      23
                                             14 COMRAM     2     0      2
 ---------------------------------------------------------------------------------
 (2) _EUSART1_Initialize                                   0     0      0      90
_EUSART1_FramingErrorCallbackRegiste
_EUSART1_OverrunErrorCallbackRegiste
 ---------------------------------------------------------------------------------
 (3) _EUSART1_OverrunErrorCallbackRegister                 2     0      2      45
                                             14 COMRAM     2     0      2
 ---------------------------------------------------------------------------------
 (3) _EUSART1_FramingErrorCallbackRegister                 2     0      2      45
                                             14 COMRAM     2     0      2
 ---------------------------------------------------------------------------------
 (2) _CLOCK_Initialize                                     0     0      0       0
 ---------------------------------------------------------------------------------
 (1) _SPI2_Open                                            2     2      0     125
                                             14 COMRAM     1     1      0
 ---------------------------------------------------------------------------------
 (1) _SPI2_Close                                           0     0      0       0
 ---------------------------------------------------------------------------------
 (1) _SDCARD_WriteBlock                                    8     2      6     210
                                             15 COMRAM     8     2      6
                  _SPI2_ByteExchange
 ---------------------------------------------------------------------------------
 (1) _SDCARD_ReadBlock                                     8     2      6     210
                                             15 COMRAM     8     2      6
                  _SPI2_ByteExchange
 ---------------------------------------------------------------------------------
 (1) _SDCARD_PollWriteComplete                             1     1      0      74
                                             15 COMRAM     1     1      0
                  _SPI2_ByteExchange
 ---------------------------------------------------------------------------------
 (1) _SDCARD_Initialize                                    4     4      0    8268
                                             13 BANK0      4     4      0
                  _SPI2_ByteExchange
                             _printf
 ---------------------------------------------------------------------------------
 (1) _printf                                               9     3      6    7866
                                             66 COMRAM     1     1      0
                                              7 BANK0      6     0      6
                  _SPI2_ByteExchange (ARG)
                           _vfprintf
 ---------------------------------------------------------------------------------
 (2) _vfprintf                                             7     2      5    7551
                                              0 BANK0      7     2      5
                          _vfpfcnvrt
 ---------------------------------------------------------------------------------
 (3) _vfpfcnvrt                                           14    10      4    7309
                                             52 COMRAM    14    10      4
                               _ctoa
                               _dtoa
                              _fputc
                 _read_prec_or_width
                               _xtoa
 ---------------------------------------------------------------------------------
 (4) _xtoa                                                13     9      4    1834
                                             39 COMRAM    13     9      4
                                _pad
 ---------------------------------------------------------------------------------
 (4) _read_prec_or_width                                   7     5      2     266
                                             14 COMRAM     7     5      2
 ---------------------------------------------------------------------------------
 (4) _dtoa                                                12     8      4    2984
                                             39 COMRAM    12     8      4
                            ___awdiv
                            ___awmod
                                _abs
                                _pad
 ---------------------------------------------------------------------------------
 (5) _pad                                                  8     3      5    1395
                                             31 COMRAM     8     3      5
                              _fputc
                              _fputs
 ---------------------------------------------------------------------------------
 (6) _fputs                                                6     3      3     636
                                             25 COMRAM     6     3      3
                              _fputc
 ---------------------------------------------------------------------------------
 (5) _abs                                                  4     2      2      96
                                             20 COMRAM     4     2      2
                            ___awmod (ARG)
 ---------------------------------------------------------------------------------
 (5) ___awmod                                              6     2      4     439
                                             14 COMRAM     6     2      4
 ---------------------------------------------------------------------------------
 (5) ___awdiv                                              8     4      4     451
                                             14 COMRAM     8     4      4
 ---------------------------------------------------------------------------------
 (4) _ctoa                                                 8     5      3     753
                                             25 COMRAM     8     5      3
                              _fputc
 ---------------------------------------------------------------------------------
 (7) _fputc                                                9     5      4     484
                                             16 COMRAM     9     5      4
                              _putch
 ---------------------------------------------------------------------------------
 (8) _putch                                                1     1      0     131
                                             15 COMRAM     1     1      0
                  _EUSART1_IsTxReady
                      _EUSART1_Write
 ---------------------------------------------------------------------------------
 (9) _EUSART1_Write                                        1     1      0      47
                                             14 COMRAM     1     1      0
 ---------------------------------------------------------------------------------
 (9) _EUSART1_IsTxReady                                    1     1      0      37
                                             14 COMRAM     1     1      0
 ---------------------------------------------------------------------------------
 (1) _SPI2_ByteExchange                                    1     1      0      29
                                             14 COMRAM     1     1      0
 ---------------------------------------------------------------------------------
 (1) _EUSART1_Read                                         0     0      0       0
                                NULL *
_EUSART1_DefaultFramingErrorCallback *
_EUSART1_DefaultOverrunErrorCallback *
 ---------------------------------------------------------------------------------
 (2) _EUSART1_DefaultOverrunErrorCallback                  0     0      0       0
 ---------------------------------------------------------------------------------
 (2) _EUSART1_DefaultFramingErrorCallback                  0     0      0       0
 ---------------------------------------------------------------------------------
 (13) NULL(Fake)                                           0     0      0       0
 ---------------------------------------------------------------------------------
 (1) _EUSART1_IsRxReady                                    0     0      0       0
 ---------------------------------------------------------------------------------
 Estimated maximum stack depth 13
 ---------------------------------------------------------------------------------
 (Depth) Function   	        Calls       Base Space   Used Autos Params    Refs
 ---------------------------------------------------------------------------------
 (11) _INTERRUPT_InterruptManager                          2     2      0     160
                                             12 COMRAM     2     2      0
                   _TMR0_OverflowISR
 ---------------------------------------------------------------------------------
 (12) _TMR0_OverflowISR                                    0     0      0     160
                                NULL *
       _TMR0_DefaultOverflowCallback *
                          _myTMR0ISR *
 ---------------------------------------------------------------------------------
 (13) _myTMR0ISR                                           2     2      0     160
                                             10 COMRAM     2     2      0
                    _TMR0_CounterGet
                  i2_TMR0_CounterSet
 ---------------------------------------------------------------------------------
 (14) i2_TMR0_CounterSet                                   2     0      2      45
                                              8 COMRAM     2     0      2
                    _TMR0_CounterGet (ARG)
 ---------------------------------------------------------------------------------
 (14) _TMR0_CounterGet                                     8     6      2      69
                                              0 COMRAM     8     6      2
 ---------------------------------------------------------------------------------
 (13) _TMR0_DefaultOverflowCallback                        0     0      0       0
 ---------------------------------------------------------------------------------
 (13) NULL(Fake)                                           0     0      0       0
 ---------------------------------------------------------------------------------
 Estimated maximum stack depth 14
 ---------------------------------------------------------------------------------

 Call Graph Graphs:

 _main (ROOT)
   _EUSART1_IsRxReady
   _EUSART1_Read
     NULL(Fake) *
     _EUSART1_DefaultFramingErrorCallback *
     _EUSART1_DefaultOverrunErrorCallback *
   _SDCARD_Initialize
     _SPI2_ByteExchange
     _printf
       _SPI2_ByteExchange (ARG)
       _vfprintf (ARG)
         _vfpfcnvrt
           _ctoa
             _fputc
               _putch
                 _EUSART1_IsTxReady
                 _EUSART1_Write
           _dtoa
             ___awdiv
             ___awmod
             _abs
               ___awmod (ARG)
             _pad
               _fputc
               _fputs
                 _fputc
           _fputc
           _read_prec_or_width
           _xtoa
             _pad
   _SDCARD_PollWriteComplete
     _SPI2_ByteExchange
   _SDCARD_ReadBlock
     _SPI2_ByteExchange
   _SDCARD_WriteBlock
     _SPI2_ByteExchange
   _SPI2_ByteExchange
   _SPI2_Close
   _SPI2_Open
   _SYSTEM_Initialize
     _CLOCK_Initialize
     _EUSART1_Initialize
       _EUSART1_FramingErrorCallbackRegister
       _EUSART1_OverrunErrorCallbackRegister
     _INTERRUPT_Initialize
       _INT0_SetInterruptHandler
       _INT1_SetInterruptHandler
       _INT2_SetInterruptHandler
     _PIN_MANAGER_Initialize
     _SPI2_Initialize
     _TMR0_Initialize
       _TMR0_OverflowCallbackRegister
   _TMR0_CounterSet
   _TMR0_OverflowCallbackRegister
   _hexDumpBuffer
     _printf
   _printf

 _INTERRUPT_InterruptManager (ROOT)
   _TMR0_OverflowISR
     NULL(Fake) *
     _TMR0_DefaultOverflowCallback *
     _myTMR0ISR *
       _TMR0_CounterGet
       i2_TMR0_CounterSet
         _TMR0_CounterGet (ARG)

Address spaces:
Name               Size   Autos  Total    Usage
BIGRAM            1535      0     512     33.4%
BITBANK5           256      0       0      0.0%
BANK5              256      0       0      0.0%
BITBANK4           256      0       0      0.0%
BANK4              256      0       0      0.0%
BITBANK3           256      0       0      0.0%
BANK3              256      0       0      0.0%
BITBANK2           256      0       0      0.0%
BANK2              256      0       0      0.0%
BITBANK1           256      0       0      0.0%
BANK1              256      0       0      0.0%
BITBANK0           160      0       0      0.0%
BANK0              160     33      73     45.6%
BITBIGSFRh         118      0       0      0.0%
BITCOMRAM           94      0       0      0.0%
COMRAM              94     67      80     85.1%
BITBIGSFRllll       38      0       0      0.0%
BITBIGSFRlh         28      0       0      0.0%
BITBIGSFRlllh        6      0       0      0.0%
BITBIGSFRllh         2      0       0      0.0%
STACK                0      0       0      0.0%
DATA                 0      0     665      0.0%


Microchip Technology PIC18 Macro Assembler V3.00 build 20241204225717 
Symbol Table                                                                                   Thu Oct 30 17:54:17 2025

                                   _SPI2_BufferWrite 0000                                                   l37 16FE  
                                                 l54 1908                                                   l80 18F4  
                                                 l67 18FE                                                   l92 18D6  
                                       ___awdiv@sign 0014                                 SDCARD_ReadBlock@addr 0010  
                                     hexDumpBuffer@i 009B                                       hexDumpBuffer@j 0097  
                                                l113 17DE                                                  l220 007A  
                                                l231 0288                                                  l400 18A6  
                                                l128 18E0                                                  l153 18EA  
                                                l306 1794                                                  l171 188C  
                                                l254 04D4                                                  l248 0428  
                                                l530 17B8                                                  l362 14D2  
                                                l531 17BA                                                  l259 050A  
                                                l620 0B3C                                                  l604 1448  
                                                l364 14D2                                                  l356 18C8  
                                                l526 18BA                                                  l614 16CA  
                                                l606 144A                                                  l367 1924  
                                                l544 155A                                                  l609 1694  
                                                l562 1926                                                  l482 1692  
                                                l547 191A                                                  l565 1920  
                                                l397 1894                                                  l573 1856  
                                                l645 0A34                                                  l399 18A2  
                                                l559 181C                                                  l903 11E0  
                                                l639 0C7C                                                  l656 0B04  
                                                l569 1872                                                  l594 1326  
                                                l890 1132                           ??_INT0_SetInterruptHandler 0011  
                                                _abs 1700                                                  _pad 1328  
                                       ___awmod@sign 0014                                  _SPI2_BufferExchange 0000  
                                                tosl 0FFD                                                  wreg 0FE8  
                                         _TXSTA1bits 0FAC                                                 ?_abs 0015  
                                               l1410 1284                                                 l3101 1432  
                                               l1414 128C                                                 l1406 0EDE  
                                               l3111 16B0                                                 l3103 1436  
                                               l1360 139E                                                 l1337 17FE  
                                               l3105 1696                                                 l4001 0666  
                                               l1362 13BC                                                 l1442 15A2  
                                               l1427 0918                                                 l3107 169E  
                                               l3131 129C                                                 l3123 128E  
                                               l1461 0FA8                                                 l1373 100E  
                                               l1357 135C                                                 l1381 0CDC  
                                               l3117 16B6                                                 l3109 16A0  
                                               l3141 12BA                                                 l3133 12A2  
                                               l3125 128E                                                 l1446 171A  
                                               l3119 16C8                                                 l3151 12EE  
                                               l3143 12D0                                                 l3135 12A8  
                                               l3127 1290                                                 l3071 13BE  
                                               l1376 1050                                                 l3401 0F62  
                                               l1449 1732                                                 l3153 1302  
                                               l3145 12E6                                                 l3137 12AE  
                                               l3129 1296                                                 l3081 13D2  
                                               l3073 13BE                                                 l1378 1070  
                                               l1394 0DE4                                                 l3411 15C6  
                                               l3155 1306                                                 l3139 12B4  
                                               l3091 1400                                                 l3083 13D8  
                                               l3075 13C0                                                 l3421 108E  
                                               l3413 1072                                                 l1469 15E2  
                                               l3405 15A4                                                 l3501 1368  
                                               l3157 1318                                                 l3093 1418  
                                               l3085 13DE                                                 l3077 13C6  
                                               l3431 10C2                                                 l3423 109C  
                                               l3415 1074                                                 l3511 170E  
                                               l3407 15B0                                                 l3503 137C  
                                               l3159 1324                                                 l3087 13E4  
                                               l3079 13CC                                                 l3521 0FE2  
                                               l3513 0FAA                                                 l3441 10FC  
                                               l3433 10CA                                                 l3425 10A4  
                                               l3417 1082                                                 l3409 15C2  
                                               l3505 1380                                                 l3601 0E26  
                                               l3089 13EA                                                 l3531 102E  
                                               l3523 0FF4                                                 l3515 0FBC  
                                               l3451 1122                                                 l3443 1104  
                                               l3435 10D2                                                 l3427 10A8  
                                               l3419 108A                                                 l3507 13AC  
                                               l3603 0E2A                                                 l3611 0E5E  
                                               l3099 1420                                                 l3373 1796  
                                               l3381 1916                                                 l3533 1032  
                                               l3517 0FC8                                                 l3453 112A  
                                               l3445 1106                                                 l3437 10E0  
                                               l3429 10B0                                                 l3461 1144  
                                               l3509 1700                                                 l3541 0C96  
                                               l3613 0E7A                                                 l3621 0EC4  
                                               l3605 0E36                                                 l2901 178C  
                                               l3375 17A6                                                 l3383 1802  
                                               l3391 0EE0                                                 l3535 105E  
                                               l3527 1006                                                 l3519 0FD4  
                                               l3447 110C                                                 l3439 10E6  
                                               l3471 1178                                                 l3463 114C  
                                               l3551 0CD0                                                 l3543 0C9E  
                                               l3631 1218                                                 l3615 0E8C  
                                               l3607 0E38                                                 l3703 08CA  
                                               l2903 1792                                                 l2911 18BC  
                                               l3377 17B4                                                 l3385 1802  
                                               l3393 0EF2                                                 l3529 101A  
                                               l3449 1112                                                 l3481 11B4  
                                               l3473 1180                                                 l3465 1150  
                                               l3457 1134                                                 l3561 0D20  
                                               l3553 0CD8                                                 l3545 0CAE  
                                               l3537 0C7E                                                 l3633 1234  
                                               l3625 11E2                                                 l3617 0E9C  
                                               l3609 0E3E                                                 l3705 08E2  
                                               l3641 06E2                                                 l3721 1598  
                                               l3801 0C4A                                                 l2905 165C  
                                               l2833 1900                                                 l3387 1816  
                                               l3395 0F04                                                 l3483 11BA  
                                               l3475 1188                                                 l3467 115E  
                                               l3459 1136                                                 l3571 0D70  
                                               l3563 0D22                                                 l3555 0CE4  
                                               l3547 0CB4                                                 l3539 0C82  
                                               l3635 1252                                                 l3627 11EA  
                                               l3619 0EB6                                                 l3651 0708  
                                               l3643 06EE                                                 l3715 155C  
                                               l3803 0C5A                                                 l3731 0B0A  
                                               l2851 186A                                                 l2907 1670  
                                               l2835 18F6                                                 l3397 0F0E  
                                               l3477 1196                                                 l3485 11C0  
                                               l3469 1166                                                 l3493 1328  
                                               l3581 0DBE                                                 l3573 0D80  
                                               l3565 0D28                                                 l3557 0CEC  
                                               l3549 0CC4                                                 l3629 120C  
                                               l3637 125E                                                 l3661 074E  
                                               l3653 0718                                                 l3645 06FA  
                                               l3709 08F2                                                 l3717 1568  
                                               l3725 17E0                                                 l3805 0C6A  
                                               l3741 0B20                                                 l2853 183C  
                                               l2909 167C                                                 l2837 18EC  
                                               l3821 096E                                                 l3901 0260  
                                               ?_pad 0020                                                 l2919 1890  
                                               l3399 0F2C                                                 l3487 11D0  
                                               l3479 11AC                                                 l3495 1336  
                                               l3583 0DCA                                                 l3575 0D9A  
                                               l3559 0CF2                                                 l3567 0D44  
                                               l3591 0DFA                                                 l3671 07A8  
                                               l3663 0762                                                 l3647 0700  
                                               l3639 06C0                                                 l3719 157C  
                                               l3727 17E4                                                 l3751 0B9C  
                                               l3743 0B3E                                                 l2855 184E  
                                               l2871 16CC                                                 l2839 18E2  
                                               l2951 187C                                                 l3831 09DA  
                                               l3823 0982                                                 l3815 0932  
                                               l3807 091A                                                 l3903 026C  
                                               l2937 191C                                                 l3489 11D8  
                                               l3497 1346                                                 l3569 0D5E  
                                               l3577 0DA8                                                 l3593 0E02  
                                               l3681 07FA                                                 l3673 07BC  
                                               l3665 0770                                                 l3657 0720  
                                               l3649 0706                                                 l3761 0BB6  
                                               l3753 0B9E                                                 l3745 0B78  
                                               l3737 0B14                                                 l2961 144E  
                                               l2849 1858                                                 l2881 16F0  
                                               l2873 16D2                                                 l2953 1880  
                                               l2945 18D8                                                 l3841 0A58  
                                               l3833 09EA                                                 l3825 09A0  
                                               l3817 0944                                                 l3809 0928  
                                               l3921 0306                                                 l3913 0296  
                                               l3905 0272                                                 l3499 1354  
                                               l3579 0DB8                                                 l3595 0E08  
                                               l3587 0DE6                                                 l3691 0860  
                                               l3683 0816                                                 l3667 077A  
                                               l3659 073E                                                 l3771 0BD8  
                                               l3763 0BBC                                                 l3755 0BA4  
                                               l3747 0B7A                                                 l3739 0B1A  
                                               l2963 145C                                                 l2883 18CA  
                                               l2875 16DE                                                 l2891 17D6  
                                               l2955 1884                                                 l2947 18DC  
                                               l3851 0AAA                                                 l3843 0A5E  
                                               l3835 0A0C                                                 l3827 09AC  
                                               l3819 0962                                                 l3931 035E  
                                               l3923 031A                                                 l3915 02A2  
                                               l3907 028E                                                 l2981 1500  
                                               l2973 14D4                                                 l3597 0E0E  
                                               l3589 0DEA                                                 l3693 087C  
                                               l3685 082E                                                 l3669 079C  
                                               l3677 07D0                                                 l3781 0C0E  
                                               l3773 0BDA                                                 l3765 0BC2  
                                               l3757 0BAA                                                 l3749 0B8A  
                                               l2965 14CC                                                 l2877 16E0  
                                               l2893 17D8                                                 l2885 17BC  
                                               l2957 1888                                                 l2949 1874  
                                               l3853 0ABA                                                 l3845 0A70  
                                               l3829 09BE                                                 l3837 0A12  
                                               l3941 03A6                                                 l3933 0362  
                                               l3925 032E                                                 l3917 02A8  
                                               l3861 0050                                                 l2991 1558  
                                               l2983 151A                                                 l2975 14DE  
                                               l3599 0E1E                                                 l3695 0894  
                                               l3687 0848                                                 l3679 07DE  
                                               l3791 0C2C                                                 l3783 0C14  
                                               l3775 0BEA                                                 l3767 0BC8  
                                               l3759 0BB0                                                 l2959 1922  
                                               l2967 14CE                                                 l2879 16EE  
                                               l2895 17DA                                                 l2887 17C2  
                                               l3855 0ADC                                                 l3847 0A7C  
                                               l3839 0A28                                                 l3951 0406  
                                               l3943 03B2                                                 l3935 0368  
                                               l3927 0332                                                 l3919 02C2  
                                               l3871 0088                                                 l3863 0066  
                                               l2969 18A8                                                 l2985 1528  
                                               l2977 14EC                                                 l3697 08B2  
                                               l3793 0C32                                                 l3785 0C1A  
                                               l3777 0BFA                                                 l3769 0BCE  
                                               l2897 1766                                                 l2889 17CA  
                                               l3849 0A8E                                                 l3857 0AE2  
                                               l3953 041C                                                 l3945 03C8  
                                               l3937 0372                                                 l3929 0356  
                                               l3881 00B4                                                 l3873 0094  
                                               l3865 006A                                                 l2987 152C  
                                               l2979 14EE                                                 l3795 0C38  
                                               l3787 0C20                                                 l3779 0C0C  
                                               l2899 176A                                                 l3859 0AF8  
                                               l3971 04F2                                                 l3963 04AC  
                                               l3955 0496                                                 l3939 0384  
                                               l3947 03D8                                                 l3891 00EC  
                                               l3883 00C2                                                 l3875 0096  
                                               l3867 006C                                                 l2989 153E  
                                               l3797 0C3E                                                 l3789 0C26  
                                               l3981 05C4                                                 l3973 050C  
                                               l3965 04BE                                                 l3957 04A2  
                                               l3949 03FA                                                 l3893 0248  
                                               l3885 00C6                                                 l3877 0098  
                                               l3869 0078                                                 l3799 0C48  
                                               l3991 060A                                                 l3983 05C6  
                                               l3975 059A                                                 l3967 04C2  
                                               l3895 0258                                                 l3887 00CC  
                                               l3879 00A6                                                 l3993 0630  
                                               l3985 05D4                                                 l3977 05A6  
                                               l3969 04D6                                                 l3889 00E0  
                                               l3995 063E                                                 l3987 05E2  
                                               l3979 05A8                                                 l3997 0650  
                                               l3989 05FC                                                 STR_1 7FC6  
                                               STR_2 7F74                                                 STR_3 7FD1  
                                               STR_4 7C1E                                                 STR_5 7F61  
                                               STR_6 7FEF                                                 STR_7 7FFD  
                                               STR_8 7FEF                                                 STR_9 7FB4  
                                               u2010 1400                                                 u2011 13FC  
                                               u2020 1448                                                 u2021 1444  
                                               u2030 16B0                                                 u2031 16AC  
                                               u2040 12D0                                                 u3000 0A70  
                                               u2041 12CC                                                 u3001 0A6C  
                                               u2050 12E6                                                 u3010 0AAA  
                                               u2051 12E2                                                 u3011 0AA6  
                                               u2060 1318                                                 u3020 0AF8  
                                               u3100 03A6                                                 _IOCB 0F62  
                                               u2061 1314                                                 u3021 0AF4  
                                               u3101 03A2                                                 _LATA 0F89  
                                               u2310 17A6                                                 u3110 03FA  
                                               u3030 0088                                                 _LATB 0F8A  
                                               u2311 17A2                                                 u3111 03F6  
                                               u3031 0084                                                 _LATC 0F8B  
                                               u2320 17B4                                                 u2400 109C  
                                               u3120 04D4                                                 u3040 00E0  
                                               u2321 17B0                                                 u2401 1098  
                                               u3121 04D0                                                 u3041 00DC  
                                               u2330 1816                                                 u2410 10C2  
                                               u3130 050A                                                 u3050 0288  
                                               u2331 1812                                                 u2411 10BE  
                                               u3131 0506                                                 u3051 0284  
                                               u2340 0EF2                                                 u2420 10E0  
                                               u2500 11D0                                                 u3060 02BE  
                                               u2341 0EEE                                                 u2421 10DC  
                                               u2501 11CC                                                 u3061 02BA  
                                               u2350 0F04                                                 u2430 10FC  
                                               u2510 1336                                                 u3070 031A  
                                               u2351 0F00                                                 u2431 10F8  
                                               u2511 1332                                                 u3071 0316  
                                               u2360 0F2C                                                 u2600 105E  
                                               u2440 1122                                                 u2520 1354  
                                               u1800 186A                                                 u3080 032E  
                                               u2361 0F28                                                 u2601 105A  
                                               u2441 111E                                                 u2521 1350  
                                               u1801 1866                                                 u3081 032A  
                                               u2370 0F62                                                 u2450 1144  
                                               u2530 139E                                                 u2610 0C92  
                                               u1810 184E                                                 u3090 0384  
                                               u2371 0F5E                                                 u2451 1140  
                                               u2531 139A                                                 u2611 0C8C  
                                               u1811 184A                                                 u3091 0380  
                                               u1900 1500                                                 u2460 115E  
                                               u2380 15E2                                                 u2540 13AC  
                                               u2700 0DB8                                                 u2620 0C94  
                                               u1901 14FC                                                 u2461 115A  
                                               u2381 15DE                                                 u2541 13A8  
                                               u2701 0DB4                                                 u1830 18A2  
                                               u2390 1082                                                 u2470 1178  
                                               u2550 170E                                                 u2630 0CAE  
                                               u2710 0E1E                                                 u1831 189E  
                                               u2391 107E                                                 u2471 1174  
                                               u2551 170A                                                 u2631 0CAA  
                                               u2711 0E1A                                                 u1920 1528  
                                               u2560 0FBC                                                 u2480 1196  
                                               u2640 0CC4                                                 u2800 06E2  
                                               u1921 1524                                                 u2561 0FB8  
                                               u2481 1192                                                 u2641 0CC0  
                                               u2801 06DE                                                 u1930 153E  
                                               u2570 0FE2                                                 u2490 11AC  
                                               u2650 0D5E                                                 u2730 0E7A  
                                               u2810 074E                                                 u1931 153A  
                                               u2571 0FDE                                                 u2491 11A8  
                                               u2651 0D5A                                                 u2731 0E76  
                                               u2811 074A                                                 u2580 1002  
                                               u2660 0D70                                                 u2740 0E8C  
                                               u2820 0770                                                 u2900 0BEA  
                                               u2581 0FFE                                                 u2661 0D6C  
                                               u2741 0E88                                                 u2725 0E4A  
                                               u2821 076C                                                 u2901 0BE6  
                                               u1918 1506                                                 u2590 1050  
                                               u2670 0D80                                                 u2750 0E9C  
                                               u2830 079C                                                 u2910 0BFA  
                                               u1870 145C                                                 u1919 151A  
                                               u2591 104C                                                 u2671 0D7C  
                                               u2751 0E98                                                 u2831 0798  
                                               u2911 0BF6                                                 u1871 1458  
                                               u1880 18B8                                                 u2680 0D9A  
                                               u2760 0EB6                                                 u2840 07FA  
                                               u2920 0C5A                                                 u1881 18B2  
                                               u2681 0D96                                                 u2761 0EB2  
                                               u2841 07F6                                                 u2921 0C56  
                                               u1890 14EC                                                 u2690 0DA8  
                                               u2770 0EC4                                                 u2850 0816  
                                               u2930 0C6A                                                 u1891 14E8  
                                               u2691 0DA4                                                 u2771 0EC0  
                                               u2851 0812                                                 u2931 0C66  
                                               u1948 1544                                                 u2780 120C  
                                               u2860 087C                                                 u2940 0944  
                                               u1949 1558                                                 u2781 1208  
                                               u2861 0878                                                 u2941 0940  
                                               u1886 18BA                                                 u2790 1284  
                                               u2870 1598                                                 u2950 0962  
                                               u2791 1280                                                 u2871 1594  
                                               u2951 095E                                                 u2880 0B3C  
                                               u2960 0982                                                 u2881 0B38  
                                               u2961 097E                                                 u2890 0B8A  
                                               u2970 09A0                                                 u2891 0B86  
                                               u2971 099C                                                 u2980 09DA  
                                               u2981 09D6                                                 u2990 0A28  
                                               u2991 0A24                                                 i2l44 0040  
                                               _WPUB 0F61                                        _EUSART1_Write 1914  
                                               abs@a 0015                                                 _dbuf 0066  
                                               _ctoa 0FAA                                                 _main 0050  
                                               _dtoa 0C7E                                        ?_EUSART1_Read 0001  
                                               _prec 0060                                                 pad@i 0026  
                                               pad@p 0023                                                 fsr1h 0FE2  
                                               fsr2h 0FDA                                                 indf2 0FDF  
                                               fsr1l 0FE1                                                 fsr2l 0FD9  
                                               btemp 0051                                                 _xtoa 0DE6  
                            __end_of_TMR0_CounterGet 183C                              __end_of_TMR0_CounterSet 18E2  
                      i2TMR0_CounterSet@counterValue 0009                            ?_INT2_SetInterruptHandler 000F  
                                               prodh 0FF4                                                 prodl 0FF3  
                                    ??_hexDumpBuffer 0095                                                 start 004C  
                                       ___param_bank 0000                                     _TMR0_OverflowISR 1734  
                                              ??_abs 0017                                                ??_pad 0025  
                            __end_of_TMR0_Initialize 17E0                                         _BAUDCON1bits 0FB8  
                                        ?_SPI2_Close 0001                                                ?_ctoa 001A  
                                              ?_main 0001                                                ?_dtoa 0028  
                                    __end_of___awdiv 1134                                                STR_10 7C20  
                                              STR_11 7FB7                                                STR_12 7FE2  
                                              STR_20 7D13                                                STR_13 7F24  
                                              STR_21 7D3E                                                STR_14 7EF5  
                                              STR_30 7EA8                                                STR_22 7BE2  
                                              STR_31 7CBC                                                STR_15 7C54  
                                              STR_23 7BA0                                                STR_24 7C20  
                                              STR_40 7FFD                                                STR_32 7E38  
                                              STR_16 7DD9                                                STR_41 7FEF  
                                              STR_25 7FDA                                                STR_33 7E1B  
                                              STR_17 7C88                                                STR_26 7FF6  
                                              STR_42 7FB4                                                STR_50 7F0D  
                                              STR_18 7EDD                                                STR_34 7DFD  
                                              STR_27 7FF6                                                STR_35 7F39  
                                              STR_19 7DB4                                                STR_51 7D8E  
                                              STR_43 7D68                                                STR_52 7FA8  
                                              STR_60 7EC3                                                STR_36 7E71  
                                              STR_44 7CE8                                                STR_28 7AFA  
                                    __end_of___awmod 11E2                                                STR_53 7F97  
                                              STR_45 7F97                                                STR_37 7F4D  
                                              STR_61 7E55                                                STR_29 7B4D  
                                              STR_38 7F61                                                STR_70 7FFB  
                                              STR_54 7FEF                                                STR_46 7FEF  
                                              STR_62 7FF4                                                STR_63 7FA6  
                                              STR_55 7FFD                                                STR_47 7FFD  
                                              STR_71 7FF8                                                STR_39 7FEF  
                                              STR_72 7FB4                                                STR_64 7FA5  
                                              STR_56 7FEF                                                STR_48 7FEF  
                                              STR_57 7FB4                                                STR_49 7FB4  
                                              STR_65 7FFB                                                STR_66 7FF8  
                                              STR_58 7F86                                                STR_67 7FB4  
                                              STR_59 7E8D                                                STR_68 7FE9  
                                              STR_69 7FA4                                                _T0CON 0FD5  
                                    ___awdiv@divisor 0011                                                ?_xtoa 0028  
                                              i2l125 183A                                                i2l150 1764  
                                              i2l128 1912                                                i2l156 1928  
                                              i2l271 15E4                                                i2l277 1620  
                                    ___awdiv@counter 0013                                                _UART1 7A9F  
                                       vfpfcnvrt@fmt 0037                                                _TMR0H 0FD7  
                                              _TMR0L 0FD6                                                _TRISA 0F92  
                                              _TRISB 0F93                                                _TRISC 0F94  
                                              _TRISE 0F96         __end_of_EUSART1_FramingErrorCallbackRegister 1874  
             ??_EUSART1_FramingErrorCallbackRegister 0011                ?_EUSART1_FramingErrorCallbackRegister 000F  
               _EUSART1_FramingErrorCallbackRegister 1858                                                _flags 0050  
                                read_prec_or_width@c 0013                                  read_prec_or_width@n 0014  
                                              _fputc 0EE0                                                _fputs 15A4  
                                              pad@fp 0020                                                _width 0044  
                                              ctoa@c 001C                                                _putch 1800  
                                              ctoa@l 001E                                                ctoa@w 0020  
                                              main@i 00A1                                                dtoa@d 002A  
                                              dtoa@i 0032                                                dtoa@p 002E  
                                              dtoa@s 0031                                                dtoa@w 002F  
                           _INT1_SetInterruptHandler 18F6                                       ?_EUSART1_Write 0001  
                                              pclath 0FFA                                                pclatu 0FFB  
                                    _tmr0PeriodCount 0048                                                tablat 0FF5  
                                     ??_EUSART1_Read 000F                                _EUSART1_AutoBaudQuery 0000  
                                              ttemp5 0052                                                ttemp6 0055  
                                              ttemp7 0059                                                status 0FD8  
                                              wtemp8 0052                                                xtoa@c 0032  
                                              xtoa@d 002A                                                xtoa@i 0033  
                                              xtoa@p 002F                                                xtoa@w 0030  
                                    __initialization 1622                         SDCARD_ReadBlock@sdCardBuffer 0014  
                                       __end_of_ctoa 1072                           __end_of_EUSART1_Initialize 1694  
                                       __end_of_main 06C0                                         __end_of_dtoa 0DE6  
                                  _SPI2_ByteExchange 188E                                         __end_of_xtoa 0EE0  
                          ?_SDCARD_PollWriteComplete 0001                          ?_INTERRUPT_InterruptManager 0001  
                                 ?_SPI2_ByteExchange 0001                                               ??_ctoa 001D  
                                             ??_main 009D                                               ??_dtoa 002C  
                                             ??_xtoa 002C                                        __activetblptr 0002  
                         __end_of_read_prec_or_width 128E                                  ??_SPI2_ByteExchange 000F  
EUSART1_OverrunErrorCallbackRegister@callbackHandler 000F  EUSART1_FramingErrorCallbackRegister@callbackHandler 000F  
       TMR0_OverflowCallbackRegister@callbackHandler 000F                                               ?_fputc 0011  
                                             ?_fputs 001A                                     ___awdiv@dividend 000F  
                                             _ANSELA 0F38                                               ?_putch 0001  
                                             _ANSELB 0F39                                               _ANSELC 0F3A  
                                             i2l3221 003C                                               i2l3215 0012  
                                             i2l3217 0020                                               i2l3219 002E  
                                             i2l2841 181E                                               i2l2921 15E6  
                                             i2l2843 1826                                               i2l2931 1608  
                                             i2l2845 1832                                               i2l2933 161C  
                                             i2l2941 1748                                               i2l2935 161E  
                                             i2l2927 15EE                                               i2l2943 1762  
                                             i2l2929 15F2                                               i2l2867 190A  
                                             i2l2939 1734                                               i2l2869 190E  
                                             _RCREG1 0FAE                                               _RCSTA1 0FAB  
                                             _OSCCON 0FD3                                        vfpfcnvrt@done 003C  
                                             _SPBRG1 0FAF                                               _TXREG1 0FAD  
                                             _TXSTA1 0FAC                                     ?_TMR0_CounterGet 0001  
                                   ?_TMR0_CounterSet 000F                                    __end_of_SPI2_Host 7AEB  
                          __end_of_SPI2_ByteExchange 18A8                                    __end_of_SPI2_Open 14D4  
                                       vfprintf@cfmt 008B                          TMR0_CounterSet@counterValue 000F  
                                          ??___awdiv 0013                                            ??___awmod 0013  
                                   ?_TMR0_Initialize 0001                                 read_prec_or_width@ap 0010  
                                             clear_0 162A                                               clear_1 163C  
                                             clear_2 1648                                     ___awdiv@quotient 0015  
                                    ___awmod@divisor 0011                                               isa$std 0001  
                                    ___awmod@counter 0013                                               _printf 17E0  
                                             pad@buf 0022                                               ctoa@fp 001A  
                                             dtoa@fp 0028                                    ?_CLOCK_Initialize 0001  
                                             fputc@c 0011                         _INT2_DefaultInterruptHandler 0000  
                                             fputs@c 001D                                               fputs@i 001E  
                                             fputs@s 001A                                   ??_CLOCK_Initialize 000F  
                                       __mediumconst 7A9E                                               tblptrh 0FF7  
                                             tblptrl 0FF6                                               tblptru 0FF8  
       __end_of_EUSART1_OverrunErrorCallbackRegister 1858               ??_EUSART1_OverrunErrorCallbackRegister 0011  
              ?_EUSART1_OverrunErrorCallbackRegister 000F                 _EUSART1_OverrunErrorCallbackRegister 183C  
                                   __end_of_vfprintf 15A4                                      ??_EUSART1_Write 000F  
           INT2_SetInterruptHandler@InterruptHandler 000F             INT1_SetInterruptHandler@InterruptHandler 000F  
           INT0_SetInterruptHandler@InterruptHandler 000F                                               xtoa@fp 0028  
                                  _SYSTEM_Initialize 1874                                           __accesstop 0060  
                            __end_of__initialization 164E                            SPI2_ByteExchange@byteData 000F  
                                 ?_SYSTEM_Initialize 0001                                        ___rparam_used 0001  
                                     _SPI2_IsRxReady 0000                                       _SPI2_IsTxReady 0000  
                                      __end_of_UART1 7ACF                                     _SDCARD_ReadBlock 128E  
                         __end_of_spi2_configuration 7AFA                                       __pcstackCOMRAM 0001  
                                     _SPI2_ByteWrite 0000                                  ??_SYSTEM_Initialize 0011  
                                      __end_of_fputc 0FAA                                        __end_of_fputs 15E4  
                                      __end_of_putch 181E                                 __end_of_EUSART1_Read 155C  
                   __end_of_INT2_SetInterruptHandler 18F6                             __end_of_TMR0_OverflowISR 1766  
                                            ??_fputc 0015                            __end_of_SYSTEM_Initialize 188E  
                                            ??_fputs 001D                                              ??_putch 0010  
                                 SDCARD_WriteBlock@i 0016                                    ??_SPI2_Initialize 000F  
                                         __pbssBANK0 0060                                _INT0_InterruptHandler 004E  
                              _TMR0_OverflowCallback 00A7                              SPI2_Open@spiConfigIndex 000F  
                                   _EUSART1_IsTxDone 0000                               _EUSART1_IsTxReady$1656 000F  
                                            ?_printf 008D                                         ??_SPI2_Close 000F  
                                   _EUSART1_ErrorGet 0000                           ??_INT1_SetInterruptHandler 0011  
                                            _OSCCON2 0FD2                                              _OSCTUNE 0F9B  
                                            _SPBRGH1 0FB0                                              _SSP2ADD 0F6E  
                                            _SSP2BUF 0F6F                                    SDCARD_ReadBlock@i 0016  
                   __end_of_SDCARD_PollWriteComplete 16CC                            ?_INT0_SetInterruptHandler 000F  
                               _EUSART1_Deinitialize 0000                               _EUSART1_TransmitEnable 0000  
                                 __end_of_SPI2_Close 1926                                              __Hparam 0000  
                                            __Lparam 0000                                __end_of_hexDumpBuffer 0B06  
                          SDCARD_Initialize@response 0096                                              ___awdiv 1072  
                                            ___awmod 1134                                    __end_of_myTMR0ISR 1622  
                                          ?_vfprintf 0086                                              __pcinit 1622  
                                            __ramtop 0600                                              __ptext0 0050  
                                            __ptext1 091A                                              __ptext2 18D8  
                                            __ptext3 1874                                              __ptext4 17BC  
                                            __ptext5 18E2                                              __ptext6 18BC  
                                            __ptext7 1766                                              __ptext8 16CC  
                                            __ptext9 18EC                                            _T0CONbits 0FD5  
                              read_prec_or_width@fmt 000F                                     ___awmod@dividend 000F  
                                 _EUSART1_Initialize 165C                             ??_PIN_MANAGER_Initialize 000F  
                                       _sdCardBuffer 00A9                                              main@cmd 00A0  
                               end_of_initialization 164E                             _INT2_SetInterruptHandler 18EC  
                                ?_EUSART1_Initialize 0001                                              fputc@fp 0013  
                                      __Lmediumconst 7A9E                          _EUSART1_OverrunErrorHandler 0062  
                                            fputs@fp 001B                                   _read_prec_or_width 11E2  
                      SDCARD_WriteBlock@sdCardBuffer 0014                                    __end_of_vfpfcnvrt 091A  
                                            postdec1 0FE5                                              postdec2 0FDD  
                                ?_read_prec_or_width 000F                                              postinc0 0FEE  
                                            postinc1 0FE6                                              postinc2 0FDE  
                                   vfpfcnvrt@convarg 003D                                           ??_vfprintf 0043  
                                          _SPI2_Host 7ACF                                            _SPI2_Open 144C  
                               ??_EUSART1_Initialize 0011                                SDCARD_WriteBlock@addr 0010  
                         myTMR0ISR@bigOleWasteOfTime 000B                                _INT1_InterruptHandler 004C  
              __end_of_TMR0_OverflowCallbackRegister 18EC                        _TMR0_OverflowCallbackRegister 18E2  
                           __end_of_SDCARD_ReadBlock 1328                                      _SPI2_BufferRead 0000  
                               ??_read_prec_or_width 0011                       SDCARD_PollWriteComplete@status 0010  
                                EUSART1_Write@txData 000F                                         _EUSART1_Read 14D4  
               __end_of_TMR0_DefaultOverflowCallback 192A                         _TMR0_DefaultOverflowCallback 1928  
                                         main@letter 009F                                           main@status 009E  
                           _SDCARD_PollWriteComplete 1694                         __end_of_INTERRUPT_Initialize 1700  
                                  _SDCARD_Initialize 0B06                         _INT0_DefaultInterruptHandler 0000  
                                         ?_SPI2_Open 0001                                          vfpfcnvrt@ap 0038  
                                        vfpfcnvrt@cp 0041                                          vfpfcnvrt@fp 0035  
                                 ?_SDCARD_Initialize 0001                                      _SPI2_Initialize 18BC  
                                     __end_of_printf 1800                                   _spi2_configuration 7AEB  
                                start_initialization 1622                                  ??_SDCARD_Initialize 0044  
                                        __end_of_abs 1734                                          __end_of_pad 13BE  
                                  ?_TMR0_OverflowISR 0001                                          putch@txData 0010  
                              __end_of_EUSART1_Write 191C                                   ??_TMR0_OverflowISR 000D  
                                  main@sdCardAddress 00A3                        ?_TMR0_DefaultOverflowCallback 0001  
                          __end_of_SDCARD_Initialize 0C7E                                          vfprintf@fmt 0088  
                     TMR0_CounterGet@counterHighByte 0008                                    i2_TMR0_CounterSet 190A  
                                           ??_printf 0043                                   ?i2_TMR0_CounterSet 0009  
                                        __pbssBIGRAM 00A9                                          __pbssCOMRAM 0044  
                   __end_of_INT0_SetInterruptHandler 190A                                        __pcstackBANK0 0086  
                                hexDumpBuffer@j_1730 0099                                        _SPI2_ByteRead 0000  
                                ??i2_TMR0_CounterSet 000B                       ?_TMR0_OverflowCallbackRegister 000F  
                              _INT2_InterruptHandler 004A                                            __pnvBANK0 00A7  
                             _PIN_MANAGER_Initialize 1766                                            _dtoa$2245 002C  
                                  _SDCARD_WriteBlock 13BE                                            __pintcode 0008  
                                      __pmediumconst 7A9E                              __end_of_SPI2_Initialize 18CA  
                          __end_ofi2_TMR0_CounterSet 1914                                             ?___awdiv 000F  
                                           ?___awmod 000F                                   ?_SDCARD_WriteBlock 0010  
                                        ??_SPI2_Open 000F                         ??_INTERRUPT_InterruptManager 000D  
                                          _myTMR0ISR 15E4                                          __smallconst 7A9E  
                                ??_SDCARD_WriteBlock 0016                           ??_INT2_SetInterruptHandler 0011  
                                           _BAUDCON1 0FB8                                    ??_TMR0_CounterGet 0003  
                                  ??_TMR0_CounterSet 0011                                    _EUSART1_IsRxReady 18A8  
                                  _EUSART1_IsTxReady 1796                          TMR0_CounterGet@counterValue 0005  
                                 ?_EUSART1_IsRxReady 0001                                   ?_EUSART1_IsTxReady 0001  
                               _INTERRUPT_Initialize 16CC                                     _CLOCK_Initialize 18CA  
                                  ??_TMR0_Initialize 0011                                             _LATAbits 0F89  
                                           _LATBbits 0F8A                                             _LATCbits 0F8B  
                                ??_EUSART1_IsRxReady 000F                                  ??_EUSART1_IsTxReady 000F  
                          ?_INT1_SetInterruptHandler 000F                            __end_of_SDCARD_WriteBlock 144C  
                                           _PIE3bits 0FA3                                             i2u216_40 0020  
                                           i2u216_41 001C                                             i2u217_40 002E  
                                           i2u217_41 002A                                             i2u218_40 003C  
                                           i2u218_41 0038                                             i2u184_40 1608  
                                           i2u184_41 1604                                             i2u185_40 1748  
                                           i2u185_41 1744                                             _PIR1bits 0F9E  
                                           i2u186_48 174E                                             i2u186_49 1762  
                                           _PIR3bits 0FA4                                             _RCONbits 0FD0  
                                           _SSP2CON1 0F6C                                             _SSP2CON3 0F69  
                                           _SSP2STAT 0F6D                       ??_TMR0_DefaultOverflowCallback 0001  
                                          _vfpfcnvrt 06C0                            __end_of_EUSART1_IsRxReady 18BC  
                                         ?_myTMR0ISR 0001                            __end_of_EUSART1_IsTxReady 17BC  
                                  ?_SDCARD_ReadBlock 0010                                           vfpfcnvrt@c 003B  
                                        _INTCON2bits 0FF1                                          _INTCON3bits 0FF0  
                              ?_INTERRUPT_Initialize 0001                                   ??_SDCARD_ReadBlock 0016  
                           _INT0_SetInterruptHandler 1900                           ??_SDCARD_PollWriteComplete 0010  
                                _EUSART1_AutoBaudSet 0000                              _EUSART1_TransmitDisable 0000  
                                           __Hrparam 0000                                           vfprintf@ap 008A  
                                           __Lrparam 0000                                           vfprintf@fp 0086  
                                   ?_SPI2_Initialize 0001                                   SDCARD_Initialize@i 0093  
                      TMR0_CounterGet@counterLowByte 0007                                           ?_vfpfcnvrt 0035  
        __end_of_EUSART1_DefaultFramingErrorCallback 1928                ??_EUSART1_DefaultFramingErrorCallback 000F  
               ?_EUSART1_DefaultFramingErrorCallback 0001                  _EUSART1_DefaultFramingErrorCallback 1926  
                                           __ptext10 18F6                                             __ptext11 1900  
                                           __ptext20 1694                                             __ptext12 165C  
                                           __ptext21 0B06                                             __ptext13 183C  
                                           __ptext30 1700                                             __ptext22 17E0  
                                           __ptext14 1858                                             __ptext31 1134  
                                           __ptext23 155C                                             __ptext15 18CA  
                                           __ptext40 191C                                             __ptext32 1072  
                                           __ptext24 06C0                                             __ptext16 144C  
                                           __ptext41 1926                                             __ptext33 0FAA  
                                           __ptext25 0DE6                                             __ptext17 1922  
                                           __ptext42 18A8                                             __ptext34 0EE0  
                                           __ptext26 11E2                                             __ptext18 13BE  
                                           __ptext35 1800                                             __ptext27 0C7E  
                                           __ptext19 128E                                             __ptext44 1734  
                                           __ptext36 1914                                             __ptext28 1328  
                                           __ptext45 1928                                             __ptext37 1796  
                                           __ptext29 15A4                                             __ptext46 15E4  
                                           __ptext38 188E                                             __ptext47 190A  
                                           __ptext39 14D4                                             __ptext48 181E  
                                       _SSP2CON1bits 0F6C                                             isa$xinst 0000  
                                      _hexDumpBuffer 091A                                             int$flags 0051  
                                           _vfprintf 155C                   __end_of_INTERRUPT_InterruptManager 004C  
                         _INTERRUPT_InterruptManager 0008                                            printf@fmt 008D  
                        _EUSART1_FramingErrorHandler 0046                         _INT1_DefaultInterruptHandler 0000  
                                        ??_myTMR0ISR 000B                                    _SPI2_Deinitialize 0000  
                                         _INTCONbits 0FF2                               ??_INTERRUPT_Initialize 0011  
                           SDCARD_Initialize@verbose 0095                                             intlevel2 0000  
                            ?_PIN_MANAGER_Initialize 0001                                           _RCSTA1bits 0FAB  
                                     ?_hexDumpBuffer 0093                      ??_TMR0_OverflowCallbackRegister 0011  
                                    _TMR0_CounterGet 181E                                             printf@ap 0043  
                                    _TMR0_CounterSet 18D8                                          ??_vfpfcnvrt 0039  
                                 _eusart1RxLastError 0064                             __end_of_CLOCK_Initialize 18D8  
                                         _SPI2_Close 1922                                      _TMR0_Initialize 17BC  
                   __end_of_INT1_SetInterruptHandler 1900          __end_of_EUSART1_DefaultOverrunErrorCallback 1922  
              ??_EUSART1_DefaultOverrunErrorCallback 000F                 ?_EUSART1_DefaultOverrunErrorCallback 0001  
                _EUSART1_DefaultOverrunErrorCallback 191C                       __end_of_PIN_MANAGER_Initialize 1796  
                          hexDumpBuffer@sdCardBuffer 0093  
