

Microchip MPLAB XC8 Assembler V3.10 build 20250813170317 
                                                                                               Mon Oct  6 22:02:49 2025

Microchip MPLAB XC8 C Compiler v3.10 (Free license) build 20250813170317 Og1 
     1                           	processor	18F25K22
     2                           	fnconf	rparam,??,?,0
     3                           	pagewidth 120
     4                           	opt	flic
     5                           	psect	idataCOMRAM,global,class=CODE,space=0,delta=1,noexec
     6                           	psect	idataBANK0,global,class=CODE,space=0,delta=1,noexec
     7                           	psect	mediumconst,global,reloc=2,class=MEDIUMCONST,space=0,delta=1,noexec
     8                           	psect	nvCOMRAM,global,class=COMRAM,space=1,delta=1,lowdata,noexec
     9                           	psect	nvBANK0,global,class=BANK0,space=1,delta=1,lowdata,noexec
    10                           	psect	cinit,global,reloc=2,class=CODE,space=0,delta=1
    11                           	psect	bssCOMRAM,global,class=COMRAM,space=1,delta=1,lowdata,noexec
    12                           	psect	dataCOMRAM,global,class=COMRAM,space=1,delta=1,lowdata,noexec
    13                           	psect	bssBANK0,global,class=BANK0,space=1,delta=1,lowdata,noexec
    14                           	psect	dataBANK0,global,class=BANK0,space=1,delta=1,lowdata,noexec
    15                           	psect	cstackBANK0,global,class=BANK0,space=1,delta=1,lowdata,noexec
    16                           	psect	cstackCOMRAM,global,class=COMRAM,space=1,delta=1,lowdata,noexec
    17                           	psect	text0,global,reloc=2,class=CODE,space=0,delta=1
    18                           	psect	text1,global,reloc=2,class=CODE,space=0,delta=1,group=3
    19                           	psect	text2,global,reloc=2,class=CODE,space=0,delta=1,group=1
    20                           	psect	text3,global,reloc=2,class=CODE,space=0,delta=1,group=1
    21                           	psect	text4,global,reloc=2,class=CODE,space=0,delta=1,group=3
    22                           	psect	text5,global,reloc=2,class=CODE,space=0,delta=1
    23                           	psect	text6,global,reloc=2,class=CODE,space=0,delta=1
    24                           	psect	text7,global,reloc=2,class=CODE,space=0,delta=1
    25                           	psect	text8,global,reloc=2,class=CODE,space=0,delta=1
    26                           	psect	text9,global,reloc=2,class=CODE,space=0,delta=1
    27                           	psect	text10,global,reloc=2,class=CODE,space=0,delta=1
    28                           	psect	text11,global,reloc=2,class=CODE,space=0,delta=1
    29                           	psect	text12,global,reloc=2,class=CODE,space=0,delta=1
    30                           	psect	text13,global,reloc=2,class=CODE,space=0,delta=1
    31                           	psect	text14,global,reloc=2,class=CODE,space=0,delta=1
    32                           	psect	text15,global,reloc=2,class=CODE,space=0,delta=1
    33                           	psect	text16,global,reloc=2,class=CODE,space=0,delta=1
    34                           	psect	text17,global,reloc=2,class=CODE,space=0,delta=1
    35                           	psect	text18,global,reloc=2,class=CODE,space=0,delta=1
    36                           	psect	text19,global,reloc=2,class=CODE,space=0,delta=1
    37                           	psect	text20,global,reloc=2,class=CODE,space=0,delta=1
    38                           	psect	text21,global,reloc=2,class=CODE,space=0,delta=1
    39                           	psect	text22,global,reloc=2,class=CODE,space=0,delta=1
    40                           	psect	text23,global,reloc=2,class=CODE,space=0,delta=1
    41                           	psect	text24,global,reloc=2,class=CODE,space=0,delta=1
    42                           	psect	text25,global,reloc=2,class=CODE,space=0,delta=1
    43                           	psect	text26,global,reloc=2,class=CODE,space=0,delta=1
    44                           	psect	text27,global,reloc=2,class=CODE,space=0,delta=1
    45                           	psect	text28,global,reloc=2,class=CODE,space=0,delta=1
    46                           	psect	text29,global,reloc=2,class=CODE,space=0,delta=1
    47                           	psect	text30,global,reloc=2,class=CODE,space=0,delta=1
    48                           	psect	text31,global,reloc=2,class=CODE,space=0,delta=1
    49                           	psect	intcode,global,reloc=2,class=CODE,space=0,delta=1
    50                           	psect	text33,global,reloc=2,class=CODE,space=0,delta=1
    51                           	psect	text34,global,reloc=2,class=CODE,space=0,delta=1
    52                           	psect	text35,global,reloc=2,class=CODE,space=0,delta=1
    53                           	psect	text36,global,reloc=2,class=CODE,space=0,delta=1
    54                           	psect	text37,global,reloc=2,class=CODE,space=0,delta=1
    55                           	psect	text38,global,reloc=2,class=CODE,space=0,delta=1
    56                           	psect	intsave_regs,global,class=BIGRAM,space=1,delta=1,noexec
    57                           	psect	rparam,global,class=COMRAM,space=1,delta=1,noexec
    58                           	psect	config,global,abs,ovrld,class=CONFIG,space=4,delta=1,noexec
    59                           	dabs	1,0x1,1
    60   000000                     
    61                           ; Generated 13/12/2024 GMT
    62                           ; 
    63                           ; Copyright © 2024, Microchip Technology Inc. and its subsidiaries ("Microchip")
    64                           ; All rights reserved.
    65                           ; 
    66                           ; This software is developed by Microchip Technology Inc. and its subsidiaries ("Microch
      +                          ip").
    67                           ; 
    68                           ; Redistribution and use in source and binary forms, with or without modification, are
    69                           ; permitted provided that the following conditions are met:
    70                           ; 
    71                           ;     1. Redistributions of source code must retain the above copyright notice, this lis
      +                          t of
    72                           ;        conditions and the following disclaimer.
    73                           ; 
    74                           ;     2. Redistributions in binary form must reproduce the above copyright notice, this 
      +                          list
    75                           ;        of conditions and the following disclaimer in the documentation and/or other
    76                           ;        materials provided with the distribution. Publication is not required when
    77                           ;        this file is used in an embedded application.
    78                           ; 
    79                           ;     3. Microchip's name may not be used to endorse or promote products derived from th
      +                          is
    80                           ;        software without specific prior written permission.
    81                           ; 
    82                           ; THIS SOFTWARE IS PROVIDED BY MICROCHIP "AS IS" AND ANY EXPRESS OR IMPLIED WARRANTIES,
    83                           ; INCLUDING, BUT NOT LIMITED TO, THE IMPLIED WARRANTIES OF MERCHANTABILITY AND FITNESS F
      +                          OR
    84                           ; PURPOSE ARE DISCLAIMED.  IN NO EVENT SHALL MICROCHIP BE LIABLE FOR ANY DIRECT, INDIREC
      +                          T,
    85                           ; INCIDENTAL, SPECIAL, EXEMPLARY, OR CONSEQUENTIAL DAMAGES (INCLUDING BUT NOT LIMITED TO
    86                           ; PROCUREMENT OF SUBSTITUTE GOODS OR SERVICES; LOSS OF USE, DATA OR PROFITS; OR BUSINESS
    87                           ; INTERRUPTION) HOWSOEVER CAUSED AND ON ANY THEORY OF LIABILITY, WHETHER IN CONTRACT, ST
      +                          RICT
    88                           ; LIABILITY, OR TORT (INCLUDING NEGLIGENCE OR OTHERWISE) ARISING IN ANY WAY OUT OF THE U
      +                          SE OF
    89                           ; THIS SOFTWARE, EVEN IF ADVISED OF THE POSSIBILITY OF SUCH DAMAGE.
    90                           ; 
    91                           ; 
    92                           ; Code-generator required, PIC18F25K22 Definitions
    93                           ; 
    94                           ; SFR Addresses
    95   000FE0                     bsr             equ	4064
    96   000FE9                     fsr0            equ	4073
    97   000FEA                     fsr0h           equ	4074
    98   000FE9                     fsr0l           equ	4073
    99   000FE1                     fsr1            equ	4065
   100   000FE2                     fsr1h           equ	4066
   101   000FE1                     fsr1l           equ	4065
   102   000FD9                     fsr2            equ	4057
   103   000FDA                     fsr2h           equ	4058
   104   000FD9                     fsr2l           equ	4057
   105   000FEF                     indf0           equ	4079
   106   000FE7                     indf1           equ	4071
   107   000FDF                     indf2           equ	4063
   108   000FF2                     intcon          equ	4082
   109   000000                     nvmcon          equ	0
   110   000FF9                     pcl             equ	4089
   111   000FFA                     pclath          equ	4090
   112   000FFB                     pclatu          equ	4091
   113   000FEB                     plusw0          equ	4075
   114   000FE3                     plusw1          equ	4067
   115   000FDB                     plusw2          equ	4059
   116   000FED                     postdec0        equ	4077
   117   000FE5                     postdec1        equ	4069
   118   000FDD                     postdec2        equ	4061
   119   000FEE                     postinc0        equ	4078
   120   000FE6                     postinc1        equ	4070
   121   000FDE                     postinc2        equ	4062
   122   000FEC                     preinc0         equ	4076
   123   000FE4                     preinc1         equ	4068
   124   000FDC                     preinc2         equ	4060
   125   000FF3                     prod            equ	4083
   126   000FF4                     prodh           equ	4084
   127   000FF3                     prodl           equ	4083
   128   000FD8                     status          equ	4056
   129   000FF5                     tablat          equ	4085
   130   000FF6                     tblptr          equ	4086
   131   000FF7                     tblptrh         equ	4087
   132   000FF6                     tblptrl         equ	4086
   133   000FF8                     tblptru         equ	4088
   134   000FFD                     tosl            equ	4093
   135   000FE8                     wreg            equ	4072
   136   000F38                     ANSELA          equ	3896	;# 
   137   000F39                     ANSELB          equ	3897	;# 
   138   000F3A                     ANSELC          equ	3898	;# 
   139   000F3D                     PMD2            equ	3901	;# 
   140   000F3E                     PMD1            equ	3902	;# 
   141   000F3F                     PMD0            equ	3903	;# 
   142   000F40                     VREFCON2        equ	3904	;# 
   143   000F40                     DACCON1         equ	3904	;# 
   144   000F41                     VREFCON1        equ	3905	;# 
   145   000F41                     DACCON0         equ	3905	;# 
   146   000F42                     VREFCON0        equ	3906	;# 
   147   000F42                     FVRCON          equ	3906	;# 
   148   000F43                     CTMUICON        equ	3907	;# 
   149   000F43                     CTMUICONH       equ	3907	;# 
   150   000F44                     CTMUCONL        equ	3908	;# 
   151   000F44                     CTMUCON1        equ	3908	;# 
   152   000F45                     CTMUCONH        equ	3909	;# 
   153   000F45                     CTMUCON0        equ	3909	;# 
   154   000F46                     SRCON1          equ	3910	;# 
   155   000F47                     SRCON0          equ	3911	;# 
   156   000F48                     CCPTMRS1        equ	3912	;# 
   157   000F49                     CCPTMRS0        equ	3913	;# 
   158   000F4A                     T6CON           equ	3914	;# 
   159   000F4B                     PR6             equ	3915	;# 
   160   000F4C                     TMR6            equ	3916	;# 
   161   000F4D                     T5GCON          equ	3917	;# 
   162   000F4E                     T5CON           equ	3918	;# 
   163   000F4F                     TMR5            equ	3919	;# 
   164   000F4F                     TMR5L           equ	3919	;# 
   165   000F50                     TMR5H           equ	3920	;# 
   166   000F51                     T4CON           equ	3921	;# 
   167   000F52                     PR4             equ	3922	;# 
   168   000F53                     TMR4            equ	3923	;# 
   169   000F54                     CCP5CON         equ	3924	;# 
   170   000F55                     CCPR5           equ	3925	;# 
   171   000F55                     CCPR5L          equ	3925	;# 
   172   000F56                     CCPR5H          equ	3926	;# 
   173   000F57                     CCP4CON         equ	3927	;# 
   174   000F58                     CCPR4           equ	3928	;# 
   175   000F58                     CCPR4L          equ	3928	;# 
   176   000F59                     CCPR4H          equ	3929	;# 
   177   000F5A                     PSTR3CON        equ	3930	;# 
   178   000F5B                     ECCP3AS         equ	3931	;# 
   179   000F5B                     CCP3AS          equ	3931	;# 
   180   000F5C                     PWM3CON         equ	3932	;# 
   181   000F5D                     CCP3CON         equ	3933	;# 
   182   000F5E                     CCPR3           equ	3934	;# 
   183   000F5E                     CCPR3L          equ	3934	;# 
   184   000F5F                     CCPR3H          equ	3935	;# 
   185   000F60                     SLRCON          equ	3936	;# 
   186   000F61                     WPUB            equ	3937	;# 
   187   000F62                     IOCB            equ	3938	;# 
   188   000F63                     PSTR2CON        equ	3939	;# 
   189   000F64                     ECCP2AS         equ	3940	;# 
   190   000F64                     CCP2AS          equ	3940	;# 
   191   000F65                     PWM2CON         equ	3941	;# 
   192   000F66                     CCP2CON         equ	3942	;# 
   193   000F67                     CCPR2           equ	3943	;# 
   194   000F67                     CCPR2L          equ	3943	;# 
   195   000F68                     CCPR2H          equ	3944	;# 
   196   000F69                     SSP2CON3        equ	3945	;# 
   197   000F6A                     SSP2MSK         equ	3946	;# 
   198   000F6B                     SSP2CON2        equ	3947	;# 
   199   000F6C                     SSP2CON1        equ	3948	;# 
   200   000F6D                     SSP2STAT        equ	3949	;# 
   201   000F6E                     SSP2ADD         equ	3950	;# 
   202   000F6F                     SSP2BUF         equ	3951	;# 
   203   000F70                     BAUDCON2        equ	3952	;# 
   204   000F70                     BAUD2CON        equ	3952	;# 
   205   000F71                     RCSTA2          equ	3953	;# 
   206   000F71                     RC2STA          equ	3953	;# 
   207   000F72                     TXSTA2          equ	3954	;# 
   208   000F72                     TX2STA          equ	3954	;# 
   209   000F73                     TXREG2          equ	3955	;# 
   210   000F73                     TX2REG          equ	3955	;# 
   211   000F74                     RCREG2          equ	3956	;# 
   212   000F74                     RC2REG          equ	3956	;# 
   213   000F75                     SPBRG2          equ	3957	;# 
   214   000F75                     SP2BRG          equ	3957	;# 
   215   000F76                     SPBRGH2         equ	3958	;# 
   216   000F76                     SP2BRGH         equ	3958	;# 
   217   000F77                     CM2CON1         equ	3959	;# 
   218   000F77                     CM12CON         equ	3959	;# 
   219   000F78                     CM2CON0         equ	3960	;# 
   220   000F78                     CM2CON          equ	3960	;# 
   221   000F79                     CM1CON0         equ	3961	;# 
   222   000F79                     CM1CON          equ	3961	;# 
   223   000F7A                     PIE4            equ	3962	;# 
   224   000F7B                     PIR4            equ	3963	;# 
   225   000F7C                     IPR4            equ	3964	;# 
   226   000F7D                     PIE5            equ	3965	;# 
   227   000F7E                     PIR5            equ	3966	;# 
   228   000F7F                     IPR5            equ	3967	;# 
   229   000F80                     PORTA           equ	3968	;# 
   230   000F81                     PORTB           equ	3969	;# 
   231   000F82                     PORTC           equ	3970	;# 
   232   000F84                     PORTE           equ	3972	;# 
   233   000F89                     LATA            equ	3977	;# 
   234   000F8A                     LATB            equ	3978	;# 
   235   000F8B                     LATC            equ	3979	;# 
   236   000F92                     TRISA           equ	3986	;# 
   237   000F92                     DDRA            equ	3986	;# 
   238   000F93                     TRISB           equ	3987	;# 
   239   000F93                     DDRB            equ	3987	;# 
   240   000F94                     TRISC           equ	3988	;# 
   241   000F94                     DDRC            equ	3988	;# 
   242   000F96                     TRISE           equ	3990	;# 
   243   000F9B                     OSCTUNE         equ	3995	;# 
   244   000F9C                     HLVDCON         equ	3996	;# 
   245   000F9C                     LVDCON          equ	3996	;# 
   246   000F9D                     PIE1            equ	3997	;# 
   247   000F9E                     PIR1            equ	3998	;# 
   248   000F9F                     IPR1            equ	3999	;# 
   249   000FA0                     PIE2            equ	4000	;# 
   250   000FA1                     PIR2            equ	4001	;# 
   251   000FA2                     IPR2            equ	4002	;# 
   252   000FA3                     PIE3            equ	4003	;# 
   253   000FA4                     PIR3            equ	4004	;# 
   254   000FA5                     IPR3            equ	4005	;# 
   255   000FA6                     EECON1          equ	4006	;# 
   256   000FA7                     EECON2          equ	4007	;# 
   257   000FA8                     EEDATA          equ	4008	;# 
   258   000FA9                     EEADR           equ	4009	;# 
   259   000FAB                     RCSTA1          equ	4011	;# 
   260   000FAB                     RCSTA           equ	4011	;# 
   261   000FAB                     RC1STA          equ	4011	;# 
   262   000FAC                     TXSTA1          equ	4012	;# 
   263   000FAC                     TXSTA           equ	4012	;# 
   264   000FAC                     TX1STA          equ	4012	;# 
   265   000FAD                     TXREG1          equ	4013	;# 
   266   000FAD                     TXREG           equ	4013	;# 
   267   000FAD                     TX1REG          equ	4013	;# 
   268   000FAE                     RCREG1          equ	4014	;# 
   269   000FAE                     RCREG           equ	4014	;# 
   270   000FAE                     RC1REG          equ	4014	;# 
   271   000FAF                     SPBRG1          equ	4015	;# 
   272   000FAF                     SPBRG           equ	4015	;# 
   273   000FAF                     SP1BRG          equ	4015	;# 
   274   000FB0                     SPBRGH1         equ	4016	;# 
   275   000FB0                     SPBRGH          equ	4016	;# 
   276   000FB0                     SP1BRGH         equ	4016	;# 
   277   000FB1                     T3CON           equ	4017	;# 
   278   000FB2                     TMR3            equ	4018	;# 
   279   000FB2                     TMR3L           equ	4018	;# 
   280   000FB3                     TMR3H           equ	4019	;# 
   281   000FB4                     T3GCON          equ	4020	;# 
   282   000FB6                     ECCP1AS         equ	4022	;# 
   283   000FB6                     ECCPAS          equ	4022	;# 
   284   000FB7                     PWM1CON         equ	4023	;# 
   285   000FB7                     PWMCON          equ	4023	;# 
   286   000FB8                     BAUDCON1        equ	4024	;# 
   287   000FB8                     BAUDCON         equ	4024	;# 
   288   000FB8                     BAUDCTL         equ	4024	;# 
   289   000FB8                     BAUD1CON        equ	4024	;# 
   290   000FB9                     PSTR1CON        equ	4025	;# 
   291   000FB9                     PSTRCON         equ	4025	;# 
   292   000FBA                     T2CON           equ	4026	;# 
   293   000FBB                     PR2             equ	4027	;# 
   294   000FBC                     TMR2            equ	4028	;# 
   295   000FBD                     CCP1CON         equ	4029	;# 
   296   000FBE                     CCPR1           equ	4030	;# 
   297   000FBE                     CCPR1L          equ	4030	;# 
   298   000FBF                     CCPR1H          equ	4031	;# 
   299   000FC0                     ADCON2          equ	4032	;# 
   300   000FC1                     ADCON1          equ	4033	;# 
   301   000FC2                     ADCON0          equ	4034	;# 
   302   000FC3                     ADRES           equ	4035	;# 
   303   000FC3                     ADRESL          equ	4035	;# 
   304   000FC4                     ADRESH          equ	4036	;# 
   305   000FC5                     SSP1CON2        equ	4037	;# 
   306   000FC5                     SSPCON2         equ	4037	;# 
   307   000FC6                     SSP1CON1        equ	4038	;# 
   308   000FC6                     SSPCON1         equ	4038	;# 
   309   000FC7                     SSP1STAT        equ	4039	;# 
   310   000FC7                     SSPSTAT         equ	4039	;# 
   311   000FC8                     SSP1ADD         equ	4040	;# 
   312   000FC8                     SSPADD          equ	4040	;# 
   313   000FC9                     SSP1BUF         equ	4041	;# 
   314   000FC9                     SSPBUF          equ	4041	;# 
   315   000FCA                     SSP1MSK         equ	4042	;# 
   316   000FCA                     SSPMSK          equ	4042	;# 
   317   000FCB                     SSP1CON3        equ	4043	;# 
   318   000FCB                     SSPCON3         equ	4043	;# 
   319   000FCC                     T1GCON          equ	4044	;# 
   320   000FCD                     T1CON           equ	4045	;# 
   321   000FCE                     TMR1            equ	4046	;# 
   322   000FCE                     TMR1L           equ	4046	;# 
   323   000FCF                     TMR1H           equ	4047	;# 
   324   000FD0                     RCON            equ	4048	;# 
   325   000FD1                     WDTCON          equ	4049	;# 
   326   000FD2                     OSCCON2         equ	4050	;# 
   327   000FD3                     OSCCON          equ	4051	;# 
   328   000FD5                     T0CON           equ	4053	;# 
   329   000FD6                     TMR0            equ	4054	;# 
   330   000FD6                     TMR0L           equ	4054	;# 
   331   000FD7                     TMR0H           equ	4055	;# 
   332   000FD8                     STATUS          equ	4056	;# 
   333   000FD9                     FSR2            equ	4057	;# 
   334   000FD9                     FSR2L           equ	4057	;# 
   335   000FDA                     FSR2H           equ	4058	;# 
   336   000FDB                     PLUSW2          equ	4059	;# 
   337   000FDC                     PREINC2         equ	4060	;# 
   338   000FDD                     POSTDEC2        equ	4061	;# 
   339   000FDE                     POSTINC2        equ	4062	;# 
   340   000FDF                     INDF2           equ	4063	;# 
   341   000FE0                     BSR             equ	4064	;# 
   342   000FE1                     FSR1            equ	4065	;# 
   343   000FE1                     FSR1L           equ	4065	;# 
   344   000FE2                     FSR1H           equ	4066	;# 
   345   000FE3                     PLUSW1          equ	4067	;# 
   346   000FE4                     PREINC1         equ	4068	;# 
   347   000FE5                     POSTDEC1        equ	4069	;# 
   348   000FE6                     POSTINC1        equ	4070	;# 
   349   000FE7                     INDF1           equ	4071	;# 
   350   000FE8                     WREG            equ	4072	;# 
   351   000FE9                     FSR0            equ	4073	;# 
   352   000FE9                     FSR0L           equ	4073	;# 
   353   000FEA                     FSR0H           equ	4074	;# 
   354   000FEB                     PLUSW0          equ	4075	;# 
   355   000FEC                     PREINC0         equ	4076	;# 
   356   000FED                     POSTDEC0        equ	4077	;# 
   357   000FEE                     POSTINC0        equ	4078	;# 
   358   000FEF                     INDF0           equ	4079	;# 
   359   000FF0                     INTCON3         equ	4080	;# 
   360   000FF1                     INTCON2         equ	4081	;# 
   361   000FF2                     INTCON          equ	4082	;# 
   362   000FF3                     PROD            equ	4083	;# 
   363   000FF3                     PRODL           equ	4083	;# 
   364   000FF4                     PRODH           equ	4084	;# 
   365   000FF5                     TABLAT          equ	4085	;# 
   366   000FF6                     TBLPTR          equ	4086	;# 
   367   000FF6                     TBLPTRL         equ	4086	;# 
   368   000FF7                     TBLPTRH         equ	4087	;# 
   369   000FF8                     TBLPTRU         equ	4088	;# 
   370   000FF9                     PCLAT           equ	4089	;# 
   371   000FF9                     PC              equ	4089	;# 
   372   000FF9                     PCL             equ	4089	;# 
   373   000FFA                     PCLATH          equ	4090	;# 
   374   000FFB                     PCLATU          equ	4091	;# 
   375   000FFC                     STKPTR          equ	4092	;# 
   376   000FFD                     TOS             equ	4093	;# 
   377   000FFD                     TOSL            equ	4093	;# 
   378   000FFE                     TOSH            equ	4094	;# 
   379   000FFF                     TOSU            equ	4095	;# 
   380   000F38                     ANSELA          equ	3896	;# 
   381   000F39                     ANSELB          equ	3897	;# 
   382   000F3A                     ANSELC          equ	3898	;# 
   383   000F3D                     PMD2            equ	3901	;# 
   384   000F3E                     PMD1            equ	3902	;# 
   385   000F3F                     PMD0            equ	3903	;# 
   386   000F40                     VREFCON2        equ	3904	;# 
   387   000F40                     DACCON1         equ	3904	;# 
   388   000F41                     VREFCON1        equ	3905	;# 
   389   000F41                     DACCON0         equ	3905	;# 
   390   000F42                     VREFCON0        equ	3906	;# 
   391   000F42                     FVRCON          equ	3906	;# 
   392   000F43                     CTMUICON        equ	3907	;# 
   393   000F43                     CTMUICONH       equ	3907	;# 
   394   000F44                     CTMUCONL        equ	3908	;# 
   395   000F44                     CTMUCON1        equ	3908	;# 
   396   000F45                     CTMUCONH        equ	3909	;# 
   397   000F45                     CTMUCON0        equ	3909	;# 
   398   000F46                     SRCON1          equ	3910	;# 
   399   000F47                     SRCON0          equ	3911	;# 
   400   000F48                     CCPTMRS1        equ	3912	;# 
   401   000F49                     CCPTMRS0        equ	3913	;# 
   402   000F4A                     T6CON           equ	3914	;# 
   403   000F4B                     PR6             equ	3915	;# 
   404   000F4C                     TMR6            equ	3916	;# 
   405   000F4D                     T5GCON          equ	3917	;# 
   406   000F4E                     T5CON           equ	3918	;# 
   407   000F4F                     TMR5            equ	3919	;# 
   408   000F4F                     TMR5L           equ	3919	;# 
   409   000F50                     TMR5H           equ	3920	;# 
   410   000F51                     T4CON           equ	3921	;# 
   411   000F52                     PR4             equ	3922	;# 
   412   000F53                     TMR4            equ	3923	;# 
   413   000F54                     CCP5CON         equ	3924	;# 
   414   000F55                     CCPR5           equ	3925	;# 
   415   000F55                     CCPR5L          equ	3925	;# 
   416   000F56                     CCPR5H          equ	3926	;# 
   417   000F57                     CCP4CON         equ	3927	;# 
   418   000F58                     CCPR4           equ	3928	;# 
   419   000F58                     CCPR4L          equ	3928	;# 
   420   000F59                     CCPR4H          equ	3929	;# 
   421   000F5A                     PSTR3CON        equ	3930	;# 
   422   000F5B                     ECCP3AS         equ	3931	;# 
   423   000F5B                     CCP3AS          equ	3931	;# 
   424   000F5C                     PWM3CON         equ	3932	;# 
   425   000F5D                     CCP3CON         equ	3933	;# 
   426   000F5E                     CCPR3           equ	3934	;# 
   427   000F5E                     CCPR3L          equ	3934	;# 
   428   000F5F                     CCPR3H          equ	3935	;# 
   429   000F60                     SLRCON          equ	3936	;# 
   430   000F61                     WPUB            equ	3937	;# 
   431   000F62                     IOCB            equ	3938	;# 
   432   000F63                     PSTR2CON        equ	3939	;# 
   433   000F64                     ECCP2AS         equ	3940	;# 
   434   000F64                     CCP2AS          equ	3940	;# 
   435   000F65                     PWM2CON         equ	3941	;# 
   436   000F66                     CCP2CON         equ	3942	;# 
   437   000F67                     CCPR2           equ	3943	;# 
   438   000F67                     CCPR2L          equ	3943	;# 
   439   000F68                     CCPR2H          equ	3944	;# 
   440   000F69                     SSP2CON3        equ	3945	;# 
   441   000F6A                     SSP2MSK         equ	3946	;# 
   442   000F6B                     SSP2CON2        equ	3947	;# 
   443   000F6C                     SSP2CON1        equ	3948	;# 
   444   000F6D                     SSP2STAT        equ	3949	;# 
   445   000F6E                     SSP2ADD         equ	3950	;# 
   446   000F6F                     SSP2BUF         equ	3951	;# 
   447   000F70                     BAUDCON2        equ	3952	;# 
   448   000F70                     BAUD2CON        equ	3952	;# 
   449   000F71                     RCSTA2          equ	3953	;# 
   450   000F71                     RC2STA          equ	3953	;# 
   451   000F72                     TXSTA2          equ	3954	;# 
   452   000F72                     TX2STA          equ	3954	;# 
   453   000F73                     TXREG2          equ	3955	;# 
   454   000F73                     TX2REG          equ	3955	;# 
   455   000F74                     RCREG2          equ	3956	;# 
   456   000F74                     RC2REG          equ	3956	;# 
   457   000F75                     SPBRG2          equ	3957	;# 
   458   000F75                     SP2BRG          equ	3957	;# 
   459   000F76                     SPBRGH2         equ	3958	;# 
   460   000F76                     SP2BRGH         equ	3958	;# 
   461   000F77                     CM2CON1         equ	3959	;# 
   462   000F77                     CM12CON         equ	3959	;# 
   463   000F78                     CM2CON0         equ	3960	;# 
   464   000F78                     CM2CON          equ	3960	;# 
   465   000F79                     CM1CON0         equ	3961	;# 
   466   000F79                     CM1CON          equ	3961	;# 
   467   000F7A                     PIE4            equ	3962	;# 
   468   000F7B                     PIR4            equ	3963	;# 
   469   000F7C                     IPR4            equ	3964	;# 
   470   000F7D                     PIE5            equ	3965	;# 
   471   000F7E                     PIR5            equ	3966	;# 
   472   000F7F                     IPR5            equ	3967	;# 
   473   000F80                     PORTA           equ	3968	;# 
   474   000F81                     PORTB           equ	3969	;# 
   475   000F82                     PORTC           equ	3970	;# 
   476   000F84                     PORTE           equ	3972	;# 
   477   000F89                     LATA            equ	3977	;# 
   478   000F8A                     LATB            equ	3978	;# 
   479   000F8B                     LATC            equ	3979	;# 
   480   000F92                     TRISA           equ	3986	;# 
   481   000F92                     DDRA            equ	3986	;# 
   482   000F93                     TRISB           equ	3987	;# 
   483   000F93                     DDRB            equ	3987	;# 
   484   000F94                     TRISC           equ	3988	;# 
   485   000F94                     DDRC            equ	3988	;# 
   486   000F96                     TRISE           equ	3990	;# 
   487   000F9B                     OSCTUNE         equ	3995	;# 
   488   000F9C                     HLVDCON         equ	3996	;# 
   489   000F9C                     LVDCON          equ	3996	;# 
   490   000F9D                     PIE1            equ	3997	;# 
   491   000F9E                     PIR1            equ	3998	;# 
   492   000F9F                     IPR1            equ	3999	;# 
   493   000FA0                     PIE2            equ	4000	;# 
   494   000FA1                     PIR2            equ	4001	;# 
   495   000FA2                     IPR2            equ	4002	;# 
   496   000FA3                     PIE3            equ	4003	;# 
   497   000FA4                     PIR3            equ	4004	;# 
   498   000FA5                     IPR3            equ	4005	;# 
   499   000FA6                     EECON1          equ	4006	;# 
   500   000FA7                     EECON2          equ	4007	;# 
   501   000FA8                     EEDATA          equ	4008	;# 
   502   000FA9                     EEADR           equ	4009	;# 
   503   000FAB                     RCSTA1          equ	4011	;# 
   504   000FAB                     RCSTA           equ	4011	;# 
   505   000FAB                     RC1STA          equ	4011	;# 
   506   000FAC                     TXSTA1          equ	4012	;# 
   507   000FAC                     TXSTA           equ	4012	;# 
   508   000FAC                     TX1STA          equ	4012	;# 
   509   000FAD                     TXREG1          equ	4013	;# 
   510   000FAD                     TXREG           equ	4013	;# 
   511   000FAD                     TX1REG          equ	4013	;# 
   512   000FAE                     RCREG1          equ	4014	;# 
   513   000FAE                     RCREG           equ	4014	;# 
   514   000FAE                     RC1REG          equ	4014	;# 
   515   000FAF                     SPBRG1          equ	4015	;# 
   516   000FAF                     SPBRG           equ	4015	;# 
   517   000FAF                     SP1BRG          equ	4015	;# 
   518   000FB0                     SPBRGH1         equ	4016	;# 
   519   000FB0                     SPBRGH          equ	4016	;# 
   520   000FB0                     SP1BRGH         equ	4016	;# 
   521   000FB1                     T3CON           equ	4017	;# 
   522   000FB2                     TMR3            equ	4018	;# 
   523   000FB2                     TMR3L           equ	4018	;# 
   524   000FB3                     TMR3H           equ	4019	;# 
   525   000FB4                     T3GCON          equ	4020	;# 
   526   000FB6                     ECCP1AS         equ	4022	;# 
   527   000FB6                     ECCPAS          equ	4022	;# 
   528   000FB7                     PWM1CON         equ	4023	;# 
   529   000FB7                     PWMCON          equ	4023	;# 
   530   000FB8                     BAUDCON1        equ	4024	;# 
   531   000FB8                     BAUDCON         equ	4024	;# 
   532   000FB8                     BAUDCTL         equ	4024	;# 
   533   000FB8                     BAUD1CON        equ	4024	;# 
   534   000FB9                     PSTR1CON        equ	4025	;# 
   535   000FB9                     PSTRCON         equ	4025	;# 
   536   000FBA                     T2CON           equ	4026	;# 
   537   000FBB                     PR2             equ	4027	;# 
   538   000FBC                     TMR2            equ	4028	;# 
   539   000FBD                     CCP1CON         equ	4029	;# 
   540   000FBE                     CCPR1           equ	4030	;# 
   541   000FBE                     CCPR1L          equ	4030	;# 
   542   000FBF                     CCPR1H          equ	4031	;# 
   543   000FC0                     ADCON2          equ	4032	;# 
   544   000FC1                     ADCON1          equ	4033	;# 
   545   000FC2                     ADCON0          equ	4034	;# 
   546   000FC3                     ADRES           equ	4035	;# 
   547   000FC3                     ADRESL          equ	4035	;# 
   548   000FC4                     ADRESH          equ	4036	;# 
   549   000FC5                     SSP1CON2        equ	4037	;# 
   550   000FC5                     SSPCON2         equ	4037	;# 
   551   000FC6                     SSP1CON1        equ	4038	;# 
   552   000FC6                     SSPCON1         equ	4038	;# 
   553   000FC7                     SSP1STAT        equ	4039	;# 
   554   000FC7                     SSPSTAT         equ	4039	;# 
   555   000FC8                     SSP1ADD         equ	4040	;# 
   556   000FC8                     SSPADD          equ	4040	;# 
   557   000FC9                     SSP1BUF         equ	4041	;# 
   558   000FC9                     SSPBUF          equ	4041	;# 
   559   000FCA                     SSP1MSK         equ	4042	;# 
   560   000FCA                     SSPMSK          equ	4042	;# 
   561   000FCB                     SSP1CON3        equ	4043	;# 
   562   000FCB                     SSPCON3         equ	4043	;# 
   563   000FCC                     T1GCON          equ	4044	;# 
   564   000FCD                     T1CON           equ	4045	;# 
   565   000FCE                     TMR1            equ	4046	;# 
   566   000FCE                     TMR1L           equ	4046	;# 
   567   000FCF                     TMR1H           equ	4047	;# 
   568   000FD0                     RCON            equ	4048	;# 
   569   000FD1                     WDTCON          equ	4049	;# 
   570   000FD2                     OSCCON2         equ	4050	;# 
   571   000FD3                     OSCCON          equ	4051	;# 
   572   000FD5                     T0CON           equ	4053	;# 
   573   000FD6                     TMR0            equ	4054	;# 
   574   000FD6                     TMR0L           equ	4054	;# 
   575   000FD7                     TMR0H           equ	4055	;# 
   576   000FD8                     STATUS          equ	4056	;# 
   577   000FD9                     FSR2            equ	4057	;# 
   578   000FD9                     FSR2L           equ	4057	;# 
   579   000FDA                     FSR2H           equ	4058	;# 
   580   000FDB                     PLUSW2          equ	4059	;# 
   581   000FDC                     PREINC2         equ	4060	;# 
   582   000FDD                     POSTDEC2        equ	4061	;# 
   583   000FDE                     POSTINC2        equ	4062	;# 
   584   000FDF                     INDF2           equ	4063	;# 
   585   000FE0                     BSR             equ	4064	;# 
   586   000FE1                     FSR1            equ	4065	;# 
   587   000FE1                     FSR1L           equ	4065	;# 
   588   000FE2                     FSR1H           equ	4066	;# 
   589   000FE3                     PLUSW1          equ	4067	;# 
   590   000FE4                     PREINC1         equ	4068	;# 
   591   000FE5                     POSTDEC1        equ	4069	;# 
   592   000FE6                     POSTINC1        equ	4070	;# 
   593   000FE7                     INDF1           equ	4071	;# 
   594   000FE8                     WREG            equ	4072	;# 
   595   000FE9                     FSR0            equ	4073	;# 
   596   000FE9                     FSR0L           equ	4073	;# 
   597   000FEA                     FSR0H           equ	4074	;# 
   598   000FEB                     PLUSW0          equ	4075	;# 
   599   000FEC                     PREINC0         equ	4076	;# 
   600   000FED                     POSTDEC0        equ	4077	;# 
   601   000FEE                     POSTINC0        equ	4078	;# 
   602   000FEF                     INDF0           equ	4079	;# 
   603   000FF0                     INTCON3         equ	4080	;# 
   604   000FF1                     INTCON2         equ	4081	;# 
   605   000FF2                     INTCON          equ	4082	;# 
   606   000FF3                     PROD            equ	4083	;# 
   607   000FF3                     PRODL           equ	4083	;# 
   608   000FF4                     PRODH           equ	4084	;# 
   609   000FF5                     TABLAT          equ	4085	;# 
   610   000FF6                     TBLPTR          equ	4086	;# 
   611   000FF6                     TBLPTRL         equ	4086	;# 
   612   000FF7                     TBLPTRH         equ	4087	;# 
   613   000FF8                     TBLPTRU         equ	4088	;# 
   614   000FF9                     PCLAT           equ	4089	;# 
   615   000FF9                     PC              equ	4089	;# 
   616   000FF9                     PCL             equ	4089	;# 
   617   000FFA                     PCLATH          equ	4090	;# 
   618   000FFB                     PCLATU          equ	4091	;# 
   619   000FFC                     STKPTR          equ	4092	;# 
   620   000FFD                     TOS             equ	4093	;# 
   621   000FFD                     TOSL            equ	4093	;# 
   622   000FFE                     TOSH            equ	4094	;# 
   623   000FFF                     TOSU            equ	4095	;# 
   624   000F38                     ANSELA          equ	3896	;# 
   625   000F39                     ANSELB          equ	3897	;# 
   626   000F3A                     ANSELC          equ	3898	;# 
   627   000F3D                     PMD2            equ	3901	;# 
   628   000F3E                     PMD1            equ	3902	;# 
   629   000F3F                     PMD0            equ	3903	;# 
   630   000F40                     VREFCON2        equ	3904	;# 
   631   000F40                     DACCON1         equ	3904	;# 
   632   000F41                     VREFCON1        equ	3905	;# 
   633   000F41                     DACCON0         equ	3905	;# 
   634   000F42                     VREFCON0        equ	3906	;# 
   635   000F42                     FVRCON          equ	3906	;# 
   636   000F43                     CTMUICON        equ	3907	;# 
   637   000F43                     CTMUICONH       equ	3907	;# 
   638   000F44                     CTMUCONL        equ	3908	;# 
   639   000F44                     CTMUCON1        equ	3908	;# 
   640   000F45                     CTMUCONH        equ	3909	;# 
   641   000F45                     CTMUCON0        equ	3909	;# 
   642   000F46                     SRCON1          equ	3910	;# 
   643   000F47                     SRCON0          equ	3911	;# 
   644   000F48                     CCPTMRS1        equ	3912	;# 
   645   000F49                     CCPTMRS0        equ	3913	;# 
   646   000F4A                     T6CON           equ	3914	;# 
   647   000F4B                     PR6             equ	3915	;# 
   648   000F4C                     TMR6            equ	3916	;# 
   649   000F4D                     T5GCON          equ	3917	;# 
   650   000F4E                     T5CON           equ	3918	;# 
   651   000F4F                     TMR5            equ	3919	;# 
   652   000F4F                     TMR5L           equ	3919	;# 
   653   000F50                     TMR5H           equ	3920	;# 
   654   000F51                     T4CON           equ	3921	;# 
   655   000F52                     PR4             equ	3922	;# 
   656   000F53                     TMR4            equ	3923	;# 
   657   000F54                     CCP5CON         equ	3924	;# 
   658   000F55                     CCPR5           equ	3925	;# 
   659   000F55                     CCPR5L          equ	3925	;# 
   660   000F56                     CCPR5H          equ	3926	;# 
   661   000F57                     CCP4CON         equ	3927	;# 
   662   000F58                     CCPR4           equ	3928	;# 
   663   000F58                     CCPR4L          equ	3928	;# 
   664   000F59                     CCPR4H          equ	3929	;# 
   665   000F5A                     PSTR3CON        equ	3930	;# 
   666   000F5B                     ECCP3AS         equ	3931	;# 
   667   000F5B                     CCP3AS          equ	3931	;# 
   668   000F5C                     PWM3CON         equ	3932	;# 
   669   000F5D                     CCP3CON         equ	3933	;# 
   670   000F5E                     CCPR3           equ	3934	;# 
   671   000F5E                     CCPR3L          equ	3934	;# 
   672   000F5F                     CCPR3H          equ	3935	;# 
   673   000F60                     SLRCON          equ	3936	;# 
   674   000F61                     WPUB            equ	3937	;# 
   675   000F62                     IOCB            equ	3938	;# 
   676   000F63                     PSTR2CON        equ	3939	;# 
   677   000F64                     ECCP2AS         equ	3940	;# 
   678   000F64                     CCP2AS          equ	3940	;# 
   679   000F65                     PWM2CON         equ	3941	;# 
   680   000F66                     CCP2CON         equ	3942	;# 
   681   000F67                     CCPR2           equ	3943	;# 
   682   000F67                     CCPR2L          equ	3943	;# 
   683   000F68                     CCPR2H          equ	3944	;# 
   684   000F69                     SSP2CON3        equ	3945	;# 
   685   000F6A                     SSP2MSK         equ	3946	;# 
   686   000F6B                     SSP2CON2        equ	3947	;# 
   687   000F6C                     SSP2CON1        equ	3948	;# 
   688   000F6D                     SSP2STAT        equ	3949	;# 
   689   000F6E                     SSP2ADD         equ	3950	;# 
   690   000F6F                     SSP2BUF         equ	3951	;# 
   691   000F70                     BAUDCON2        equ	3952	;# 
   692   000F70                     BAUD2CON        equ	3952	;# 
   693   000F71                     RCSTA2          equ	3953	;# 
   694   000F71                     RC2STA          equ	3953	;# 
   695   000F72                     TXSTA2          equ	3954	;# 
   696   000F72                     TX2STA          equ	3954	;# 
   697   000F73                     TXREG2          equ	3955	;# 
   698   000F73                     TX2REG          equ	3955	;# 
   699   000F74                     RCREG2          equ	3956	;# 
   700   000F74                     RC2REG          equ	3956	;# 
   701   000F75                     SPBRG2          equ	3957	;# 
   702   000F75                     SP2BRG          equ	3957	;# 
   703   000F76                     SPBRGH2         equ	3958	;# 
   704   000F76                     SP2BRGH         equ	3958	;# 
   705   000F77                     CM2CON1         equ	3959	;# 
   706   000F77                     CM12CON         equ	3959	;# 
   707   000F78                     CM2CON0         equ	3960	;# 
   708   000F78                     CM2CON          equ	3960	;# 
   709   000F79                     CM1CON0         equ	3961	;# 
   710   000F79                     CM1CON          equ	3961	;# 
   711   000F7A                     PIE4            equ	3962	;# 
   712   000F7B                     PIR4            equ	3963	;# 
   713   000F7C                     IPR4            equ	3964	;# 
   714   000F7D                     PIE5            equ	3965	;# 
   715   000F7E                     PIR5            equ	3966	;# 
   716   000F7F                     IPR5            equ	3967	;# 
   717   000F80                     PORTA           equ	3968	;# 
   718   000F81                     PORTB           equ	3969	;# 
   719   000F82                     PORTC           equ	3970	;# 
   720   000F84                     PORTE           equ	3972	;# 
   721   000F89                     LATA            equ	3977	;# 
   722   000F8A                     LATB            equ	3978	;# 
   723   000F8B                     LATC            equ	3979	;# 
   724   000F92                     TRISA           equ	3986	;# 
   725   000F92                     DDRA            equ	3986	;# 
   726   000F93                     TRISB           equ	3987	;# 
   727   000F93                     DDRB            equ	3987	;# 
   728   000F94                     TRISC           equ	3988	;# 
   729   000F94                     DDRC            equ	3988	;# 
   730   000F96                     TRISE           equ	3990	;# 
   731   000F9B                     OSCTUNE         equ	3995	;# 
   732   000F9C                     HLVDCON         equ	3996	;# 
   733   000F9C                     LVDCON          equ	3996	;# 
   734   000F9D                     PIE1            equ	3997	;# 
   735   000F9E                     PIR1            equ	3998	;# 
   736   000F9F                     IPR1            equ	3999	;# 
   737   000FA0                     PIE2            equ	4000	;# 
   738   000FA1                     PIR2            equ	4001	;# 
   739   000FA2                     IPR2            equ	4002	;# 
   740   000FA3                     PIE3            equ	4003	;# 
   741   000FA4                     PIR3            equ	4004	;# 
   742   000FA5                     IPR3            equ	4005	;# 
   743   000FA6                     EECON1          equ	4006	;# 
   744   000FA7                     EECON2          equ	4007	;# 
   745   000FA8                     EEDATA          equ	4008	;# 
   746   000FA9                     EEADR           equ	4009	;# 
   747   000FAB                     RCSTA1          equ	4011	;# 
   748   000FAB                     RCSTA           equ	4011	;# 
   749   000FAB                     RC1STA          equ	4011	;# 
   750   000FAC                     TXSTA1          equ	4012	;# 
   751   000FAC                     TXSTA           equ	4012	;# 
   752   000FAC                     TX1STA          equ	4012	;# 
   753   000FAD                     TXREG1          equ	4013	;# 
   754   000FAD                     TXREG           equ	4013	;# 
   755   000FAD                     TX1REG          equ	4013	;# 
   756   000FAE                     RCREG1          equ	4014	;# 
   757   000FAE                     RCREG           equ	4014	;# 
   758   000FAE                     RC1REG          equ	4014	;# 
   759   000FAF                     SPBRG1          equ	4015	;# 
   760   000FAF                     SPBRG           equ	4015	;# 
   761   000FAF                     SP1BRG          equ	4015	;# 
   762   000FB0                     SPBRGH1         equ	4016	;# 
   763   000FB0                     SPBRGH          equ	4016	;# 
   764   000FB0                     SP1BRGH         equ	4016	;# 
   765   000FB1                     T3CON           equ	4017	;# 
   766   000FB2                     TMR3            equ	4018	;# 
   767   000FB2                     TMR3L           equ	4018	;# 
   768   000FB3                     TMR3H           equ	4019	;# 
   769   000FB4                     T3GCON          equ	4020	;# 
   770   000FB6                     ECCP1AS         equ	4022	;# 
   771   000FB6                     ECCPAS          equ	4022	;# 
   772   000FB7                     PWM1CON         equ	4023	;# 
   773   000FB7                     PWMCON          equ	4023	;# 
   774   000FB8                     BAUDCON1        equ	4024	;# 
   775   000FB8                     BAUDCON         equ	4024	;# 
   776   000FB8                     BAUDCTL         equ	4024	;# 
   777   000FB8                     BAUD1CON        equ	4024	;# 
   778   000FB9                     PSTR1CON        equ	4025	;# 
   779   000FB9                     PSTRCON         equ	4025	;# 
   780   000FBA                     T2CON           equ	4026	;# 
   781   000FBB                     PR2             equ	4027	;# 
   782   000FBC                     TMR2            equ	4028	;# 
   783   000FBD                     CCP1CON         equ	4029	;# 
   784   000FBE                     CCPR1           equ	4030	;# 
   785   000FBE                     CCPR1L          equ	4030	;# 
   786   000FBF                     CCPR1H          equ	4031	;# 
   787   000FC0                     ADCON2          equ	4032	;# 
   788   000FC1                     ADCON1          equ	4033	;# 
   789   000FC2                     ADCON0          equ	4034	;# 
   790   000FC3                     ADRES           equ	4035	;# 
   791   000FC3                     ADRESL          equ	4035	;# 
   792   000FC4                     ADRESH          equ	4036	;# 
   793   000FC5                     SSP1CON2        equ	4037	;# 
   794   000FC5                     SSPCON2         equ	4037	;# 
   795   000FC6                     SSP1CON1        equ	4038	;# 
   796   000FC6                     SSPCON1         equ	4038	;# 
   797   000FC7                     SSP1STAT        equ	4039	;# 
   798   000FC7                     SSPSTAT         equ	4039	;# 
   799   000FC8                     SSP1ADD         equ	4040	;# 
   800   000FC8                     SSPADD          equ	4040	;# 
   801   000FC9                     SSP1BUF         equ	4041	;# 
   802   000FC9                     SSPBUF          equ	4041	;# 
   803   000FCA                     SSP1MSK         equ	4042	;# 
   804   000FCA                     SSPMSK          equ	4042	;# 
   805   000FCB                     SSP1CON3        equ	4043	;# 
   806   000FCB                     SSPCON3         equ	4043	;# 
   807   000FCC                     T1GCON          equ	4044	;# 
   808   000FCD                     T1CON           equ	4045	;# 
   809   000FCE                     TMR1            equ	4046	;# 
   810   000FCE                     TMR1L           equ	4046	;# 
   811   000FCF                     TMR1H           equ	4047	;# 
   812   000FD0                     RCON            equ	4048	;# 
   813   000FD1                     WDTCON          equ	4049	;# 
   814   000FD2                     OSCCON2         equ	4050	;# 
   815   000FD3                     OSCCON          equ	4051	;# 
   816   000FD5                     T0CON           equ	4053	;# 
   817   000FD6                     TMR0            equ	4054	;# 
   818   000FD6                     TMR0L           equ	4054	;# 
   819   000FD7                     TMR0H           equ	4055	;# 
   820   000FD8                     STATUS          equ	4056	;# 
   821   000FD9                     FSR2            equ	4057	;# 
   822   000FD9                     FSR2L           equ	4057	;# 
   823   000FDA                     FSR2H           equ	4058	;# 
   824   000FDB                     PLUSW2          equ	4059	;# 
   825   000FDC                     PREINC2         equ	4060	;# 
   826   000FDD                     POSTDEC2        equ	4061	;# 
   827   000FDE                     POSTINC2        equ	4062	;# 
   828   000FDF                     INDF2           equ	4063	;# 
   829   000FE0                     BSR             equ	4064	;# 
   830   000FE1                     FSR1            equ	4065	;# 
   831   000FE1                     FSR1L           equ	4065	;# 
   832   000FE2                     FSR1H           equ	4066	;# 
   833   000FE3                     PLUSW1          equ	4067	;# 
   834   000FE4                     PREINC1         equ	4068	;# 
   835   000FE5                     POSTDEC1        equ	4069	;# 
   836   000FE6                     POSTINC1        equ	4070	;# 
   837   000FE7                     INDF1           equ	4071	;# 
   838   000FE8                     WREG            equ	4072	;# 
   839   000FE9                     FSR0            equ	4073	;# 
   840   000FE9                     FSR0L           equ	4073	;# 
   841   000FEA                     FSR0H           equ	4074	;# 
   842   000FEB                     PLUSW0          equ	4075	;# 
   843   000FEC                     PREINC0         equ	4076	;# 
   844   000FED                     POSTDEC0        equ	4077	;# 
   845   000FEE                     POSTINC0        equ	4078	;# 
   846   000FEF                     INDF0           equ	4079	;# 
   847   000FF0                     INTCON3         equ	4080	;# 
   848   000FF1                     INTCON2         equ	4081	;# 
   849   000FF2                     INTCON          equ	4082	;# 
   850   000FF3                     PROD            equ	4083	;# 
   851   000FF3                     PRODL           equ	4083	;# 
   852   000FF4                     PRODH           equ	4084	;# 
   853   000FF5                     TABLAT          equ	4085	;# 
   854   000FF6                     TBLPTR          equ	4086	;# 
   855   000FF6                     TBLPTRL         equ	4086	;# 
   856   000FF7                     TBLPTRH         equ	4087	;# 
   857   000FF8                     TBLPTRU         equ	4088	;# 
   858   000FF9                     PCLAT           equ	4089	;# 
   859   000FF9                     PC              equ	4089	;# 
   860   000FF9                     PCL             equ	4089	;# 
   861   000FFA                     PCLATH          equ	4090	;# 
   862   000FFB                     PCLATU          equ	4091	;# 
   863   000FFC                     STKPTR          equ	4092	;# 
   864   000FFD                     TOS             equ	4093	;# 
   865   000FFD                     TOSL            equ	4093	;# 
   866   000FFE                     TOSH            equ	4094	;# 
   867   000FFF                     TOSU            equ	4095	;# 
   868   000F38                     ANSELA          equ	3896	;# 
   869   000F39                     ANSELB          equ	3897	;# 
   870   000F3A                     ANSELC          equ	3898	;# 
   871   000F3D                     PMD2            equ	3901	;# 
   872   000F3E                     PMD1            equ	3902	;# 
   873   000F3F                     PMD0            equ	3903	;# 
   874   000F40                     VREFCON2        equ	3904	;# 
   875   000F40                     DACCON1         equ	3904	;# 
   876   000F41                     VREFCON1        equ	3905	;# 
   877   000F41                     DACCON0         equ	3905	;# 
   878   000F42                     VREFCON0        equ	3906	;# 
   879   000F42                     FVRCON          equ	3906	;# 
   880   000F43                     CTMUICON        equ	3907	;# 
   881   000F43                     CTMUICONH       equ	3907	;# 
   882   000F44                     CTMUCONL        equ	3908	;# 
   883   000F44                     CTMUCON1        equ	3908	;# 
   884   000F45                     CTMUCONH        equ	3909	;# 
   885   000F45                     CTMUCON0        equ	3909	;# 
   886   000F46                     SRCON1          equ	3910	;# 
   887   000F47                     SRCON0          equ	3911	;# 
   888   000F48                     CCPTMRS1        equ	3912	;# 
   889   000F49                     CCPTMRS0        equ	3913	;# 
   890   000F4A                     T6CON           equ	3914	;# 
   891   000F4B                     PR6             equ	3915	;# 
   892   000F4C                     TMR6            equ	3916	;# 
   893   000F4D                     T5GCON          equ	3917	;# 
   894   000F4E                     T5CON           equ	3918	;# 
   895   000F4F                     TMR5            equ	3919	;# 
   896   000F4F                     TMR5L           equ	3919	;# 
   897   000F50                     TMR5H           equ	3920	;# 
   898   000F51                     T4CON           equ	3921	;# 
   899   000F52                     PR4             equ	3922	;# 
   900   000F53                     TMR4            equ	3923	;# 
   901   000F54                     CCP5CON         equ	3924	;# 
   902   000F55                     CCPR5           equ	3925	;# 
   903   000F55                     CCPR5L          equ	3925	;# 
   904   000F56                     CCPR5H          equ	3926	;# 
   905   000F57                     CCP4CON         equ	3927	;# 
   906   000F58                     CCPR4           equ	3928	;# 
   907   000F58                     CCPR4L          equ	3928	;# 
   908   000F59                     CCPR4H          equ	3929	;# 
   909   000F5A                     PSTR3CON        equ	3930	;# 
   910   000F5B                     ECCP3AS         equ	3931	;# 
   911   000F5B                     CCP3AS          equ	3931	;# 
   912   000F5C                     PWM3CON         equ	3932	;# 
   913   000F5D                     CCP3CON         equ	3933	;# 
   914   000F5E                     CCPR3           equ	3934	;# 
   915   000F5E                     CCPR3L          equ	3934	;# 
   916   000F5F                     CCPR3H          equ	3935	;# 
   917   000F60                     SLRCON          equ	3936	;# 
   918   000F61                     WPUB            equ	3937	;# 
   919   000F62                     IOCB            equ	3938	;# 
   920   000F63                     PSTR2CON        equ	3939	;# 
   921   000F64                     ECCP2AS         equ	3940	;# 
   922   000F64                     CCP2AS          equ	3940	;# 
   923   000F65                     PWM2CON         equ	3941	;# 
   924   000F66                     CCP2CON         equ	3942	;# 
   925   000F67                     CCPR2           equ	3943	;# 
   926   000F67                     CCPR2L          equ	3943	;# 
   927   000F68                     CCPR2H          equ	3944	;# 
   928   000F69                     SSP2CON3        equ	3945	;# 
   929   000F6A                     SSP2MSK         equ	3946	;# 
   930   000F6B                     SSP2CON2        equ	3947	;# 
   931   000F6C                     SSP2CON1        equ	3948	;# 
   932   000F6D                     SSP2STAT        equ	3949	;# 
   933   000F6E                     SSP2ADD         equ	3950	;# 
   934   000F6F                     SSP2BUF         equ	3951	;# 
   935   000F70                     BAUDCON2        equ	3952	;# 
   936   000F70                     BAUD2CON        equ	3952	;# 
   937   000F71                     RCSTA2          equ	3953	;# 
   938   000F71                     RC2STA          equ	3953	;# 
   939   000F72                     TXSTA2          equ	3954	;# 
   940   000F72                     TX2STA          equ	3954	;# 
   941   000F73                     TXREG2          equ	3955	;# 
   942   000F73                     TX2REG          equ	3955	;# 
   943   000F74                     RCREG2          equ	3956	;# 
   944   000F74                     RC2REG          equ	3956	;# 
   945   000F75                     SPBRG2          equ	3957	;# 
   946   000F75                     SP2BRG          equ	3957	;# 
   947   000F76                     SPBRGH2         equ	3958	;# 
   948   000F76                     SP2BRGH         equ	3958	;# 
   949   000F77                     CM2CON1         equ	3959	;# 
   950   000F77                     CM12CON         equ	3959	;# 
   951   000F78                     CM2CON0         equ	3960	;# 
   952   000F78                     CM2CON          equ	3960	;# 
   953   000F79                     CM1CON0         equ	3961	;# 
   954   000F79                     CM1CON          equ	3961	;# 
   955   000F7A                     PIE4            equ	3962	;# 
   956   000F7B                     PIR4            equ	3963	;# 
   957   000F7C                     IPR4            equ	3964	;# 
   958   000F7D                     PIE5            equ	3965	;# 
   959   000F7E                     PIR5            equ	3966	;# 
   960   000F7F                     IPR5            equ	3967	;# 
   961   000F80                     PORTA           equ	3968	;# 
   962   000F81                     PORTB           equ	3969	;# 
   963   000F82                     PORTC           equ	3970	;# 
   964   000F84                     PORTE           equ	3972	;# 
   965   000F89                     LATA            equ	3977	;# 
   966   000F8A                     LATB            equ	3978	;# 
   967   000F8B                     LATC            equ	3979	;# 
   968   000F92                     TRISA           equ	3986	;# 
   969   000F92                     DDRA            equ	3986	;# 
   970   000F93                     TRISB           equ	3987	;# 
   971   000F93                     DDRB            equ	3987	;# 
   972   000F94                     TRISC           equ	3988	;# 
   973   000F94                     DDRC            equ	3988	;# 
   974   000F96                     TRISE           equ	3990	;# 
   975   000F9B                     OSCTUNE         equ	3995	;# 
   976   000F9C                     HLVDCON         equ	3996	;# 
   977   000F9C                     LVDCON          equ	3996	;# 
   978   000F9D                     PIE1            equ	3997	;# 
   979   000F9E                     PIR1            equ	3998	;# 
   980   000F9F                     IPR1            equ	3999	;# 
   981   000FA0                     PIE2            equ	4000	;# 
   982   000FA1                     PIR2            equ	4001	;# 
   983   000FA2                     IPR2            equ	4002	;# 
   984   000FA3                     PIE3            equ	4003	;# 
   985   000FA4                     PIR3            equ	4004	;# 
   986   000FA5                     IPR3            equ	4005	;# 
   987   000FA6                     EECON1          equ	4006	;# 
   988   000FA7                     EECON2          equ	4007	;# 
   989   000FA8                     EEDATA          equ	4008	;# 
   990   000FA9                     EEADR           equ	4009	;# 
   991   000FAB                     RCSTA1          equ	4011	;# 
   992   000FAB                     RCSTA           equ	4011	;# 
   993   000FAB                     RC1STA          equ	4011	;# 
   994   000FAC                     TXSTA1          equ	4012	;# 
   995   000FAC                     TXSTA           equ	4012	;# 
   996   000FAC                     TX1STA          equ	4012	;# 
   997   000FAD                     TXREG1          equ	4013	;# 
   998   000FAD                     TXREG           equ	4013	;# 
   999   000FAD                     TX1REG          equ	4013	;# 
  1000   000FAE                     RCREG1          equ	4014	;# 
  1001   000FAE                     RCREG           equ	4014	;# 
  1002   000FAE                     RC1REG          equ	4014	;# 
  1003   000FAF                     SPBRG1          equ	4015	;# 
  1004   000FAF                     SPBRG           equ	4015	;# 
  1005   000FAF                     SP1BRG          equ	4015	;# 
  1006   000FB0                     SPBRGH1         equ	4016	;# 
  1007   000FB0                     SPBRGH          equ	4016	;# 
  1008   000FB0                     SP1BRGH         equ	4016	;# 
  1009   000FB1                     T3CON           equ	4017	;# 
  1010   000FB2                     TMR3            equ	4018	;# 
  1011   000FB2                     TMR3L           equ	4018	;# 
  1012   000FB3                     TMR3H           equ	4019	;# 
  1013   000FB4                     T3GCON          equ	4020	;# 
  1014   000FB6                     ECCP1AS         equ	4022	;# 
  1015   000FB6                     ECCPAS          equ	4022	;# 
  1016   000FB7                     PWM1CON         equ	4023	;# 
  1017   000FB7                     PWMCON          equ	4023	;# 
  1018   000FB8                     BAUDCON1        equ	4024	;# 
  1019   000FB8                     BAUDCON         equ	4024	;# 
  1020   000FB8                     BAUDCTL         equ	4024	;# 
  1021   000FB8                     BAUD1CON        equ	4024	;# 
  1022   000FB9                     PSTR1CON        equ	4025	;# 
  1023   000FB9                     PSTRCON         equ	4025	;# 
  1024   000FBA                     T2CON           equ	4026	;# 
  1025   000FBB                     PR2             equ	4027	;# 
  1026   000FBC                     TMR2            equ	4028	;# 
  1027   000FBD                     CCP1CON         equ	4029	;# 
  1028   000FBE                     CCPR1           equ	4030	;# 
  1029   000FBE                     CCPR1L          equ	4030	;# 
  1030   000FBF                     CCPR1H          equ	4031	;# 
  1031   000FC0                     ADCON2          equ	4032	;# 
  1032   000FC1                     ADCON1          equ	4033	;# 
  1033   000FC2                     ADCON0          equ	4034	;# 
  1034   000FC3                     ADRES           equ	4035	;# 
  1035   000FC3                     ADRESL          equ	4035	;# 
  1036   000FC4                     ADRESH          equ	4036	;# 
  1037   000FC5                     SSP1CON2        equ	4037	;# 
  1038   000FC5                     SSPCON2         equ	4037	;# 
  1039   000FC6                     SSP1CON1        equ	4038	;# 
  1040   000FC6                     SSPCON1         equ	4038	;# 
  1041   000FC7                     SSP1STAT        equ	4039	;# 
  1042   000FC7                     SSPSTAT         equ	4039	;# 
  1043   000FC8                     SSP1ADD         equ	4040	;# 
  1044   000FC8                     SSPADD          equ	4040	;# 
  1045   000FC9                     SSP1BUF         equ	4041	;# 
  1046   000FC9                     SSPBUF          equ	4041	;# 
  1047   000FCA                     SSP1MSK         equ	4042	;# 
  1048   000FCA                     SSPMSK          equ	4042	;# 
  1049   000FCB                     SSP1CON3        equ	4043	;# 
  1050   000FCB                     SSPCON3         equ	4043	;# 
  1051   000FCC                     T1GCON          equ	4044	;# 
  1052   000FCD                     T1CON           equ	4045	;# 
  1053   000FCE                     TMR1            equ	4046	;# 
  1054   000FCE                     TMR1L           equ	4046	;# 
  1055   000FCF                     TMR1H           equ	4047	;# 
  1056   000FD0                     RCON            equ	4048	;# 
  1057   000FD1                     WDTCON          equ	4049	;# 
  1058   000FD2                     OSCCON2         equ	4050	;# 
  1059   000FD3                     OSCCON          equ	4051	;# 
  1060   000FD5                     T0CON           equ	4053	;# 
  1061   000FD6                     TMR0            equ	4054	;# 
  1062   000FD6                     TMR0L           equ	4054	;# 
  1063   000FD7                     TMR0H           equ	4055	;# 
  1064   000FD8                     STATUS          equ	4056	;# 
  1065   000FD9                     FSR2            equ	4057	;# 
  1066   000FD9                     FSR2L           equ	4057	;# 
  1067   000FDA                     FSR2H           equ	4058	;# 
  1068   000FDB                     PLUSW2          equ	4059	;# 
  1069   000FDC                     PREINC2         equ	4060	;# 
  1070   000FDD                     POSTDEC2        equ	4061	;# 
  1071   000FDE                     POSTINC2        equ	4062	;# 
  1072   000FDF                     INDF2           equ	4063	;# 
  1073   000FE0                     BSR             equ	4064	;# 
  1074   000FE1                     FSR1            equ	4065	;# 
  1075   000FE1                     FSR1L           equ	4065	;# 
  1076   000FE2                     FSR1H           equ	4066	;# 
  1077   000FE3                     PLUSW1          equ	4067	;# 
  1078   000FE4                     PREINC1         equ	4068	;# 
  1079   000FE5                     POSTDEC1        equ	4069	;# 
  1080   000FE6                     POSTINC1        equ	4070	;# 
  1081   000FE7                     INDF1           equ	4071	;# 
  1082   000FE8                     WREG            equ	4072	;# 
  1083   000FE9                     FSR0            equ	4073	;# 
  1084   000FE9                     FSR0L           equ	4073	;# 
  1085   000FEA                     FSR0H           equ	4074	;# 
  1086   000FEB                     PLUSW0          equ	4075	;# 
  1087   000FEC                     PREINC0         equ	4076	;# 
  1088   000FED                     POSTDEC0        equ	4077	;# 
  1089   000FEE                     POSTINC0        equ	4078	;# 
  1090   000FEF                     INDF0           equ	4079	;# 
  1091   000FF0                     INTCON3         equ	4080	;# 
  1092   000FF1                     INTCON2         equ	4081	;# 
  1093   000FF2                     INTCON          equ	4082	;# 
  1094   000FF3                     PROD            equ	4083	;# 
  1095   000FF3                     PRODL           equ	4083	;# 
  1096   000FF4                     PRODH           equ	4084	;# 
  1097   000FF5                     TABLAT          equ	4085	;# 
  1098   000FF6                     TBLPTR          equ	4086	;# 
  1099   000FF6                     TBLPTRL         equ	4086	;# 
  1100   000FF7                     TBLPTRH         equ	4087	;# 
  1101   000FF8                     TBLPTRU         equ	4088	;# 
  1102   000FF9                     PCLAT           equ	4089	;# 
  1103   000FF9                     PC              equ	4089	;# 
  1104   000FF9                     PCL             equ	4089	;# 
  1105   000FFA                     PCLATH          equ	4090	;# 
  1106   000FFB                     PCLATU          equ	4091	;# 
  1107   000FFC                     STKPTR          equ	4092	;# 
  1108   000FFD                     TOS             equ	4093	;# 
  1109   000FFD                     TOSL            equ	4093	;# 
  1110   000FFE                     TOSH            equ	4094	;# 
  1111   000FFF                     TOSU            equ	4095	;# 
  1112   000F38                     ANSELA          equ	3896	;# 
  1113   000F39                     ANSELB          equ	3897	;# 
  1114   000F3A                     ANSELC          equ	3898	;# 
  1115   000F3D                     PMD2            equ	3901	;# 
  1116   000F3E                     PMD1            equ	3902	;# 
  1117   000F3F                     PMD0            equ	3903	;# 
  1118   000F40                     VREFCON2        equ	3904	;# 
  1119   000F40                     DACCON1         equ	3904	;# 
  1120   000F41                     VREFCON1        equ	3905	;# 
  1121   000F41                     DACCON0         equ	3905	;# 
  1122   000F42                     VREFCON0        equ	3906	;# 
  1123   000F42                     FVRCON          equ	3906	;# 
  1124   000F43                     CTMUICON        equ	3907	;# 
  1125   000F43                     CTMUICONH       equ	3907	;# 
  1126   000F44                     CTMUCONL        equ	3908	;# 
  1127   000F44                     CTMUCON1        equ	3908	;# 
  1128   000F45                     CTMUCONH        equ	3909	;# 
  1129   000F45                     CTMUCON0        equ	3909	;# 
  1130   000F46                     SRCON1          equ	3910	;# 
  1131   000F47                     SRCON0          equ	3911	;# 
  1132   000F48                     CCPTMRS1        equ	3912	;# 
  1133   000F49                     CCPTMRS0        equ	3913	;# 
  1134   000F4A                     T6CON           equ	3914	;# 
  1135   000F4B                     PR6             equ	3915	;# 
  1136   000F4C                     TMR6            equ	3916	;# 
  1137   000F4D                     T5GCON          equ	3917	;# 
  1138   000F4E                     T5CON           equ	3918	;# 
  1139   000F4F                     TMR5            equ	3919	;# 
  1140   000F4F                     TMR5L           equ	3919	;# 
  1141   000F50                     TMR5H           equ	3920	;# 
  1142   000F51                     T4CON           equ	3921	;# 
  1143   000F52                     PR4             equ	3922	;# 
  1144   000F53                     TMR4            equ	3923	;# 
  1145   000F54                     CCP5CON         equ	3924	;# 
  1146   000F55                     CCPR5           equ	3925	;# 
  1147   000F55                     CCPR5L          equ	3925	;# 
  1148   000F56                     CCPR5H          equ	3926	;# 
  1149   000F57                     CCP4CON         equ	3927	;# 
  1150   000F58                     CCPR4           equ	3928	;# 
  1151   000F58                     CCPR4L          equ	3928	;# 
  1152   000F59                     CCPR4H          equ	3929	;# 
  1153   000F5A                     PSTR3CON        equ	3930	;# 
  1154   000F5B                     ECCP3AS         equ	3931	;# 
  1155   000F5B                     CCP3AS          equ	3931	;# 
  1156   000F5C                     PWM3CON         equ	3932	;# 
  1157   000F5D                     CCP3CON         equ	3933	;# 
  1158   000F5E                     CCPR3           equ	3934	;# 
  1159   000F5E                     CCPR3L          equ	3934	;# 
  1160   000F5F                     CCPR3H          equ	3935	;# 
  1161   000F60                     SLRCON          equ	3936	;# 
  1162   000F61                     WPUB            equ	3937	;# 
  1163   000F62                     IOCB            equ	3938	;# 
  1164   000F63                     PSTR2CON        equ	3939	;# 
  1165   000F64                     ECCP2AS         equ	3940	;# 
  1166   000F64                     CCP2AS          equ	3940	;# 
  1167   000F65                     PWM2CON         equ	3941	;# 
  1168   000F66                     CCP2CON         equ	3942	;# 
  1169   000F67                     CCPR2           equ	3943	;# 
  1170   000F67                     CCPR2L          equ	3943	;# 
  1171   000F68                     CCPR2H          equ	3944	;# 
  1172   000F69                     SSP2CON3        equ	3945	;# 
  1173   000F6A                     SSP2MSK         equ	3946	;# 
  1174   000F6B                     SSP2CON2        equ	3947	;# 
  1175   000F6C                     SSP2CON1        equ	3948	;# 
  1176   000F6D                     SSP2STAT        equ	3949	;# 
  1177   000F6E                     SSP2ADD         equ	3950	;# 
  1178   000F6F                     SSP2BUF         equ	3951	;# 
  1179   000F70                     BAUDCON2        equ	3952	;# 
  1180   000F70                     BAUD2CON        equ	3952	;# 
  1181   000F71                     RCSTA2          equ	3953	;# 
  1182   000F71                     RC2STA          equ	3953	;# 
  1183   000F72                     TXSTA2          equ	3954	;# 
  1184   000F72                     TX2STA          equ	3954	;# 
  1185   000F73                     TXREG2          equ	3955	;# 
  1186   000F73                     TX2REG          equ	3955	;# 
  1187   000F74                     RCREG2          equ	3956	;# 
  1188   000F74                     RC2REG          equ	3956	;# 
  1189   000F75                     SPBRG2          equ	3957	;# 
  1190   000F75                     SP2BRG          equ	3957	;# 
  1191   000F76                     SPBRGH2         equ	3958	;# 
  1192   000F76                     SP2BRGH         equ	3958	;# 
  1193   000F77                     CM2CON1         equ	3959	;# 
  1194   000F77                     CM12CON         equ	3959	;# 
  1195   000F78                     CM2CON0         equ	3960	;# 
  1196   000F78                     CM2CON          equ	3960	;# 
  1197   000F79                     CM1CON0         equ	3961	;# 
  1198   000F79                     CM1CON          equ	3961	;# 
  1199   000F7A                     PIE4            equ	3962	;# 
  1200   000F7B                     PIR4            equ	3963	;# 
  1201   000F7C                     IPR4            equ	3964	;# 
  1202   000F7D                     PIE5            equ	3965	;# 
  1203   000F7E                     PIR5            equ	3966	;# 
  1204   000F7F                     IPR5            equ	3967	;# 
  1205   000F80                     PORTA           equ	3968	;# 
  1206   000F81                     PORTB           equ	3969	;# 
  1207   000F82                     PORTC           equ	3970	;# 
  1208   000F84                     PORTE           equ	3972	;# 
  1209   000F89                     LATA            equ	3977	;# 
  1210   000F8A                     LATB            equ	3978	;# 
  1211   000F8B                     LATC            equ	3979	;# 
  1212   000F92                     TRISA           equ	3986	;# 
  1213   000F92                     DDRA            equ	3986	;# 
  1214   000F93                     TRISB           equ	3987	;# 
  1215   000F93                     DDRB            equ	3987	;# 
  1216   000F94                     TRISC           equ	3988	;# 
  1217   000F94                     DDRC            equ	3988	;# 
  1218   000F96                     TRISE           equ	3990	;# 
  1219   000F9B                     OSCTUNE         equ	3995	;# 
  1220   000F9C                     HLVDCON         equ	3996	;# 
  1221   000F9C                     LVDCON          equ	3996	;# 
  1222   000F9D                     PIE1            equ	3997	;# 
  1223   000F9E                     PIR1            equ	3998	;# 
  1224   000F9F                     IPR1            equ	3999	;# 
  1225   000FA0                     PIE2            equ	4000	;# 
  1226   000FA1                     PIR2            equ	4001	;# 
  1227   000FA2                     IPR2            equ	4002	;# 
  1228   000FA3                     PIE3            equ	4003	;# 
  1229   000FA4                     PIR3            equ	4004	;# 
  1230   000FA5                     IPR3            equ	4005	;# 
  1231   000FA6                     EECON1          equ	4006	;# 
  1232   000FA7                     EECON2          equ	4007	;# 
  1233   000FA8                     EEDATA          equ	4008	;# 
  1234   000FA9                     EEADR           equ	4009	;# 
  1235   000FAB                     RCSTA1          equ	4011	;# 
  1236   000FAB                     RCSTA           equ	4011	;# 
  1237   000FAB                     RC1STA          equ	4011	;# 
  1238   000FAC                     TXSTA1          equ	4012	;# 
  1239   000FAC                     TXSTA           equ	4012	;# 
  1240   000FAC                     TX1STA          equ	4012	;# 
  1241   000FAD                     TXREG1          equ	4013	;# 
  1242   000FAD                     TXREG           equ	4013	;# 
  1243   000FAD                     TX1REG          equ	4013	;# 
  1244   000FAE                     RCREG1          equ	4014	;# 
  1245   000FAE                     RCREG           equ	4014	;# 
  1246   000FAE                     RC1REG          equ	4014	;# 
  1247   000FAF                     SPBRG1          equ	4015	;# 
  1248   000FAF                     SPBRG           equ	4015	;# 
  1249   000FAF                     SP1BRG          equ	4015	;# 
  1250   000FB0                     SPBRGH1         equ	4016	;# 
  1251   000FB0                     SPBRGH          equ	4016	;# 
  1252   000FB0                     SP1BRGH         equ	4016	;# 
  1253   000FB1                     T3CON           equ	4017	;# 
  1254   000FB2                     TMR3            equ	4018	;# 
  1255   000FB2                     TMR3L           equ	4018	;# 
  1256   000FB3                     TMR3H           equ	4019	;# 
  1257   000FB4                     T3GCON          equ	4020	;# 
  1258   000FB6                     ECCP1AS         equ	4022	;# 
  1259   000FB6                     ECCPAS          equ	4022	;# 
  1260   000FB7                     PWM1CON         equ	4023	;# 
  1261   000FB7                     PWMCON          equ	4023	;# 
  1262   000FB8                     BAUDCON1        equ	4024	;# 
  1263   000FB8                     BAUDCON         equ	4024	;# 
  1264   000FB8                     BAUDCTL         equ	4024	;# 
  1265   000FB8                     BAUD1CON        equ	4024	;# 
  1266   000FB9                     PSTR1CON        equ	4025	;# 
  1267   000FB9                     PSTRCON         equ	4025	;# 
  1268   000FBA                     T2CON           equ	4026	;# 
  1269   000FBB                     PR2             equ	4027	;# 
  1270   000FBC                     TMR2            equ	4028	;# 
  1271   000FBD                     CCP1CON         equ	4029	;# 
  1272   000FBE                     CCPR1           equ	4030	;# 
  1273   000FBE                     CCPR1L          equ	4030	;# 
  1274   000FBF                     CCPR1H          equ	4031	;# 
  1275   000FC0                     ADCON2          equ	4032	;# 
  1276   000FC1                     ADCON1          equ	4033	;# 
  1277   000FC2                     ADCON0          equ	4034	;# 
  1278   000FC3                     ADRES           equ	4035	;# 
  1279   000FC3                     ADRESL          equ	4035	;# 
  1280   000FC4                     ADRESH          equ	4036	;# 
  1281   000FC5                     SSP1CON2        equ	4037	;# 
  1282   000FC5                     SSPCON2         equ	4037	;# 
  1283   000FC6                     SSP1CON1        equ	4038	;# 
  1284   000FC6                     SSPCON1         equ	4038	;# 
  1285   000FC7                     SSP1STAT        equ	4039	;# 
  1286   000FC7                     SSPSTAT         equ	4039	;# 
  1287   000FC8                     SSP1ADD         equ	4040	;# 
  1288   000FC8                     SSPADD          equ	4040	;# 
  1289   000FC9                     SSP1BUF         equ	4041	;# 
  1290   000FC9                     SSPBUF          equ	4041	;# 
  1291   000FCA                     SSP1MSK         equ	4042	;# 
  1292   000FCA                     SSPMSK          equ	4042	;# 
  1293   000FCB                     SSP1CON3        equ	4043	;# 
  1294   000FCB                     SSPCON3         equ	4043	;# 
  1295   000FCC                     T1GCON          equ	4044	;# 
  1296   000FCD                     T1CON           equ	4045	;# 
  1297   000FCE                     TMR1            equ	4046	;# 
  1298   000FCE                     TMR1L           equ	4046	;# 
  1299   000FCF                     TMR1H           equ	4047	;# 
  1300   000FD0                     RCON            equ	4048	;# 
  1301   000FD1                     WDTCON          equ	4049	;# 
  1302   000FD2                     OSCCON2         equ	4050	;# 
  1303   000FD3                     OSCCON          equ	4051	;# 
  1304   000FD5                     T0CON           equ	4053	;# 
  1305   000FD6                     TMR0            equ	4054	;# 
  1306   000FD6                     TMR0L           equ	4054	;# 
  1307   000FD7                     TMR0H           equ	4055	;# 
  1308   000FD8                     STATUS          equ	4056	;# 
  1309   000FD9                     FSR2            equ	4057	;# 
  1310   000FD9                     FSR2L           equ	4057	;# 
  1311   000FDA                     FSR2H           equ	4058	;# 
  1312   000FDB                     PLUSW2          equ	4059	;# 
  1313   000FDC                     PREINC2         equ	4060	;# 
  1314   000FDD                     POSTDEC2        equ	4061	;# 
  1315   000FDE                     POSTINC2        equ	4062	;# 
  1316   000FDF                     INDF2           equ	4063	;# 
  1317   000FE0                     BSR             equ	4064	;# 
  1318   000FE1                     FSR1            equ	4065	;# 
  1319   000FE1                     FSR1L           equ	4065	;# 
  1320   000FE2                     FSR1H           equ	4066	;# 
  1321   000FE3                     PLUSW1          equ	4067	;# 
  1322   000FE4                     PREINC1         equ	4068	;# 
  1323   000FE5                     POSTDEC1        equ	4069	;# 
  1324   000FE6                     POSTINC1        equ	4070	;# 
  1325   000FE7                     INDF1           equ	4071	;# 
  1326   000FE8                     WREG            equ	4072	;# 
  1327   000FE9                     FSR0            equ	4073	;# 
  1328   000FE9                     FSR0L           equ	4073	;# 
  1329   000FEA                     FSR0H           equ	4074	;# 
  1330   000FEB                     PLUSW0          equ	4075	;# 
  1331   000FEC                     PREINC0         equ	4076	;# 
  1332   000FED                     POSTDEC0        equ	4077	;# 
  1333   000FEE                     POSTINC0        equ	4078	;# 
  1334   000FEF                     INDF0           equ	4079	;# 
  1335   000FF0                     INTCON3         equ	4080	;# 
  1336   000FF1                     INTCON2         equ	4081	;# 
  1337   000FF2                     INTCON          equ	4082	;# 
  1338   000FF3                     PROD            equ	4083	;# 
  1339   000FF3                     PRODL           equ	4083	;# 
  1340   000FF4                     PRODH           equ	4084	;# 
  1341   000FF5                     TABLAT          equ	4085	;# 
  1342   000FF6                     TBLPTR          equ	4086	;# 
  1343   000FF6                     TBLPTRL         equ	4086	;# 
  1344   000FF7                     TBLPTRH         equ	4087	;# 
  1345   000FF8                     TBLPTRU         equ	4088	;# 
  1346   000FF9                     PCLAT           equ	4089	;# 
  1347   000FF9                     PC              equ	4089	;# 
  1348   000FF9                     PCL             equ	4089	;# 
  1349   000FFA                     PCLATH          equ	4090	;# 
  1350   000FFB                     PCLATU          equ	4091	;# 
  1351   000FFC                     STKPTR          equ	4092	;# 
  1352   000FFD                     TOS             equ	4093	;# 
  1353   000FFD                     TOSL            equ	4093	;# 
  1354   000FFE                     TOSH            equ	4094	;# 
  1355   000FFF                     TOSU            equ	4095	;# 
  1356   000F38                     ANSELA          equ	3896	;# 
  1357   000F39                     ANSELB          equ	3897	;# 
  1358   000F3A                     ANSELC          equ	3898	;# 
  1359   000F3D                     PMD2            equ	3901	;# 
  1360   000F3E                     PMD1            equ	3902	;# 
  1361   000F3F                     PMD0            equ	3903	;# 
  1362   000F40                     VREFCON2        equ	3904	;# 
  1363   000F40                     DACCON1         equ	3904	;# 
  1364   000F41                     VREFCON1        equ	3905	;# 
  1365   000F41                     DACCON0         equ	3905	;# 
  1366   000F42                     VREFCON0        equ	3906	;# 
  1367   000F42                     FVRCON          equ	3906	;# 
  1368   000F43                     CTMUICON        equ	3907	;# 
  1369   000F43                     CTMUICONH       equ	3907	;# 
  1370   000F44                     CTMUCONL        equ	3908	;# 
  1371   000F44                     CTMUCON1        equ	3908	;# 
  1372   000F45                     CTMUCONH        equ	3909	;# 
  1373   000F45                     CTMUCON0        equ	3909	;# 
  1374   000F46                     SRCON1          equ	3910	;# 
  1375   000F47                     SRCON0          equ	3911	;# 
  1376   000F48                     CCPTMRS1        equ	3912	;# 
  1377   000F49                     CCPTMRS0        equ	3913	;# 
  1378   000F4A                     T6CON           equ	3914	;# 
  1379   000F4B                     PR6             equ	3915	;# 
  1380   000F4C                     TMR6            equ	3916	;# 
  1381   000F4D                     T5GCON          equ	3917	;# 
  1382   000F4E                     T5CON           equ	3918	;# 
  1383   000F4F                     TMR5            equ	3919	;# 
  1384   000F4F                     TMR5L           equ	3919	;# 
  1385   000F50                     TMR5H           equ	3920	;# 
  1386   000F51                     T4CON           equ	3921	;# 
  1387   000F52                     PR4             equ	3922	;# 
  1388   000F53                     TMR4            equ	3923	;# 
  1389   000F54                     CCP5CON         equ	3924	;# 
  1390   000F55                     CCPR5           equ	3925	;# 
  1391   000F55                     CCPR5L          equ	3925	;# 
  1392   000F56                     CCPR5H          equ	3926	;# 
  1393   000F57                     CCP4CON         equ	3927	;# 
  1394   000F58                     CCPR4           equ	3928	;# 
  1395   000F58                     CCPR4L          equ	3928	;# 
  1396   000F59                     CCPR4H          equ	3929	;# 
  1397   000F5A                     PSTR3CON        equ	3930	;# 
  1398   000F5B                     ECCP3AS         equ	3931	;# 
  1399   000F5B                     CCP3AS          equ	3931	;# 
  1400   000F5C                     PWM3CON         equ	3932	;# 
  1401   000F5D                     CCP3CON         equ	3933	;# 
  1402   000F5E                     CCPR3           equ	3934	;# 
  1403   000F5E                     CCPR3L          equ	3934	;# 
  1404   000F5F                     CCPR3H          equ	3935	;# 
  1405   000F60                     SLRCON          equ	3936	;# 
  1406   000F61                     WPUB            equ	3937	;# 
  1407   000F62                     IOCB            equ	3938	;# 
  1408   000F63                     PSTR2CON        equ	3939	;# 
  1409   000F64                     ECCP2AS         equ	3940	;# 
  1410   000F64                     CCP2AS          equ	3940	;# 
  1411   000F65                     PWM2CON         equ	3941	;# 
  1412   000F66                     CCP2CON         equ	3942	;# 
  1413   000F67                     CCPR2           equ	3943	;# 
  1414   000F67                     CCPR2L          equ	3943	;# 
  1415   000F68                     CCPR2H          equ	3944	;# 
  1416   000F69                     SSP2CON3        equ	3945	;# 
  1417   000F6A                     SSP2MSK         equ	3946	;# 
  1418   000F6B                     SSP2CON2        equ	3947	;# 
  1419   000F6C                     SSP2CON1        equ	3948	;# 
  1420   000F6D                     SSP2STAT        equ	3949	;# 
  1421   000F6E                     SSP2ADD         equ	3950	;# 
  1422   000F6F                     SSP2BUF         equ	3951	;# 
  1423   000F70                     BAUDCON2        equ	3952	;# 
  1424   000F70                     BAUD2CON        equ	3952	;# 
  1425   000F71                     RCSTA2          equ	3953	;# 
  1426   000F71                     RC2STA          equ	3953	;# 
  1427   000F72                     TXSTA2          equ	3954	;# 
  1428   000F72                     TX2STA          equ	3954	;# 
  1429   000F73                     TXREG2          equ	3955	;# 
  1430   000F73                     TX2REG          equ	3955	;# 
  1431   000F74                     RCREG2          equ	3956	;# 
  1432   000F74                     RC2REG          equ	3956	;# 
  1433   000F75                     SPBRG2          equ	3957	;# 
  1434   000F75                     SP2BRG          equ	3957	;# 
  1435   000F76                     SPBRGH2         equ	3958	;# 
  1436   000F76                     SP2BRGH         equ	3958	;# 
  1437   000F77                     CM2CON1         equ	3959	;# 
  1438   000F77                     CM12CON         equ	3959	;# 
  1439   000F78                     CM2CON0         equ	3960	;# 
  1440   000F78                     CM2CON          equ	3960	;# 
  1441   000F79                     CM1CON0         equ	3961	;# 
  1442   000F79                     CM1CON          equ	3961	;# 
  1443   000F7A                     PIE4            equ	3962	;# 
  1444   000F7B                     PIR4            equ	3963	;# 
  1445   000F7C                     IPR4            equ	3964	;# 
  1446   000F7D                     PIE5            equ	3965	;# 
  1447   000F7E                     PIR5            equ	3966	;# 
  1448   000F7F                     IPR5            equ	3967	;# 
  1449   000F80                     PORTA           equ	3968	;# 
  1450   000F81                     PORTB           equ	3969	;# 
  1451   000F82                     PORTC           equ	3970	;# 
  1452   000F84                     PORTE           equ	3972	;# 
  1453   000F89                     LATA            equ	3977	;# 
  1454   000F8A                     LATB            equ	3978	;# 
  1455   000F8B                     LATC            equ	3979	;# 
  1456   000F92                     TRISA           equ	3986	;# 
  1457   000F92                     DDRA            equ	3986	;# 
  1458   000F93                     TRISB           equ	3987	;# 
  1459   000F93                     DDRB            equ	3987	;# 
  1460   000F94                     TRISC           equ	3988	;# 
  1461   000F94                     DDRC            equ	3988	;# 
  1462   000F96                     TRISE           equ	3990	;# 
  1463   000F9B                     OSCTUNE         equ	3995	;# 
  1464   000F9C                     HLVDCON         equ	3996	;# 
  1465   000F9C                     LVDCON          equ	3996	;# 
  1466   000F9D                     PIE1            equ	3997	;# 
  1467   000F9E                     PIR1            equ	3998	;# 
  1468   000F9F                     IPR1            equ	3999	;# 
  1469   000FA0                     PIE2            equ	4000	;# 
  1470   000FA1                     PIR2            equ	4001	;# 
  1471   000FA2                     IPR2            equ	4002	;# 
  1472   000FA3                     PIE3            equ	4003	;# 
  1473   000FA4                     PIR3            equ	4004	;# 
  1474   000FA5                     IPR3            equ	4005	;# 
  1475   000FA6                     EECON1          equ	4006	;# 
  1476   000FA7                     EECON2          equ	4007	;# 
  1477   000FA8                     EEDATA          equ	4008	;# 
  1478   000FA9                     EEADR           equ	4009	;# 
  1479   000FAB                     RCSTA1          equ	4011	;# 
  1480   000FAB                     RCSTA           equ	4011	;# 
  1481   000FAB                     RC1STA          equ	4011	;# 
  1482   000FAC                     TXSTA1          equ	4012	;# 
  1483   000FAC                     TXSTA           equ	4012	;# 
  1484   000FAC                     TX1STA          equ	4012	;# 
  1485   000FAD                     TXREG1          equ	4013	;# 
  1486   000FAD                     TXREG           equ	4013	;# 
  1487   000FAD                     TX1REG          equ	4013	;# 
  1488   000FAE                     RCREG1          equ	4014	;# 
  1489   000FAE                     RCREG           equ	4014	;# 
  1490   000FAE                     RC1REG          equ	4014	;# 
  1491   000FAF                     SPBRG1          equ	4015	;# 
  1492   000FAF                     SPBRG           equ	4015	;# 
  1493   000FAF                     SP1BRG          equ	4015	;# 
  1494   000FB0                     SPBRGH1         equ	4016	;# 
  1495   000FB0                     SPBRGH          equ	4016	;# 
  1496   000FB0                     SP1BRGH         equ	4016	;# 
  1497   000FB1                     T3CON           equ	4017	;# 
  1498   000FB2                     TMR3            equ	4018	;# 
  1499   000FB2                     TMR3L           equ	4018	;# 
  1500   000FB3                     TMR3H           equ	4019	;# 
  1501   000FB4                     T3GCON          equ	4020	;# 
  1502   000FB6                     ECCP1AS         equ	4022	;# 
  1503   000FB6                     ECCPAS          equ	4022	;# 
  1504   000FB7                     PWM1CON         equ	4023	;# 
  1505   000FB7                     PWMCON          equ	4023	;# 
  1506   000FB8                     BAUDCON1        equ	4024	;# 
  1507   000FB8                     BAUDCON         equ	4024	;# 
  1508   000FB8                     BAUDCTL         equ	4024	;# 
  1509   000FB8                     BAUD1CON        equ	4024	;# 
  1510   000FB9                     PSTR1CON        equ	4025	;# 
  1511   000FB9                     PSTRCON         equ	4025	;# 
  1512   000FBA                     T2CON           equ	4026	;# 
  1513   000FBB                     PR2             equ	4027	;# 
  1514   000FBC                     TMR2            equ	4028	;# 
  1515   000FBD                     CCP1CON         equ	4029	;# 
  1516   000FBE                     CCPR1           equ	4030	;# 
  1517   000FBE                     CCPR1L          equ	4030	;# 
  1518   000FBF                     CCPR1H          equ	4031	;# 
  1519   000FC0                     ADCON2          equ	4032	;# 
  1520   000FC1                     ADCON1          equ	4033	;# 
  1521   000FC2                     ADCON0          equ	4034	;# 
  1522   000FC3                     ADRES           equ	4035	;# 
  1523   000FC3                     ADRESL          equ	4035	;# 
  1524   000FC4                     ADRESH          equ	4036	;# 
  1525   000FC5                     SSP1CON2        equ	4037	;# 
  1526   000FC5                     SSPCON2         equ	4037	;# 
  1527   000FC6                     SSP1CON1        equ	4038	;# 
  1528   000FC6                     SSPCON1         equ	4038	;# 
  1529   000FC7                     SSP1STAT        equ	4039	;# 
  1530   000FC7                     SSPSTAT         equ	4039	;# 
  1531   000FC8                     SSP1ADD         equ	4040	;# 
  1532   000FC8                     SSPADD          equ	4040	;# 
  1533   000FC9                     SSP1BUF         equ	4041	;# 
  1534   000FC9                     SSPBUF          equ	4041	;# 
  1535   000FCA                     SSP1MSK         equ	4042	;# 
  1536   000FCA                     SSPMSK          equ	4042	;# 
  1537   000FCB                     SSP1CON3        equ	4043	;# 
  1538   000FCB                     SSPCON3         equ	4043	;# 
  1539   000FCC                     T1GCON          equ	4044	;# 
  1540   000FCD                     T1CON           equ	4045	;# 
  1541   000FCE                     TMR1            equ	4046	;# 
  1542   000FCE                     TMR1L           equ	4046	;# 
  1543   000FCF                     TMR1H           equ	4047	;# 
  1544   000FD0                     RCON            equ	4048	;# 
  1545   000FD1                     WDTCON          equ	4049	;# 
  1546   000FD2                     OSCCON2         equ	4050	;# 
  1547   000FD3                     OSCCON          equ	4051	;# 
  1548   000FD5                     T0CON           equ	4053	;# 
  1549   000FD6                     TMR0            equ	4054	;# 
  1550   000FD6                     TMR0L           equ	4054	;# 
  1551   000FD7                     TMR0H           equ	4055	;# 
  1552   000FD8                     STATUS          equ	4056	;# 
  1553   000FD9                     FSR2            equ	4057	;# 
  1554   000FD9                     FSR2L           equ	4057	;# 
  1555   000FDA                     FSR2H           equ	4058	;# 
  1556   000FDB                     PLUSW2          equ	4059	;# 
  1557   000FDC                     PREINC2         equ	4060	;# 
  1558   000FDD                     POSTDEC2        equ	4061	;# 
  1559   000FDE                     POSTINC2        equ	4062	;# 
  1560   000FDF                     INDF2           equ	4063	;# 
  1561   000FE0                     BSR             equ	4064	;# 
  1562   000FE1                     FSR1            equ	4065	;# 
  1563   000FE1                     FSR1L           equ	4065	;# 
  1564   000FE2                     FSR1H           equ	4066	;# 
  1565   000FE3                     PLUSW1          equ	4067	;# 
  1566   000FE4                     PREINC1         equ	4068	;# 
  1567   000FE5                     POSTDEC1        equ	4069	;# 
  1568   000FE6                     POSTINC1        equ	4070	;# 
  1569   000FE7                     INDF1           equ	4071	;# 
  1570   000FE8                     WREG            equ	4072	;# 
  1571   000FE9                     FSR0            equ	4073	;# 
  1572   000FE9                     FSR0L           equ	4073	;# 
  1573   000FEA                     FSR0H           equ	4074	;# 
  1574   000FEB                     PLUSW0          equ	4075	;# 
  1575   000FEC                     PREINC0         equ	4076	;# 
  1576   000FED                     POSTDEC0        equ	4077	;# 
  1577   000FEE                     POSTINC0        equ	4078	;# 
  1578   000FEF                     INDF0           equ	4079	;# 
  1579   000FF0                     INTCON3         equ	4080	;# 
  1580   000FF1                     INTCON2         equ	4081	;# 
  1581   000FF2                     INTCON          equ	4082	;# 
  1582   000FF3                     PROD            equ	4083	;# 
  1583   000FF3                     PRODL           equ	4083	;# 
  1584   000FF4                     PRODH           equ	4084	;# 
  1585   000FF5                     TABLAT          equ	4085	;# 
  1586   000FF6                     TBLPTR          equ	4086	;# 
  1587   000FF6                     TBLPTRL         equ	4086	;# 
  1588   000FF7                     TBLPTRH         equ	4087	;# 
  1589   000FF8                     TBLPTRU         equ	4088	;# 
  1590   000FF9                     PCLAT           equ	4089	;# 
  1591   000FF9                     PC              equ	4089	;# 
  1592   000FF9                     PCL             equ	4089	;# 
  1593   000FFA                     PCLATH          equ	4090	;# 
  1594   000FFB                     PCLATU          equ	4091	;# 
  1595   000FFC                     STKPTR          equ	4092	;# 
  1596   000FFD                     TOS             equ	4093	;# 
  1597   000FFD                     TOSL            equ	4093	;# 
  1598   000FFE                     TOSH            equ	4094	;# 
  1599   000FFF                     TOSU            equ	4095	;# 
  1600   000F38                     ANSELA          equ	3896	;# 
  1601   000F39                     ANSELB          equ	3897	;# 
  1602   000F3A                     ANSELC          equ	3898	;# 
  1603   000F3D                     PMD2            equ	3901	;# 
  1604   000F3E                     PMD1            equ	3902	;# 
  1605   000F3F                     PMD0            equ	3903	;# 
  1606   000F40                     VREFCON2        equ	3904	;# 
  1607   000F40                     DACCON1         equ	3904	;# 
  1608   000F41                     VREFCON1        equ	3905	;# 
  1609   000F41                     DACCON0         equ	3905	;# 
  1610   000F42                     VREFCON0        equ	3906	;# 
  1611   000F42                     FVRCON          equ	3906	;# 
  1612   000F43                     CTMUICON        equ	3907	;# 
  1613   000F43                     CTMUICONH       equ	3907	;# 
  1614   000F44                     CTMUCONL        equ	3908	;# 
  1615   000F44                     CTMUCON1        equ	3908	;# 
  1616   000F45                     CTMUCONH        equ	3909	;# 
  1617   000F45                     CTMUCON0        equ	3909	;# 
  1618   000F46                     SRCON1          equ	3910	;# 
  1619   000F47                     SRCON0          equ	3911	;# 
  1620   000F48                     CCPTMRS1        equ	3912	;# 
  1621   000F49                     CCPTMRS0        equ	3913	;# 
  1622   000F4A                     T6CON           equ	3914	;# 
  1623   000F4B                     PR6             equ	3915	;# 
  1624   000F4C                     TMR6            equ	3916	;# 
  1625   000F4D                     T5GCON          equ	3917	;# 
  1626   000F4E                     T5CON           equ	3918	;# 
  1627   000F4F                     TMR5            equ	3919	;# 
  1628   000F4F                     TMR5L           equ	3919	;# 
  1629   000F50                     TMR5H           equ	3920	;# 
  1630   000F51                     T4CON           equ	3921	;# 
  1631   000F52                     PR4             equ	3922	;# 
  1632   000F53                     TMR4            equ	3923	;# 
  1633   000F54                     CCP5CON         equ	3924	;# 
  1634   000F55                     CCPR5           equ	3925	;# 
  1635   000F55                     CCPR5L          equ	3925	;# 
  1636   000F56                     CCPR5H          equ	3926	;# 
  1637   000F57                     CCP4CON         equ	3927	;# 
  1638   000F58                     CCPR4           equ	3928	;# 
  1639   000F58                     CCPR4L          equ	3928	;# 
  1640   000F59                     CCPR4H          equ	3929	;# 
  1641   000F5A                     PSTR3CON        equ	3930	;# 
  1642   000F5B                     ECCP3AS         equ	3931	;# 
  1643   000F5B                     CCP3AS          equ	3931	;# 
  1644   000F5C                     PWM3CON         equ	3932	;# 
  1645   000F5D                     CCP3CON         equ	3933	;# 
  1646   000F5E                     CCPR3           equ	3934	;# 
  1647   000F5E                     CCPR3L          equ	3934	;# 
  1648   000F5F                     CCPR3H          equ	3935	;# 
  1649   000F60                     SLRCON          equ	3936	;# 
  1650   000F61                     WPUB            equ	3937	;# 
  1651   000F62                     IOCB            equ	3938	;# 
  1652   000F63                     PSTR2CON        equ	3939	;# 
  1653   000F64                     ECCP2AS         equ	3940	;# 
  1654   000F64                     CCP2AS          equ	3940	;# 
  1655   000F65                     PWM2CON         equ	3941	;# 
  1656   000F66                     CCP2CON         equ	3942	;# 
  1657   000F67                     CCPR2           equ	3943	;# 
  1658   000F67                     CCPR2L          equ	3943	;# 
  1659   000F68                     CCPR2H          equ	3944	;# 
  1660   000F69                     SSP2CON3        equ	3945	;# 
  1661   000F6A                     SSP2MSK         equ	3946	;# 
  1662   000F6B                     SSP2CON2        equ	3947	;# 
  1663   000F6C                     SSP2CON1        equ	3948	;# 
  1664   000F6D                     SSP2STAT        equ	3949	;# 
  1665   000F6E                     SSP2ADD         equ	3950	;# 
  1666   000F6F                     SSP2BUF         equ	3951	;# 
  1667   000F70                     BAUDCON2        equ	3952	;# 
  1668   000F70                     BAUD2CON        equ	3952	;# 
  1669   000F71                     RCSTA2          equ	3953	;# 
  1670   000F71                     RC2STA          equ	3953	;# 
  1671   000F72                     TXSTA2          equ	3954	;# 
  1672   000F72                     TX2STA          equ	3954	;# 
  1673   000F73                     TXREG2          equ	3955	;# 
  1674   000F73                     TX2REG          equ	3955	;# 
  1675   000F74                     RCREG2          equ	3956	;# 
  1676   000F74                     RC2REG          equ	3956	;# 
  1677   000F75                     SPBRG2          equ	3957	;# 
  1678   000F75                     SP2BRG          equ	3957	;# 
  1679   000F76                     SPBRGH2         equ	3958	;# 
  1680   000F76                     SP2BRGH         equ	3958	;# 
  1681   000F77                     CM2CON1         equ	3959	;# 
  1682   000F77                     CM12CON         equ	3959	;# 
  1683   000F78                     CM2CON0         equ	3960	;# 
  1684   000F78                     CM2CON          equ	3960	;# 
  1685   000F79                     CM1CON0         equ	3961	;# 
  1686   000F79                     CM1CON          equ	3961	;# 
  1687   000F7A                     PIE4            equ	3962	;# 
  1688   000F7B                     PIR4            equ	3963	;# 
  1689   000F7C                     IPR4            equ	3964	;# 
  1690   000F7D                     PIE5            equ	3965	;# 
  1691   000F7E                     PIR5            equ	3966	;# 
  1692   000F7F                     IPR5            equ	3967	;# 
  1693   000F80                     PORTA           equ	3968	;# 
  1694   000F81                     PORTB           equ	3969	;# 
  1695   000F82                     PORTC           equ	3970	;# 
  1696   000F84                     PORTE           equ	3972	;# 
  1697   000F89                     LATA            equ	3977	;# 
  1698   000F8A                     LATB            equ	3978	;# 
  1699   000F8B                     LATC            equ	3979	;# 
  1700   000F92                     TRISA           equ	3986	;# 
  1701   000F92                     DDRA            equ	3986	;# 
  1702   000F93                     TRISB           equ	3987	;# 
  1703   000F93                     DDRB            equ	3987	;# 
  1704   000F94                     TRISC           equ	3988	;# 
  1705   000F94                     DDRC            equ	3988	;# 
  1706   000F96                     TRISE           equ	3990	;# 
  1707   000F9B                     OSCTUNE         equ	3995	;# 
  1708   000F9C                     HLVDCON         equ	3996	;# 
  1709   000F9C                     LVDCON          equ	3996	;# 
  1710   000F9D                     PIE1            equ	3997	;# 
  1711   000F9E                     PIR1            equ	3998	;# 
  1712   000F9F                     IPR1            equ	3999	;# 
  1713   000FA0                     PIE2            equ	4000	;# 
  1714   000FA1                     PIR2            equ	4001	;# 
  1715   000FA2                     IPR2            equ	4002	;# 
  1716   000FA3                     PIE3            equ	4003	;# 
  1717   000FA4                     PIR3            equ	4004	;# 
  1718   000FA5                     IPR3            equ	4005	;# 
  1719   000FA6                     EECON1          equ	4006	;# 
  1720   000FA7                     EECON2          equ	4007	;# 
  1721   000FA8                     EEDATA          equ	4008	;# 
  1722   000FA9                     EEADR           equ	4009	;# 
  1723   000FAB                     RCSTA1          equ	4011	;# 
  1724   000FAB                     RCSTA           equ	4011	;# 
  1725   000FAB                     RC1STA          equ	4011	;# 
  1726   000FAC                     TXSTA1          equ	4012	;# 
  1727   000FAC                     TXSTA           equ	4012	;# 
  1728   000FAC                     TX1STA          equ	4012	;# 
  1729   000FAD                     TXREG1          equ	4013	;# 
  1730   000FAD                     TXREG           equ	4013	;# 
  1731   000FAD                     TX1REG          equ	4013	;# 
  1732   000FAE                     RCREG1          equ	4014	;# 
  1733   000FAE                     RCREG           equ	4014	;# 
  1734   000FAE                     RC1REG          equ	4014	;# 
  1735   000FAF                     SPBRG1          equ	4015	;# 
  1736   000FAF                     SPBRG           equ	4015	;# 
  1737   000FAF                     SP1BRG          equ	4015	;# 
  1738   000FB0                     SPBRGH1         equ	4016	;# 
  1739   000FB0                     SPBRGH          equ	4016	;# 
  1740   000FB0                     SP1BRGH         equ	4016	;# 
  1741   000FB1                     T3CON           equ	4017	;# 
  1742   000FB2                     TMR3            equ	4018	;# 
  1743   000FB2                     TMR3L           equ	4018	;# 
  1744   000FB3                     TMR3H           equ	4019	;# 
  1745   000FB4                     T3GCON          equ	4020	;# 
  1746   000FB6                     ECCP1AS         equ	4022	;# 
  1747   000FB6                     ECCPAS          equ	4022	;# 
  1748   000FB7                     PWM1CON         equ	4023	;# 
  1749   000FB7                     PWMCON          equ	4023	;# 
  1750   000FB8                     BAUDCON1        equ	4024	;# 
  1751   000FB8                     BAUDCON         equ	4024	;# 
  1752   000FB8                     BAUDCTL         equ	4024	;# 
  1753   000FB8                     BAUD1CON        equ	4024	;# 
  1754   000FB9                     PSTR1CON        equ	4025	;# 
  1755   000FB9                     PSTRCON         equ	4025	;# 
  1756   000FBA                     T2CON           equ	4026	;# 
  1757   000FBB                     PR2             equ	4027	;# 
  1758   000FBC                     TMR2            equ	4028	;# 
  1759   000FBD                     CCP1CON         equ	4029	;# 
  1760   000FBE                     CCPR1           equ	4030	;# 
  1761   000FBE                     CCPR1L          equ	4030	;# 
  1762   000FBF                     CCPR1H          equ	4031	;# 
  1763   000FC0                     ADCON2          equ	4032	;# 
  1764   000FC1                     ADCON1          equ	4033	;# 
  1765   000FC2                     ADCON0          equ	4034	;# 
  1766   000FC3                     ADRES           equ	4035	;# 
  1767   000FC3                     ADRESL          equ	4035	;# 
  1768   000FC4                     ADRESH          equ	4036	;# 
  1769   000FC5                     SSP1CON2        equ	4037	;# 
  1770   000FC5                     SSPCON2         equ	4037	;# 
  1771   000FC6                     SSP1CON1        equ	4038	;# 
  1772   000FC6                     SSPCON1         equ	4038	;# 
  1773   000FC7                     SSP1STAT        equ	4039	;# 
  1774   000FC7                     SSPSTAT         equ	4039	;# 
  1775   000FC8                     SSP1ADD         equ	4040	;# 
  1776   000FC8                     SSPADD          equ	4040	;# 
  1777   000FC9                     SSP1BUF         equ	4041	;# 
  1778   000FC9                     SSPBUF          equ	4041	;# 
  1779   000FCA                     SSP1MSK         equ	4042	;# 
  1780   000FCA                     SSPMSK          equ	4042	;# 
  1781   000FCB                     SSP1CON3        equ	4043	;# 
  1782   000FCB                     SSPCON3         equ	4043	;# 
  1783   000FCC                     T1GCON          equ	4044	;# 
  1784   000FCD                     T1CON           equ	4045	;# 
  1785   000FCE                     TMR1            equ	4046	;# 
  1786   000FCE                     TMR1L           equ	4046	;# 
  1787   000FCF                     TMR1H           equ	4047	;# 
  1788   000FD0                     RCON            equ	4048	;# 
  1789   000FD1                     WDTCON          equ	4049	;# 
  1790   000FD2                     OSCCON2         equ	4050	;# 
  1791   000FD3                     OSCCON          equ	4051	;# 
  1792   000FD5                     T0CON           equ	4053	;# 
  1793   000FD6                     TMR0            equ	4054	;# 
  1794   000FD6                     TMR0L           equ	4054	;# 
  1795   000FD7                     TMR0H           equ	4055	;# 
  1796   000FD8                     STATUS          equ	4056	;# 
  1797   000FD9                     FSR2            equ	4057	;# 
  1798   000FD9                     FSR2L           equ	4057	;# 
  1799   000FDA                     FSR2H           equ	4058	;# 
  1800   000FDB                     PLUSW2          equ	4059	;# 
  1801   000FDC                     PREINC2         equ	4060	;# 
  1802   000FDD                     POSTDEC2        equ	4061	;# 
  1803   000FDE                     POSTINC2        equ	4062	;# 
  1804   000FDF                     INDF2           equ	4063	;# 
  1805   000FE0                     BSR             equ	4064	;# 
  1806   000FE1                     FSR1            equ	4065	;# 
  1807   000FE1                     FSR1L           equ	4065	;# 
  1808   000FE2                     FSR1H           equ	4066	;# 
  1809   000FE3                     PLUSW1          equ	4067	;# 
  1810   000FE4                     PREINC1         equ	4068	;# 
  1811   000FE5                     POSTDEC1        equ	4069	;# 
  1812   000FE6                     POSTINC1        equ	4070	;# 
  1813   000FE7                     INDF1           equ	4071	;# 
  1814   000FE8                     WREG            equ	4072	;# 
  1815   000FE9                     FSR0            equ	4073	;# 
  1816   000FE9                     FSR0L           equ	4073	;# 
  1817   000FEA                     FSR0H           equ	4074	;# 
  1818   000FEB                     PLUSW0          equ	4075	;# 
  1819   000FEC                     PREINC0         equ	4076	;# 
  1820   000FED                     POSTDEC0        equ	4077	;# 
  1821   000FEE                     POSTINC0        equ	4078	;# 
  1822   000FEF                     INDF0           equ	4079	;# 
  1823   000FF0                     INTCON3         equ	4080	;# 
  1824   000FF1                     INTCON2         equ	4081	;# 
  1825   000FF2                     INTCON          equ	4082	;# 
  1826   000FF3                     PROD            equ	4083	;# 
  1827   000FF3                     PRODL           equ	4083	;# 
  1828   000FF4                     PRODH           equ	4084	;# 
  1829   000FF5                     TABLAT          equ	4085	;# 
  1830   000FF6                     TBLPTR          equ	4086	;# 
  1831   000FF6                     TBLPTRL         equ	4086	;# 
  1832   000FF7                     TBLPTRH         equ	4087	;# 
  1833   000FF8                     TBLPTRU         equ	4088	;# 
  1834   000FF9                     PCLAT           equ	4089	;# 
  1835   000FF9                     PC              equ	4089	;# 
  1836   000FF9                     PCL             equ	4089	;# 
  1837   000FFA                     PCLATH          equ	4090	;# 
  1838   000FFB                     PCLATU          equ	4091	;# 
  1839   000FFC                     STKPTR          equ	4092	;# 
  1840   000FFD                     TOS             equ	4093	;# 
  1841   000FFD                     TOSL            equ	4093	;# 
  1842   000FFE                     TOSH            equ	4094	;# 
  1843   000FFF                     TOSU            equ	4095	;# 
  1844   000F38                     ANSELA          equ	3896	;# 
  1845   000F39                     ANSELB          equ	3897	;# 
  1846   000F3A                     ANSELC          equ	3898	;# 
  1847   000F3D                     PMD2            equ	3901	;# 
  1848   000F3E                     PMD1            equ	3902	;# 
  1849   000F3F                     PMD0            equ	3903	;# 
  1850   000F40                     VREFCON2        equ	3904	;# 
  1851   000F40                     DACCON1         equ	3904	;# 
  1852   000F41                     VREFCON1        equ	3905	;# 
  1853   000F41                     DACCON0         equ	3905	;# 
  1854   000F42                     VREFCON0        equ	3906	;# 
  1855   000F42                     FVRCON          equ	3906	;# 
  1856   000F43                     CTMUICON        equ	3907	;# 
  1857   000F43                     CTMUICONH       equ	3907	;# 
  1858   000F44                     CTMUCONL        equ	3908	;# 
  1859   000F44                     CTMUCON1        equ	3908	;# 
  1860   000F45                     CTMUCONH        equ	3909	;# 
  1861   000F45                     CTMUCON0        equ	3909	;# 
  1862   000F46                     SRCON1          equ	3910	;# 
  1863   000F47                     SRCON0          equ	3911	;# 
  1864   000F48                     CCPTMRS1        equ	3912	;# 
  1865   000F49                     CCPTMRS0        equ	3913	;# 
  1866   000F4A                     T6CON           equ	3914	;# 
  1867   000F4B                     PR6             equ	3915	;# 
  1868   000F4C                     TMR6            equ	3916	;# 
  1869   000F4D                     T5GCON          equ	3917	;# 
  1870   000F4E                     T5CON           equ	3918	;# 
  1871   000F4F                     TMR5            equ	3919	;# 
  1872   000F4F                     TMR5L           equ	3919	;# 
  1873   000F50                     TMR5H           equ	3920	;# 
  1874   000F51                     T4CON           equ	3921	;# 
  1875   000F52                     PR4             equ	3922	;# 
  1876   000F53                     TMR4            equ	3923	;# 
  1877   000F54                     CCP5CON         equ	3924	;# 
  1878   000F55                     CCPR5           equ	3925	;# 
  1879   000F55                     CCPR5L          equ	3925	;# 
  1880   000F56                     CCPR5H          equ	3926	;# 
  1881   000F57                     CCP4CON         equ	3927	;# 
  1882   000F58                     CCPR4           equ	3928	;# 
  1883   000F58                     CCPR4L          equ	3928	;# 
  1884   000F59                     CCPR4H          equ	3929	;# 
  1885   000F5A                     PSTR3CON        equ	3930	;# 
  1886   000F5B                     ECCP3AS         equ	3931	;# 
  1887   000F5B                     CCP3AS          equ	3931	;# 
  1888   000F5C                     PWM3CON         equ	3932	;# 
  1889   000F5D                     CCP3CON         equ	3933	;# 
  1890   000F5E                     CCPR3           equ	3934	;# 
  1891   000F5E                     CCPR3L          equ	3934	;# 
  1892   000F5F                     CCPR3H          equ	3935	;# 
  1893   000F60                     SLRCON          equ	3936	;# 
  1894   000F61                     WPUB            equ	3937	;# 
  1895   000F62                     IOCB            equ	3938	;# 
  1896   000F63                     PSTR2CON        equ	3939	;# 
  1897   000F64                     ECCP2AS         equ	3940	;# 
  1898   000F64                     CCP2AS          equ	3940	;# 
  1899   000F65                     PWM2CON         equ	3941	;# 
  1900   000F66                     CCP2CON         equ	3942	;# 
  1901   000F67                     CCPR2           equ	3943	;# 
  1902   000F67                     CCPR2L          equ	3943	;# 
  1903   000F68                     CCPR2H          equ	3944	;# 
  1904   000F69                     SSP2CON3        equ	3945	;# 
  1905   000F6A                     SSP2MSK         equ	3946	;# 
  1906   000F6B                     SSP2CON2        equ	3947	;# 
  1907   000F6C                     SSP2CON1        equ	3948	;# 
  1908   000F6D                     SSP2STAT        equ	3949	;# 
  1909   000F6E                     SSP2ADD         equ	3950	;# 
  1910   000F6F                     SSP2BUF         equ	3951	;# 
  1911   000F70                     BAUDCON2        equ	3952	;# 
  1912   000F70                     BAUD2CON        equ	3952	;# 
  1913   000F71                     RCSTA2          equ	3953	;# 
  1914   000F71                     RC2STA          equ	3953	;# 
  1915   000F72                     TXSTA2          equ	3954	;# 
  1916   000F72                     TX2STA          equ	3954	;# 
  1917   000F73                     TXREG2          equ	3955	;# 
  1918   000F73                     TX2REG          equ	3955	;# 
  1919   000F74                     RCREG2          equ	3956	;# 
  1920   000F74                     RC2REG          equ	3956	;# 
  1921   000F75                     SPBRG2          equ	3957	;# 
  1922   000F75                     SP2BRG          equ	3957	;# 
  1923   000F76                     SPBRGH2         equ	3958	;# 
  1924   000F76                     SP2BRGH         equ	3958	;# 
  1925   000F77                     CM2CON1         equ	3959	;# 
  1926   000F77                     CM12CON         equ	3959	;# 
  1927   000F78                     CM2CON0         equ	3960	;# 
  1928   000F78                     CM2CON          equ	3960	;# 
  1929   000F79                     CM1CON0         equ	3961	;# 
  1930   000F79                     CM1CON          equ	3961	;# 
  1931   000F7A                     PIE4            equ	3962	;# 
  1932   000F7B                     PIR4            equ	3963	;# 
  1933   000F7C                     IPR4            equ	3964	;# 
  1934   000F7D                     PIE5            equ	3965	;# 
  1935   000F7E                     PIR5            equ	3966	;# 
  1936   000F7F                     IPR5            equ	3967	;# 
  1937   000F80                     PORTA           equ	3968	;# 
  1938   000F81                     PORTB           equ	3969	;# 
  1939   000F82                     PORTC           equ	3970	;# 
  1940   000F84                     PORTE           equ	3972	;# 
  1941   000F89                     LATA            equ	3977	;# 
  1942   000F8A                     LATB            equ	3978	;# 
  1943   000F8B                     LATC            equ	3979	;# 
  1944   000F92                     TRISA           equ	3986	;# 
  1945   000F92                     DDRA            equ	3986	;# 
  1946   000F93                     TRISB           equ	3987	;# 
  1947   000F93                     DDRB            equ	3987	;# 
  1948   000F94                     TRISC           equ	3988	;# 
  1949   000F94                     DDRC            equ	3988	;# 
  1950   000F96                     TRISE           equ	3990	;# 
  1951   000F9B                     OSCTUNE         equ	3995	;# 
  1952   000F9C                     HLVDCON         equ	3996	;# 
  1953   000F9C                     LVDCON          equ	3996	;# 
  1954   000F9D                     PIE1            equ	3997	;# 
  1955   000F9E                     PIR1            equ	3998	;# 
  1956   000F9F                     IPR1            equ	3999	;# 
  1957   000FA0                     PIE2            equ	4000	;# 
  1958   000FA1                     PIR2            equ	4001	;# 
  1959   000FA2                     IPR2            equ	4002	;# 
  1960   000FA3                     PIE3            equ	4003	;# 
  1961   000FA4                     PIR3            equ	4004	;# 
  1962   000FA5                     IPR3            equ	4005	;# 
  1963   000FA6                     EECON1          equ	4006	;# 
  1964   000FA7                     EECON2          equ	4007	;# 
  1965   000FA8                     EEDATA          equ	4008	;# 
  1966   000FA9                     EEADR           equ	4009	;# 
  1967   000FAB                     RCSTA1          equ	4011	;# 
  1968   000FAB                     RCSTA           equ	4011	;# 
  1969   000FAB                     RC1STA          equ	4011	;# 
  1970   000FAC                     TXSTA1          equ	4012	;# 
  1971   000FAC                     TXSTA           equ	4012	;# 
  1972   000FAC                     TX1STA          equ	4012	;# 
  1973   000FAD                     TXREG1          equ	4013	;# 
  1974   000FAD                     TXREG           equ	4013	;# 
  1975   000FAD                     TX1REG          equ	4013	;# 
  1976   000FAE                     RCREG1          equ	4014	;# 
  1977   000FAE                     RCREG           equ	4014	;# 
  1978   000FAE                     RC1REG          equ	4014	;# 
  1979   000FAF                     SPBRG1          equ	4015	;# 
  1980   000FAF                     SPBRG           equ	4015	;# 
  1981   000FAF                     SP1BRG          equ	4015	;# 
  1982   000FB0                     SPBRGH1         equ	4016	;# 
  1983   000FB0                     SPBRGH          equ	4016	;# 
  1984   000FB0                     SP1BRGH         equ	4016	;# 
  1985   000FB1                     T3CON           equ	4017	;# 
  1986   000FB2                     TMR3            equ	4018	;# 
  1987   000FB2                     TMR3L           equ	4018	;# 
  1988   000FB3                     TMR3H           equ	4019	;# 
  1989   000FB4                     T3GCON          equ	4020	;# 
  1990   000FB6                     ECCP1AS         equ	4022	;# 
  1991   000FB6                     ECCPAS          equ	4022	;# 
  1992   000FB7                     PWM1CON         equ	4023	;# 
  1993   000FB7                     PWMCON          equ	4023	;# 
  1994   000FB8                     BAUDCON1        equ	4024	;# 
  1995   000FB8                     BAUDCON         equ	4024	;# 
  1996   000FB8                     BAUDCTL         equ	4024	;# 
  1997   000FB8                     BAUD1CON        equ	4024	;# 
  1998   000FB9                     PSTR1CON        equ	4025	;# 
  1999   000FB9                     PSTRCON         equ	4025	;# 
  2000   000FBA                     T2CON           equ	4026	;# 
  2001   000FBB                     PR2             equ	4027	;# 
  2002   000FBC                     TMR2            equ	4028	;# 
  2003   000FBD                     CCP1CON         equ	4029	;# 
  2004   000FBE                     CCPR1           equ	4030	;# 
  2005   000FBE                     CCPR1L          equ	4030	;# 
  2006   000FBF                     CCPR1H          equ	4031	;# 
  2007   000FC0                     ADCON2          equ	4032	;# 
  2008   000FC1                     ADCON1          equ	4033	;# 
  2009   000FC2                     ADCON0          equ	4034	;# 
  2010   000FC3                     ADRES           equ	4035	;# 
  2011   000FC3                     ADRESL          equ	4035	;# 
  2012   000FC4                     ADRESH          equ	4036	;# 
  2013   000FC5                     SSP1CON2        equ	4037	;# 
  2014   000FC5                     SSPCON2         equ	4037	;# 
  2015   000FC6                     SSP1CON1        equ	4038	;# 
  2016   000FC6                     SSPCON1         equ	4038	;# 
  2017   000FC7                     SSP1STAT        equ	4039	;# 
  2018   000FC7                     SSPSTAT         equ	4039	;# 
  2019   000FC8                     SSP1ADD         equ	4040	;# 
  2020   000FC8                     SSPADD          equ	4040	;# 
  2021   000FC9                     SSP1BUF         equ	4041	;# 
  2022   000FC9                     SSPBUF          equ	4041	;# 
  2023   000FCA                     SSP1MSK         equ	4042	;# 
  2024   000FCA                     SSPMSK          equ	4042	;# 
  2025   000FCB                     SSP1CON3        equ	4043	;# 
  2026   000FCB                     SSPCON3         equ	4043	;# 
  2027   000FCC                     T1GCON          equ	4044	;# 
  2028   000FCD                     T1CON           equ	4045	;# 
  2029   000FCE                     TMR1            equ	4046	;# 
  2030   000FCE                     TMR1L           equ	4046	;# 
  2031   000FCF                     TMR1H           equ	4047	;# 
  2032   000FD0                     RCON            equ	4048	;# 
  2033   000FD1                     WDTCON          equ	4049	;# 
  2034   000FD2                     OSCCON2         equ	4050	;# 
  2035   000FD3                     OSCCON          equ	4051	;# 
  2036   000FD5                     T0CON           equ	4053	;# 
  2037   000FD6                     TMR0            equ	4054	;# 
  2038   000FD6                     TMR0L           equ	4054	;# 
  2039   000FD7                     TMR0H           equ	4055	;# 
  2040   000FD8                     STATUS          equ	4056	;# 
  2041   000FD9                     FSR2            equ	4057	;# 
  2042   000FD9                     FSR2L           equ	4057	;# 
  2043   000FDA                     FSR2H           equ	4058	;# 
  2044   000FDB                     PLUSW2          equ	4059	;# 
  2045   000FDC                     PREINC2         equ	4060	;# 
  2046   000FDD                     POSTDEC2        equ	4061	;# 
  2047   000FDE                     POSTINC2        equ	4062	;# 
  2048   000FDF                     INDF2           equ	4063	;# 
  2049   000FE0                     BSR             equ	4064	;# 
  2050   000FE1                     FSR1            equ	4065	;# 
  2051   000FE1                     FSR1L           equ	4065	;# 
  2052   000FE2                     FSR1H           equ	4066	;# 
  2053   000FE3                     PLUSW1          equ	4067	;# 
  2054   000FE4                     PREINC1         equ	4068	;# 
  2055   000FE5                     POSTDEC1        equ	4069	;# 
  2056   000FE6                     POSTINC1        equ	4070	;# 
  2057   000FE7                     INDF1           equ	4071	;# 
  2058   000FE8                     WREG            equ	4072	;# 
  2059   000FE9                     FSR0            equ	4073	;# 
  2060   000FE9                     FSR0L           equ	4073	;# 
  2061   000FEA                     FSR0H           equ	4074	;# 
  2062   000FEB                     PLUSW0          equ	4075	;# 
  2063   000FEC                     PREINC0         equ	4076	;# 
  2064   000FED                     POSTDEC0        equ	4077	;# 
  2065   000FEE                     POSTINC0        equ	4078	;# 
  2066   000FEF                     INDF0           equ	4079	;# 
  2067   000FF0                     INTCON3         equ	4080	;# 
  2068   000FF1                     INTCON2         equ	4081	;# 
  2069   000FF2                     INTCON          equ	4082	;# 
  2070   000FF3                     PROD            equ	4083	;# 
  2071   000FF3                     PRODL           equ	4083	;# 
  2072   000FF4                     PRODH           equ	4084	;# 
  2073   000FF5                     TABLAT          equ	4085	;# 
  2074   000FF6                     TBLPTR          equ	4086	;# 
  2075   000FF6                     TBLPTRL         equ	4086	;# 
  2076   000FF7                     TBLPTRH         equ	4087	;# 
  2077   000FF8                     TBLPTRU         equ	4088	;# 
  2078   000FF9                     PCLAT           equ	4089	;# 
  2079   000FF9                     PC              equ	4089	;# 
  2080   000FF9                     PCL             equ	4089	;# 
  2081   000FFA                     PCLATH          equ	4090	;# 
  2082   000FFB                     PCLATU          equ	4091	;# 
  2083   000FFC                     STKPTR          equ	4092	;# 
  2084   000FFD                     TOS             equ	4093	;# 
  2085   000FFD                     TOSL            equ	4093	;# 
  2086   000FFE                     TOSH            equ	4094	;# 
  2087   000FFF                     TOSU            equ	4095	;# 
  2088   000F38                     ANSELA          equ	3896	;# 
  2089   000F39                     ANSELB          equ	3897	;# 
  2090   000F3A                     ANSELC          equ	3898	;# 
  2091   000F3D                     PMD2            equ	3901	;# 
  2092   000F3E                     PMD1            equ	3902	;# 
  2093   000F3F                     PMD0            equ	3903	;# 
  2094   000F40                     VREFCON2        equ	3904	;# 
  2095   000F40                     DACCON1         equ	3904	;# 
  2096   000F41                     VREFCON1        equ	3905	;# 
  2097   000F41                     DACCON0         equ	3905	;# 
  2098   000F42                     VREFCON0        equ	3906	;# 
  2099   000F42                     FVRCON          equ	3906	;# 
  2100   000F43                     CTMUICON        equ	3907	;# 
  2101   000F43                     CTMUICONH       equ	3907	;# 
  2102   000F44                     CTMUCONL        equ	3908	;# 
  2103   000F44                     CTMUCON1        equ	3908	;# 
  2104   000F45                     CTMUCONH        equ	3909	;# 
  2105   000F45                     CTMUCON0        equ	3909	;# 
  2106   000F46                     SRCON1          equ	3910	;# 
  2107   000F47                     SRCON0          equ	3911	;# 
  2108   000F48                     CCPTMRS1        equ	3912	;# 
  2109   000F49                     CCPTMRS0        equ	3913	;# 
  2110   000F4A                     T6CON           equ	3914	;# 
  2111   000F4B                     PR6             equ	3915	;# 
  2112   000F4C                     TMR6            equ	3916	;# 
  2113   000F4D                     T5GCON          equ	3917	;# 
  2114   000F4E                     T5CON           equ	3918	;# 
  2115   000F4F                     TMR5            equ	3919	;# 
  2116   000F4F                     TMR5L           equ	3919	;# 
  2117   000F50                     TMR5H           equ	3920	;# 
  2118   000F51                     T4CON           equ	3921	;# 
  2119   000F52                     PR4             equ	3922	;# 
  2120   000F53                     TMR4            equ	3923	;# 
  2121   000F54                     CCP5CON         equ	3924	;# 
  2122   000F55                     CCPR5           equ	3925	;# 
  2123   000F55                     CCPR5L          equ	3925	;# 
  2124   000F56                     CCPR5H          equ	3926	;# 
  2125   000F57                     CCP4CON         equ	3927	;# 
  2126   000F58                     CCPR4           equ	3928	;# 
  2127   000F58                     CCPR4L          equ	3928	;# 
  2128   000F59                     CCPR4H          equ	3929	;# 
  2129   000F5A                     PSTR3CON        equ	3930	;# 
  2130   000F5B                     ECCP3AS         equ	3931	;# 
  2131   000F5B                     CCP3AS          equ	3931	;# 
  2132   000F5C                     PWM3CON         equ	3932	;# 
  2133   000F5D                     CCP3CON         equ	3933	;# 
  2134   000F5E                     CCPR3           equ	3934	;# 
  2135   000F5E                     CCPR3L          equ	3934	;# 
  2136   000F5F                     CCPR3H          equ	3935	;# 
  2137   000F60                     SLRCON          equ	3936	;# 
  2138   000F61                     WPUB            equ	3937	;# 
  2139   000F62                     IOCB            equ	3938	;# 
  2140   000F63                     PSTR2CON        equ	3939	;# 
  2141   000F64                     ECCP2AS         equ	3940	;# 
  2142   000F64                     CCP2AS          equ	3940	;# 
  2143   000F65                     PWM2CON         equ	3941	;# 
  2144   000F66                     CCP2CON         equ	3942	;# 
  2145   000F67                     CCPR2           equ	3943	;# 
  2146   000F67                     CCPR2L          equ	3943	;# 
  2147   000F68                     CCPR2H          equ	3944	;# 
  2148   000F69                     SSP2CON3        equ	3945	;# 
  2149   000F6A                     SSP2MSK         equ	3946	;# 
  2150   000F6B                     SSP2CON2        equ	3947	;# 
  2151   000F6C                     SSP2CON1        equ	3948	;# 
  2152   000F6D                     SSP2STAT        equ	3949	;# 
  2153   000F6E                     SSP2ADD         equ	3950	;# 
  2154   000F6F                     SSP2BUF         equ	3951	;# 
  2155   000F70                     BAUDCON2        equ	3952	;# 
  2156   000F70                     BAUD2CON        equ	3952	;# 
  2157   000F71                     RCSTA2          equ	3953	;# 
  2158   000F71                     RC2STA          equ	3953	;# 
  2159   000F72                     TXSTA2          equ	3954	;# 
  2160   000F72                     TX2STA          equ	3954	;# 
  2161   000F73                     TXREG2          equ	3955	;# 
  2162   000F73                     TX2REG          equ	3955	;# 
  2163   000F74                     RCREG2          equ	3956	;# 
  2164   000F74                     RC2REG          equ	3956	;# 
  2165   000F75                     SPBRG2          equ	3957	;# 
  2166   000F75                     SP2BRG          equ	3957	;# 
  2167   000F76                     SPBRGH2         equ	3958	;# 
  2168   000F76                     SP2BRGH         equ	3958	;# 
  2169   000F77                     CM2CON1         equ	3959	;# 
  2170   000F77                     CM12CON         equ	3959	;# 
  2171   000F78                     CM2CON0         equ	3960	;# 
  2172   000F78                     CM2CON          equ	3960	;# 
  2173   000F79                     CM1CON0         equ	3961	;# 
  2174   000F79                     CM1CON          equ	3961	;# 
  2175   000F7A                     PIE4            equ	3962	;# 
  2176   000F7B                     PIR4            equ	3963	;# 
  2177   000F7C                     IPR4            equ	3964	;# 
  2178   000F7D                     PIE5            equ	3965	;# 
  2179   000F7E                     PIR5            equ	3966	;# 
  2180   000F7F                     IPR5            equ	3967	;# 
  2181   000F80                     PORTA           equ	3968	;# 
  2182   000F81                     PORTB           equ	3969	;# 
  2183   000F82                     PORTC           equ	3970	;# 
  2184   000F84                     PORTE           equ	3972	;# 
  2185   000F89                     LATA            equ	3977	;# 
  2186   000F8A                     LATB            equ	3978	;# 
  2187   000F8B                     LATC            equ	3979	;# 
  2188   000F92                     TRISA           equ	3986	;# 
  2189   000F92                     DDRA            equ	3986	;# 
  2190   000F93                     TRISB           equ	3987	;# 
  2191   000F93                     DDRB            equ	3987	;# 
  2192   000F94                     TRISC           equ	3988	;# 
  2193   000F94                     DDRC            equ	3988	;# 
  2194   000F96                     TRISE           equ	3990	;# 
  2195   000F9B                     OSCTUNE         equ	3995	;# 
  2196   000F9C                     HLVDCON         equ	3996	;# 
  2197   000F9C                     LVDCON          equ	3996	;# 
  2198   000F9D                     PIE1            equ	3997	;# 
  2199   000F9E                     PIR1            equ	3998	;# 
  2200   000F9F                     IPR1            equ	3999	;# 
  2201   000FA0                     PIE2            equ	4000	;# 
  2202   000FA1                     PIR2            equ	4001	;# 
  2203   000FA2                     IPR2            equ	4002	;# 
  2204   000FA3                     PIE3            equ	4003	;# 
  2205   000FA4                     PIR3            equ	4004	;# 
  2206   000FA5                     IPR3            equ	4005	;# 
  2207   000FA6                     EECON1          equ	4006	;# 
  2208   000FA7                     EECON2          equ	4007	;# 
  2209   000FA8                     EEDATA          equ	4008	;# 
  2210   000FA9                     EEADR           equ	4009	;# 
  2211   000FAB                     RCSTA1          equ	4011	;# 
  2212   000FAB                     RCSTA           equ	4011	;# 
  2213   000FAB                     RC1STA          equ	4011	;# 
  2214   000FAC                     TXSTA1          equ	4012	;# 
  2215   000FAC                     TXSTA           equ	4012	;# 
  2216   000FAC                     TX1STA          equ	4012	;# 
  2217   000FAD                     TXREG1          equ	4013	;# 
  2218   000FAD                     TXREG           equ	4013	;# 
  2219   000FAD                     TX1REG          equ	4013	;# 
  2220   000FAE                     RCREG1          equ	4014	;# 
  2221   000FAE                     RCREG           equ	4014	;# 
  2222   000FAE                     RC1REG          equ	4014	;# 
  2223   000FAF                     SPBRG1          equ	4015	;# 
  2224   000FAF                     SPBRG           equ	4015	;# 
  2225   000FAF                     SP1BRG          equ	4015	;# 
  2226   000FB0                     SPBRGH1         equ	4016	;# 
  2227   000FB0                     SPBRGH          equ	4016	;# 
  2228   000FB0                     SP1BRGH         equ	4016	;# 
  2229   000FB1                     T3CON           equ	4017	;# 
  2230   000FB2                     TMR3            equ	4018	;# 
  2231   000FB2                     TMR3L           equ	4018	;# 
  2232   000FB3                     TMR3H           equ	4019	;# 
  2233   000FB4                     T3GCON          equ	4020	;# 
  2234   000FB6                     ECCP1AS         equ	4022	;# 
  2235   000FB6                     ECCPAS          equ	4022	;# 
  2236   000FB7                     PWM1CON         equ	4023	;# 
  2237   000FB7                     PWMCON          equ	4023	;# 
  2238   000FB8                     BAUDCON1        equ	4024	;# 
  2239   000FB8                     BAUDCON         equ	4024	;# 
  2240   000FB8                     BAUDCTL         equ	4024	;# 
  2241   000FB8                     BAUD1CON        equ	4024	;# 
  2242   000FB9                     PSTR1CON        equ	4025	;# 
  2243   000FB9                     PSTRCON         equ	4025	;# 
  2244   000FBA                     T2CON           equ	4026	;# 
  2245   000FBB                     PR2             equ	4027	;# 
  2246   000FBC                     TMR2            equ	4028	;# 
  2247   000FBD                     CCP1CON         equ	4029	;# 
  2248   000FBE                     CCPR1           equ	4030	;# 
  2249   000FBE                     CCPR1L          equ	4030	;# 
  2250   000FBF                     CCPR1H          equ	4031	;# 
  2251   000FC0                     ADCON2          equ	4032	;# 
  2252   000FC1                     ADCON1          equ	4033	;# 
  2253   000FC2                     ADCON0          equ	4034	;# 
  2254   000FC3                     ADRES           equ	4035	;# 
  2255   000FC3                     ADRESL          equ	4035	;# 
  2256   000FC4                     ADRESH          equ	4036	;# 
  2257   000FC5                     SSP1CON2        equ	4037	;# 
  2258   000FC5                     SSPCON2         equ	4037	;# 
  2259   000FC6                     SSP1CON1        equ	4038	;# 
  2260   000FC6                     SSPCON1         equ	4038	;# 
  2261   000FC7                     SSP1STAT        equ	4039	;# 
  2262   000FC7                     SSPSTAT         equ	4039	;# 
  2263   000FC8                     SSP1ADD         equ	4040	;# 
  2264   000FC8                     SSPADD          equ	4040	;# 
  2265   000FC9                     SSP1BUF         equ	4041	;# 
  2266   000FC9                     SSPBUF          equ	4041	;# 
  2267   000FCA                     SSP1MSK         equ	4042	;# 
  2268   000FCA                     SSPMSK          equ	4042	;# 
  2269   000FCB                     SSP1CON3        equ	4043	;# 
  2270   000FCB                     SSPCON3         equ	4043	;# 
  2271   000FCC                     T1GCON          equ	4044	;# 
  2272   000FCD                     T1CON           equ	4045	;# 
  2273   000FCE                     TMR1            equ	4046	;# 
  2274   000FCE                     TMR1L           equ	4046	;# 
  2275   000FCF                     TMR1H           equ	4047	;# 
  2276   000FD0                     RCON            equ	4048	;# 
  2277   000FD1                     WDTCON          equ	4049	;# 
  2278   000FD2                     OSCCON2         equ	4050	;# 
  2279   000FD3                     OSCCON          equ	4051	;# 
  2280   000FD5                     T0CON           equ	4053	;# 
  2281   000FD6                     TMR0            equ	4054	;# 
  2282   000FD6                     TMR0L           equ	4054	;# 
  2283   000FD7                     TMR0H           equ	4055	;# 
  2284   000FD8                     STATUS          equ	4056	;# 
  2285   000FD9                     FSR2            equ	4057	;# 
  2286   000FD9                     FSR2L           equ	4057	;# 
  2287   000FDA                     FSR2H           equ	4058	;# 
  2288   000FDB                     PLUSW2          equ	4059	;# 
  2289   000FDC                     PREINC2         equ	4060	;# 
  2290   000FDD                     POSTDEC2        equ	4061	;# 
  2291   000FDE                     POSTINC2        equ	4062	;# 
  2292   000FDF                     INDF2           equ	4063	;# 
  2293   000FE0                     BSR             equ	4064	;# 
  2294   000FE1                     FSR1            equ	4065	;# 
  2295   000FE1                     FSR1L           equ	4065	;# 
  2296   000FE2                     FSR1H           equ	4066	;# 
  2297   000FE3                     PLUSW1          equ	4067	;# 
  2298   000FE4                     PREINC1         equ	4068	;# 
  2299   000FE5                     POSTDEC1        equ	4069	;# 
  2300   000FE6                     POSTINC1        equ	4070	;# 
  2301   000FE7                     INDF1           equ	4071	;# 
  2302   000FE8                     WREG            equ	4072	;# 
  2303   000FE9                     FSR0            equ	4073	;# 
  2304   000FE9                     FSR0L           equ	4073	;# 
  2305   000FEA                     FSR0H           equ	4074	;# 
  2306   000FEB                     PLUSW0          equ	4075	;# 
  2307   000FEC                     PREINC0         equ	4076	;# 
  2308   000FED                     POSTDEC0        equ	4077	;# 
  2309   000FEE                     POSTINC0        equ	4078	;# 
  2310   000FEF                     INDF0           equ	4079	;# 
  2311   000FF0                     INTCON3         equ	4080	;# 
  2312   000FF1                     INTCON2         equ	4081	;# 
  2313   000FF2                     INTCON          equ	4082	;# 
  2314   000FF3                     PROD            equ	4083	;# 
  2315   000FF3                     PRODL           equ	4083	;# 
  2316   000FF4                     PRODH           equ	4084	;# 
  2317   000FF5                     TABLAT          equ	4085	;# 
  2318   000FF6                     TBLPTR          equ	4086	;# 
  2319   000FF6                     TBLPTRL         equ	4086	;# 
  2320   000FF7                     TBLPTRH         equ	4087	;# 
  2321   000FF8                     TBLPTRU         equ	4088	;# 
  2322   000FF9                     PCLAT           equ	4089	;# 
  2323   000FF9                     PC              equ	4089	;# 
  2324   000FF9                     PCL             equ	4089	;# 
  2325   000FFA                     PCLATH          equ	4090	;# 
  2326   000FFB                     PCLATU          equ	4091	;# 
  2327   000FFC                     STKPTR          equ	4092	;# 
  2328   000FFD                     TOS             equ	4093	;# 
  2329   000FFD                     TOSL            equ	4093	;# 
  2330   000FFE                     TOSH            equ	4094	;# 
  2331   000FFF                     TOSU            equ	4095	;# 
  2332   000F38                     ANSELA          equ	3896	;# 
  2333   000F39                     ANSELB          equ	3897	;# 
  2334   000F3A                     ANSELC          equ	3898	;# 
  2335   000F3D                     PMD2            equ	3901	;# 
  2336   000F3E                     PMD1            equ	3902	;# 
  2337   000F3F                     PMD0            equ	3903	;# 
  2338   000F40                     VREFCON2        equ	3904	;# 
  2339   000F40                     DACCON1         equ	3904	;# 
  2340   000F41                     VREFCON1        equ	3905	;# 
  2341   000F41                     DACCON0         equ	3905	;# 
  2342   000F42                     VREFCON0        equ	3906	;# 
  2343   000F42                     FVRCON          equ	3906	;# 
  2344   000F43                     CTMUICON        equ	3907	;# 
  2345   000F43                     CTMUICONH       equ	3907	;# 
  2346   000F44                     CTMUCONL        equ	3908	;# 
  2347   000F44                     CTMUCON1        equ	3908	;# 
  2348   000F45                     CTMUCONH        equ	3909	;# 
  2349   000F45                     CTMUCON0        equ	3909	;# 
  2350   000F46                     SRCON1          equ	3910	;# 
  2351   000F47                     SRCON0          equ	3911	;# 
  2352   000F48                     CCPTMRS1        equ	3912	;# 
  2353   000F49                     CCPTMRS0        equ	3913	;# 
  2354   000F4A                     T6CON           equ	3914	;# 
  2355   000F4B                     PR6             equ	3915	;# 
  2356   000F4C                     TMR6            equ	3916	;# 
  2357   000F4D                     T5GCON          equ	3917	;# 
  2358   000F4E                     T5CON           equ	3918	;# 
  2359   000F4F                     TMR5            equ	3919	;# 
  2360   000F4F                     TMR5L           equ	3919	;# 
  2361   000F50                     TMR5H           equ	3920	;# 
  2362   000F51                     T4CON           equ	3921	;# 
  2363   000F52                     PR4             equ	3922	;# 
  2364   000F53                     TMR4            equ	3923	;# 
  2365   000F54                     CCP5CON         equ	3924	;# 
  2366   000F55                     CCPR5           equ	3925	;# 
  2367   000F55                     CCPR5L          equ	3925	;# 
  2368   000F56                     CCPR5H          equ	3926	;# 
  2369   000F57                     CCP4CON         equ	3927	;# 
  2370   000F58                     CCPR4           equ	3928	;# 
  2371   000F58                     CCPR4L          equ	3928	;# 
  2372   000F59                     CCPR4H          equ	3929	;# 
  2373   000F5A                     PSTR3CON        equ	3930	;# 
  2374   000F5B                     ECCP3AS         equ	3931	;# 
  2375   000F5B                     CCP3AS          equ	3931	;# 
  2376   000F5C                     PWM3CON         equ	3932	;# 
  2377   000F5D                     CCP3CON         equ	3933	;# 
  2378   000F5E                     CCPR3           equ	3934	;# 
  2379   000F5E                     CCPR3L          equ	3934	;# 
  2380   000F5F                     CCPR3H          equ	3935	;# 
  2381   000F60                     SLRCON          equ	3936	;# 
  2382   000F61                     WPUB            equ	3937	;# 
  2383   000F62                     IOCB            equ	3938	;# 
  2384   000F63                     PSTR2CON        equ	3939	;# 
  2385   000F64                     ECCP2AS         equ	3940	;# 
  2386   000F64                     CCP2AS          equ	3940	;# 
  2387   000F65                     PWM2CON         equ	3941	;# 
  2388   000F66                     CCP2CON         equ	3942	;# 
  2389   000F67                     CCPR2           equ	3943	;# 
  2390   000F67                     CCPR2L          equ	3943	;# 
  2391   000F68                     CCPR2H          equ	3944	;# 
  2392   000F69                     SSP2CON3        equ	3945	;# 
  2393   000F6A                     SSP2MSK         equ	3946	;# 
  2394   000F6B                     SSP2CON2        equ	3947	;# 
  2395   000F6C                     SSP2CON1        equ	3948	;# 
  2396   000F6D                     SSP2STAT        equ	3949	;# 
  2397   000F6E                     SSP2ADD         equ	3950	;# 
  2398   000F6F                     SSP2BUF         equ	3951	;# 
  2399   000F70                     BAUDCON2        equ	3952	;# 
  2400   000F70                     BAUD2CON        equ	3952	;# 
  2401   000F71                     RCSTA2          equ	3953	;# 
  2402   000F71                     RC2STA          equ	3953	;# 
  2403   000F72                     TXSTA2          equ	3954	;# 
  2404   000F72                     TX2STA          equ	3954	;# 
  2405   000F73                     TXREG2          equ	3955	;# 
  2406   000F73                     TX2REG          equ	3955	;# 
  2407   000F74                     RCREG2          equ	3956	;# 
  2408   000F74                     RC2REG          equ	3956	;# 
  2409   000F75                     SPBRG2          equ	3957	;# 
  2410   000F75                     SP2BRG          equ	3957	;# 
  2411   000F76                     SPBRGH2         equ	3958	;# 
  2412   000F76                     SP2BRGH         equ	3958	;# 
  2413   000F77                     CM2CON1         equ	3959	;# 
  2414   000F77                     CM12CON         equ	3959	;# 
  2415   000F78                     CM2CON0         equ	3960	;# 
  2416   000F78                     CM2CON          equ	3960	;# 
  2417   000F79                     CM1CON0         equ	3961	;# 
  2418   000F79                     CM1CON          equ	3961	;# 
  2419   000F7A                     PIE4            equ	3962	;# 
  2420   000F7B                     PIR4            equ	3963	;# 
  2421   000F7C                     IPR4            equ	3964	;# 
  2422   000F7D                     PIE5            equ	3965	;# 
  2423   000F7E                     PIR5            equ	3966	;# 
  2424   000F7F                     IPR5            equ	3967	;# 
  2425   000F80                     PORTA           equ	3968	;# 
  2426   000F81                     PORTB           equ	3969	;# 
  2427   000F82                     PORTC           equ	3970	;# 
  2428   000F84                     PORTE           equ	3972	;# 
  2429   000F89                     LATA            equ	3977	;# 
  2430   000F8A                     LATB            equ	3978	;# 
  2431   000F8B                     LATC            equ	3979	;# 
  2432   000F92                     TRISA           equ	3986	;# 
  2433   000F92                     DDRA            equ	3986	;# 
  2434   000F93                     TRISB           equ	3987	;# 
  2435   000F93                     DDRB            equ	3987	;# 
  2436   000F94                     TRISC           equ	3988	;# 
  2437   000F94                     DDRC            equ	3988	;# 
  2438   000F96                     TRISE           equ	3990	;# 
  2439   000F9B                     OSCTUNE         equ	3995	;# 
  2440   000F9C                     HLVDCON         equ	3996	;# 
  2441   000F9C                     LVDCON          equ	3996	;# 
  2442   000F9D                     PIE1            equ	3997	;# 
  2443   000F9E                     PIR1            equ	3998	;# 
  2444   000F9F                     IPR1            equ	3999	;# 
  2445   000FA0                     PIE2            equ	4000	;# 
  2446   000FA1                     PIR2            equ	4001	;# 
  2447   000FA2                     IPR2            equ	4002	;# 
  2448   000FA3                     PIE3            equ	4003	;# 
  2449   000FA4                     PIR3            equ	4004	;# 
  2450   000FA5                     IPR3            equ	4005	;# 
  2451   000FA6                     EECON1          equ	4006	;# 
  2452   000FA7                     EECON2          equ	4007	;# 
  2453   000FA8                     EEDATA          equ	4008	;# 
  2454   000FA9                     EEADR           equ	4009	;# 
  2455   000FAB                     RCSTA1          equ	4011	;# 
  2456   000FAB                     RCSTA           equ	4011	;# 
  2457   000FAB                     RC1STA          equ	4011	;# 
  2458   000FAC                     TXSTA1          equ	4012	;# 
  2459   000FAC                     TXSTA           equ	4012	;# 
  2460   000FAC                     TX1STA          equ	4012	;# 
  2461   000FAD                     TXREG1          equ	4013	;# 
  2462   000FAD                     TXREG           equ	4013	;# 
  2463   000FAD                     TX1REG          equ	4013	;# 
  2464   000FAE                     RCREG1          equ	4014	;# 
  2465   000FAE                     RCREG           equ	4014	;# 
  2466   000FAE                     RC1REG          equ	4014	;# 
  2467   000FAF                     SPBRG1          equ	4015	;# 
  2468   000FAF                     SPBRG           equ	4015	;# 
  2469   000FAF                     SP1BRG          equ	4015	;# 
  2470   000FB0                     SPBRGH1         equ	4016	;# 
  2471   000FB0                     SPBRGH          equ	4016	;# 
  2472   000FB0                     SP1BRGH         equ	4016	;# 
  2473   000FB1                     T3CON           equ	4017	;# 
  2474   000FB2                     TMR3            equ	4018	;# 
  2475   000FB2                     TMR3L           equ	4018	;# 
  2476   000FB3                     TMR3H           equ	4019	;# 
  2477   000FB4                     T3GCON          equ	4020	;# 
  2478   000FB6                     ECCP1AS         equ	4022	;# 
  2479   000FB6                     ECCPAS          equ	4022	;# 
  2480   000FB7                     PWM1CON         equ	4023	;# 
  2481   000FB7                     PWMCON          equ	4023	;# 
  2482   000FB8                     BAUDCON1        equ	4024	;# 
  2483   000FB8                     BAUDCON         equ	4024	;# 
  2484   000FB8                     BAUDCTL         equ	4024	;# 
  2485   000FB8                     BAUD1CON        equ	4024	;# 
  2486   000FB9                     PSTR1CON        equ	4025	;# 
  2487   000FB9                     PSTRCON         equ	4025	;# 
  2488   000FBA                     T2CON           equ	4026	;# 
  2489   000FBB                     PR2             equ	4027	;# 
  2490   000FBC                     TMR2            equ	4028	;# 
  2491   000FBD                     CCP1CON         equ	4029	;# 
  2492   000FBE                     CCPR1           equ	4030	;# 
  2493   000FBE                     CCPR1L          equ	4030	;# 
  2494   000FBF                     CCPR1H          equ	4031	;# 
  2495   000FC0                     ADCON2          equ	4032	;# 
  2496   000FC1                     ADCON1          equ	4033	;# 
  2497   000FC2                     ADCON0          equ	4034	;# 
  2498   000FC3                     ADRES           equ	4035	;# 
  2499   000FC3                     ADRESL          equ	4035	;# 
  2500   000FC4                     ADRESH          equ	4036	;# 
  2501   000FC5                     SSP1CON2        equ	4037	;# 
  2502   000FC5                     SSPCON2         equ	4037	;# 
  2503   000FC6                     SSP1CON1        equ	4038	;# 
  2504   000FC6                     SSPCON1         equ	4038	;# 
  2505   000FC7                     SSP1STAT        equ	4039	;# 
  2506   000FC7                     SSPSTAT         equ	4039	;# 
  2507   000FC8                     SSP1ADD         equ	4040	;# 
  2508   000FC8                     SSPADD          equ	4040	;# 
  2509   000FC9                     SSP1BUF         equ	4041	;# 
  2510   000FC9                     SSPBUF          equ	4041	;# 
  2511   000FCA                     SSP1MSK         equ	4042	;# 
  2512   000FCA                     SSPMSK          equ	4042	;# 
  2513   000FCB                     SSP1CON3        equ	4043	;# 
  2514   000FCB                     SSPCON3         equ	4043	;# 
  2515   000FCC                     T1GCON          equ	4044	;# 
  2516   000FCD                     T1CON           equ	4045	;# 
  2517   000FCE                     TMR1            equ	4046	;# 
  2518   000FCE                     TMR1L           equ	4046	;# 
  2519   000FCF                     TMR1H           equ	4047	;# 
  2520   000FD0                     RCON            equ	4048	;# 
  2521   000FD1                     WDTCON          equ	4049	;# 
  2522   000FD2                     OSCCON2         equ	4050	;# 
  2523   000FD3                     OSCCON          equ	4051	;# 
  2524   000FD5                     T0CON           equ	4053	;# 
  2525   000FD6                     TMR0            equ	4054	;# 
  2526   000FD6                     TMR0L           equ	4054	;# 
  2527   000FD7                     TMR0H           equ	4055	;# 
  2528   000FD8                     STATUS          equ	4056	;# 
  2529   000FD9                     FSR2            equ	4057	;# 
  2530   000FD9                     FSR2L           equ	4057	;# 
  2531   000FDA                     FSR2H           equ	4058	;# 
  2532   000FDB                     PLUSW2          equ	4059	;# 
  2533   000FDC                     PREINC2         equ	4060	;# 
  2534   000FDD                     POSTDEC2        equ	4061	;# 
  2535   000FDE                     POSTINC2        equ	4062	;# 
  2536   000FDF                     INDF2           equ	4063	;# 
  2537   000FE0                     BSR             equ	4064	;# 
  2538   000FE1                     FSR1            equ	4065	;# 
  2539   000FE1                     FSR1L           equ	4065	;# 
  2540   000FE2                     FSR1H           equ	4066	;# 
  2541   000FE3                     PLUSW1          equ	4067	;# 
  2542   000FE4                     PREINC1         equ	4068	;# 
  2543   000FE5                     POSTDEC1        equ	4069	;# 
  2544   000FE6                     POSTINC1        equ	4070	;# 
  2545   000FE7                     INDF1           equ	4071	;# 
  2546   000FE8                     WREG            equ	4072	;# 
  2547   000FE9                     FSR0            equ	4073	;# 
  2548   000FE9                     FSR0L           equ	4073	;# 
  2549   000FEA                     FSR0H           equ	4074	;# 
  2550   000FEB                     PLUSW0          equ	4075	;# 
  2551   000FEC                     PREINC0         equ	4076	;# 
  2552   000FED                     POSTDEC0        equ	4077	;# 
  2553   000FEE                     POSTINC0        equ	4078	;# 
  2554   000FEF                     INDF0           equ	4079	;# 
  2555   000FF0                     INTCON3         equ	4080	;# 
  2556   000FF1                     INTCON2         equ	4081	;# 
  2557   000FF2                     INTCON          equ	4082	;# 
  2558   000FF3                     PROD            equ	4083	;# 
  2559   000FF3                     PRODL           equ	4083	;# 
  2560   000FF4                     PRODH           equ	4084	;# 
  2561   000FF5                     TABLAT          equ	4085	;# 
  2562   000FF6                     TBLPTR          equ	4086	;# 
  2563   000FF6                     TBLPTRL         equ	4086	;# 
  2564   000FF7                     TBLPTRH         equ	4087	;# 
  2565   000FF8                     TBLPTRU         equ	4088	;# 
  2566   000FF9                     PCLAT           equ	4089	;# 
  2567   000FF9                     PC              equ	4089	;# 
  2568   000FF9                     PCL             equ	4089	;# 
  2569   000FFA                     PCLATH          equ	4090	;# 
  2570   000FFB                     PCLATU          equ	4091	;# 
  2571   000FFC                     STKPTR          equ	4092	;# 
  2572   000FFD                     TOS             equ	4093	;# 
  2573   000FFD                     TOSL            equ	4093	;# 
  2574   000FFE                     TOSH            equ	4094	;# 
  2575   000FFF                     TOSU            equ	4095	;# 
  2576   000F38                     ANSELA          equ	3896	;# 
  2577   000F39                     ANSELB          equ	3897	;# 
  2578   000F3A                     ANSELC          equ	3898	;# 
  2579   000F3D                     PMD2            equ	3901	;# 
  2580   000F3E                     PMD1            equ	3902	;# 
  2581   000F3F                     PMD0            equ	3903	;# 
  2582   000F40                     VREFCON2        equ	3904	;# 
  2583   000F40                     DACCON1         equ	3904	;# 
  2584   000F41                     VREFCON1        equ	3905	;# 
  2585   000F41                     DACCON0         equ	3905	;# 
  2586   000F42                     VREFCON0        equ	3906	;# 
  2587   000F42                     FVRCON          equ	3906	;# 
  2588   000F43                     CTMUICON        equ	3907	;# 
  2589   000F43                     CTMUICONH       equ	3907	;# 
  2590   000F44                     CTMUCONL        equ	3908	;# 
  2591   000F44                     CTMUCON1        equ	3908	;# 
  2592   000F45                     CTMUCONH        equ	3909	;# 
  2593   000F45                     CTMUCON0        equ	3909	;# 
  2594   000F46                     SRCON1          equ	3910	;# 
  2595   000F47                     SRCON0          equ	3911	;# 
  2596   000F48                     CCPTMRS1        equ	3912	;# 
  2597   000F49                     CCPTMRS0        equ	3913	;# 
  2598   000F4A                     T6CON           equ	3914	;# 
  2599   000F4B                     PR6             equ	3915	;# 
  2600   000F4C                     TMR6            equ	3916	;# 
  2601   000F4D                     T5GCON          equ	3917	;# 
  2602   000F4E                     T5CON           equ	3918	;# 
  2603   000F4F                     TMR5            equ	3919	;# 
  2604   000F4F                     TMR5L           equ	3919	;# 
  2605   000F50                     TMR5H           equ	3920	;# 
  2606   000F51                     T4CON           equ	3921	;# 
  2607   000F52                     PR4             equ	3922	;# 
  2608   000F53                     TMR4            equ	3923	;# 
  2609   000F54                     CCP5CON         equ	3924	;# 
  2610   000F55                     CCPR5           equ	3925	;# 
  2611   000F55                     CCPR5L          equ	3925	;# 
  2612   000F56                     CCPR5H          equ	3926	;# 
  2613   000F57                     CCP4CON         equ	3927	;# 
  2614   000F58                     CCPR4           equ	3928	;# 
  2615   000F58                     CCPR4L          equ	3928	;# 
  2616   000F59                     CCPR4H          equ	3929	;# 
  2617   000F5A                     PSTR3CON        equ	3930	;# 
  2618   000F5B                     ECCP3AS         equ	3931	;# 
  2619   000F5B                     CCP3AS          equ	3931	;# 
  2620   000F5C                     PWM3CON         equ	3932	;# 
  2621   000F5D                     CCP3CON         equ	3933	;# 
  2622   000F5E                     CCPR3           equ	3934	;# 
  2623   000F5E                     CCPR3L          equ	3934	;# 
  2624   000F5F                     CCPR3H          equ	3935	;# 
  2625   000F60                     SLRCON          equ	3936	;# 
  2626   000F61                     WPUB            equ	3937	;# 
  2627   000F62                     IOCB            equ	3938	;# 
  2628   000F63                     PSTR2CON        equ	3939	;# 
  2629   000F64                     ECCP2AS         equ	3940	;# 
  2630   000F64                     CCP2AS          equ	3940	;# 
  2631   000F65                     PWM2CON         equ	3941	;# 
  2632   000F66                     CCP2CON         equ	3942	;# 
  2633   000F67                     CCPR2           equ	3943	;# 
  2634   000F67                     CCPR2L          equ	3943	;# 
  2635   000F68                     CCPR2H          equ	3944	;# 
  2636   000F69                     SSP2CON3        equ	3945	;# 
  2637   000F6A                     SSP2MSK         equ	3946	;# 
  2638   000F6B                     SSP2CON2        equ	3947	;# 
  2639   000F6C                     SSP2CON1        equ	3948	;# 
  2640   000F6D                     SSP2STAT        equ	3949	;# 
  2641   000F6E                     SSP2ADD         equ	3950	;# 
  2642   000F6F                     SSP2BUF         equ	3951	;# 
  2643   000F70                     BAUDCON2        equ	3952	;# 
  2644   000F70                     BAUD2CON        equ	3952	;# 
  2645   000F71                     RCSTA2          equ	3953	;# 
  2646   000F71                     RC2STA          equ	3953	;# 
  2647   000F72                     TXSTA2          equ	3954	;# 
  2648   000F72                     TX2STA          equ	3954	;# 
  2649   000F73                     TXREG2          equ	3955	;# 
  2650   000F73                     TX2REG          equ	3955	;# 
  2651   000F74                     RCREG2          equ	3956	;# 
  2652   000F74                     RC2REG          equ	3956	;# 
  2653   000F75                     SPBRG2          equ	3957	;# 
  2654   000F75                     SP2BRG          equ	3957	;# 
  2655   000F76                     SPBRGH2         equ	3958	;# 
  2656   000F76                     SP2BRGH         equ	3958	;# 
  2657   000F77                     CM2CON1         equ	3959	;# 
  2658   000F77                     CM12CON         equ	3959	;# 
  2659   000F78                     CM2CON0         equ	3960	;# 
  2660   000F78                     CM2CON          equ	3960	;# 
  2661   000F79                     CM1CON0         equ	3961	;# 
  2662   000F79                     CM1CON          equ	3961	;# 
  2663   000F7A                     PIE4            equ	3962	;# 
  2664   000F7B                     PIR4            equ	3963	;# 
  2665   000F7C                     IPR4            equ	3964	;# 
  2666   000F7D                     PIE5            equ	3965	;# 
  2667   000F7E                     PIR5            equ	3966	;# 
  2668   000F7F                     IPR5            equ	3967	;# 
  2669   000F80                     PORTA           equ	3968	;# 
  2670   000F81                     PORTB           equ	3969	;# 
  2671   000F82                     PORTC           equ	3970	;# 
  2672   000F84                     PORTE           equ	3972	;# 
  2673   000F89                     LATA            equ	3977	;# 
  2674   000F8A                     LATB            equ	3978	;# 
  2675   000F8B                     LATC            equ	3979	;# 
  2676   000F92                     TRISA           equ	3986	;# 
  2677   000F92                     DDRA            equ	3986	;# 
  2678   000F93                     TRISB           equ	3987	;# 
  2679   000F93                     DDRB            equ	3987	;# 
  2680   000F94                     TRISC           equ	3988	;# 
  2681   000F94                     DDRC            equ	3988	;# 
  2682   000F96                     TRISE           equ	3990	;# 
  2683   000F9B                     OSCTUNE         equ	3995	;# 
  2684   000F9C                     HLVDCON         equ	3996	;# 
  2685   000F9C                     LVDCON          equ	3996	;# 
  2686   000F9D                     PIE1            equ	3997	;# 
  2687   000F9E                     PIR1            equ	3998	;# 
  2688   000F9F                     IPR1            equ	3999	;# 
  2689   000FA0                     PIE2            equ	4000	;# 
  2690   000FA1                     PIR2            equ	4001	;# 
  2691   000FA2                     IPR2            equ	4002	;# 
  2692   000FA3                     PIE3            equ	4003	;# 
  2693   000FA4                     PIR3            equ	4004	;# 
  2694   000FA5                     IPR3            equ	4005	;# 
  2695   000FA6                     EECON1          equ	4006	;# 
  2696   000FA7                     EECON2          equ	4007	;# 
  2697   000FA8                     EEDATA          equ	4008	;# 
  2698   000FA9                     EEADR           equ	4009	;# 
  2699   000FAB                     RCSTA1          equ	4011	;# 
  2700   000FAB                     RCSTA           equ	4011	;# 
  2701   000FAB                     RC1STA          equ	4011	;# 
  2702   000FAC                     TXSTA1          equ	4012	;# 
  2703   000FAC                     TXSTA           equ	4012	;# 
  2704   000FAC                     TX1STA          equ	4012	;# 
  2705   000FAD                     TXREG1          equ	4013	;# 
  2706   000FAD                     TXREG           equ	4013	;# 
  2707   000FAD                     TX1REG          equ	4013	;# 
  2708   000FAE                     RCREG1          equ	4014	;# 
  2709   000FAE                     RCREG           equ	4014	;# 
  2710   000FAE                     RC1REG          equ	4014	;# 
  2711   000FAF                     SPBRG1          equ	4015	;# 
  2712   000FAF                     SPBRG           equ	4015	;# 
  2713   000FAF                     SP1BRG          equ	4015	;# 
  2714   000FB0                     SPBRGH1         equ	4016	;# 
  2715   000FB0                     SPBRGH          equ	4016	;# 
  2716   000FB0                     SP1BRGH         equ	4016	;# 
  2717   000FB1                     T3CON           equ	4017	;# 
  2718   000FB2                     TMR3            equ	4018	;# 
  2719   000FB2                     TMR3L           equ	4018	;# 
  2720   000FB3                     TMR3H           equ	4019	;# 
  2721   000FB4                     T3GCON          equ	4020	;# 
  2722   000FB6                     ECCP1AS         equ	4022	;# 
  2723   000FB6                     ECCPAS          equ	4022	;# 
  2724   000FB7                     PWM1CON         equ	4023	;# 
  2725   000FB7                     PWMCON          equ	4023	;# 
  2726   000FB8                     BAUDCON1        equ	4024	;# 
  2727   000FB8                     BAUDCON         equ	4024	;# 
  2728   000FB8                     BAUDCTL         equ	4024	;# 
  2729   000FB8                     BAUD1CON        equ	4024	;# 
  2730   000FB9                     PSTR1CON        equ	4025	;# 
  2731   000FB9                     PSTRCON         equ	4025	;# 
  2732   000FBA                     T2CON           equ	4026	;# 
  2733   000FBB                     PR2             equ	4027	;# 
  2734   000FBC                     TMR2            equ	4028	;# 
  2735   000FBD                     CCP1CON         equ	4029	;# 
  2736   000FBE                     CCPR1           equ	4030	;# 
  2737   000FBE                     CCPR1L          equ	4030	;# 
  2738   000FBF                     CCPR1H          equ	4031	;# 
  2739   000FC0                     ADCON2          equ	4032	;# 
  2740   000FC1                     ADCON1          equ	4033	;# 
  2741   000FC2                     ADCON0          equ	4034	;# 
  2742   000FC3                     ADRES           equ	4035	;# 
  2743   000FC3                     ADRESL          equ	4035	;# 
  2744   000FC4                     ADRESH          equ	4036	;# 
  2745   000FC5                     SSP1CON2        equ	4037	;# 
  2746   000FC5                     SSPCON2         equ	4037	;# 
  2747   000FC6                     SSP1CON1        equ	4038	;# 
  2748   000FC6                     SSPCON1         equ	4038	;# 
  2749   000FC7                     SSP1STAT        equ	4039	;# 
  2750   000FC7                     SSPSTAT         equ	4039	;# 
  2751   000FC8                     SSP1ADD         equ	4040	;# 
  2752   000FC8                     SSPADD          equ	4040	;# 
  2753   000FC9                     SSP1BUF         equ	4041	;# 
  2754   000FC9                     SSPBUF          equ	4041	;# 
  2755   000FCA                     SSP1MSK         equ	4042	;# 
  2756   000FCA                     SSPMSK          equ	4042	;# 
  2757   000FCB                     SSP1CON3        equ	4043	;# 
  2758   000FCB                     SSPCON3         equ	4043	;# 
  2759   000FCC                     T1GCON          equ	4044	;# 
  2760   000FCD                     T1CON           equ	4045	;# 
  2761   000FCE                     TMR1            equ	4046	;# 
  2762   000FCE                     TMR1L           equ	4046	;# 
  2763   000FCF                     TMR1H           equ	4047	;# 
  2764   000FD0                     RCON            equ	4048	;# 
  2765   000FD1                     WDTCON          equ	4049	;# 
  2766   000FD2                     OSCCON2         equ	4050	;# 
  2767   000FD3                     OSCCON          equ	4051	;# 
  2768   000FD5                     T0CON           equ	4053	;# 
  2769   000FD6                     TMR0            equ	4054	;# 
  2770   000FD6                     TMR0L           equ	4054	;# 
  2771   000FD7                     TMR0H           equ	4055	;# 
  2772   000FD8                     STATUS          equ	4056	;# 
  2773   000FD9                     FSR2            equ	4057	;# 
  2774   000FD9                     FSR2L           equ	4057	;# 
  2775   000FDA                     FSR2H           equ	4058	;# 
  2776   000FDB                     PLUSW2          equ	4059	;# 
  2777   000FDC                     PREINC2         equ	4060	;# 
  2778   000FDD                     POSTDEC2        equ	4061	;# 
  2779   000FDE                     POSTINC2        equ	4062	;# 
  2780   000FDF                     INDF2           equ	4063	;# 
  2781   000FE0                     BSR             equ	4064	;# 
  2782   000FE1                     FSR1            equ	4065	;# 
  2783   000FE1                     FSR1L           equ	4065	;# 
  2784   000FE2                     FSR1H           equ	4066	;# 
  2785   000FE3                     PLUSW1          equ	4067	;# 
  2786   000FE4                     PREINC1         equ	4068	;# 
  2787   000FE5                     POSTDEC1        equ	4069	;# 
  2788   000FE6                     POSTINC1        equ	4070	;# 
  2789   000FE7                     INDF1           equ	4071	;# 
  2790   000FE8                     WREG            equ	4072	;# 
  2791   000FE9                     FSR0            equ	4073	;# 
  2792   000FE9                     FSR0L           equ	4073	;# 
  2793   000FEA                     FSR0H           equ	4074	;# 
  2794   000FEB                     PLUSW0          equ	4075	;# 
  2795   000FEC                     PREINC0         equ	4076	;# 
  2796   000FED                     POSTDEC0        equ	4077	;# 
  2797   000FEE                     POSTINC0        equ	4078	;# 
  2798   000FEF                     INDF0           equ	4079	;# 
  2799   000FF0                     INTCON3         equ	4080	;# 
  2800   000FF1                     INTCON2         equ	4081	;# 
  2801   000FF2                     INTCON          equ	4082	;# 
  2802   000FF3                     PROD            equ	4083	;# 
  2803   000FF3                     PRODL           equ	4083	;# 
  2804   000FF4                     PRODH           equ	4084	;# 
  2805   000FF5                     TABLAT          equ	4085	;# 
  2806   000FF6                     TBLPTR          equ	4086	;# 
  2807   000FF6                     TBLPTRL         equ	4086	;# 
  2808   000FF7                     TBLPTRH         equ	4087	;# 
  2809   000FF8                     TBLPTRU         equ	4088	;# 
  2810   000FF9                     PCLAT           equ	4089	;# 
  2811   000FF9                     PC              equ	4089	;# 
  2812   000FF9                     PCL             equ	4089	;# 
  2813   000FFA                     PCLATH          equ	4090	;# 
  2814   000FFB                     PCLATU          equ	4091	;# 
  2815   000FFC                     STKPTR          equ	4092	;# 
  2816   000FFD                     TOS             equ	4093	;# 
  2817   000FFD                     TOSL            equ	4093	;# 
  2818   000FFE                     TOSH            equ	4094	;# 
  2819   000FFF                     TOSU            equ	4095	;# 
  2820                           
  2821 ;; Function _INT0_DefaultInterruptHandler is unused but had its address taken
  2822   000000                     _INT0_DefaultInterruptHandler equ	0
  2823                           
  2824 ;; Function _INT1_DefaultInterruptHandler is unused but had its address taken
  2825   000000                     _INT1_DefaultInterruptHandler equ	0
  2826                           
  2827 ;; Function _INT2_DefaultInterruptHandler is unused but had its address taken
  2828   000000                     _INT2_DefaultInterruptHandler equ	0
  2829                           
  2830 ;; Function _TMR2_DefaultPeriodMatchCallback is unused but had its address taken
  2831   000000                     _TMR2_DefaultPeriodMatchCallback equ	0
  2832                           
  2833 ;; Function _EUSART1_Deinitialize is unused but had its address taken
  2834   000000                     _EUSART1_Deinitialize equ	0
  2835                           
  2836 ;; Function _EUSART1_TransmitEnable is unused but had its address taken
  2837   000000                     _EUSART1_TransmitEnable equ	0
  2838                           
  2839 ;; Function _EUSART1_TransmitDisable is unused but had its address taken
  2840   000000                     _EUSART1_TransmitDisable equ	0
  2841                           
  2842 ;; Function _EUSART1_AutoBaudSet is unused but had its address taken
  2843   000000                     _EUSART1_AutoBaudSet equ	0
  2844                           
  2845 ;; Function _EUSART1_AutoBaudQuery is unused but had its address taken
  2846   000000                     _EUSART1_AutoBaudQuery equ	0
  2847                           
  2848 ;; Function _EUSART1_IsTxDone is unused but had its address taken
  2849   000000                     _EUSART1_IsTxDone equ	0
  2850                           
  2851 ;; Function _EUSART1_ErrorGet is unused but had its address taken
  2852   000000                     _EUSART1_ErrorGet equ	0
  2853                           
  2854                           	psect	idataCOMRAM
  2855   000DFA                     __pidataCOMRAM:
  2856                           	callstack 0
  2857                           
  2858                           ;initializer for timer0ISR@currentBlueValue
  2859   000DFA  00FF               	dw	255
  2860                           
  2861                           	psect	idataBANK0
  2862   0009A6                     __pidataBANK0:
  2863                           	callstack 0
  2864                           
  2865                           ;initializer for _initBlu
  2866   0009A6  FFFF               	dw	65535
  2867   0009A8  FFFF               	dw	65535
  2868   0009AA  0000               	dw	0
  2869   0009AC  0000               	dw	0
  2870   0009AE  0000               	dw	0
  2871   0009B0  FFFF               	dw	65535
  2872                           
  2873                           ;initializer for _initGre
  2874   0009B2  0000               	dw	0
  2875   0009B4  FFFF               	dw	65535
  2876   0009B6  FFFF               	dw	65535
  2877   0009B8  FFFF               	dw	65535
  2878   0009BA  0000               	dw	0
  2879   0009BC  0000               	dw	0
  2880                           
  2881                           ;initializer for _initRed
  2882   0009BE  0000               	dw	0
  2883   0009C0  0000               	dw	0
  2884   0009C2  0000               	dw	0
  2885   0009C4  FFFF               	dw	65535
  2886   0009C6  FFFF               	dw	65535
  2887   0009C8  FFFF               	dw	65535
  2888                           
  2889                           ;initializer for _deltaBlu
  2890   0009CA  0000               	dw	0
  2891   0009CC  FFFF               	dw	65535
  2892   0009CE  0000               	dw	0
  2893   0009D0  0000               	dw	0
  2894   0009D2  0001               	dw	1
  2895   0009D4  0000               	dw	0
  2896                           
  2897                           ;initializer for _deltaGre
  2898   0009D6  0001               	dw	1
  2899   0009D8  0000               	dw	0
  2900   0009DA  0000               	dw	0
  2901   0009DC  FFFF               	dw	65535
  2902   0009DE  0000               	dw	0
  2903   0009E0  0000               	dw	0
  2904                           
  2905                           ;initializer for _deltaRed
  2906   0009E2  0000               	dw	0
  2907   0009E4  0000               	dw	0
  2908   0009E6  0001               	dw	1
  2909   0009E8  0000               	dw	0
  2910   0009EA  0000               	dw	0
  2911   0009EC  FFFF               	dw	65535
  2912                           
  2913                           	psect	mediumconst
  2914   007CB2                     __pmediumconst:
  2915                           	callstack 0
  2916   007CB2  00                 	db	0
  2917   007CB3                     _UART1:
  2918                           	callstack 0
  2919   007CB3  F0                 	db	low _EUSART1_Initialize
  2920   007CB4  0B                 	db	high _EUSART1_Initialize
  2921   007CB5  00                 	db	0
  2922   007CB6  00                 	db	0
  2923   007CB7  CA                 	db	low _EUSART1_Read
  2924   007CB8  08                 	db	high _EUSART1_Read
  2925   007CB9  EE                 	db	low _EUSART1_Write
  2926   007CBA  0D                 	db	high _EUSART1_Write
  2927   007CBB  9A                 	db	low _EUSART1_IsRxReady
  2928   007CBC  0D                 	db	high _EUSART1_IsRxReady
  2929   007CBD  52                 	db	low _EUSART1_IsTxReady
  2930   007CBE  0C                 	db	high _EUSART1_IsTxReady
  2931   007CBF  00                 	db	0
  2932   007CC0  00                 	db	0
  2933   007CC1  00                 	db	0
  2934   007CC2  00                 	db	0
  2935   007CC3  00                 	db	0
  2936   007CC4  00                 	db	0
  2937   007CC5  00                 	db	0
  2938   007CC6  00                 	db	0
  2939   007CC7  00                 	db	0
  2940   007CC8  00                 	db	0
  2941   007CC9  00                 	db	0
  2942   007CCA  00                 	db	0
  2943   007CCB  00                 	db	0
  2944   007CCC  00                 	db	0
  2945   007CCD  00                 	db	0
  2946   007CCE  00                 	db	0
  2947   007CCF  00                 	db	0
  2948   007CD0  00                 	db	0
  2949   007CD1  00                 	db	0
  2950   007CD2  00                 	db	0
  2951   007CD3  00                 	db	0
  2952   007CD4  00                 	db	0
  2953   007CD5  00                 	db	0
  2954   007CD6  00                 	db	0
  2955   007CD7  00                 	db	0
  2956   007CD8  00                 	db	0
  2957   007CD9  00                 	db	0
  2958   007CDA  00                 	db	0
  2959   007CDB  1E                 	db	low _EUSART1_FramingErrorCallbackRegister
  2960   007CDC  0D                 	db	high _EUSART1_FramingErrorCallbackRegister
  2961   007CDD  02                 	db	low _EUSART1_OverrunErrorCallbackRegister
  2962   007CDE  0D                 	db	high _EUSART1_OverrunErrorCallbackRegister
  2963   007CDF  00                 	db	0
  2964   007CE0  00                 	db	0
  2965   007CE1  00                 	db	0
  2966   007CE2  00                 	db	0
  2967   007CE3                     __end_of_UART1:
  2968                           	callstack 0
  2969   007CE3                     STR_19:
  2970   007CE3  2B                 	db	43
  2971   007CE4  2F                 	db	47
  2972   007CE5  2D                 	db	45
  2973   007CE6  3A                 	db	58	;':'
  2974   007CE7  20                 	db	32
  2975   007CE8  69                 	db	105	;'i'
  2976   007CE9  6E                 	db	110	;'n'
  2977   007CEA  63                 	db	99	;'c'
  2978   007CEB  72                 	db	114	;'r'
  2979   007CEC  65                 	db	101	;'e'
  2980   007CED  61                 	db	97	;'a'
  2981   007CEE  73                 	db	115	;'s'
  2982   007CEF  65                 	db	101	;'e'
  2983   007CF0  2F                 	db	47
  2984   007CF1  64                 	db	100	;'d'
  2985   007CF2  65                 	db	101	;'e'
  2986   007CF3  63                 	db	99	;'c'
  2987   007CF4  72                 	db	114	;'r'
  2988   007CF5  65                 	db	101	;'e'
  2989   007CF6  61                 	db	97	;'a'
  2990   007CF7  73                 	db	115	;'s'
  2991   007CF8  65                 	db	101	;'e'
  2992   007CF9  20                 	db	32
  2993   007CFA  74                 	db	116	;'t'
  2994   007CFB  68                 	db	104	;'h'
  2995   007CFC  65                 	db	101	;'e'
  2996   007CFD  20                 	db	32
  2997   007CFE  63                 	db	99	;'c'
  2998   007CFF  6F                 	db	111	;'o'
  2999   007D00  6C                 	db	108	;'l'
  3000   007D01  6F                 	db	111	;'o'
  3001   007D02  72                 	db	114	;'r'
  3002   007D03  20                 	db	32
  3003   007D04  74                 	db	116	;'t'
  3004   007D05  6F                 	db	111	;'o'
  3005   007D06  75                 	db	117	;'u'
  3006   007D07  72                 	db	114	;'r'
  3007   007D08  20                 	db	32
  3008   007D09  73                 	db	115	;'s'
  3009   007D0A  70                 	db	112	;'p'
  3010   007D0B  65                 	db	101	;'e'
  3011   007D0C  65                 	db	101	;'e'
  3012   007D0D  64                 	db	100	;'d'
  3013   007D0E  2E                 	db	46
  3014   007D0F  0D                 	db	13
  3015   007D10  0A                 	db	10
  3016   007D11  00                 	db	0
  3017   007D12                     STR_15:
  3018   007D12  47                 	db	71	;'G'
  3019   007D13  2F                 	db	47
  3020   007D14  67                 	db	103	;'g'
  3021   007D15  3A                 	db	58	;':'
  3022   007D16  20                 	db	32
  3023   007D17  69                 	db	105	;'i'
  3024   007D18  6E                 	db	110	;'n'
  3025   007D19  63                 	db	99	;'c'
  3026   007D1A  72                 	db	114	;'r'
  3027   007D1B  65                 	db	101	;'e'
  3028   007D1C  61                 	db	97	;'a'
  3029   007D1D  73                 	db	115	;'s'
  3030   007D1E  65                 	db	101	;'e'
  3031   007D1F  2F                 	db	47
  3032   007D20  64                 	db	100	;'d'
  3033   007D21  65                 	db	101	;'e'
  3034   007D22  63                 	db	99	;'c'
  3035   007D23  72                 	db	114	;'r'
  3036   007D24  65                 	db	101	;'e'
  3037   007D25  61                 	db	97	;'a'
  3038   007D26  73                 	db	115	;'s'
  3039   007D27  65                 	db	101	;'e'
  3040   007D28  20                 	db	32
  3041   007D29  47                 	db	71	;'G'
  3042   007D2A  72                 	db	114	;'r'
  3043   007D2B  65                 	db	101	;'e'
  3044   007D2C  65                 	db	101	;'e'
  3045   007D2D  6E                 	db	110	;'n'
  3046   007D2E  20                 	db	32
  3047   007D2F  69                 	db	105	;'i'
  3048   007D30  6E                 	db	110	;'n'
  3049   007D31  74                 	db	116	;'t'
  3050   007D32  65                 	db	101	;'e'
  3051   007D33  6E                 	db	110	;'n'
  3052   007D34  73                 	db	115	;'s'
  3053   007D35  69                 	db	105	;'i'
  3054   007D36  74                 	db	116	;'t'
  3055   007D37  79                 	db	121	;'y'
  3056   007D38  0D                 	db	13
  3057   007D39  0A                 	db	10
  3058   007D3A  00                 	db	0
  3059   007D3B                     STR_16:
  3060   007D3B  42                 	db	66	;'B'
  3061   007D3C  2F                 	db	47
  3062   007D3D  62                 	db	98	;'b'
  3063   007D3E  3A                 	db	58	;':'
  3064   007D3F  20                 	db	32
  3065   007D40  69                 	db	105	;'i'
  3066   007D41  6E                 	db	110	;'n'
  3067   007D42  63                 	db	99	;'c'
  3068   007D43  72                 	db	114	;'r'
  3069   007D44  65                 	db	101	;'e'
  3070   007D45  61                 	db	97	;'a'
  3071   007D46  73                 	db	115	;'s'
  3072   007D47  65                 	db	101	;'e'
  3073   007D48  2F                 	db	47
  3074   007D49  64                 	db	100	;'d'
  3075   007D4A  65                 	db	101	;'e'
  3076   007D4B  63                 	db	99	;'c'
  3077   007D4C  72                 	db	114	;'r'
  3078   007D4D  65                 	db	101	;'e'
  3079   007D4E  61                 	db	97	;'a'
  3080   007D4F  73                 	db	115	;'s'
  3081   007D50  65                 	db	101	;'e'
  3082   007D51  20                 	db	32
  3083   007D52  42                 	db	66	;'B'
  3084   007D53  6C                 	db	108	;'l'
  3085   007D54  75                 	db	117	;'u'
  3086   007D55  65                 	db	101	;'e'
  3087   007D56  20                 	db	32
  3088   007D57  69                 	db	105	;'i'
  3089   007D58  6E                 	db	110	;'n'
  3090   007D59  74                 	db	116	;'t'
  3091   007D5A  65                 	db	101	;'e'
  3092   007D5B  6E                 	db	110	;'n'
  3093   007D5C  73                 	db	115	;'s'
  3094   007D5D  69                 	db	105	;'i'
  3095   007D5E  74                 	db	116	;'t'
  3096   007D5F  79                 	db	121	;'y'
  3097   007D60  0D                 	db	13
  3098   007D61  0A                 	db	10
  3099   007D62  00                 	db	0
  3100   007D63                     STR_14:
  3101   007D63  52                 	db	82	;'R'
  3102   007D64  2F                 	db	47
  3103   007D65  72                 	db	114	;'r'
  3104   007D66  3A                 	db	58	;':'
  3105   007D67  20                 	db	32
  3106   007D68  69                 	db	105	;'i'
  3107   007D69  6E                 	db	110	;'n'
  3108   007D6A  63                 	db	99	;'c'
  3109   007D6B  72                 	db	114	;'r'
  3110   007D6C  65                 	db	101	;'e'
  3111   007D6D  61                 	db	97	;'a'
  3112   007D6E  73                 	db	115	;'s'
  3113   007D6F  65                 	db	101	;'e'
  3114   007D70  2F                 	db	47
  3115   007D71  64                 	db	100	;'d'
  3116   007D72  65                 	db	101	;'e'
  3117   007D73  63                 	db	99	;'c'
  3118   007D74  72                 	db	114	;'r'
  3119   007D75  65                 	db	101	;'e'
  3120   007D76  61                 	db	97	;'a'
  3121   007D77  73                 	db	115	;'s'
  3122   007D78  65                 	db	101	;'e'
  3123   007D79  20                 	db	32
  3124   007D7A  52                 	db	82	;'R'
  3125   007D7B  65                 	db	101	;'e'
  3126   007D7C  64                 	db	100	;'d'
  3127   007D7D  20                 	db	32
  3128   007D7E  69                 	db	105	;'i'
  3129   007D7F  6E                 	db	110	;'n'
  3130   007D80  74                 	db	116	;'t'
  3131   007D81  65                 	db	101	;'e'
  3132   007D82  6E                 	db	110	;'n'
  3133   007D83  73                 	db	115	;'s'
  3134   007D84  69                 	db	105	;'i'
  3135   007D85  74                 	db	116	;'t'
  3136   007D86  79                 	db	121	;'y'
  3137   007D87  0D                 	db	13
  3138   007D88  0A                 	db	10
  3139   007D89  00                 	db	0
  3140   007D8A                     STR_6:
  3141   007D8A  2D                 	db	45
  3142   007D8B  2D                 	db	45
  3143   007D8C  2D                 	db	45
  3144   007D8D  2D                 	db	45
  3145   007D8E  2D                 	db	45
  3146   007D8F  2D                 	db	45
  3147   007D90  2D                 	db	45
  3148   007D91  2D                 	db	45
  3149   007D92  2D                 	db	45
  3150   007D93  2D                 	db	45
  3151   007D94  2D                 	db	45
  3152   007D95  2D                 	db	45
  3153   007D96  2D                 	db	45
  3154   007D97  2D                 	db	45
  3155   007D98  2D                 	db	45
  3156   007D99  2D                 	db	45
  3157   007D9A  2D                 	db	45
  3158   007D9B  2D                 	db	45
  3159   007D9C  2D                 	db	45
  3160   007D9D  2D                 	db	45
  3161   007D9E  2D                 	db	45
  3162   007D9F  2D                 	db	45
  3163   007DA0  2D                 	db	45
  3164   007DA1  2D                 	db	45
  3165   007DA2  2D                 	db	45
  3166   007DA3  2D                 	db	45
  3167   007DA4  2D                 	db	45
  3168   007DA5  2D                 	db	45
  3169   007DA6  2D                 	db	45
  3170   007DA7  2D                 	db	45
  3171   007DA8  0D                 	db	13
  3172   007DA9  0A                 	db	10
  3173   007DAA  00                 	db	0
  3174   007DAB                     STR_17:
  3175   007DAB  43                 	db	67	;'C'
  3176   007DAC  2F                 	db	47
  3177   007DAD  63                 	db	99	;'c'
  3178   007DAE  3A                 	db	58	;':'
  3179   007DAF  20                 	db	32
  3180   007DB0  73                 	db	115	;'s'
  3181   007DB1  74                 	db	116	;'t'
  3182   007DB2  61                 	db	97	;'a'
  3183   007DB3  72                 	db	114	;'r'
  3184   007DB4  74                 	db	116	;'t'
  3185   007DB5  2F                 	db	47
  3186   007DB6  73                 	db	115	;'s'
  3187   007DB7  74                 	db	116	;'t'
  3188   007DB8  6F                 	db	111	;'o'
  3189   007DB9  70                 	db	112	;'p'
  3190   007DBA  20                 	db	32
  3191   007DBB  63                 	db	99	;'c'
  3192   007DBC  6F                 	db	111	;'o'
  3193   007DBD  6C                 	db	108	;'l'
  3194   007DBE  6F                 	db	111	;'o'
  3195   007DBF  72                 	db	114	;'r'
  3196   007DC0  20                 	db	32
  3197   007DC1  63                 	db	99	;'c'
  3198   007DC2  79                 	db	121	;'y'
  3199   007DC3  63                 	db	99	;'c'
  3200   007DC4  6C                 	db	108	;'l'
  3201   007DC5  65                 	db	101	;'e'
  3202   007DC6  0D                 	db	13
  3203   007DC7  0A                 	db	10
  3204   007DC8  00                 	db	0
  3205   007DC9                     STR_40:
  3206   007DC9  53                 	db	83	;'S'
  3207   007DCA  65                 	db	101	;'e'
  3208   007DCB  74                 	db	116	;'t'
  3209   007DCC  74                 	db	116	;'t'
  3210   007DCD  69                 	db	105	;'i'
  3211   007DCE  6E                 	db	110	;'n'
  3212   007DCF  67                 	db	103	;'g'
  3213   007DD0  20                 	db	32
  3214   007DD1  61                 	db	97	;'a'
  3215   007DD2  6C                 	db	108	;'l'
  3216   007DD3  6C                 	db	108	;'l'
  3217   007DD4  20                 	db	32
  3218   007DD5  63                 	db	99	;'c'
  3219   007DD6  68                 	db	104	;'h'
  3220   007DD7  61                 	db	97	;'a'
  3221   007DD8  6E                 	db	110	;'n'
  3222   007DD9  6E                 	db	110	;'n'
  3223   007DDA  65                 	db	101	;'e'
  3224   007DDB  6C                 	db	108	;'l'
  3225   007DDC  73                 	db	115	;'s'
  3226   007DDD  20                 	db	32
  3227   007DDE  74                 	db	116	;'t'
  3228   007DDF  6F                 	db	111	;'o'
  3229   007DE0  20                 	db	32
  3230   007DE1  30                 	db	48	;'0'
  3231   007DE2  0D                 	db	13
  3232   007DE3  0A                 	db	10
  3233   007DE4  00                 	db	0
  3234   007DE5                     STR_39:
  3235   007DE5  43                 	db	67	;'C'
  3236   007DE6  61                 	db	97	;'a'
  3237   007DE7  6E                 	db	110	;'n'
  3238   007DE8  27                 	db	39
  3239   007DE9  74                 	db	116	;'t'
  3240   007DEA  20                 	db	32
  3241   007DEB  67                 	db	103	;'g'
  3242   007DEC  6F                 	db	111	;'o'
  3243   007DED  20                 	db	32
  3244   007DEE  61                 	db	97	;'a'
  3245   007DEF  6E                 	db	110	;'n'
  3246   007DF0  79                 	db	121	;'y'
  3247   007DF1  20                 	db	32
  3248   007DF2  66                 	db	102	;'f'
  3249   007DF3  61                 	db	97	;'a'
  3250   007DF4  73                 	db	115	;'s'
  3251   007DF5  74                 	db	116	;'t'
  3252   007DF6  65                 	db	101	;'e'
  3253   007DF7  72                 	db	114	;'r'
  3254   007DF8  21                 	db	33
  3255   007DF9  20                 	db	32
  3256   007DFA  0D                 	db	13
  3257   007DFB  0A                 	db	10
  3258   007DFC  00                 	db	0
  3259   007DFD                     STR_37:
  3260   007DFD  43                 	db	67	;'C'
  3261   007DFE  61                 	db	97	;'a'
  3262   007DFF  6E                 	db	110	;'n'
  3263   007E00  27                 	db	39
  3264   007E01  74                 	db	116	;'t'
  3265   007E02  20                 	db	32
  3266   007E03  67                 	db	103	;'g'
  3267   007E04  6F                 	db	111	;'o'
  3268   007E05  20                 	db	32
  3269   007E06  61                 	db	97	;'a'
  3270   007E07  6E                 	db	110	;'n'
  3271   007E08  79                 	db	121	;'y'
  3272   007E09  20                 	db	32
  3273   007E0A  73                 	db	115	;'s'
  3274   007E0B  6C                 	db	108	;'l'
  3275   007E0C  6F                 	db	111	;'o'
  3276   007E0D  77                 	db	119	;'w'
  3277   007E0E  65                 	db	101	;'e'
  3278   007E0F  72                 	db	114	;'r'
  3279   007E10  21                 	db	33
  3280   007E11  20                 	db	32
  3281   007E12  0D                 	db	13
  3282   007E13  0A                 	db	10
  3283   007E14  00                 	db	0
  3284   007E15                     STR_13:
  3285   007E15  7A                 	db	122	;'z'
  3286   007E16  3A                 	db	58	;':'
  3287   007E17  20                 	db	32
  3288   007E18  43                 	db	67	;'C'
  3289   007E19  6C                 	db	108	;'l'
  3290   007E1A  65                 	db	101	;'e'
  3291   007E1B  61                 	db	97	;'a'
  3292   007E1C  72                 	db	114	;'r'
  3293   007E1D  20                 	db	32
  3294   007E1E  74                 	db	116	;'t'
  3295   007E1F  68                 	db	104	;'h'
  3296   007E20  65                 	db	101	;'e'
  3297   007E21  20                 	db	32
  3298   007E22  74                 	db	116	;'t'
  3299   007E23  65                 	db	101	;'e'
  3300   007E24  72                 	db	114	;'r'
  3301   007E25  6D                 	db	109	;'m'
  3302   007E26  69                 	db	105	;'i'
  3303   007E27  6E                 	db	110	;'n'
  3304   007E28  61                 	db	97	;'a'
  3305   007E29  6C                 	db	108	;'l'
  3306   007E2A  0D                 	db	13
  3307   007E2B  0A                 	db	10
  3308   007E2C  00                 	db	0
  3309   007E2D                     STR_28:
  3310   007E2D  67                 	db	103	;'g'
  3311   007E2E  72                 	db	114	;'r'
  3312   007E2F  65                 	db	101	;'e'
  3313   007E30  65                 	db	101	;'e'
  3314   007E31  6E                 	db	110	;'n'
  3315   007E32  20                 	db	32
  3316   007E33  69                 	db	105	;'i'
  3317   007E34  74                 	db	116	;'t'
  3318   007E35  20                 	db	32
  3319   007E36  6E                 	db	110	;'n'
  3320   007E37  6F                 	db	111	;'o'
  3321   007E38  77                 	db	119	;'w'
  3322   007E39  20                 	db	32
  3323   007E3A  62                 	db	98	;'b'
  3324   007E3B  72                 	db	114	;'r'
  3325   007E3C  69                 	db	105	;'i'
  3326   007E3D  67                 	db	103	;'g'
  3327   007E3E  68                 	db	104	;'h'
  3328   007E3F  74                 	db	116	;'t'
  3329   007E40  65                 	db	101	;'e'
  3330   007E41  72                 	db	114	;'r'
  3331   007E42  0D                 	db	13
  3332   007E43  0A                 	db	10
  3333   007E44  00                 	db	0
  3334   007E45                     STR_25:
  3335   007E45  43                 	db	67	;'C'
  3336   007E46  61                 	db	97	;'a'
  3337   007E47  6E                 	db	110	;'n'
  3338   007E48  27                 	db	39
  3339   007E49  74                 	db	116	;'t'
  3340   007E4A  20                 	db	32
  3341   007E4B  67                 	db	103	;'g'
  3342   007E4C  6F                 	db	111	;'o'
  3343   007E4D  20                 	db	32
  3344   007E4E  61                 	db	97	;'a'
  3345   007E4F  6E                 	db	110	;'n'
  3346   007E50  79                 	db	121	;'y'
  3347   007E51  20                 	db	32
  3348   007E52  64                 	db	100	;'d'
  3349   007E53  61                 	db	97	;'a'
  3350   007E54  72                 	db	114	;'r'
  3351   007E55  6B                 	db	107	;'k'
  3352   007E56  65                 	db	101	;'e'
  3353   007E57  72                 	db	114	;'r'
  3354   007E58  21                 	db	33
  3355   007E59  0D                 	db	13
  3356   007E5A  0A                 	db	10
  3357   007E5B  00                 	db	0
  3358   007E5C                     STR_27:
  3359   007E5C  41                 	db	65	;'A'
  3360   007E5D  6C                 	db	108	;'l'
  3361   007E5E  72                 	db	114	;'r'
  3362   007E5F  65                 	db	101	;'e'
  3363   007E60  61                 	db	97	;'a'
  3364   007E61  64                 	db	100	;'d'
  3365   007E62  79                 	db	121	;'y'
  3366   007E63  20                 	db	32
  3367   007E64  61                 	db	97	;'a'
  3368   007E65  74                 	db	116	;'t'
  3369   007E66  20                 	db	32
  3370   007E67  4D                 	db	77	;'M'
  3371   007E68  61                 	db	97	;'a'
  3372   007E69  78                 	db	120	;'x'
  3373   007E6A  20                 	db	32
  3374   007E6B  47                 	db	71	;'G'
  3375   007E6C  72                 	db	114	;'r'
  3376   007E6D  65                 	db	101	;'e'
  3377   007E6E  65                 	db	101	;'e'
  3378   007E6F  6E                 	db	110	;'n'
  3379   007E70  0D                 	db	13
  3380   007E71  0A                 	db	10
  3381   007E72  00                 	db	0
  3382   007E73                     STR_31:
  3383   007E73  41                 	db	65	;'A'
  3384   007E74  6C                 	db	108	;'l'
  3385   007E75  72                 	db	114	;'r'
  3386   007E76  65                 	db	101	;'e'
  3387   007E77  61                 	db	97	;'a'
  3388   007E78  64                 	db	100	;'d'
  3389   007E79  79                 	db	121	;'y'
  3390   007E7A  20                 	db	32
  3391   007E7B  61                 	db	97	;'a'
  3392   007E7C  74                 	db	116	;'t'
  3393   007E7D  20                 	db	32
  3394   007E7E  4D                 	db	77	;'M'
  3395   007E7F  61                 	db	97	;'a'
  3396   007E80  78                 	db	120	;'x'
  3397   007E81  20                 	db	32
  3398   007E82  42                 	db	66	;'B'
  3399   007E83  4C                 	db	76	;'L'
  3400   007E84  55                 	db	85	;'U'
  3401   007E85  45                 	db	69	;'E'
  3402   007E86  0D                 	db	13
  3403   007E87  0A                 	db	10
  3404   007E88  00                 	db	0
  3405   007E89                     STR_3:
  3406   007E89  44                 	db	68	;'D'
  3407   007E8A  65                 	db	101	;'e'
  3408   007E8B  76                 	db	118	;'v'
  3409   007E8C  27                 	db	39
  3410   007E8D  32                 	db	50	;'2'
  3411   007E8E  31                 	db	49	;'1'
  3412   007E8F  20                 	db	32
  3413   007E90  62                 	db	98	;'b'
  3414   007E91  6F                 	db	111	;'o'
  3415   007E92  61                 	db	97	;'a'
  3416   007E93  72                 	db	114	;'r'
  3417   007E94  64                 	db	100	;'d'
  3418   007E95  20                 	db	32
  3419   007E96  77                 	db	119	;'w'
  3420   007E97  69                 	db	105	;'i'
  3421   007E98  72                 	db	114	;'r'
  3422   007E99  69                 	db	105	;'i'
  3423   007E9A  6E                 	db	110	;'n'
  3424   007E9B  67                 	db	103	;'g'
  3425   007E9C  0D                 	db	13
  3426   007E9D  0A                 	db	10
  3427   007E9E  00                 	db	0
  3428   007E9F                     STR_30:
  3429   007E9F  67                 	db	103	;'g'
  3430   007EA0  72                 	db	114	;'r'
  3431   007EA1  65                 	db	101	;'e'
  3432   007EA2  65                 	db	101	;'e'
  3433   007EA3  6E                 	db	110	;'n'
  3434   007EA4  20                 	db	32
  3435   007EA5  69                 	db	105	;'i'
  3436   007EA6  74                 	db	116	;'t'
  3437   007EA7  20                 	db	32
  3438   007EA8  6E                 	db	110	;'n'
  3439   007EA9  6F                 	db	111	;'o'
  3440   007EAA  77                 	db	119	;'w'
  3441   007EAB  20                 	db	32
  3442   007EAC  64                 	db	100	;'d'
  3443   007EAD  61                 	db	97	;'a'
  3444   007EAE  72                 	db	114	;'r'
  3445   007EAF  6B                 	db	107	;'k'
  3446   007EB0  65                 	db	101	;'e'
  3447   007EB1  72                 	db	114	;'r'
  3448   007EB2  0D                 	db	13
  3449   007EB3  0A                 	db	10
  3450   007EB4  00                 	db	0
  3451   007EB5                     STR_24:
  3452   007EB5  52                 	db	82	;'R'
  3453   007EB6  65                 	db	101	;'e'
  3454   007EB7  64                 	db	100	;'d'
  3455   007EB8  20                 	db	32
  3456   007EB9  69                 	db	105	;'i'
  3457   007EBA  74                 	db	116	;'t'
  3458   007EBB  20                 	db	32
  3459   007EBC  6E                 	db	110	;'n'
  3460   007EBD  6F                 	db	111	;'o'
  3461   007EBE  77                 	db	119	;'w'
  3462   007EBF  20                 	db	32
  3463   007EC0  62                 	db	98	;'b'
  3464   007EC1  72                 	db	114	;'r'
  3465   007EC2  69                 	db	105	;'i'
  3466   007EC3  67                 	db	103	;'g'
  3467   007EC4  68                 	db	104	;'h'
  3468   007EC5  74                 	db	116	;'t'
  3469   007EC6  65                 	db	101	;'e'
  3470   007EC7  72                 	db	114	;'r'
  3471   007EC8  0D                 	db	13
  3472   007EC9  0A                 	db	10
  3473   007ECA  00                 	db	0
  3474   007ECB                     STR_34:
  3475   007ECB  53                 	db	83	;'S'
  3476   007ECC  74                 	db	116	;'t'
  3477   007ECD  61                 	db	97	;'a'
  3478   007ECE  72                 	db	114	;'r'
  3479   007ECF  74                 	db	116	;'t'
  3480   007ED0  69                 	db	105	;'i'
  3481   007ED1  6E                 	db	110	;'n'
  3482   007ED2  67                 	db	103	;'g'
  3483   007ED3  20                 	db	32
  3484   007ED4  63                 	db	99	;'c'
  3485   007ED5  6F                 	db	111	;'o'
  3486   007ED6  6C                 	db	108	;'l'
  3487   007ED7  6F                 	db	111	;'o'
  3488   007ED8  72                 	db	114	;'r'
  3489   007ED9  20                 	db	32
  3490   007EDA  74                 	db	116	;'t'
  3491   007EDB  6F                 	db	111	;'o'
  3492   007EDC  75                 	db	117	;'u'
  3493   007EDD  72                 	db	114	;'r'
  3494   007EDE  0D                 	db	13
  3495   007EDF  0A                 	db	10
  3496   007EE0  00                 	db	0
  3497   007EE1                     STR_23:
  3498   007EE1  41                 	db	65	;'A'
  3499   007EE2  6C                 	db	108	;'l'
  3500   007EE3  72                 	db	114	;'r'
  3501   007EE4  65                 	db	101	;'e'
  3502   007EE5  61                 	db	97	;'a'
  3503   007EE6  64                 	db	100	;'d'
  3504   007EE7  79                 	db	121	;'y'
  3505   007EE8  20                 	db	32
  3506   007EE9  61                 	db	97	;'a'
  3507   007EEA  74                 	db	116	;'t'
  3508   007EEB  20                 	db	32
  3509   007EEC  4D                 	db	77	;'M'
  3510   007EED  61                 	db	97	;'a'
  3511   007EEE  78                 	db	120	;'x'
  3512   007EEF  20                 	db	32
  3513   007EF0  52                 	db	82	;'R'
  3514   007EF1  65                 	db	101	;'e'
  3515   007EF2  64                 	db	100	;'d'
  3516   007EF3  0D                 	db	13
  3517   007EF4  0A                 	db	10
  3518   007EF5  00                 	db	0
  3519   007EF6                     STR_33:
  3520   007EF6  62                 	db	98	;'b'
  3521   007EF7  6C                 	db	108	;'l'
  3522   007EF8  75                 	db	117	;'u'
  3523   007EF9  65                 	db	101	;'e'
  3524   007EFA  20                 	db	32
  3525   007EFB  69                 	db	105	;'i'
  3526   007EFC  74                 	db	116	;'t'
  3527   007EFD  20                 	db	32
  3528   007EFE  6E                 	db	110	;'n'
  3529   007EFF  6F                 	db	111	;'o'
  3530   007F00  77                 	db	119	;'w'
  3531   007F01  20                 	db	32
  3532   007F02  64                 	db	100	;'d'
  3533   007F03  61                 	db	97	;'a'
  3534   007F04  72                 	db	114	;'r'
  3535   007F05  6B                 	db	107	;'k'
  3536   007F06  65                 	db	101	;'e'
  3537   007F07  72                 	db	114	;'r'
  3538   007F08  0D                 	db	13
  3539   007F09  0A                 	db	10
  3540   007F0A  00                 	db	0
  3541   007F0B                     STR_12:
  3542   007F0B  5A                 	db	90	;'Z'
  3543   007F0C  3A                 	db	58	;':'
  3544   007F0D  20                 	db	32
  3545   007F0E  52                 	db	82	;'R'
  3546   007F0F  65                 	db	101	;'e'
  3547   007F10  73                 	db	115	;'s'
  3548   007F11  65                 	db	101	;'e'
  3549   007F12  74                 	db	116	;'t'
  3550   007F13  20                 	db	32
  3551   007F14  70                 	db	112	;'p'
  3552   007F15  72                 	db	114	;'r'
  3553   007F16  6F                 	db	111	;'o'
  3554   007F17  63                 	db	99	;'c'
  3555   007F18  65                 	db	101	;'e'
  3556   007F19  73                 	db	115	;'s'
  3557   007F1A  73                 	db	115	;'s'
  3558   007F1B  6F                 	db	111	;'o'
  3559   007F1C  72                 	db	114	;'r'
  3560   007F1D  0D                 	db	13
  3561   007F1E  0A                 	db	10
  3562   007F1F  00                 	db	0
  3563   007F20                     STR_26:
  3564   007F20  52                 	db	82	;'R'
  3565   007F21  65                 	db	101	;'e'
  3566   007F22  64                 	db	100	;'d'
  3567   007F23  20                 	db	32
  3568   007F24  69                 	db	105	;'i'
  3569   007F25  74                 	db	116	;'t'
  3570   007F26  20                 	db	32
  3571   007F27  6E                 	db	110	;'n'
  3572   007F28  6F                 	db	111	;'o'
  3573   007F29  77                 	db	119	;'w'
  3574   007F2A  20                 	db	32
  3575   007F2B  64                 	db	100	;'d'
  3576   007F2C  61                 	db	97	;'a'
  3577   007F2D  72                 	db	114	;'r'
  3578   007F2E  6B                 	db	107	;'k'
  3579   007F2F  65                 	db	101	;'e'
  3580   007F30  72                 	db	114	;'r'
  3581   007F31  0D                 	db	13
  3582   007F32  0A                 	db	10
  3583   007F33  00                 	db	0
  3584   007F34                     STR_35:
  3585   007F34  45                 	db	69	;'E'
  3586   007F35  6E                 	db	110	;'n'
  3587   007F36  64                 	db	100	;'d'
  3588   007F37  69                 	db	105	;'i'
  3589   007F38  6E                 	db	110	;'n'
  3590   007F39  67                 	db	103	;'g'
  3591   007F3A  20                 	db	32
  3592   007F3B  63                 	db	99	;'c'
  3593   007F3C  6F                 	db	111	;'o'
  3594   007F3D  6C                 	db	108	;'l'
  3595   007F3E  6F                 	db	111	;'o'
  3596   007F3F  72                 	db	114	;'r'
  3597   007F40  20                 	db	32
  3598   007F41  74                 	db	116	;'t'
  3599   007F42  6F                 	db	111	;'o'
  3600   007F43  75                 	db	117	;'u'
  3601   007F44  72                 	db	114	;'r'
  3602   007F45  0D                 	db	13
  3603   007F46  0A                 	db	10
  3604   007F47  00                 	db	0
  3605   007F48                     STR_38:
  3606   007F48  53                 	db	83	;'S'
  3607   007F49  75                 	db	117	;'u'
  3608   007F4A  62                 	db	98	;'b'
  3609   007F4B  74                 	db	116	;'t'
  3610   007F4C  72                 	db	114	;'r'
  3611   007F4D  61                 	db	97	;'a'
  3612   007F4E  63                 	db	99	;'c'
  3613   007F4F  74                 	db	116	;'t'
  3614   007F50  69                 	db	105	;'i'
  3615   007F51  6E                 	db	110	;'n'
  3616   007F52  67                 	db	103	;'g'
  3617   007F53  20                 	db	32
  3618   007F54  32                 	db	50	;'2'
  3619   007F55  6D                 	db	109	;'m'
  3620   007F56  73                 	db	115	;'s'
  3621   007F57  20                 	db	32
  3622   007F58  0D                 	db	13
  3623   007F59  0A                 	db	10
  3624   007F5A  00                 	db	0
  3625   007F5B                     STR_18:
  3626   007F5B  61                 	db	97	;'a'
  3627   007F5C  3A                 	db	58	;':'
  3628   007F5D  20                 	db	32
  3629   007F5E  41                 	db	65	;'A'
  3630   007F5F  6C                 	db	108	;'l'
  3631   007F60  6C                 	db	108	;'l'
  3632   007F61  20                 	db	32
  3633   007F62  4C                 	db	76	;'L'
  3634   007F63  45                 	db	69	;'E'
  3635   007F64  44                 	db	68	;'D'
  3636   007F65  73                 	db	115	;'s'
  3637   007F66  20                 	db	32
  3638   007F67  6F                 	db	111	;'o'
  3639   007F68  66                 	db	102	;'f'
  3640   007F69  66                 	db	102	;'f'
  3641   007F6A  0D                 	db	13
  3642   007F6B  0A                 	db	10
  3643   007F6C  00                 	db	0
  3644   007F6D                     STR_7:
  3645   007F6D  20                 	db	32
  3646   007F6E  20                 	db	32
  3647   007F6F  20                 	db	32
  3648   007F70  20                 	db	32
  3649   007F71  52                 	db	82	;'R'
  3650   007F72  65                 	db	101	;'e'
  3651   007F73  64                 	db	100	;'d'
  3652   007F74  3A                 	db	58	;':'
  3653   007F75  20                 	db	32
  3654   007F76  20                 	db	32
  3655   007F77  20                 	db	32
  3656   007F78  30                 	db	48	;'0'
  3657   007F79  78                 	db	120	;'x'
  3658   007F7A  25                 	db	37
  3659   007F7B  78                 	db	120	;'x'
  3660   007F7C  0D                 	db	13
  3661   007F7D  0A                 	db	10
  3662   007F7E  00                 	db	0
  3663   007F7F                     STR_9:
  3664   007F7F  20                 	db	32
  3665   007F80  20                 	db	32
  3666   007F81  20                 	db	32
  3667   007F82  20                 	db	32
  3668   007F83  42                 	db	66	;'B'
  3669   007F84  6C                 	db	108	;'l'
  3670   007F85  75                 	db	117	;'u'
  3671   007F86  65                 	db	101	;'e'
  3672   007F87  20                 	db	32
  3673   007F88  3A                 	db	58	;':'
  3674   007F89  20                 	db	32
  3675   007F8A  30                 	db	48	;'0'
  3676   007F8B  78                 	db	120	;'x'
  3677   007F8C  25                 	db	37
  3678   007F8D  78                 	db	120	;'x'
  3679   007F8E  0D                 	db	13
  3680   007F8F  0A                 	db	10
  3681   007F90  00                 	db	0
  3682   007F91                     STR_8:
  3683   007F91  20                 	db	32
  3684   007F92  20                 	db	32
  3685   007F93  20                 	db	32
  3686   007F94  20                 	db	32
  3687   007F95  47                 	db	71	;'G'
  3688   007F96  72                 	db	114	;'r'
  3689   007F97  65                 	db	101	;'e'
  3690   007F98  65                 	db	101	;'e'
  3691   007F99  6E                 	db	110	;'n'
  3692   007F9A  3A                 	db	58	;':'
  3693   007F9B  20                 	db	32
  3694   007F9C  30                 	db	48	;'0'
  3695   007F9D  78                 	db	120	;'x'
  3696   007F9E  25                 	db	37
  3697   007F9F  78                 	db	120	;'x'
  3698   007FA0  0D                 	db	13
  3699   007FA1  0A                 	db	10
  3700   007FA2  00                 	db	0
  3701   007FA3                     STR_41:
  3702   007FA3  55                 	db	85	;'U'
  3703   007FA4  6E                 	db	110	;'n'
  3704   007FA5  6B                 	db	107	;'k'
  3705   007FA6  6E                 	db	110	;'n'
  3706   007FA7  6F                 	db	111	;'o'
  3707   007FA8  77                 	db	119	;'w'
  3708   007FA9  6E                 	db	110	;'n'
  3709   007FAA  20                 	db	32
  3710   007FAB  6B                 	db	107	;'k'
  3711   007FAC  65                 	db	101	;'e'
  3712   007FAD  79                 	db	121	;'y'
  3713   007FAE  20                 	db	32
  3714   007FAF  25                 	db	37
  3715   007FB0  63                 	db	99	;'c'
  3716   007FB1  0D                 	db	13
  3717   007FB2  0A                 	db	10
  3718   007FB3  00                 	db	0
  3719   007FB4                     STR_4:
  3720   007FB4  52                 	db	82	;'R'
  3721   007FB5  43                 	db	67	;'C'
  3722   007FB6  32                 	db	50	;'2'
  3723   007FB7  20                 	db	32
  3724   007FB8  3C                 	db	60	;'<'
  3725   007FB9  2D                 	db	45
  3726   007FBA  3E                 	db	62	;'>'
  3727   007FBB  20                 	db	32
  3728   007FBC  52                 	db	82	;'R'
  3729   007FBD  65                 	db	101	;'e'
  3730   007FBE  64                 	db	100	;'d'
  3731   007FBF  20                 	db	32
  3732   007FC0  4C                 	db	76	;'L'
  3733   007FC1  45                 	db	69	;'E'
  3734   007FC2  44                 	db	68	;'D'
  3735   007FC3  00                 	db	0
  3736   007FC4                     STR_11:
  3737   007FC4  3F                 	db	63	;'?'
  3738   007FC5  3A                 	db	58	;':'
  3739   007FC6  20                 	db	32
  3740   007FC7  48                 	db	72	;'H'
  3741   007FC8  65                 	db	101	;'e'
  3742   007FC9  6C                 	db	108	;'l'
  3743   007FCA  70                 	db	112	;'p'
  3744   007FCB  20                 	db	32
  3745   007FCC  6D                 	db	109	;'m'
  3746   007FCD  65                 	db	101	;'e'
  3747   007FCE  6E                 	db	110	;'n'
  3748   007FCF  75                 	db	117	;'u'
  3749   007FD0  0D                 	db	13
  3750   007FD1  0A                 	db	10
  3751   007FD2  00                 	db	0
  3752   007FD3                     STR_36:
  3753   007FD3  41                 	db	65	;'A'
  3754   007FD4  64                 	db	100	;'d'
  3755   007FD5  64                 	db	100	;'d'
  3756   007FD6  69                 	db	105	;'i'
  3757   007FD7  6E                 	db	110	;'n'
  3758   007FD8  67                 	db	103	;'g'
  3759   007FD9  20                 	db	32
  3760   007FDA  32                 	db	50	;'2'
  3761   007FDB  6D                 	db	109	;'m'
  3762   007FDC  73                 	db	115	;'s'
  3763   007FDD  20                 	db	32
  3764   007FDE  0D                 	db	13
  3765   007FDF  0A                 	db	10
  3766   007FE0  00                 	db	0
  3767   007FE1                     STR_2:
  3768   007FE1  43                 	db	67	;'C'
  3769   007FE2  6F                 	db	111	;'o'
  3770   007FE3  6C                 	db	108	;'l'
  3771   007FE4  6F                 	db	111	;'o'
  3772   007FE5  72                 	db	114	;'r'
  3773   007FE6  20                 	db	32
  3774   007FE7  43                 	db	67	;'C'
  3775   007FE8  75                 	db	117	;'u'
  3776   007FE9  62                 	db	98	;'b'
  3777   007FEA  65                 	db	101	;'e'
  3778   007FEB  0D                 	db	13
  3779   007FEC  0A                 	db	10
  3780   007FED  00                 	db	0
  3781   007FEE                     STR_1:
  3782   007FEE  69                 	db	105	;'i'
  3783   007FEF  6E                 	db	110	;'n'
  3784   007FF0  4C                 	db	76	;'L'
  3785   007FF1  61                 	db	97	;'a'
  3786   007FF2  62                 	db	98	;'b'
  3787   007FF3  20                 	db	32
  3788   007FF4  30                 	db	48	;'0'
  3789   007FF5  35                 	db	53	;'5'
  3790   007FF6  0D                 	db	13
  3791   007FF7  0A                 	db	10
  3792   007FF8  00                 	db	0
  3793   007FF9                     STR_5:
  3794   007FF9  0D                 	db	13
  3795   007FFA  0A                 	db	10
  3796   007FFB  3E                 	db	62	;'>'
  3797   007FFC  20                 	db	32
  3798   007FFD  00                 	db	0
  3799   007D8A                     STR_10          equ	STR_6
  3800   007D8A                     STR_20          equ	STR_6
  3801   007E45                     STR_29          equ	STR_25
  3802   007E45                     STR_32          equ	STR_25
  3803   007DFB                     STR_21          equ	STR_39+22
  3804   007DFB                     STR_22          equ	STR_39+22
  3805   007FFE  00                 	db	0	; dummy byte at the end
  3806   007CB2                     __smallconst    set	__pmediumconst
  3807   007CB2                     __mediumconst   set	__pmediumconst
  3808   000002                     __activetblptr  equ	2
  3809                           
  3810                           	psect	nvCOMRAM
  3811   00004D                     __pnvCOMRAM:
  3812                           	callstack 0
  3813   00004D                     _TMR0_OverflowCallback:
  3814                           	callstack 0
  3815   00004D                     	ds	2
  3816                           
  3817                           	psect	nvBANK0
  3818   0000D6                     __pnvBANK0:
  3819                           	callstack 0
  3820   0000D6                     _TMR2_PeriodMatchCallback:
  3821                           	callstack 0
  3822   0000D6                     	ds	2
  3823   000F3A                     _ANSELC         set	3898
  3824   000F39                     _ANSELB         set	3897
  3825   000F38                     _ANSELA         set	3896
  3826   000F5E                     _CCPR3L         set	3934
  3827   000F5F                     _CCPR3H         set	3935
  3828   000F5A                     _PSTR3CON       set	3930
  3829   000F5C                     _PWM3CON        set	3932
  3830   000F5B                     _ECCP3AS        set	3931
  3831   000F5D                     _CCP3CON        set	3933
  3832   000F49                     _CCPTMRS0bits   set	3913
  3833   000FAD                     _TXREG1         set	4013
  3834   000FAE                     _RCREG1         set	4014
  3835   000FB8                     _BAUDCON1bits   set	4024
  3836   000FAC                     _TXSTA1bits     set	4012
  3837   000FAB                     _RCSTA1bits     set	4011
  3838   000FB0                     _SPBRGH1        set	4016
  3839   000FAF                     _SPBRG1         set	4015
  3840   000FAC                     _TXSTA1         set	4012
  3841   000FAB                     _RCSTA1         set	4011
  3842   000FB8                     _BAUDCON1       set	4024
  3843   000F9D                     _PIE1bits       set	3997
  3844   000FBA                     _T2CONbits      set	4026
  3845   000FBA                     _T2CON          set	4026
  3846   000F9E                     _PIR1bits       set	3998
  3847   000FBC                     _TMR2           set	4028
  3848   000FBB                     _PR2            set	4027
  3849   000FD5                     _T0CON          set	4053
  3850   000FD6                     _TMR0L          set	4054
  3851   000FD7                     _TMR0H          set	4055
  3852   000FD5                     _T0CONbits      set	4053
  3853   000FF0                     _INTCON3bits    set	4080
  3854   000FF1                     _INTCON2bits    set	4081
  3855   000FD0                     _RCONbits       set	4048
  3856   000FF2                     _INTCONbits     set	4082
  3857   000F62                     _IOCB           set	3938
  3858   000F61                     _WPUB           set	3937
  3859   000F96                     _TRISE          set	3990
  3860   000F94                     _TRISC          set	3988
  3861   000F93                     _TRISB          set	3987
  3862   000F92                     _TRISA          set	3986
  3863   000F8B                     _LATC           set	3979
  3864   000F8A                     _LATB           set	3978
  3865   000F89                     _LATA           set	3977
  3866   000F9B                     _OSCTUNE        set	3995
  3867   000FD2                     _OSCCON2        set	4050
  3868   000FD3                     _OSCCON         set	4051
  3869   000F67                     _CCPR2L         set	3943
  3870   000F68                     _CCPR2H         set	3944
  3871   000F63                     _PSTR2CON       set	3939
  3872   000F65                     _PWM2CON        set	3941
  3873   000F64                     _ECCP2AS        set	3940
  3874   000F66                     _CCP2CON        set	3942
  3875   000FBE                     _CCPR1L         set	4030
  3876   000FBF                     _CCPR1H         set	4031
  3877   000FB9                     _PSTR1CON       set	4025
  3878   000FB7                     _PWM1CON        set	4023
  3879   000FB6                     _ECCP1AS        set	4022
  3880   000FBD                     _CCP1CON        set	4029
  3881                           
  3882                           ; #config settings
  3883                           
  3884                           	psect	cinit
  3885   000948                     __pcinit:
  3886                           	callstack 0
  3887   000948                     start_initialization:
  3888                           	callstack 0
  3889   000948                     __initialization:
  3890                           	callstack 0
  3891                           
  3892                           ; Initialize objects allocated to BANK0 (72 bytes)
  3893                           ; load TBLPTR registers with __pidataBANK0
  3894   000948  0EA6               	movlw	low __pidataBANK0
  3895   00094A  6EF6               	movwf	tblptrl,c
  3896   00094C  0E09               	movlw	high __pidataBANK0
  3897   00094E  6EF7               	movwf	tblptrh,c
  3898   000950  0E00               	movlw	low (__pidataBANK0 shr (0+16))
  3899   000952  6EF8               	movwf	tblptru,c
  3900   000954  EE00  F060         	lfsr	0,__pdataBANK0
  3901   000958  EE10 F048          	lfsr	1,72
  3902   00095C                     copy_data0:
  3903   00095C  0009               	tblrd		*+
  3904   00095E  CFF5 FFEE          	movff	tablat,postinc0
  3905   000962  50E5               	movf	postdec1,w,c
  3906   000964  50E1               	movf	fsr1l,w,c
  3907   000966  E1FA               	bnz	copy_data0
  3908                           
  3909                           ; Initialize objects allocated to COMRAM (2 bytes)
  3910                           ; load TBLPTR registers with __pidataCOMRAM
  3911   000968  0EFA               	movlw	low __pidataCOMRAM
  3912   00096A  6EF6               	movwf	tblptrl,c
  3913   00096C  0E0D               	movlw	high __pidataCOMRAM
  3914   00096E  6EF7               	movwf	tblptrh,c
  3915   000970  0E00               	movlw	low (__pidataCOMRAM shr (0+16))
  3916   000972  6EF8               	movwf	tblptru,c
  3917   000974  0009               	tblrd		*+	;fetch initializer
  3918   000976  CFF5 F04F          	movff	tablat,__pdataCOMRAM
  3919   00097A  0009               	tblrd		*+	;fetch initializer
  3920   00097C  CFF5 F050          	movff	tablat,__pdataCOMRAM+1
  3921                           
  3922                           ; Clear objects allocated to BANK0 (32 bytes)
  3923   000980  EE00  F0A8         	lfsr	0,__pbssBANK0
  3924   000984  0E20               	movlw	32
  3925   000986                     clear_0:
  3926   000986  6AEE               	clrf	postinc0,c
  3927   000988  06E8               	decf	wreg,f,c
  3928   00098A  E1FD               	bnz	clear_0
  3929                           
  3930                           ; Clear objects allocated to COMRAM (26 bytes)
  3931   00098C  EE00  F033         	lfsr	0,__pbssCOMRAM
  3932   000990  0E1A               	movlw	26
  3933   000992                     clear_1:
  3934   000992  6AEE               	clrf	postinc0,c
  3935   000994  06E8               	decf	wreg,f,c
  3936   000996  E1FD               	bnz	clear_1
  3937   000998                     end_of_initialization:
  3938                           	callstack 0
  3939   000998                     __end_of__initialization:
  3940                           	callstack 0
  3941   000998  9001               	bcf	int$flags,0,c	;clear compiler interrupt flag (level 1)
  3942   00099A  9201               	bcf	int$flags,1,c	;clear compiler interrupt flag (level 2)
  3943   00099C  0E00               	movlw	low (__Lmediumconst shr (0+16))
  3944   00099E  6EF8               	movwf	tblptru,c
  3945   0009A0  0100               	movlb	0
  3946   0009A2  EF38  F000         	goto	_main	;jump to C main() function
  3947                           
  3948                           	psect	bssCOMRAM
  3949   000033                     __pbssCOMRAM:
  3950                           	callstack 0
  3951   000033                     _width:
  3952                           	callstack 0
  3953   000033                     	ds	2
  3954   000035                     _prec:
  3955                           	callstack 0
  3956   000035                     	ds	2
  3957   000037                     timer0ISR@currentGreenValue:
  3958                           	callstack 0
  3959   000037                     	ds	2
  3960   000039                     timer0ISR@currentRedValue:
  3961                           	callstack 0
  3962   000039                     	ds	2
  3963   00003B                     _EUSART1_OverrunErrorHandler:
  3964                           	callstack 0
  3965   00003B                     	ds	2
  3966   00003D                     _EUSART1_FramingErrorHandler:
  3967                           	callstack 0
  3968   00003D                     	ds	2
  3969   00003F                     _eusart1RxLastError:
  3970                           	callstack 0
  3971   00003F                     	ds	2
  3972   000041                     _tmr0PeriodCount:
  3973                           	callstack 0
  3974   000041                     	ds	2
  3975   000043                     _INT2_InterruptHandler:
  3976                           	callstack 0
  3977   000043                     	ds	2
  3978   000045                     _INT1_InterruptHandler:
  3979                           	callstack 0
  3980   000045                     	ds	2
  3981   000047                     _INT0_InterruptHandler:
  3982                           	callstack 0
  3983   000047                     	ds	2
  3984   000049                     _flags:
  3985                           	callstack 0
  3986   000049                     	ds	1
  3987   00004A                     timer0ISR@currentIntraIndex:
  3988                           	callstack 0
  3989   00004A                     	ds	1
  3990   00004B                     timer0ISR@currentCubeIndex:
  3991                           	callstack 0
  3992   00004B                     	ds	1
  3993   00004C                     _colorTour:
  3994                           	callstack 0
  3995   00004C                     	ds	1
  3996                           
  3997                           	psect	dataCOMRAM
  3998   00004F                     __pdataCOMRAM:
  3999                           	callstack 0
  4000   00004F                     timer0ISR@currentBlueValue:
  4001                           	callstack 0
  4002   00004F                     	ds	2
  4003                           
  4004                           	psect	bssBANK0
  4005   0000A8                     __pbssBANK0:
  4006                           	callstack 0
  4007   0000A8                     _dbuf:
  4008                           	callstack 0
  4009   0000A8                     	ds	32
  4010                           
  4011                           	psect	dataBANK0
  4012   000060                     __pdataBANK0:
  4013                           	callstack 0
  4014   000060                     _initBlu:
  4015                           	callstack 0
  4016   000060                     	ds	12
  4017   00006C                     _initGre:
  4018                           	callstack 0
  4019   00006C                     	ds	12
  4020   000078                     _initRed:
  4021                           	callstack 0
  4022   000078                     	ds	12
  4023   000084                     _deltaBlu:
  4024                           	callstack 0
  4025   000084                     	ds	12
  4026   000090                     _deltaGre:
  4027                           	callstack 0
  4028   000090                     	ds	12
  4029   00009C                     _deltaRed:
  4030                           	callstack 0
  4031   00009C                     	ds	12
  4032                           
  4033                           	psect	cstackBANK0
  4034   0000C8                     __pcstackBANK0:
  4035                           	callstack 0
  4036   0000C8                     main@maxColorSpeed:
  4037                           	callstack 0
  4038                           
  4039                           ; 2 bytes @ 0x0
  4040   0000C8                     	ds	2
  4041   0000CA                     main@cmd:
  4042                           	callstack 0
  4043                           
  4044                           ; 1 bytes @ 0x2
  4045   0000CA                     	ds	1
  4046   0000CB                     main@twoHundRaw:
  4047                           	callstack 0
  4048                           
  4049                           ; 2 bytes @ 0x3
  4050   0000CB                     	ds	2
  4051   0000CD                     main@currentPeriod:
  4052                           	callstack 0
  4053                           
  4054                           ; 2 bytes @ 0x5
  4055   0000CD                     	ds	2
  4056   0000CF                     main@i:
  4057                           	callstack 0
  4058                           
  4059                           ; 1 bytes @ 0x7
  4060   0000CF                     	ds	1
  4061   0000D0                     main@redDuty:
  4062                           	callstack 0
  4063                           
  4064                           ; 2 bytes @ 0x8
  4065   0000D0                     	ds	2
  4066   0000D2                     main@greenDuty:
  4067                           	callstack 0
  4068                           
  4069                           ; 2 bytes @ 0xA
  4070   0000D2                     	ds	2
  4071   0000D4                     main@blueDuty:
  4072                           	callstack 0
  4073                           
  4074                           ; 2 bytes @ 0xC
  4075   0000D4                     	ds	2
  4076                           
  4077                           	psect	cstackCOMRAM
  4078   000002                     __pcstackCOMRAM:
  4079                           	callstack 0
  4080   000002                     i2ECCP1_LoadDutyValue@dutyValue:
  4081                           	callstack 0
  4082   000002                     i2ECCP2_LoadDutyValue@dutyValue:
  4083                           	callstack 0
  4084   000002                     i2ECCP3_LoadDutyValue@dutyValue:
  4085                           	callstack 0
  4086   000002                     
  4087                           ; 1 bytes @ 0x0
  4088   000002                     	ds	2
  4089   000004                     ??i2_ECCP1_LoadDutyValue:
  4090   000004                     ??i2_ECCP2_LoadDutyValue:
  4091   000004                     ??i2_ECCP3_LoadDutyValue:
  4092                           
  4093                           ; 1 bytes @ 0x2
  4094   000004                     	ds	2
  4095   000006                     ??_INTERRUPT_InterruptManager:
  4096                           
  4097                           ; 1 bytes @ 0x4
  4098   000006                     	ds	6
  4099   00000C                     _EUSART1_IsTxReady$1261:
  4100                           	callstack 0
  4101   00000C                     EUSART1_Write@txData:
  4102                           	callstack 0
  4103   00000C                     ECCP1_LoadDutyValue@dutyValue:
  4104                           	callstack 0
  4105   00000C                     ECCP2_LoadDutyValue@dutyValue:
  4106                           	callstack 0
  4107   00000C                     ECCP3_LoadDutyValue@dutyValue:
  4108                           	callstack 0
  4109   00000C                     INT0_SetInterruptHandler@InterruptHandler:
  4110                           	callstack 0
  4111   00000C                     INT1_SetInterruptHandler@InterruptHandler:
  4112                           	callstack 0
  4113   00000C                     INT2_SetInterruptHandler@InterruptHandler:
  4114                           	callstack 0
  4115   00000C                     TMR0_PeriodSet@periodCount:
  4116                           	callstack 0
  4117   00000C                     TMR0_OverflowCallbackRegister@callbackHandler:
  4118                           	callstack 0
  4119   00000C                     EUSART1_FramingErrorCallbackRegister@callbackHandler:
  4120                           	callstack 0
  4121   00000C                     EUSART1_OverrunErrorCallbackRegister@callbackHandler:
  4122                           	callstack 0
  4123   00000C                     
  4124                           ; 1 bytes @ 0xA
  4125   00000C                     	ds	1
  4126   00000D                     putch@txData:
  4127                           	callstack 0
  4128   00000D                     
  4129                           ; 1 bytes @ 0xB
  4130   00000D                     	ds	1
  4131   00000E                     fputc@c:
  4132                           	callstack 0
  4133   00000E                     ??_ECCP1_LoadDutyValue:
  4134   00000E                     ??_ECCP2_LoadDutyValue:
  4135   00000E                     ??_ECCP3_LoadDutyValue:
  4136   00000E                     
  4137                           ; 1 bytes @ 0xC
  4138   00000E                     	ds	2
  4139   000010                     fputc@fp:
  4140                           	callstack 0
  4141                           
  4142                           ; 2 bytes @ 0xE
  4143   000010                     	ds	2
  4144   000012                     ??_fputc:
  4145                           
  4146                           ; 1 bytes @ 0x10
  4147   000012                     	ds	5
  4148   000017                     vfpfcnvrt@fp:
  4149                           	callstack 0
  4150                           
  4151                           ; 2 bytes @ 0x15
  4152   000017                     	ds	2
  4153   000019                     vfpfcnvrt@fmt:
  4154                           	callstack 0
  4155                           
  4156                           ; 1 bytes @ 0x17
  4157   000019                     	ds	1
  4158   00001A                     vfpfcnvrt@ap:
  4159                           	callstack 0
  4160                           
  4161                           ; 1 bytes @ 0x18
  4162   00001A                     	ds	1
  4163   00001B                     ??_vfpfcnvrt:
  4164                           
  4165                           ; 1 bytes @ 0x19
  4166   00001B                     	ds	2
  4167   00001D                     vfpfcnvrt@convarg:
  4168                           	callstack 0
  4169                           
  4170                           ; 4 bytes @ 0x1B
  4171   00001D                     	ds	4
  4172   000021                     vfpfcnvrt@x:
  4173                           	callstack 0
  4174                           
  4175                           ; 1 bytes @ 0x1F
  4176   000021                     	ds	1
  4177   000022                     vfpfcnvrt@cp:
  4178                           	callstack 0
  4179                           
  4180                           ; 2 bytes @ 0x20
  4181   000022                     	ds	2
  4182   000024                     vfpfcnvrt@c:
  4183                           	callstack 0
  4184                           
  4185                           ; 1 bytes @ 0x22
  4186   000024                     	ds	1
  4187   000025                     ?_vfprintf:
  4188                           	callstack 0
  4189   000025                     vfprintf@fp:
  4190                           	callstack 0
  4191                           
  4192                           ; 2 bytes @ 0x23
  4193   000025                     	ds	2
  4194   000027                     vfprintf@fmt:
  4195                           	callstack 0
  4196                           
  4197                           ; 2 bytes @ 0x25
  4198   000027                     	ds	2
  4199   000029                     vfprintf@ap:
  4200                           	callstack 0
  4201                           
  4202                           ; 1 bytes @ 0x27
  4203   000029                     	ds	1
  4204   00002A                     vfprintf@cfmt:
  4205                           	callstack 0
  4206   00002A                     
  4207                           ; 1 bytes @ 0x28
  4208   00002A                     	ds	2
  4209   00002C                     ?_printf:
  4210                           	callstack 0
  4211   00002C                     printf@fmt:
  4212                           	callstack 0
  4213                           
  4214                           ; 2 bytes @ 0x2A
  4215   00002C                     	ds	4
  4216   000030                     printf@ap:
  4217                           	callstack 0
  4218   000030                     
  4219                           ; 1 bytes @ 0x2E
  4220   000030                     	ds	1
  4221   000031                     ??_main:
  4222                           
  4223                           ; 1 bytes @ 0x2F
  4224   000031                     	ds	2
  4225                           
  4226 ;;
  4227 ;;Main: autosize = 0, tempsize = 2, incstack = 0, save=0
  4228 ;;
  4229 ;; *************** function _main *****************
  4230 ;; Defined at:
  4231 ;;		line 46 in file "main.c"
  4232 ;; Parameters:    Size  Location     Type
  4233 ;;		None
  4234 ;; Auto vars:     Size  Location     Type
  4235 ;;  blueDuty        2   12[BANK0 ] short 
  4236 ;;  greenDuty       2   10[BANK0 ] short 
  4237 ;;  redDuty         2    8[BANK0 ] short 
  4238 ;;  currentPerio    2    5[BANK0 ] unsigned short 
  4239 ;;  twoHundRaw      2    3[BANK0 ] unsigned short 
  4240 ;;  maxColorSpee    2    0[BANK0 ] unsigned short 
  4241 ;;  twoFiftySixR    2    0        unsigned short 
  4242 ;;  i               1    7[BANK0 ] unsigned char 
  4243 ;;  cmd             1    2[BANK0 ] unsigned char 
  4244 ;; Return value:  Size  Location     Type
  4245 ;;                  1    wreg      void 
  4246 ;; Registers used:
  4247 ;;		wreg, fsr1l, fsr1h, fsr2l, fsr2h, status,2, status,0, pcl, pclath, pclatu, tosl, tblptrl, tblptrh, tblptru, cstack
  4248 ;; Tracked objects:
  4249 ;;		On entry : 0/0
  4250 ;;		On exit  : 0/0
  4251 ;;		Unchanged: 0/0
  4252 ;; Data sizes:     COMRAM   BANK0   BANK1   BANK2   BANK3   BANK4   BANK5
  4253 ;;      Params:         0       0       0       0       0       0       0
  4254 ;;      Locals:         0      14       0       0       0       0       0
  4255 ;;      Temps:          2       0       0       0       0       0       0
  4256 ;;      Totals:         2      14       0       0       0       0       0
  4257 ;;Total ram usage:       16 bytes
  4258 ;; Hardware stack levels required when called: 10
  4259 ;; This function calls:
  4260 ;;		_ECCP1_LoadDutyValue
  4261 ;;		_ECCP2_LoadDutyValue
  4262 ;;		_ECCP3_LoadDutyValue
  4263 ;;		_EUSART1_IsRxReady
  4264 ;;		_EUSART1_Read
  4265 ;;		_SYSTEM_Initialize
  4266 ;;		_TMR0_OverflowCallbackRegister
  4267 ;;		_TMR0_PeriodSet
  4268 ;;		_printf
  4269 ;; This function is called by:
  4270 ;;		Startup code after reset
  4271 ;; This function uses a non-reentrant model
  4272 ;;
  4273                           
  4274                           	psect	text0
  4275   000070                     __ptext0:
  4276                           	callstack 0
  4277   000070                     _main:
  4278                           	callstack 21
  4279   000070                     
  4280                           ;main.c: 52:     printf("RC2 <-> Red LED");
  4281   000070  0100               	movlb	0	; () banked
  4282   000072  6BD1               	clrf	(main@redDuty+1)& (0+255),b
  4283   000074  0E87               	movlw	135
  4284   000076  6FD0               	movwf	main@redDuty& (0+255),b
  4285                           
  4286                           ;main.c: 53:     printf("\r\n> ");
  4287   000078  6BD3               	clrf	(main@greenDuty+1)& (0+255),b
  4288   00007A  0E87               	movlw	135
  4289   00007C  6FD2               	movwf	main@greenDuty& (0+255),b
  4290                           
  4291                           ;main.c: 54: 
  4292   00007E  6BD5               	clrf	(main@blueDuty+1)& (0+255),b
  4293   000080  0E87               	movlw	135
  4294   000082  6FD4               	movwf	main@blueDuty& (0+255),b
  4295                           
  4296                           ;main.c: 55:     for (;;) {
  4297   000084  0EF8               	movlw	248
  4298   000086  6FC9               	movwf	(main@maxColorSpeed+1)& (0+255),b
  4299   000088  0E30               	movlw	48
  4300   00008A  6FC8               	movwf	main@maxColorSpeed& (0+255),b
  4301                           
  4302                           ;main.c: 57:         if (EUSART1_IsRxReady()) {
  4303   00008C  0E07               	movlw	7
  4304   00008E  6FCC               	movwf	(main@twoHundRaw+1)& (0+255),b
  4305   000090  0ED0               	movlw	208
  4306   000092  6FCB               	movwf	main@twoHundRaw& (0+255),b
  4307                           
  4308                           ;main.c: 58:             cmd = EUSART1_Read();
  4309   000094  0EF6               	movlw	246
  4310   000096  6FCE               	movwf	(main@currentPeriod+1)& (0+255),b
  4311   000098  0E00               	movlw	0
  4312   00009A  6FCD               	movwf	main@currentPeriod& (0+255),b
  4313   00009C                     
  4314                           ; BSR set to: 0
  4315                           ;main.c: 60:                 case '?':;main.c: 61:                     printf("---------
      +                          ---------------------\r\n");;main.c: 63:                     printf("    Green: 0x%x\r\n
      +                          ",greenDuty);
  4316   00009C  EC3C  F006         	call	_SYSTEM_Initialize	;wreg free
  4317   0000A0                     
  4318                           ;main.c: 68:                     printf("z: Clear the terminal\r\n");
  4319   0000A0  0E2C               	movlw	low _timer0ISR
  4320   0000A2  6E0C               	movwf	TMR0_OverflowCallbackRegister@callbackHandler^0,c
  4321   0000A4  0E08               	movlw	high _timer0ISR
  4322   0000A6  6E0D               	movwf	(TMR0_OverflowCallbackRegister@callbackHandler+1)^0,c
  4323   0000A8  ECE3  F006         	call	_TMR0_OverflowCallbackRegister	;wreg free
  4324   0000AC                     
  4325                           ;main.c: 69:                     printf("R/r: increase/decrease Red intensity\r\n");
  4326   0000AC  8EF2               	bsf	242,7,c	;volatile
  4327   0000AE                     
  4328                           ;main.c: 70:                     printf("G/g: increase/decrease Green intensity\r\n");
  4329   0000AE  8CF2               	bsf	242,6,c	;volatile
  4330   0000B0                     
  4331                           ;main.c: 76:                     break;
  4332   0000B0  0EEE               	movlw	low STR_1
  4333   0000B2  6E2C               	movwf	printf@fmt^0,c
  4334   0000B4  0E7F               	movlw	high STR_1
  4335   0000B6  6E2D               	movwf	(printf@fmt+1)^0,c
  4336   0000B8  EC72  F006         	call	_printf	;wreg free
  4337   0000BC                     
  4338                           ;main.c: 77: 
  4339   0000BC  0EE1               	movlw	low STR_2
  4340   0000BE  6E2C               	movwf	printf@fmt^0,c
  4341   0000C0  0E7F               	movlw	high STR_2
  4342   0000C2  6E2D               	movwf	(printf@fmt+1)^0,c
  4343   0000C4  EC72  F006         	call	_printf	;wreg free
  4344   0000C8                     
  4345                           ;main.c: 78: 
  4346   0000C8  0E89               	movlw	low STR_3
  4347   0000CA  6E2C               	movwf	printf@fmt^0,c
  4348   0000CC  0E7E               	movlw	high STR_3
  4349   0000CE  6E2D               	movwf	(printf@fmt+1)^0,c
  4350   0000D0  EC72  F006         	call	_printf	;wreg free
  4351   0000D4                     
  4352                           ;main.c: 79: 
  4353   0000D4  0EB4               	movlw	low STR_4
  4354   0000D6  6E2C               	movwf	printf@fmt^0,c
  4355   0000D8  0E7F               	movlw	high STR_4
  4356   0000DA  6E2D               	movwf	(printf@fmt+1)^0,c
  4357   0000DC  EC72  F006         	call	_printf	;wreg free
  4358   0000E0                     
  4359                           ;main.c: 80: 
  4360   0000E0  0EF9               	movlw	low STR_5
  4361   0000E2  6E2C               	movwf	printf@fmt^0,c
  4362   0000E4  0E7F               	movlw	high STR_5
  4363   0000E6  6E2D               	movwf	(printf@fmt+1)^0,c
  4364   0000E8  EC72  F006         	call	_printf	;wreg free
  4365   0000EC                     l2719:
  4366                           
  4367                           ;main.c: 84:                 break;
  4368   0000EC  ECCD  F006         	call	_EUSART1_IsRxReady	;wreg free
  4369   0000F0  0900               	iorlw	0
  4370   0000F2  B4D8               	btfsc	status,2,c
  4371   0000F4  EF7E  F000         	goto	u1191
  4372   0000F8  EF80  F000         	goto	u1190
  4373   0000FC                     u1191:
  4374   0000FC  EF76  F000         	goto	l2719
  4375   000100                     u1190:
  4376   000100                     
  4377                           ;main.c: 85: 
  4378   000100  EC65  F004         	call	_EUSART1_Read	;wreg free
  4379   000104  0100               	movlb	0	; () banked
  4380   000106  6FCA               	movwf	main@cmd& (0+255),b
  4381                           
  4382                           ;main.c: 86: 
  4383   000108  EF81  F002         	goto	l2849
  4384   00010C                     l2723:
  4385                           
  4386                           ; BSR set to: 0
  4387                           ;main.c: 88: 
  4388   00010C  0E8A               	movlw	low STR_6
  4389   00010E  6E2C               	movwf	printf@fmt^0,c
  4390   000110  0E7D               	movlw	high STR_6
  4391   000112  6E2D               	movwf	(printf@fmt+1)^0,c
  4392   000114  EC72  F006         	call	_printf	;wreg free
  4393                           
  4394                           ;main.c: 89:                 case 'z':
  4395   000118  0E6D               	movlw	low STR_7
  4396   00011A  6E2C               	movwf	printf@fmt^0,c
  4397   00011C  0E7F               	movlw	high STR_7
  4398   00011E  6E2D               	movwf	(printf@fmt+1)^0,c
  4399   000120  C0D0  F02E         	movff	main@redDuty,?_printf+2
  4400   000124  C0D1  F02F         	movff	main@redDuty+1,?_printf+3
  4401   000128  EC72  F006         	call	_printf	;wreg free
  4402                           
  4403                           ;main.c: 90:                     for (i = 0; i < 40; i++) printf("\n");
  4404   00012C  0E91               	movlw	low STR_8
  4405   00012E  6E2C               	movwf	printf@fmt^0,c
  4406   000130  0E7F               	movlw	high STR_8
  4407   000132  6E2D               	movwf	(printf@fmt+1)^0,c
  4408   000134  C0D2  F02E         	movff	main@greenDuty,?_printf+2
  4409   000138  C0D3  F02F         	movff	main@greenDuty+1,?_printf+3
  4410   00013C  EC72  F006         	call	_printf	;wreg free
  4411                           
  4412                           ;main.c: 91:                     break;
  4413   000140  0E7F               	movlw	low STR_9
  4414   000142  6E2C               	movwf	printf@fmt^0,c
  4415   000144  0E7F               	movlw	high STR_9
  4416   000146  6E2D               	movwf	(printf@fmt+1)^0,c
  4417   000148  C0D4  F02E         	movff	main@blueDuty,?_printf+2
  4418   00014C  C0D5  F02F         	movff	main@blueDuty+1,?_printf+3
  4419   000150  EC72  F006         	call	_printf	;wreg free
  4420                           
  4421                           ;main.c: 92: 
  4422   000154  0E8A               	movlw	low STR_6
  4423   000156  6E2C               	movwf	printf@fmt^0,c
  4424   000158  0E7D               	movlw	high STR_6
  4425   00015A  6E2D               	movwf	(printf@fmt+1)^0,c
  4426   00015C  EC72  F006         	call	_printf	;wreg free
  4427                           
  4428                           ;main.c: 93:                 case 'R':
  4429   000160  0EC4               	movlw	low STR_11
  4430   000162  6E2C               	movwf	printf@fmt^0,c
  4431   000164  0E7F               	movlw	high STR_11
  4432   000166  6E2D               	movwf	(printf@fmt+1)^0,c
  4433   000168  EC72  F006         	call	_printf	;wreg free
  4434                           
  4435                           ;main.c: 94:                     if(redDuty-15<0){
  4436   00016C  0E0B               	movlw	low STR_12
  4437   00016E  6E2C               	movwf	printf@fmt^0,c
  4438   000170  0E7F               	movlw	high STR_12
  4439   000172  6E2D               	movwf	(printf@fmt+1)^0,c
  4440   000174  EC72  F006         	call	_printf	;wreg free
  4441                           
  4442                           ;main.c: 95:                         printf("Already at Max Red\r\n");
  4443   000178  0E15               	movlw	low STR_13
  4444   00017A  6E2C               	movwf	printf@fmt^0,c
  4445   00017C  0E7E               	movlw	high STR_13
  4446   00017E  6E2D               	movwf	(printf@fmt+1)^0,c
  4447   000180  EC72  F006         	call	_printf	;wreg free
  4448                           
  4449                           ;main.c: 96:                     } else {
  4450   000184  0E63               	movlw	low STR_14
  4451   000186  6E2C               	movwf	printf@fmt^0,c
  4452   000188  0E7D               	movlw	high STR_14
  4453   00018A  6E2D               	movwf	(printf@fmt+1)^0,c
  4454   00018C  EC72  F006         	call	_printf	;wreg free
  4455                           
  4456                           ;main.c: 97:                         redDuty-=15;
  4457   000190  0E12               	movlw	low STR_15
  4458   000192  6E2C               	movwf	printf@fmt^0,c
  4459   000194  0E7D               	movlw	high STR_15
  4460   000196  6E2D               	movwf	(printf@fmt+1)^0,c
  4461   000198  EC72  F006         	call	_printf	;wreg free
  4462                           
  4463                           ;main.c: 98:                         printf("Red it now brighter\r\n");
  4464   00019C  0E3B               	movlw	low STR_16
  4465   00019E  6E2C               	movwf	printf@fmt^0,c
  4466   0001A0  0E7D               	movlw	high STR_16
  4467   0001A2  6E2D               	movwf	(printf@fmt+1)^0,c
  4468   0001A4  EC72  F006         	call	_printf	;wreg free
  4469                           
  4470                           ;main.c: 99:                         ECCP1_LoadDutyValue(redDuty);
  4471   0001A8  0EAB               	movlw	low STR_17
  4472   0001AA  6E2C               	movwf	printf@fmt^0,c
  4473   0001AC  0E7D               	movlw	high STR_17
  4474   0001AE  6E2D               	movwf	(printf@fmt+1)^0,c
  4475   0001B0  EC72  F006         	call	_printf	;wreg free
  4476                           
  4477                           ;main.c: 100:                     }
  4478   0001B4  0E5B               	movlw	low STR_18
  4479   0001B6  6E2C               	movwf	printf@fmt^0,c
  4480   0001B8  0E7F               	movlw	high STR_18
  4481   0001BA  6E2D               	movwf	(printf@fmt+1)^0,c
  4482   0001BC  EC72  F006         	call	_printf	;wreg free
  4483                           
  4484                           ;main.c: 101:                     break;
  4485   0001C0  0EE3               	movlw	low STR_19
  4486   0001C2  6E2C               	movwf	printf@fmt^0,c
  4487   0001C4  0E7C               	movlw	high STR_19
  4488   0001C6  6E2D               	movwf	(printf@fmt+1)^0,c
  4489   0001C8  EC72  F006         	call	_printf	;wreg free
  4490                           
  4491                           ;main.c: 102: 
  4492   0001CC  0E8A               	movlw	low STR_6
  4493   0001CE  6E2C               	movwf	printf@fmt^0,c
  4494   0001D0  0E7D               	movlw	high STR_6
  4495   0001D2  6E2D               	movwf	(printf@fmt+1)^0,c
  4496   0001D4  EC72  F006         	call	_printf	;wreg free
  4497                           
  4498                           ;main.c: 103: 
  4499   0001D8  EF76  F000         	goto	l2719
  4500   0001DC                     l531:
  4501                           
  4502                           ; BSR set to: 0
  4503                           ;main.c: 109:                         printf("Red it now darker\r\n");
  4504   0001DC  6BCF               	clrf	main@i& (0+255),b
  4505   0001DE                     l2729:
  4506                           
  4507                           ; BSR set to: 0
  4508   0001DE  0EFB               	movlw	low (STR_39+22)
  4509   0001E0  6E2C               	movwf	printf@fmt^0,c
  4510   0001E2  0E7D               	movlw	high (STR_39+22)
  4511   0001E4  6E2D               	movwf	(printf@fmt+1)^0,c
  4512   0001E6  EC72  F006         	call	_printf	;wreg free
  4513   0001EA  0100               	movlb	0	; () banked
  4514   0001EC  2BCF               	incf	main@i& (0+255),f,b
  4515   0001EE                     
  4516                           ; BSR set to: 0
  4517   0001EE  0E27               	movlw	39
  4518   0001F0  65CF               	cpfsgt	main@i& (0+255),b
  4519   0001F2  EFFD  F000         	goto	u1201
  4520   0001F6  EFFF  F000         	goto	u1200
  4521   0001FA                     u1201:
  4522   0001FA  EFEF  F000         	goto	l2729
  4523   0001FE                     u1200:
  4524   0001FE                     
  4525                           ; BSR set to: 0
  4526   0001FE  00FF               	reset		;# 
  4527                           
  4528                           ;main.c: 111:                     }
  4529   000200  EF76  F000         	goto	l2719
  4530   000204                     l534:
  4531                           
  4532                           ; BSR set to: 0
  4533                           ;main.c: 117:                         printf("Already at Max Green\r\n");
  4534   000204  6BCF               	clrf	main@i& (0+255),b
  4535   000206                     l2739:
  4536                           
  4537                           ; BSR set to: 0
  4538   000206  0EFB               	movlw	low (STR_39+22)
  4539   000208  6E2C               	movwf	printf@fmt^0,c
  4540   00020A  0E7D               	movlw	high (STR_39+22)
  4541   00020C  6E2D               	movwf	(printf@fmt+1)^0,c
  4542   00020E  EC72  F006         	call	_printf	;wreg free
  4543   000212  0100               	movlb	0	; () banked
  4544   000214  2BCF               	incf	main@i& (0+255),f,b
  4545   000216                     
  4546                           ; BSR set to: 0
  4547   000216  0E27               	movlw	39
  4548   000218  65CF               	cpfsgt	main@i& (0+255),b
  4549   00021A  EF11  F001         	goto	u1211
  4550   00021E  EF13  F001         	goto	u1210
  4551   000222                     u1211:
  4552   000222  EF03  F001         	goto	l2739
  4553   000226                     u1210:
  4554   000226  EF76  F000         	goto	l2719
  4555   00022A                     l2745:
  4556                           
  4557                           ; BSR set to: 0
  4558                           ;main.c: 121:                         ECCP2_LoadDutyValue(greenDuty);
  4559   00022A  0EF1               	movlw	241
  4560   00022C  25D0               	addwf	main@redDuty& (0+255),w,b
  4561   00022E  0EFF               	movlw	255
  4562   000230  21D1               	addwfc	(main@redDuty+1)& (0+255),w,b
  4563   000232  0B80               	andlw	128
  4564   000234  B4D8               	btfsc	status,2,c
  4565   000236  EF1F  F001         	goto	u1221
  4566   00023A  EF21  F001         	goto	u1220
  4567   00023E                     u1221:
  4568   00023E  EF29  F001         	goto	l2749
  4569   000242                     u1220:
  4570   000242                     
  4571                           ; BSR set to: 0
  4572                           ;main.c: 122:                     }
  4573   000242  0EE1               	movlw	low STR_23
  4574   000244  6E2C               	movwf	printf@fmt^0,c
  4575   000246  0E7E               	movlw	high STR_23
  4576   000248  6E2D               	movwf	(printf@fmt+1)^0,c
  4577   00024A  EC72  F006         	call	_printf	;wreg free
  4578                           
  4579                           ;main.c: 123:                     break;
  4580   00024E  EF76  F000         	goto	l2719
  4581   000252                     l2749:
  4582                           
  4583                           ; BSR set to: 0
  4584                           ;main.c: 124: 
  4585   000252  0EF1               	movlw	241
  4586   000254  27D0               	addwf	main@redDuty& (0+255),f,b
  4587   000256  0EFF               	movlw	255
  4588   000258  23D1               	addwfc	(main@redDuty+1)& (0+255),f,b
  4589   00025A                     
  4590                           ; BSR set to: 0
  4591                           ;main.c: 125: 
  4592   00025A  0EB5               	movlw	low STR_24
  4593   00025C  6E2C               	movwf	printf@fmt^0,c
  4594   00025E  0E7E               	movlw	high STR_24
  4595   000260  6E2D               	movwf	(printf@fmt+1)^0,c
  4596   000262  EC72  F006         	call	_printf	;wreg free
  4597   000266                     l2753:
  4598                           
  4599                           ;main.c: 126:                 case 'g':
  4600   000266  C0D0  F00C         	movff	main@redDuty,ECCP1_LoadDutyValue@dutyValue
  4601   00026A  C0D1  F00D         	movff	main@redDuty+1,ECCP1_LoadDutyValue@dutyValue+1
  4602   00026E  EC6F  F005         	call	_ECCP1_LoadDutyValue	;wreg free
  4603   000272  EF76  F000         	goto	l2719
  4604   000276                     l2755:
  4605                           
  4606                           ; BSR set to: 0
  4607                           ;main.c: 132:                         ECCP2_LoadDutyValue(greenDuty);
  4608   000276  0E0F               	movlw	15
  4609   000278  25D0               	addwf	main@redDuty& (0+255),w,b
  4610   00027A  6E31               	movwf	??_main^0,c
  4611   00027C  0E00               	movlw	0
  4612   00027E  21D1               	addwfc	(main@redDuty+1)& (0+255),w,b
  4613   000280  6E32               	movwf	(??_main+1)^0,c
  4614   000282  BE32               	btfsc	(??_main+1)^0,7,c
  4615   000284  EF4A  F001         	goto	u1231
  4616   000288  0432               	decf	(??_main+1)^0,w,c
  4617   00028A  A0D8               	btfss	status,0,c
  4618   00028C  EF4A  F001         	goto	u1231
  4619   000290  EF4C  F001         	goto	u1230
  4620   000294                     u1231:
  4621   000294  EF54  F001         	goto	l2759
  4622   000298                     u1230:
  4623   000298                     
  4624                           ; BSR set to: 0
  4625                           ;main.c: 133:                     }
  4626   000298  0E45               	movlw	low STR_25
  4627   00029A  6E2C               	movwf	printf@fmt^0,c
  4628   00029C  0E7E               	movlw	high STR_25
  4629   00029E  6E2D               	movwf	(printf@fmt+1)^0,c
  4630   0002A0  EC72  F006         	call	_printf	;wreg free
  4631                           
  4632                           ;main.c: 134:                     break;
  4633   0002A4  EF76  F000         	goto	l2719
  4634   0002A8                     l2759:
  4635                           
  4636                           ; BSR set to: 0
  4637                           ;main.c: 135: 
  4638   0002A8  0E0F               	movlw	15
  4639   0002AA  27D0               	addwf	main@redDuty& (0+255),f,b
  4640   0002AC  0E00               	movlw	0
  4641   0002AE  23D1               	addwfc	(main@redDuty+1)& (0+255),f,b
  4642   0002B0                     
  4643                           ; BSR set to: 0
  4644                           ;main.c: 136: 
  4645   0002B0  0E20               	movlw	low STR_26
  4646   0002B2  6E2C               	movwf	printf@fmt^0,c
  4647   0002B4  0E7F               	movlw	high STR_26
  4648   0002B6  6E2D               	movwf	(printf@fmt+1)^0,c
  4649   0002B8  EC72  F006         	call	_printf	;wreg free
  4650   0002BC  EF33  F001         	goto	l2753
  4651   0002C0                     l2765:
  4652                           
  4653                           ; BSR set to: 0
  4654                           ;main.c: 143:                     }
  4655   0002C0  0EF1               	movlw	241
  4656   0002C2  25D2               	addwf	main@greenDuty& (0+255),w,b
  4657   0002C4  0EFF               	movlw	255
  4658   0002C6  21D3               	addwfc	(main@greenDuty+1)& (0+255),w,b
  4659   0002C8  0B80               	andlw	128
  4660   0002CA  B4D8               	btfsc	status,2,c
  4661   0002CC  EF6A  F001         	goto	u1241
  4662   0002D0  EF6C  F001         	goto	u1240
  4663   0002D4                     u1241:
  4664   0002D4  EF74  F001         	goto	l2769
  4665   0002D8                     u1240:
  4666   0002D8                     
  4667                           ; BSR set to: 0
  4668                           ;main.c: 144:                     break;
  4669   0002D8  0E5C               	movlw	low STR_27
  4670   0002DA  6E2C               	movwf	printf@fmt^0,c
  4671   0002DC  0E7E               	movlw	high STR_27
  4672   0002DE  6E2D               	movwf	(printf@fmt+1)^0,c
  4673   0002E0  EC72  F006         	call	_printf	;wreg free
  4674                           
  4675                           ;main.c: 145: 
  4676   0002E4  EF76  F000         	goto	l2719
  4677   0002E8                     l2769:
  4678                           
  4679                           ; BSR set to: 0
  4680                           ;main.c: 146: 
  4681   0002E8  0EF1               	movlw	241
  4682   0002EA  27D2               	addwf	main@greenDuty& (0+255),f,b
  4683   0002EC  0EFF               	movlw	255
  4684   0002EE  23D3               	addwfc	(main@greenDuty+1)& (0+255),f,b
  4685   0002F0                     
  4686                           ; BSR set to: 0
  4687                           ;main.c: 147:                 case 'b':
  4688   0002F0  0E2D               	movlw	low STR_28
  4689   0002F2  6E2C               	movwf	printf@fmt^0,c
  4690   0002F4  0E7E               	movlw	high STR_28
  4691   0002F6  6E2D               	movwf	(printf@fmt+1)^0,c
  4692   0002F8  EC72  F006         	call	_printf	;wreg free
  4693   0002FC                     l2773:
  4694                           
  4695                           ;main.c: 148:                     if(blueDuty+15>255){
  4696   0002FC  C0D2  F00C         	movff	main@greenDuty,ECCP2_LoadDutyValue@dutyValue
  4697   000300  C0D3  F00D         	movff	main@greenDuty+1,ECCP2_LoadDutyValue@dutyValue+1
  4698   000304  EC53  F005         	call	_ECCP2_LoadDutyValue	;wreg free
  4699   000308  EF76  F000         	goto	l2719
  4700   00030C                     l2775:
  4701                           
  4702                           ; BSR set to: 0
  4703                           ;main.c: 154:                     }
  4704   00030C  0E0F               	movlw	15
  4705   00030E  25D2               	addwf	main@greenDuty& (0+255),w,b
  4706   000310  6E31               	movwf	??_main^0,c
  4707   000312  0E00               	movlw	0
  4708   000314  21D3               	addwfc	(main@greenDuty+1)& (0+255),w,b
  4709   000316  6E32               	movwf	(??_main+1)^0,c
  4710   000318  BE32               	btfsc	(??_main+1)^0,7,c
  4711   00031A  EF95  F001         	goto	u1251
  4712   00031E  0432               	decf	(??_main+1)^0,w,c
  4713   000320  A0D8               	btfss	status,0,c
  4714   000322  EF95  F001         	goto	u1251
  4715   000326  EF97  F001         	goto	u1250
  4716   00032A                     u1251:
  4717   00032A  EF9F  F001         	goto	l2779
  4718   00032E                     u1250:
  4719   00032E                     
  4720                           ; BSR set to: 0
  4721                           ;main.c: 155:                     break;
  4722   00032E  0E45               	movlw	low STR_25
  4723   000330  6E2C               	movwf	printf@fmt^0,c
  4724   000332  0E7E               	movlw	high STR_25
  4725   000334  6E2D               	movwf	(printf@fmt+1)^0,c
  4726   000336  EC72  F006         	call	_printf	;wreg free
  4727                           
  4728                           ;main.c: 156: 
  4729   00033A  EF76  F000         	goto	l2719
  4730   00033E                     l2779:
  4731                           
  4732                           ; BSR set to: 0
  4733                           ;main.c: 157: 
  4734   00033E  0E0F               	movlw	15
  4735   000340  27D2               	addwf	main@greenDuty& (0+255),f,b
  4736   000342  0E00               	movlw	0
  4737   000344  23D3               	addwfc	(main@greenDuty+1)& (0+255),f,b
  4738   000346                     
  4739                           ; BSR set to: 0
  4740                           ;main.c: 158:                 case 'C':
  4741   000346  0E9F               	movlw	low STR_30
  4742   000348  6E2C               	movwf	printf@fmt^0,c
  4743   00034A  0E7E               	movlw	high STR_30
  4744   00034C  6E2D               	movwf	(printf@fmt+1)^0,c
  4745   00034E  EC72  F006         	call	_printf	;wreg free
  4746   000352  EF7E  F001         	goto	l2773
  4747   000356                     l2785:
  4748                           
  4749                           ; BSR set to: 0
  4750                           ;main.c: 165:                     colorTour = 0;
  4751   000356  0EF1               	movlw	241
  4752   000358  25D4               	addwf	main@blueDuty& (0+255),w,b
  4753   00035A  0EFF               	movlw	255
  4754   00035C  21D5               	addwfc	(main@blueDuty+1)& (0+255),w,b
  4755   00035E  0B80               	andlw	128
  4756   000360  B4D8               	btfsc	status,2,c
  4757   000362  EFB5  F001         	goto	u1261
  4758   000366  EFB7  F001         	goto	u1260
  4759   00036A                     u1261:
  4760   00036A  EFBF  F001         	goto	l2789
  4761   00036E                     u1260:
  4762   00036E                     
  4763                           ; BSR set to: 0
  4764                           ;main.c: 166:                     break;
  4765   00036E  0E73               	movlw	low STR_31
  4766   000370  6E2C               	movwf	printf@fmt^0,c
  4767   000372  0E7E               	movlw	high STR_31
  4768   000374  6E2D               	movwf	(printf@fmt+1)^0,c
  4769   000376  EC72  F006         	call	_printf	;wreg free
  4770                           
  4771                           ;main.c: 167: 
  4772   00037A  EF76  F000         	goto	l2719
  4773   00037E                     l2789:
  4774                           
  4775                           ; BSR set to: 0
  4776                           ;main.c: 168:                 case '+':
  4777   00037E  0EF1               	movlw	241
  4778   000380  27D4               	addwf	main@blueDuty& (0+255),f,b
  4779   000382  0EFF               	movlw	255
  4780   000384  23D5               	addwfc	(main@blueDuty+1)& (0+255),f,b
  4781   000386                     l2791:
  4782                           
  4783                           ;main.c: 169:                     printf("Adding 2ms \r\n");
  4784   000386  C0D4  F00C         	movff	main@blueDuty,ECCP3_LoadDutyValue@dutyValue
  4785   00038A  C0D5  F00D         	movff	main@blueDuty+1,ECCP3_LoadDutyValue@dutyValue+1
  4786   00038E  EC19  F005         	call	_ECCP3_LoadDutyValue	;wreg free
  4787   000392  EF76  F000         	goto	l2719
  4788   000396                     l2793:
  4789                           
  4790                           ; BSR set to: 0
  4791                           ;main.c: 175:                     }
  4792   000396  0E0F               	movlw	15
  4793   000398  25D4               	addwf	main@blueDuty& (0+255),w,b
  4794   00039A  6E31               	movwf	??_main^0,c
  4795   00039C  0E00               	movlw	0
  4796   00039E  21D5               	addwfc	(main@blueDuty+1)& (0+255),w,b
  4797   0003A0  6E32               	movwf	(??_main+1)^0,c
  4798   0003A2  BE32               	btfsc	(??_main+1)^0,7,c
  4799   0003A4  EFDA  F001         	goto	u1271
  4800   0003A8  0432               	decf	(??_main+1)^0,w,c
  4801   0003AA  A0D8               	btfss	status,0,c
  4802   0003AC  EFDA  F001         	goto	u1271
  4803   0003B0  EFDC  F001         	goto	u1270
  4804   0003B4                     u1271:
  4805   0003B4  EFE4  F001         	goto	l2797
  4806   0003B8                     u1270:
  4807   0003B8                     
  4808                           ; BSR set to: 0
  4809                           ;main.c: 176:                     break;
  4810   0003B8  0E45               	movlw	low STR_25
  4811   0003BA  6E2C               	movwf	printf@fmt^0,c
  4812   0003BC  0E7E               	movlw	high STR_25
  4813   0003BE  6E2D               	movwf	(printf@fmt+1)^0,c
  4814   0003C0  EC72  F006         	call	_printf	;wreg free
  4815                           
  4816                           ;main.c: 177: 
  4817   0003C4  EF76  F000         	goto	l2719
  4818   0003C8                     l2797:
  4819                           
  4820                           ; BSR set to: 0
  4821                           ;main.c: 178:                 case '-':
  4822   0003C8  0E0F               	movlw	15
  4823   0003CA  27D4               	addwf	main@blueDuty& (0+255),f,b
  4824   0003CC  0E00               	movlw	0
  4825   0003CE  23D5               	addwfc	(main@blueDuty+1)& (0+255),f,b
  4826   0003D0                     
  4827                           ; BSR set to: 0
  4828                           ;main.c: 179:                     printf("Subtracting 2ms \r\n");
  4829   0003D0  0EF6               	movlw	low STR_33
  4830   0003D2  6E2C               	movwf	printf@fmt^0,c
  4831   0003D4  0E7E               	movlw	high STR_33
  4832   0003D6  6E2D               	movwf	(printf@fmt+1)^0,c
  4833   0003D8  EC72  F006         	call	_printf	;wreg free
  4834   0003DC  EFC3  F001         	goto	l2791
  4835   0003E0                     l2803:
  4836                           
  4837                           ; BSR set to: 0
  4838                           ;main.c: 186:                     break;
  4839   0003E0  0ECB               	movlw	low STR_34
  4840   0003E2  6E2C               	movwf	printf@fmt^0,c
  4841   0003E4  0E7E               	movlw	high STR_34
  4842   0003E6  6E2D               	movwf	(printf@fmt+1)^0,c
  4843   0003E8  EC72  F006         	call	_printf	;wreg free
  4844   0003EC                     
  4845                           ;main.c: 187: 
  4846   0003EC  0E01               	movlw	1
  4847   0003EE  6E4C               	movwf	_colorTour^0,c
  4848                           
  4849                           ;main.c: 188:                 case 'a':
  4850   0003F0  EF76  F000         	goto	l2719
  4851   0003F4                     l2807:
  4852                           
  4853                           ; BSR set to: 0
  4854                           ;main.c: 191:                     greenDuty=0xFF;
  4855   0003F4  0E34               	movlw	low STR_35
  4856   0003F6  6E2C               	movwf	printf@fmt^0,c
  4857   0003F8  0E7F               	movlw	high STR_35
  4858   0003FA  6E2D               	movwf	(printf@fmt+1)^0,c
  4859   0003FC  EC72  F006         	call	_printf	;wreg free
  4860   000400                     
  4861                           ;main.c: 192:                     blueDuty=0xFF;
  4862   000400  6A4C               	clrf	_colorTour^0,c
  4863                           
  4864                           ;main.c: 193:                     ECCP1_LoadDutyValue(redDuty);
  4865   000402  EF76  F000         	goto	l2719
  4866   000406                     l2811:
  4867                           
  4868                           ; BSR set to: 0
  4869                           ;main.c: 196:                     break;
  4870   000406  0ED3               	movlw	low STR_36
  4871   000408  6E2C               	movwf	printf@fmt^0,c
  4872   00040A  0E7F               	movlw	high STR_36
  4873   00040C  6E2D               	movwf	(printf@fmt+1)^0,c
  4874   00040E  EC72  F006         	call	_printf	;wreg free
  4875   000412                     
  4876                           ;main.c: 197: 
  4877   000412  0100               	movlb	0	; () banked
  4878   000414  51CB               	movf	main@twoHundRaw& (0+255),w,b
  4879   000416  5DCD               	subwf	main@currentPeriod& (0+255),w,b
  4880   000418  6E31               	movwf	??_main^0,c
  4881   00041A  51CC               	movf	(main@twoHundRaw+1)& (0+255),w,b
  4882   00041C  59CE               	subwfb	(main@currentPeriod+1)& (0+255),w,b
  4883   00041E  6E32               	movwf	(??_main+1)^0,c
  4884   000420  0E20               	movlw	32
  4885   000422  5C31               	subwf	??_main^0,w,c
  4886   000424  0E4E               	movlw	78
  4887   000426  5832               	subwfb	(??_main+1)^0,w,c
  4888   000428  B0D8               	btfsc	status,0,c
  4889   00042A  EF19  F002         	goto	u1281
  4890   00042E  EF1B  F002         	goto	u1280
  4891   000432                     u1281:
  4892   000432  EF23  F002         	goto	l2817
  4893   000436                     u1280:
  4894   000436                     
  4895                           ; BSR set to: 0
  4896                           ;main.c: 198: 
  4897   000436  0EFD               	movlw	low STR_37
  4898   000438  6E2C               	movwf	printf@fmt^0,c
  4899   00043A  0E7D               	movlw	high STR_37
  4900   00043C  6E2D               	movwf	(printf@fmt+1)^0,c
  4901   00043E  EC72  F006         	call	_printf	;wreg free
  4902                           
  4903                           ;main.c: 199: 
  4904   000442  EF76  F000         	goto	l2719
  4905   000446                     l2817:
  4906                           
  4907                           ; BSR set to: 0
  4908                           ;main.c: 200: 
  4909   000446  51CB               	movf	main@twoHundRaw& (0+255),w,b
  4910   000448  5FCD               	subwf	main@currentPeriod& (0+255),f,b
  4911   00044A  51CC               	movf	(main@twoHundRaw+1)& (0+255),w,b
  4912   00044C  5BCE               	subwfb	(main@currentPeriod+1)& (0+255),f,b
  4913   00044E                     l2819:
  4914                           
  4915                           ; BSR set to: 0
  4916                           ;main.c: 201:                 default:
  4917   00044E  C0CD  F00C         	movff	main@currentPeriod,TMR0_PeriodSet@periodCount
  4918   000452  C0CE  F00D         	movff	main@currentPeriod+1,TMR0_PeriodSet@periodCount+1
  4919   000456  ECDE  F006         	call	_TMR0_PeriodSet	;wreg free
  4920   00045A  EF76  F000         	goto	l2719
  4921   00045E                     l2821:
  4922                           
  4923                           ; BSR set to: 0
  4924                           ;main.c: 206:     }
  4925   00045E  0E48               	movlw	low STR_38
  4926   000460  6E2C               	movwf	printf@fmt^0,c
  4927   000462  0E7F               	movlw	high STR_38
  4928   000464  6E2D               	movwf	(printf@fmt+1)^0,c
  4929   000466  EC72  F006         	call	_printf	;wreg free
  4930   00046A                     
  4931                           ;main.c: 207: }
  4932   00046A  0100               	movlb	0	; () banked
  4933   00046C  51CB               	movf	main@twoHundRaw& (0+255),w,b
  4934   00046E  25CD               	addwf	main@currentPeriod& (0+255),w,b
  4935   000470  6E31               	movwf	??_main^0,c
  4936   000472  51CC               	movf	(main@twoHundRaw+1)& (0+255),w,b
  4937   000474  21CE               	addwfc	(main@currentPeriod+1)& (0+255),w,b
  4938   000476  6E32               	movwf	(??_main+1)^0,c
  4939   000478  5031               	movf	??_main^0,w,c
  4940   00047A  5DC8               	subwf	main@maxColorSpeed& (0+255),w,b
  4941   00047C  5032               	movf	(??_main+1)^0,w,c
  4942   00047E  59C9               	subwfb	(main@maxColorSpeed+1)& (0+255),w,b
  4943   000480  B0D8               	btfsc	status,0,c
  4944   000482  EF45  F002         	goto	u1291
  4945   000486  EF47  F002         	goto	u1290
  4946   00048A                     u1291:
  4947   00048A  EF4F  F002         	goto	l2827
  4948   00048E                     u1290:
  4949   00048E                     
  4950                           ; BSR set to: 0
  4951                           ;main.c: 208: 
  4952   00048E  0EE5               	movlw	low STR_39
  4953   000490  6E2C               	movwf	printf@fmt^0,c
  4954   000492  0E7D               	movlw	high STR_39
  4955   000494  6E2D               	movwf	(printf@fmt+1)^0,c
  4956   000496  EC72  F006         	call	_printf	;wreg free
  4957                           
  4958                           ;main.c: 209: 
  4959   00049A  EF76  F000         	goto	l2719
  4960   00049E                     l2827:
  4961                           
  4962                           ; BSR set to: 0
  4963                           ;main.c: 210: void timer0ISR(){
  4964   00049E  51CB               	movf	main@twoHundRaw& (0+255),w,b
  4965   0004A0  27CD               	addwf	main@currentPeriod& (0+255),f,b
  4966   0004A2  51CC               	movf	(main@twoHundRaw+1)& (0+255),w,b
  4967   0004A4  23CE               	addwfc	(main@currentPeriod+1)& (0+255),f,b
  4968   0004A6  EF27  F002         	goto	l2819
  4969   0004AA                     l2831:
  4970                           
  4971                           ; BSR set to: 0
  4972                           ;main.c: 216:     static uint8_t currentCubeIndex = 0;
  4973   0004AA  0EC9               	movlw	low STR_40
  4974   0004AC  6E2C               	movwf	printf@fmt^0,c
  4975   0004AE  0E7D               	movlw	high STR_40
  4976   0004B0  6E2D               	movwf	(printf@fmt+1)^0,c
  4977   0004B2  EC72  F006         	call	_printf	;wreg free
  4978   0004B6                     
  4979                           ;main.c: 217:     static uint8_t currentIntraIndex = 0;
  4980   0004B6  0E00               	movlw	0
  4981   0004B8  0100               	movlb	0	; () banked
  4982   0004BA  6FD1               	movwf	(main@redDuty+1)& (0+255),b
  4983   0004BC  69D0               	setf	main@redDuty& (0+255),b
  4984   0004BE                     
  4985                           ; BSR set to: 0
  4986                           ;main.c: 218:     if(colorTour == 1) {
  4987   0004BE  0E00               	movlw	0
  4988   0004C0  6FD3               	movwf	(main@greenDuty+1)& (0+255),b
  4989   0004C2  69D2               	setf	main@greenDuty& (0+255),b
  4990   0004C4                     
  4991                           ; BSR set to: 0
  4992                           ;main.c: 219: 
  4993   0004C4  0E00               	movlw	0
  4994   0004C6  6FD5               	movwf	(main@blueDuty+1)& (0+255),b
  4995   0004C8  69D4               	setf	main@blueDuty& (0+255),b
  4996   0004CA                     
  4997                           ; BSR set to: 0
  4998                           ;main.c: 220:         ECCP1_LoadDutyValue(currentRedValue);
  4999   0004CA  0E00               	movlw	0
  5000   0004CC  6E0D               	movwf	(ECCP1_LoadDutyValue@dutyValue+1)^0,c
  5001   0004CE  680C               	setf	ECCP1_LoadDutyValue@dutyValue^0,c
  5002   0004D0  EC6F  F005         	call	_ECCP1_LoadDutyValue	;wreg free
  5003   0004D4                     
  5004                           ;main.c: 221:         ECCP2_LoadDutyValue(currentGreenValue);
  5005   0004D4  0E00               	movlw	0
  5006   0004D6  6E0D               	movwf	(ECCP2_LoadDutyValue@dutyValue+1)^0,c
  5007   0004D8  680C               	setf	ECCP2_LoadDutyValue@dutyValue^0,c
  5008   0004DA  EC53  F005         	call	_ECCP2_LoadDutyValue	;wreg free
  5009   0004DE                     
  5010                           ;main.c: 222:         ECCP3_LoadDutyValue(currentBlueValue);
  5011   0004DE  0E00               	movlw	0
  5012   0004E0  6E0D               	movwf	(ECCP3_LoadDutyValue@dutyValue+1)^0,c
  5013   0004E2  680C               	setf	ECCP3_LoadDutyValue@dutyValue^0,c
  5014   0004E4  EC19  F005         	call	_ECCP3_LoadDutyValue	;wreg free
  5015                           
  5016                           ;main.c: 223: 
  5017   0004E8  EF76  F000         	goto	l2719
  5018   0004EC                     l2845:
  5019                           
  5020                           ; BSR set to: 0
  5021                           ;main.c: 229: 
  5022   0004EC  0EA3               	movlw	low STR_41
  5023   0004EE  6E2C               	movwf	printf@fmt^0,c
  5024   0004F0  0E7F               	movlw	high STR_41
  5025   0004F2  6E2D               	movwf	(printf@fmt+1)^0,c
  5026   0004F4  C0CA  F02E         	movff	main@cmd,?_printf+2
  5027   0004F8  6A2F               	clrf	(?_printf+3)^0,c
  5028   0004FA  EC72  F006         	call	_printf	;wreg free
  5029                           
  5030                           ;main.c: 230:         if(currentIntraIndex >= 255) {
  5031   0004FE  EF76  F000         	goto	l2719
  5032   000502                     l2849:
  5033                           
  5034                           ; BSR set to: 0
  5035   000502  51CA               	movf	main@cmd& (0+255),w,b
  5036                           
  5037                           ; Switch size 1, requested type "simple"
  5038                           ; Number of cases is 14, Range of values is 43 to 122
  5039                           ; switch strategies available:
  5040                           ; Name         Instructions Cycles
  5041                           ; simple_byte           43    22 (average)
  5042                           ;	Chosen strategy is simple_byte
  5043   000504  0A2B               	xorlw	43	; case 43
  5044   000506  B4D8               	btfsc	status,2,c
  5045   000508  EF03  F002         	goto	l2811
  5046   00050C  0A06               	xorlw	6	; case 45
  5047   00050E  B4D8               	btfsc	status,2,c
  5048   000510  EF2F  F002         	goto	l2821
  5049   000514  0A12               	xorlw	18	; case 63
  5050   000516  B4D8               	btfsc	status,2,c
  5051   000518  EF86  F000         	goto	l2723
  5052   00051C  0A7D               	xorlw	125	; case 66
  5053   00051E  B4D8               	btfsc	status,2,c
  5054   000520  EFAB  F001         	goto	l2785
  5055   000524  0A01               	xorlw	1	; case 67
  5056   000526  B4D8               	btfsc	status,2,c
  5057   000528  EFF0  F001         	goto	l2803
  5058   00052C  0A04               	xorlw	4	; case 71
  5059   00052E  B4D8               	btfsc	status,2,c
  5060   000530  EF60  F001         	goto	l2765
  5061   000534  0A15               	xorlw	21	; case 82
  5062   000536  B4D8               	btfsc	status,2,c
  5063   000538  EF15  F001         	goto	l2745
  5064   00053C  0A08               	xorlw	8	; case 90
  5065   00053E  B4D8               	btfsc	status,2,c
  5066   000540  EFEE  F000         	goto	l531
  5067   000544  0A3B               	xorlw	59	; case 97
  5068   000546  B4D8               	btfsc	status,2,c
  5069   000548  EF55  F002         	goto	l2831
  5070   00054C  0A03               	xorlw	3	; case 98
  5071   00054E  B4D8               	btfsc	status,2,c
  5072   000550  EFCB  F001         	goto	l2793
  5073   000554  0A01               	xorlw	1	; case 99
  5074   000556  B4D8               	btfsc	status,2,c
  5075   000558  EFFA  F001         	goto	l2807
  5076   00055C  0A04               	xorlw	4	; case 103
  5077   00055E  B4D8               	btfsc	status,2,c
  5078   000560  EF86  F001         	goto	l2775
  5079   000564  0A15               	xorlw	21	; case 114
  5080   000566  B4D8               	btfsc	status,2,c
  5081   000568  EF3B  F001         	goto	l2755
  5082   00056C  0A08               	xorlw	8	; case 122
  5083   00056E  B4D8               	btfsc	status,2,c
  5084   000570  EF02  F001         	goto	l534
  5085   000574  EF76  F002         	goto	l2845
  5086   000578  EF36  F000         	goto	start
  5087   00057C                     __end_of_main:
  5088                           	callstack 0
  5089                           
  5090 ;; *************** function _printf *****************
  5091 ;; Defined at:
  5092 ;;		line 5 in file "/opt/microchip/xc8/v3.10/pic/sources/c99/common/printf.c"
  5093 ;; Parameters:    Size  Location     Type
  5094 ;;  fmt             2   42[COMRAM] PTR const unsigned char 
  5095 ;;		 -> STR_41(17), STR_40(28), STR_39(24), STR_38(19), 
  5096 ;;		 -> STR_37(24), STR_36(14), STR_35(20), STR_34(22), 
  5097 ;;		 -> STR_33(21), STR_32(23), STR_31(22), STR_30(22), 
  5098 ;;		 -> STR_29(23), STR_28(24), STR_27(23), STR_26(20), 
  5099 ;;		 -> STR_25(23), STR_24(22), STR_23(21), STR_22(2), 
  5100 ;;		 -> STR_21(2), STR_20(33), STR_19(47), STR_18(18), 
  5101 ;;		 -> STR_17(30), STR_16(40), STR_15(41), STR_14(39), 
  5102 ;;		 -> STR_13(24), STR_12(21), STR_11(15), STR_10(33), 
  5103 ;;		 -> STR_9(18), STR_8(18), STR_7(18), STR_6(33), 
  5104 ;;		 -> STR_5(5), STR_4(16), STR_3(22), STR_2(13), 
  5105 ;;		 -> STR_1(11), 
  5106 ;; Auto vars:     Size  Location     Type
  5107 ;;  ret             2    0        int 
  5108 ;;  ap              1   46[COMRAM] PTR void [1]
  5109 ;;		 -> ?_printf(2), 
  5110 ;; Return value:  Size  Location     Type
  5111 ;;                  2   42[COMRAM] int 
  5112 ;; Registers used:
  5113 ;;		wreg, fsr1l, fsr1h, fsr2l, fsr2h, status,2, status,0, tblptrl, tblptrh, tblptru, cstack
  5114 ;; Tracked objects:
  5115 ;;		On entry : 0/0
  5116 ;;		On exit  : 0/0
  5117 ;;		Unchanged: 0/0
  5118 ;; Data sizes:     COMRAM   BANK0   BANK1   BANK2   BANK3   BANK4   BANK5
  5119 ;;      Params:         4       0       0       0       0       0       0
  5120 ;;      Locals:         1       0       0       0       0       0       0
  5121 ;;      Temps:          0       0       0       0       0       0       0
  5122 ;;      Totals:         5       0       0       0       0       0       0
  5123 ;;Total ram usage:        5 bytes
  5124 ;; Hardware stack levels used: 1
  5125 ;; Hardware stack levels required when called: 9
  5126 ;; This function calls:
  5127 ;;		_vfprintf
  5128 ;; This function is called by:
  5129 ;;		_main
  5130 ;; This function uses a non-reentrant model
  5131 ;;
  5132                           
  5133                           	psect	text1
  5134   000CE4                     __ptext1:
  5135                           	callstack 0
  5136   000CE4                     _printf:
  5137                           	callstack 21
  5138   000CE4  0E2E               	movlw	low (?_printf+2)
  5139   000CE6  6E30               	movwf	printf@ap^0,c
  5140   000CE8  0E00               	movlw	0
  5141   000CEA  6E25               	movwf	vfprintf@fp^0,c
  5142   000CEC  0E00               	movlw	0
  5143   000CEE  6E26               	movwf	(vfprintf@fp+1)^0,c
  5144   000CF0  C02C  F027         	movff	printf@fmt,vfprintf@fmt
  5145   000CF4  C02D  F028         	movff	printf@fmt+1,vfprintf@fmt+1
  5146   000CF8  0E30               	movlw	low printf@ap
  5147   000CFA  6E29               	movwf	vfprintf@ap^0,c
  5148   000CFC  ECF7  F004         	call	_vfprintf	;wreg free
  5149   000D00  0012               	return		;funcret
  5150   000D02                     __end_of_printf:
  5151                           	callstack 0
  5152                           
  5153 ;; *************** function _vfprintf *****************
  5154 ;; Defined at:
  5155 ;;		line 1817 in file "/opt/microchip/xc8/v3.10/pic/sources/c99/common/doprnt.c"
  5156 ;; Parameters:    Size  Location     Type
  5157 ;;  fp              2   35[COMRAM] PTR struct _IO_FILE
  5158 ;;		 -> NULL(0), 
  5159 ;;  fmt             2   37[COMRAM] PTR const unsigned char 
  5160 ;;		 -> STR_41(17), STR_40(28), STR_39(24), STR_38(19), 
  5161 ;;		 -> STR_37(24), STR_36(14), STR_35(20), STR_34(22), 
  5162 ;;		 -> STR_33(21), STR_32(23), STR_31(22), STR_30(22), 
  5163 ;;		 -> STR_29(23), STR_28(24), STR_27(23), STR_26(20), 
  5164 ;;		 -> STR_25(23), STR_24(22), STR_23(21), STR_22(2), 
  5165 ;;		 -> STR_21(2), STR_20(33), STR_19(47), STR_18(18), 
  5166 ;;		 -> STR_17(30), STR_16(40), STR_15(41), STR_14(39), 
  5167 ;;		 -> STR_13(24), STR_12(21), STR_11(15), STR_10(33), 
  5168 ;;		 -> STR_9(18), STR_8(18), STR_7(18), STR_6(33), 
  5169 ;;		 -> STR_5(5), STR_4(16), STR_3(22), STR_2(13), 
  5170 ;;		 -> STR_1(11), 
  5171 ;;  ap              1   39[COMRAM] PTR PTR void 
  5172 ;;		 -> printf@ap(1), 
  5173 ;; Auto vars:     Size  Location     Type
  5174 ;;  cfmt            2   40[COMRAM] PTR unsigned char 
  5175 ;;		 -> STR_41(17), STR_40(28), STR_39(24), STR_38(19), 
  5176 ;;		 -> STR_37(24), STR_36(14), STR_35(20), STR_34(22), 
  5177 ;;		 -> STR_33(21), STR_32(23), STR_31(22), STR_30(22), 
  5178 ;;		 -> STR_29(23), STR_28(24), STR_27(23), STR_26(20), 
  5179 ;;		 -> STR_25(23), STR_24(22), STR_23(21), STR_22(2), 
  5180 ;;		 -> STR_21(2), STR_20(33), STR_19(47), STR_18(18), 
  5181 ;;		 -> STR_17(30), STR_16(40), STR_15(41), STR_14(39), 
  5182 ;;		 -> STR_13(24), STR_12(21), STR_11(15), STR_10(33), 
  5183 ;;		 -> STR_9(18), STR_8(18), STR_7(18), STR_6(33), 
  5184 ;;		 -> STR_5(5), STR_4(16), STR_3(22), STR_2(13), 
  5185 ;;		 -> STR_1(11), 
  5186 ;; Return value:  Size  Location     Type
  5187 ;;                  2   35[COMRAM] int 
  5188 ;; Registers used:
  5189 ;;		wreg, fsr1l, fsr1h, fsr2l, fsr2h, status,2, status,0, tblptrl, tblptrh, tblptru, cstack
  5190 ;; Tracked objects:
  5191 ;;		On entry : 0/0
  5192 ;;		On exit  : 0/0
  5193 ;;		Unchanged: 0/0
  5194 ;; Data sizes:     COMRAM   BANK0   BANK1   BANK2   BANK3   BANK4   BANK5
  5195 ;;      Params:         5       0       0       0       0       0       0
  5196 ;;      Locals:         2       0       0       0       0       0       0
  5197 ;;      Temps:          0       0       0       0       0       0       0
  5198 ;;      Totals:         7       0       0       0       0       0       0
  5199 ;;Total ram usage:        7 bytes
  5200 ;; Hardware stack levels used: 1
  5201 ;; Hardware stack levels required when called: 8
  5202 ;; This function calls:
  5203 ;;		_vfpfcnvrt
  5204 ;; This function is called by:
  5205 ;;		_printf
  5206 ;; This function uses a non-reentrant model
  5207 ;;
  5208                           
  5209                           	psect	text2
  5210   0009EE                     __ptext2:
  5211                           	callstack 0
  5212   0009EE                     _vfprintf:
  5213                           	callstack 21
  5214   0009EE                     
  5215                           ;/opt/microchip/xc8/v3.10/pic/sources/c99/common/doprnt.c: 1817: int vfprintf(FILE *fp, 
      +                          const char *fmt, va_list ap);/opt/microchip/xc8/v3.10/pic/sources/c99/common/doprnt.c: 1
      +                          818: {;/opt/microchip/xc8/v3.10/pic/sources/c99/common/doprnt.c: 1820:     char *cfmt;;/
      +                          opt/microchip/xc8/v3.10/pic/sources/c99/common/doprnt.c: 1822:     cfmt = (char *)fmt;
  5216   0009EE  C027  F02A         	movff	vfprintf@fmt,vfprintf@cfmt
  5217   0009F2  C028  F02B         	movff	vfprintf@fmt+1,vfprintf@cfmt+1
  5218                           
  5219                           ;/opt/microchip/xc8/v3.10/pic/sources/c99/common/doprnt.c: 1826:     while (*cfmt) {
  5220   0009F6  EF07  F005         	goto	l2635
  5221   0009FA                     l2633:
  5222                           
  5223                           ;/opt/microchip/xc8/v3.10/pic/sources/c99/common/doprnt.c: 1830:    vfpfcnvrt(fp, &cfmt,
      +                           ap);
  5224   0009FA  C025  F017         	movff	vfprintf@fp,vfpfcnvrt@fp
  5225   0009FE  C026  F018         	movff	vfprintf@fp+1,vfpfcnvrt@fp+1
  5226   000A02  0E2A               	movlw	low vfprintf@cfmt
  5227   000A04  6E19               	movwf	vfpfcnvrt@fmt^0,c
  5228   000A06  C029  F01A         	movff	vfprintf@ap,vfpfcnvrt@ap
  5229   000A0A  ECBE  F002         	call	_vfpfcnvrt	;wreg free
  5230   000A0E                     l2635:
  5231                           
  5232                           ;/opt/microchip/xc8/v3.10/pic/sources/c99/common/doprnt.c: 1826:     while (*cfmt) {
  5233   000A0E  C02A  FFF6         	movff	vfprintf@cfmt,tblptrl
  5234   000A12  C02B  FFF7         	movff	vfprintf@cfmt+1,tblptrh
  5235   000A16                     	if	0	;tblptru may be non-zero
  5236   000A16                     	endif
  5237   000A16                     	if	0	;tblptru may be non-zero
  5238   000A16                     	endif
  5239   000A16  0008               	tblrd		*
  5240   000A18  50F5               	movf	tablat,w,c
  5241   000A1A  0900               	iorlw	0
  5242   000A1C  A4D8               	btfss	status,2,c
  5243   000A1E  EF13  F005         	goto	u1101
  5244   000A22  EF15  F005         	goto	u1100
  5245   000A26                     u1101:
  5246   000A26  EFFD  F004         	goto	l2633
  5247   000A2A                     u1100:
  5248   000A2A                     
  5249                           ;/opt/microchip/xc8/v3.10/pic/sources/c99/common/doprnt.c: 1835:  return 0;
  5250   000A2A  6A26               	clrf	(?_vfprintf+1)^0,c
  5251   000A2C  0E00               	movlw	0
  5252   000A2E  6E25               	movwf	?_vfprintf^0,c
  5253   000A30  0012               	return		;funcret
  5254   000A32                     __end_of_vfprintf:
  5255                           	callstack 0
  5256                           
  5257 ;; *************** function _vfpfcnvrt *****************
  5258 ;; Defined at:
  5259 ;;		line 1177 in file "/opt/microchip/xc8/v3.10/pic/sources/c99/common/doprnt.c"
  5260 ;; Parameters:    Size  Location     Type
  5261 ;;  fp              2   21[COMRAM] PTR struct _IO_FILE
  5262 ;;		 -> NULL(0), 
  5263 ;;  fmt             1   23[COMRAM] PTR PTR unsigned char 
  5264 ;;		 -> vfprintf@cfmt(2), 
  5265 ;;  ap              1   24[COMRAM] PTR PTR void 
  5266 ;;		 -> printf@ap(1), 
  5267 ;; Auto vars:     Size  Location     Type
  5268 ;;  convarg         4   27[COMRAM] struct .
  5269 ;;  cp              2   32[COMRAM] PTR unsigned char 
  5270 ;;		 -> STR_41(17), STR_40(28), STR_39(24), STR_38(19), 
  5271 ;;		 -> STR_37(24), STR_36(14), STR_35(20), STR_34(22), 
  5272 ;;		 -> STR_33(21), STR_32(23), STR_31(22), STR_30(22), 
  5273 ;;		 -> STR_29(23), STR_28(24), STR_27(23), STR_26(20), 
  5274 ;;		 -> STR_25(23), STR_24(22), STR_23(21), STR_22(2), 
  5275 ;;		 -> STR_21(2), STR_20(33), STR_19(47), STR_18(18), 
  5276 ;;		 -> STR_17(30), STR_16(40), STR_15(41), STR_14(39), 
  5277 ;;		 -> STR_13(24), STR_12(21), STR_11(15), STR_10(33), 
  5278 ;;		 -> STR_9(18), STR_8(18), STR_7(18), STR_6(33), 
  5279 ;;		 -> STR_5(5), STR_4(16), STR_3(22), STR_2(13), 
  5280 ;;		 -> STR_1(11), 
  5281 ;;  c               1   34[COMRAM] unsigned char 
  5282 ;;  x               1   31[COMRAM] unsigned char 
  5283 ;;  done            1    0        _Bool 
  5284 ;; Return value:  Size  Location     Type
  5285 ;;                  1    wreg      void 
  5286 ;; Registers used:
  5287 ;;		wreg, fsr1l, fsr1h, fsr2l, fsr2h, status,2, status,0, tblptrl, tblptrh, tblptru, cstack
  5288 ;; Tracked objects:
  5289 ;;		On entry : 0/0
  5290 ;;		On exit  : 0/0
  5291 ;;		Unchanged: 0/0
  5292 ;; Data sizes:     COMRAM   BANK0   BANK1   BANK2   BANK3   BANK4   BANK5
  5293 ;;      Params:         4       0       0       0       0       0       0
  5294 ;;      Locals:         8       0       0       0       0       0       0
  5295 ;;      Temps:          2       0       0       0       0       0       0
  5296 ;;      Totals:        14       0       0       0       0       0       0
  5297 ;;Total ram usage:       14 bytes
  5298 ;; Hardware stack levels used: 1
  5299 ;; Hardware stack levels required when called: 7
  5300 ;; This function calls:
  5301 ;;		_fputc
  5302 ;; This function is called by:
  5303 ;;		_vfprintf
  5304 ;; This function uses a non-reentrant model
  5305 ;;
  5306                           
  5307                           	psect	text3
  5308   00057C                     __ptext3:
  5309                           	callstack 0
  5310   00057C                     _vfpfcnvrt:
  5311                           	callstack 21
  5312   00057C                     
  5313                           ;/opt/microchip/xc8/v3.10/pic/sources/c99/common/doprnt.c: 1177: vfpfcnvrt(FILE *fp, cha
      +                          r *fmt[], va_list ap);/opt/microchip/xc8/v3.10/pic/sources/c99/common/doprnt.c: 1178: {;
      +                          /opt/microchip/xc8/v3.10/pic/sources/c99/common/doprnt.c: 1179:     char c, *cp;;/opt/mi
      +                          crochip/xc8/v3.10/pic/sources/c99/common/doprnt.c: 1180:     _Bool done;;/opt/microchip/
      +                          xc8/v3.10/pic/sources/c99/common/doprnt.c: 1188:  } convarg;;/opt/microchip/xc8/v3.10/pi
      +                          c/sources/c99/common/doprnt.c: 1194:  char x;;/opt/microchip/xc8/v3.10/pic/sources/c99/c
      +                          ommon/doprnt.c: 1201:     if ((*fmt)[0] == '%') {
  5314   00057C  5019               	movf	vfpfcnvrt@fmt^0,w,c
  5315   00057E  6ED9               	movwf	fsr2l,c
  5316   000580  6ADA               	clrf	fsr2h,c
  5317   000582  CFDE FFF6          	movff	postinc2,tblptrl
  5318   000586  CFDD FFF7          	movff	postdec2,tblptrh
  5319   00058A                     	if	0	;tblptru may be non-zero
  5320   00058A                     	endif
  5321   00058A                     	if	0	;tblptru may be non-zero
  5322   00058A                     	endif
  5323   00058A  0008               	tblrd		*
  5324   00058C  50F5               	movf	tablat,w,c
  5325   00058E  0A25               	xorlw	37
  5326   000590  A4D8               	btfss	status,2,c
  5327   000592  EFCD  F002         	goto	u1031
  5328   000596  EFCF  F002         	goto	u1030
  5329   00059A                     u1031:
  5330   00059A  EF9D  F003         	goto	l2539
  5331   00059E                     u1030:
  5332   00059E                     
  5333                           ;/opt/microchip/xc8/v3.10/pic/sources/c99/common/doprnt.c: 1202:         ++*fmt;
  5334   00059E  5019               	movf	vfpfcnvrt@fmt^0,w,c
  5335   0005A0  6ED9               	movwf	fsr2l,c
  5336   0005A2  6ADA               	clrf	fsr2h,c
  5337   0005A4  2ADE               	incf	postinc2,f,c
  5338   0005A6  0E00               	movlw	0
  5339   0005A8  22DD               	addwfc	postdec2,f,c
  5340   0005AA                     
  5341                           ;/opt/microchip/xc8/v3.10/pic/sources/c99/common/doprnt.c: 1204:         flags = width =
      +                           0;
  5342   0005AA  6A34               	clrf	(_width+1)^0,c
  5343   0005AC  0E00               	movlw	0
  5344   0005AE  6E33               	movwf	_width^0,c
  5345   0005B0  C033  F049         	movff	_width,_flags
  5346   0005B4                     
  5347                           ;/opt/microchip/xc8/v3.10/pic/sources/c99/common/doprnt.c: 1205:         prec = -1;
  5348   0005B4  6835               	setf	_prec^0,c
  5349   0005B6  6836               	setf	(_prec+1)^0,c
  5350   0005B8                     
  5351                           ;/opt/microchip/xc8/v3.10/pic/sources/c99/common/doprnt.c: 1273:         if ((*fmt)[0] =
      +                          = 'c') {
  5352   0005B8  5019               	movf	vfpfcnvrt@fmt^0,w,c
  5353   0005BA  6ED9               	movwf	fsr2l,c
  5354   0005BC  6ADA               	clrf	fsr2h,c
  5355   0005BE  CFDE FFF6          	movff	postinc2,tblptrl
  5356   0005C2  CFDD FFF7          	movff	postdec2,tblptrh
  5357   0005C6                     	if	0	;tblptru may be non-zero
  5358   0005C6                     	endif
  5359   0005C6                     	if	0	;tblptru may be non-zero
  5360   0005C6                     	endif
  5361   0005C6  0008               	tblrd		*
  5362   0005C8  50F5               	movf	tablat,w,c
  5363   0005CA  0A63               	xorlw	99
  5364   0005CC  A4D8               	btfss	status,2,c
  5365   0005CE  EFEB  F002         	goto	u1041
  5366   0005D2  EFED  F002         	goto	u1040
  5367   0005D6                     u1041:
  5368   0005D6  EF08  F003         	goto	l2499
  5369   0005DA                     u1040:
  5370   0005DA                     
  5371                           ;/opt/microchip/xc8/v3.10/pic/sources/c99/common/doprnt.c: 1274:             ++*fmt;
  5372   0005DA  5019               	movf	vfpfcnvrt@fmt^0,w,c
  5373   0005DC  6ED9               	movwf	fsr2l,c
  5374   0005DE  6ADA               	clrf	fsr2h,c
  5375   0005E0  2ADE               	incf	postinc2,f,c
  5376   0005E2  0E00               	movlw	0
  5377   0005E4  22DD               	addwfc	postdec2,f,c
  5378   0005E6                     
  5379                           ;/opt/microchip/xc8/v3.10/pic/sources/c99/common/doprnt.c: 1275:             c = (unsign
      +                          ed char)(*(int *)__va_arg(*(int **)ap, (int)0));
  5380   0005E6  501A               	movf	vfpfcnvrt@ap^0,w,c
  5381   0005E8  6ED9               	movwf	fsr2l,c
  5382   0005EA  6ADA               	clrf	fsr2h,c
  5383   0005EC  50DF               	movf	indf2,w,c
  5384   0005EE  2ADF               	incf	indf2,f,c
  5385   0005F0  2ADF               	incf	indf2,f,c
  5386   0005F2  6ED9               	movwf	fsr2l,c
  5387   0005F4  6ADA               	clrf	fsr2h,c
  5388   0005F6  50DF               	movf	indf2,w,c
  5389   0005F8  6E24               	movwf	vfpfcnvrt@c^0,c
  5390   0005FA                     
  5391                           ;/opt/microchip/xc8/v3.10/pic/sources/c99/common/doprnt.c: 1277:    fputc(c, fp);
  5392   0005FA  C024  F00E         	movff	vfpfcnvrt@c,fputc@c
  5393   0005FE  6A0F               	clrf	(fputc@c+1)^0,c
  5394   000600  C017  F010         	movff	vfpfcnvrt@fp,fputc@fp
  5395   000604  C018  F011         	movff	vfpfcnvrt@fp+1,fputc@fp+1
  5396   000608  ECB1  F003         	call	_fputc	;wreg free
  5397   00060C  EFB0  F003         	goto	l1400
  5398   000610                     l2499:
  5399                           
  5400                           ;/opt/microchip/xc8/v3.10/pic/sources/c99/common/doprnt.c: 1439:   if (0
  5401   000610  5019               	movf	vfpfcnvrt@fmt^0,w,c
  5402   000612  6ED9               	movwf	fsr2l,c
  5403   000614  6ADA               	clrf	fsr2h,c
  5404   000616  CFDE F022          	movff	postinc2,vfpfcnvrt@cp
  5405   00061A  CFDD F023          	movff	postdec2,vfpfcnvrt@cp+1
  5406   00061E  C022  FFF6         	movff	vfpfcnvrt@cp,tblptrl
  5407   000622  C023  FFF7         	movff	vfpfcnvrt@cp+1,tblptrh
  5408   000626                     	if	0	;tblptru may be non-zero
  5409   000626                     	endif
  5410   000626                     	if	0	;tblptru may be non-zero
  5411   000626                     	endif
  5412   000626  0008               	tblrd		*
  5413   000628  50F5               	movf	tablat,w,c
  5414   00062A  0A78               	xorlw	120
  5415   00062C  A4D8               	btfss	status,2,c
  5416   00062E  EF1B  F003         	goto	u1051
  5417   000632  EF1D  F003         	goto	u1050
  5418   000636                     u1051:
  5419   000636  EF95  F003         	goto	l2535
  5420   00063A                     u1050:
  5421   00063A                     
  5422                           ;/opt/microchip/xc8/v3.10/pic/sources/c99/common/doprnt.c: 1452:     ) {;/opt/microchip/
      +                          xc8/v3.10/pic/sources/c99/common/doprnt.c: 1495:    convarg.uint = (vfpf_uint_t)(unsigne
      +                          d int)(*(unsigned int *)__va_arg(*(unsigned int **)ap, (unsigned int)0));
  5423   00063A  501A               	movf	vfpfcnvrt@ap^0,w,c
  5424   00063C  6ED9               	movwf	fsr2l,c
  5425   00063E  6ADA               	clrf	fsr2h,c
  5426   000640  0E02               	movlw	2
  5427   000642  26DF               	addwf	indf2,f,c
  5428   000644  5CDF               	subwf	indf2,w,c
  5429   000646  6ED9               	movwf	fsr2l,c
  5430   000648  6ADA               	clrf	fsr2h,c
  5431   00064A  CFDE F01D          	movff	postinc2,vfpfcnvrt@convarg
  5432   00064E  CFDE F01E          	movff	postinc2,vfpfcnvrt@convarg+1
  5433   000652                     
  5434                           ;/opt/microchip/xc8/v3.10/pic/sources/c99/common/doprnt.c: 1497:    *fmt = cp+1;
  5435   000652  0E01               	movlw	1
  5436   000654  2422               	addwf	vfpfcnvrt@cp^0,w,c
  5437   000656  6E1B               	movwf	??_vfpfcnvrt^0,c
  5438   000658  0E00               	movlw	0
  5439   00065A  2023               	addwfc	(vfpfcnvrt@cp+1)^0,w,c
  5440   00065C  6E1C               	movwf	(??_vfpfcnvrt+1)^0,c
  5441   00065E  5019               	movf	vfpfcnvrt@fmt^0,w,c
  5442   000660  6ED9               	movwf	fsr2l,c
  5443   000662  6ADA               	clrf	fsr2h,c
  5444   000664  C01B  FFDE         	movff	??_vfpfcnvrt,postinc2
  5445   000668  C01C  FFDD         	movff	??_vfpfcnvrt+1,postdec2
  5446                           
  5447                           ;/opt/microchip/xc8/v3.10/pic/sources/c99/common/doprnt.c: 1498:    switch (*cp) {
  5448   00066C  EF89  F003         	goto	l2533
  5449   000670                     l2507:
  5450                           
  5451                           ;/opt/microchip/xc8/v3.10/pic/sources/c99/common/doprnt.c: 1553:      c = sizeof(dbuf);
  5452   000670  0E20               	movlw	32
  5453   000672  6E24               	movwf	vfpfcnvrt@c^0,c
  5454   000674                     l2509:
  5455                           
  5456                           ;/opt/microchip/xc8/v3.10/pic/sources/c99/common/doprnt.c: 1558:       x = (convarg.uint
      +                           & 0xf);
  5457   000674  501D               	movf	vfpfcnvrt@convarg^0,w,c
  5458   000676  0B0F               	andlw	15
  5459   000678  6E21               	movwf	vfpfcnvrt@x^0,c
  5460   00067A                     
  5461                           ;/opt/microchip/xc8/v3.10/pic/sources/c99/common/doprnt.c: 1559:       if (x < 10) {
  5462   00067A  0E0A               	movlw	10
  5463   00067C  6021               	cpfslt	vfpfcnvrt@x^0,c
  5464   00067E  EF43  F003         	goto	u1061
  5465   000682  EF45  F003         	goto	u1060
  5466   000686                     u1061:
  5467   000686  EF49  F003         	goto	l2515
  5468   00068A                     u1060:
  5469   00068A                     
  5470                           ;/opt/microchip/xc8/v3.10/pic/sources/c99/common/doprnt.c: 1560:        x += '0';
  5471   00068A  0E30               	movlw	48
  5472   00068C  2621               	addwf	vfpfcnvrt@x^0,f,c
  5473                           
  5474                           ;/opt/microchip/xc8/v3.10/pic/sources/c99/common/doprnt.c: 1561:       }
  5475   00068E  EF4B  F003         	goto	l2517
  5476   000692                     l2515:
  5477                           
  5478                           ;/opt/microchip/xc8/v3.10/pic/sources/c99/common/doprnt.c: 1566:        x += 'a' - 10;
  5479   000692  0E57               	movlw	87
  5480   000694  2621               	addwf	vfpfcnvrt@x^0,f,c
  5481   000696                     l2517:
  5482                           
  5483                           ;/opt/microchip/xc8/v3.10/pic/sources/c99/common/doprnt.c: 1571:       dbuf[--c] = x;
  5484   000696  0624               	decf	vfpfcnvrt@c^0,f,c
  5485   000698  5024               	movf	vfpfcnvrt@c^0,w,c
  5486   00069A  0FA8               	addlw	low _dbuf
  5487   00069C  6ED9               	movwf	fsr2l,c
  5488   00069E  6ADA               	clrf	fsr2h,c
  5489   0006A0  C021  FFDF         	movff	vfpfcnvrt@x,indf2
  5490   0006A4                     
  5491                           ;/opt/microchip/xc8/v3.10/pic/sources/c99/common/doprnt.c: 1572:       convarg.uint >>= 
      +                          4;
  5492   0006A4  3A1D               	swapf	vfpfcnvrt@convarg^0,f,c
  5493   0006A6  3A1E               	swapf	(vfpfcnvrt@convarg+1)^0,f,c
  5494   0006A8  0E0F               	movlw	15
  5495   0006AA  161D               	andwf	vfpfcnvrt@convarg^0,f,c
  5496   0006AC  501E               	movf	(vfpfcnvrt@convarg+1)^0,w,c
  5497   0006AE  0BF0               	andlw	240
  5498   0006B0  121D               	iorwf	vfpfcnvrt@convarg^0,f,c
  5499   0006B2  0E0F               	movlw	15
  5500   0006B4  161E               	andwf	(vfpfcnvrt@convarg+1)^0,f,c
  5501   0006B6                     
  5502                           ;/opt/microchip/xc8/v3.10/pic/sources/c99/common/doprnt.c: 1576:      } while (convarg.u
      +                          int != 0 && c != 0);
  5503   0006B6  501D               	movf	vfpfcnvrt@convarg^0,w,c
  5504   0006B8  101E               	iorwf	(vfpfcnvrt@convarg+1)^0,w,c
  5505   0006BA  B4D8               	btfsc	status,2,c
  5506   0006BC  EF62  F003         	goto	u1071
  5507   0006C0  EF64  F003         	goto	u1070
  5508   0006C4                     u1071:
  5509   0006C4  EF7E  F003         	goto	l2529
  5510   0006C8                     u1070:
  5511   0006C8  5024               	movf	vfpfcnvrt@c^0,w,c
  5512   0006CA  A4D8               	btfss	status,2,c
  5513   0006CC  EF6A  F003         	goto	u1081
  5514   0006D0  EF6C  F003         	goto	u1080
  5515   0006D4                     u1081:
  5516   0006D4  EF3A  F003         	goto	l2509
  5517   0006D8                     u1080:
  5518   0006D8  EF7E  F003         	goto	l2529
  5519   0006DC                     l2525:
  5520                           
  5521                           ;/opt/microchip/xc8/v3.10/pic/sources/c99/common/doprnt.c: 1578:       fputc(dbuf[c++], 
      +                          fp);
  5522   0006DC  5024               	movf	vfpfcnvrt@c^0,w,c
  5523   0006DE  0FA8               	addlw	low _dbuf
  5524   0006E0  6ED9               	movwf	fsr2l,c
  5525   0006E2  6ADA               	clrf	fsr2h,c
  5526   0006E4  50DF               	movf	indf2,w,c
  5527   0006E6  6E1B               	movwf	??_vfpfcnvrt^0,c
  5528   0006E8  501B               	movf	??_vfpfcnvrt^0,w,c
  5529   0006EA  6E0E               	movwf	fputc@c^0,c
  5530   0006EC  6A0F               	clrf	(fputc@c+1)^0,c
  5531   0006EE  C017  F010         	movff	vfpfcnvrt@fp,fputc@fp
  5532   0006F2  C018  F011         	movff	vfpfcnvrt@fp+1,fputc@fp+1
  5533   0006F6  ECB1  F003         	call	_fputc	;wreg free
  5534   0006FA  2A24               	incf	vfpfcnvrt@c^0,f,c
  5535   0006FC                     l2529:
  5536                           
  5537                           ;/opt/microchip/xc8/v3.10/pic/sources/c99/common/doprnt.c: 1577:      while (c != sizeof
      +                          (dbuf)) {
  5538   0006FC  0E20               	movlw	32
  5539   0006FE  1824               	xorwf	vfpfcnvrt@c^0,w,c
  5540   000700  A4D8               	btfss	status,2,c
  5541   000702  EF85  F003         	goto	u1091
  5542   000706  EF87  F003         	goto	u1090
  5543   00070A                     u1091:
  5544   00070A  EF6E  F003         	goto	l2525
  5545   00070E                     u1090:
  5546   00070E  EFB0  F003         	goto	l1400
  5547   000712                     l2533:
  5548   000712  C022  FFF6         	movff	vfpfcnvrt@cp,tblptrl
  5549   000716  C023  FFF7         	movff	vfpfcnvrt@cp+1,tblptrh
  5550   00071A                     	if	0	;tblptru may be non-zero
  5551   00071A                     	endif
  5552   00071A                     	if	0	;tblptru may be non-zero
  5553   00071A                     	endif
  5554   00071A  0008               	tblrd		*
  5555   00071C  50F5               	movf	tablat,w,c
  5556                           
  5557                           ; Switch size 1, requested type "simple"
  5558                           ; Number of cases is 1, Range of values is 120 to 120
  5559                           ; switch strategies available:
  5560                           ; Name         Instructions Cycles
  5561                           ; simple_byte            4     3 (average)
  5562                           ;	Chosen strategy is simple_byte
  5563   00071E  0A78               	xorlw	120	; case 120
  5564   000720  B4D8               	btfsc	status,2,c
  5565   000722  EF38  F003         	goto	l2507
  5566   000726  EF95  F003         	goto	l2535
  5567   00072A                     l2535:
  5568                           
  5569                           ;/opt/microchip/xc8/v3.10/pic/sources/c99/common/doprnt.c: 1806:         ++*fmt;
  5570   00072A  5019               	movf	vfpfcnvrt@fmt^0,w,c
  5571   00072C  6ED9               	movwf	fsr2l,c
  5572   00072E  6ADA               	clrf	fsr2h,c
  5573   000730  2ADE               	incf	postinc2,f,c
  5574   000732  0E00               	movlw	0
  5575   000734  22DD               	addwfc	postdec2,f,c
  5576   000736  EFB0  F003         	goto	l1400
  5577   00073A                     l2539:
  5578                           
  5579                           ;/opt/microchip/xc8/v3.10/pic/sources/c99/common/doprnt.c: 1811:     fputc((int)(*fmt)[0
      +                          ], fp);
  5580   00073A  5019               	movf	vfpfcnvrt@fmt^0,w,c
  5581   00073C  6ED9               	movwf	fsr2l,c
  5582   00073E  6ADA               	clrf	fsr2h,c
  5583   000740  CFDE FFF6          	movff	postinc2,tblptrl
  5584   000744  CFDD FFF7          	movff	postdec2,tblptrh
  5585   000748                     	if	0	;tblptru may be non-zero
  5586   000748                     	endif
  5587   000748                     	if	0	;tblptru may be non-zero
  5588   000748                     	endif
  5589   000748  0008               	tblrd		*
  5590   00074A  50F5               	movf	tablat,w,c
  5591   00074C  6E0E               	movwf	fputc@c^0,c
  5592   00074E  6A0F               	clrf	(fputc@c+1)^0,c
  5593   000750  C017  F010         	movff	vfpfcnvrt@fp,fputc@fp
  5594   000754  C018  F011         	movff	vfpfcnvrt@fp+1,fputc@fp+1
  5595   000758  ECB1  F003         	call	_fputc	;wreg free
  5596   00075C  EF95  F003         	goto	l2535
  5597   000760                     l1400:
  5598   000760  0012               	return		;funcret
  5599   000762                     __end_of_vfpfcnvrt:
  5600                           	callstack 0
  5601                           
  5602 ;; *************** function _fputc *****************
  5603 ;; Defined at:
  5604 ;;		line 8 in file "/opt/microchip/xc8/v3.10/pic/sources/c99/common/nf_fputc.c"
  5605 ;; Parameters:    Size  Location     Type
  5606 ;;  c               2   12[COMRAM] int 
  5607 ;;  fp              2   14[COMRAM] PTR struct _IO_FILE
  5608 ;;		 -> NULL(0), 
  5609 ;; Auto vars:     Size  Location     Type
  5610 ;;		None
  5611 ;; Return value:  Size  Location     Type
  5612 ;;                  2   12[COMRAM] int 
  5613 ;; Registers used:
  5614 ;;		wreg, fsr1l, fsr1h, fsr2l, fsr2h, status,2, status,0, cstack
  5615 ;; Tracked objects:
  5616 ;;		On entry : 0/0
  5617 ;;		On exit  : 0/0
  5618 ;;		Unchanged: 0/0
  5619 ;; Data sizes:     COMRAM   BANK0   BANK1   BANK2   BANK3   BANK4   BANK5
  5620 ;;      Params:         4       0       0       0       0       0       0
  5621 ;;      Locals:         0       0       0       0       0       0       0
  5622 ;;      Temps:          5       0       0       0       0       0       0
  5623 ;;      Totals:         9       0       0       0       0       0       0
  5624 ;;Total ram usage:        9 bytes
  5625 ;; Hardware stack levels used: 1
  5626 ;; Hardware stack levels required when called: 6
  5627 ;; This function calls:
  5628 ;;		_putch
  5629 ;; This function is called by:
  5630 ;;		_vfpfcnvrt
  5631 ;; This function uses a non-reentrant model
  5632 ;;
  5633                           
  5634                           	psect	text4
  5635   000762                     __ptext4:
  5636                           	callstack 0
  5637   000762                     _fputc:
  5638                           	callstack 21
  5639   000762  5010               	movf	fputc@fp^0,w,c
  5640   000764  1011               	iorwf	(fputc@fp+1)^0,w,c
  5641   000766  B4D8               	btfsc	status,2,c
  5642   000768  EFB8  F003         	goto	u971
  5643   00076C  EFBA  F003         	goto	u970
  5644   000770                     u971:
  5645   000770  EFC3  F003         	goto	l2455
  5646   000774                     u970:
  5647   000774  5010               	movf	fputc@fp^0,w,c
  5648   000776  1011               	iorwf	(fputc@fp+1)^0,w,c
  5649   000778  A4D8               	btfss	status,2,c
  5650   00077A  EFC1  F003         	goto	u981
  5651   00077E  EFC3  F003         	goto	u980
  5652   000782                     u981:
  5653   000782  EFC8  F003         	goto	l2457
  5654   000786                     u980:
  5655   000786                     l2455:
  5656   000786  500E               	movf	fputc@c^0,w,c
  5657   000788  EC62  F006         	call	_putch
  5658   00078C  EF15  F004         	goto	l1433
  5659   000790                     l2457:
  5660   000790  EE20 F009          	lfsr	2,9
  5661   000794  5010               	movf	fputc@fp^0,w,c
  5662   000796  26D9               	addwf	fsr2l,f,c
  5663   000798  5011               	movf	(fputc@fp+1)^0,w,c
  5664   00079A  22DA               	addwfc	fsr2h,f,c
  5665   00079C  50DE               	movf	postinc2,w,c
  5666   00079E  10DE               	iorwf	postinc2,w,c
  5667   0007A0  B4D8               	btfsc	status,2,c
  5668   0007A2  EFD5  F003         	goto	u991
  5669   0007A6  EFD7  F003         	goto	u990
  5670   0007AA                     u991:
  5671   0007AA  EFF2  F003         	goto	l2461
  5672   0007AE                     u990:
  5673   0007AE  EE20 F009          	lfsr	2,9
  5674   0007B2  5010               	movf	fputc@fp^0,w,c
  5675   0007B4  26D9               	addwf	fsr2l,f,c
  5676   0007B6  5011               	movf	(fputc@fp+1)^0,w,c
  5677   0007B8  22DA               	addwfc	fsr2h,f,c
  5678   0007BA  EE10 F002          	lfsr	1,2
  5679   0007BE  5010               	movf	fputc@fp^0,w,c
  5680   0007C0  26E1               	addwf	fsr1l,f,c
  5681   0007C2  5011               	movf	(fputc@fp+1)^0,w,c
  5682   0007C4  22E2               	addwfc	fsr1h,f,c
  5683   0007C6  50DE               	movf	postinc2,w,c
  5684   0007C8  5CE6               	subwf	postinc1,w,c
  5685   0007CA  50E6               	movf	postinc1,w,c
  5686   0007CC  0A80               	xorlw	128
  5687   0007CE  6E16               	movwf	(??_fputc+4)^0,c
  5688   0007D0  50DE               	movf	postinc2,w,c
  5689   0007D2  0A80               	xorlw	128
  5690   0007D4  5816               	subwfb	(??_fputc+4)^0,w,c
  5691   0007D6  B0D8               	btfsc	status,0,c
  5692   0007D8  EFF0  F003         	goto	u1001
  5693   0007DC  EFF2  F003         	goto	u1000
  5694   0007E0                     u1001:
  5695   0007E0  EF15  F004         	goto	l1433
  5696   0007E4                     u1000:
  5697   0007E4                     l2461:
  5698   0007E4  EE20 F002          	lfsr	2,2
  5699   0007E8  5010               	movf	fputc@fp^0,w,c
  5700   0007EA  26D9               	addwf	fsr2l,f,c
  5701   0007EC  5011               	movf	(fputc@fp+1)^0,w,c
  5702   0007EE  22DA               	addwfc	fsr2h,f,c
  5703   0007F0  CFDE F012          	movff	postinc2,??_fputc
  5704   0007F4  CFDD F013          	movff	postdec2,??_fputc+1
  5705   0007F8  C010  FFD9         	movff	fputc@fp,fsr2l
  5706   0007FC  C011  FFDA         	movff	fputc@fp+1,fsr2h
  5707   000800  CFDE F014          	movff	postinc2,??_fputc+2
  5708   000804  CFDD F015          	movff	postdec2,??_fputc+3
  5709   000808  5012               	movf	??_fputc^0,w,c
  5710   00080A  2414               	addwf	(??_fputc+2)^0,w,c
  5711   00080C  6ED9               	movwf	fsr2l,c
  5712   00080E  5013               	movf	(??_fputc+1)^0,w,c
  5713   000810  2015               	addwfc	(??_fputc+3)^0,w,c
  5714   000812  6EDA               	movwf	fsr2h,c
  5715   000814  C00E  FFDF         	movff	fputc@c,indf2
  5716   000818  EE20 F002          	lfsr	2,2
  5717   00081C  5010               	movf	fputc@fp^0,w,c
  5718   00081E  26D9               	addwf	fsr2l,f,c
  5719   000820  5011               	movf	(fputc@fp+1)^0,w,c
  5720   000822  22DA               	addwfc	fsr2h,f,c
  5721   000824  2ADE               	incf	postinc2,f,c
  5722   000826  0E00               	movlw	0
  5723   000828  22DD               	addwfc	postdec2,f,c
  5724   00082A                     l1433:
  5725   00082A  0012               	return		;funcret
  5726   00082C                     __end_of_fputc:
  5727                           	callstack 0
  5728                           
  5729 ;; *************** function _putch *****************
  5730 ;; Defined at:
  5731 ;;		line 254 in file "mcc_generated_files/uart/src/eusart1.c"
  5732 ;; Parameters:    Size  Location     Type
  5733 ;;  txData          1    wreg     unsigned char 
  5734 ;; Auto vars:     Size  Location     Type
  5735 ;;  txData          1   11[COMRAM] unsigned char 
  5736 ;; Return value:  Size  Location     Type
  5737 ;;                  1    wreg      void 
  5738 ;; Registers used:
  5739 ;;		wreg, status,2, cstack
  5740 ;; Tracked objects:
  5741 ;;		On entry : 0/0
  5742 ;;		On exit  : 0/0
  5743 ;;		Unchanged: 0/0
  5744 ;; Data sizes:     COMRAM   BANK0   BANK1   BANK2   BANK3   BANK4   BANK5
  5745 ;;      Params:         0       0       0       0       0       0       0
  5746 ;;      Locals:         1       0       0       0       0       0       0
  5747 ;;      Temps:          0       0       0       0       0       0       0
  5748 ;;      Totals:         1       0       0       0       0       0       0
  5749 ;;Total ram usage:        1 bytes
  5750 ;; Hardware stack levels used: 1
  5751 ;; Hardware stack levels required when called: 5
  5752 ;; This function calls:
  5753 ;;		_EUSART1_IsTxReady
  5754 ;;		_EUSART1_Write
  5755 ;; This function is called by:
  5756 ;;		_fputc
  5757 ;; This function uses a non-reentrant model
  5758 ;;
  5759                           
  5760                           	psect	text5
  5761   000CC4                     __ptext5:
  5762                           	callstack 0
  5763   000CC4                     _putch:
  5764                           	callstack 21
  5765                           
  5766                           ;incstack = 0
  5767                           ;putch@txData stored from wreg
  5768   000CC4  6E0D               	movwf	putch@txData^0,c
  5769   000CC6                     l2445:
  5770                           
  5771                           ;mcc_generated_files/uart/src/eusart1.c: 256:     while(!(EUSART1_IsTxReady()))
  5772   000CC6  EC29  F006         	call	_EUSART1_IsTxReady	;wreg free
  5773   000CCA  0900               	iorlw	0
  5774   000CCC  B4D8               	btfsc	status,2,c
  5775   000CCE  EF6B  F006         	goto	u961
  5776   000CD2  EF6D  F006         	goto	u960
  5777   000CD6                     u961:
  5778   000CD6  EF63  F006         	goto	l2445
  5779   000CDA                     u960:
  5780   000CDA                     
  5781                           ;mcc_generated_files/uart/src/eusart1.c: 260:     return EUSART1_Write(txData);;	Return 
      +                          value of _putch is never used
  5782   000CDA  C00D  F00C         	movff	putch@txData,EUSART1_Write@txData
  5783   000CDE  ECF7  F006         	call	_EUSART1_Write	;wreg free
  5784   000CE2  0012               	return		;funcret
  5785   000CE4                     __end_of_putch:
  5786                           	callstack 0
  5787                           
  5788 ;; *************** function _EUSART1_Write *****************
  5789 ;; Defined at:
  5790 ;;		line 240 in file "mcc_generated_files/uart/src/eusart1.c"
  5791 ;; Parameters:    Size  Location     Type
  5792 ;;  txData          1   10[COMRAM] unsigned char 
  5793 ;; Auto vars:     Size  Location     Type
  5794 ;;		None
  5795 ;; Return value:  Size  Location     Type
  5796 ;;                  1    wreg      void 
  5797 ;; Registers used:
  5798 ;;		None
  5799 ;; Tracked objects:
  5800 ;;		On entry : 0/0
  5801 ;;		On exit  : 0/0
  5802 ;;		Unchanged: 0/0
  5803 ;; Data sizes:     COMRAM   BANK0   BANK1   BANK2   BANK3   BANK4   BANK5
  5804 ;;      Params:         1       0       0       0       0       0       0
  5805 ;;      Locals:         0       0       0       0       0       0       0
  5806 ;;      Temps:          0       0       0       0       0       0       0
  5807 ;;      Totals:         1       0       0       0       0       0       0
  5808 ;;Total ram usage:        1 bytes
  5809 ;; Hardware stack levels used: 1
  5810 ;; Hardware stack levels required when called: 4
  5811 ;; This function calls:
  5812 ;;		Nothing
  5813 ;; This function is called by:
  5814 ;;		_putch
  5815 ;; This function uses a non-reentrant model
  5816 ;;
  5817                           
  5818                           	psect	text6
  5819   000DEE                     __ptext6:
  5820                           	callstack 0
  5821   000DEE                     _EUSART1_Write:
  5822                           	callstack 21
  5823   000DEE                     
  5824                           ;mcc_generated_files/uart/src/eusart1.c: 240: void EUSART1_Write(uint8_t txData);mcc_gen
      +                          erated_files/uart/src/eusart1.c: 241: {;mcc_generated_files/uart/src/eusart1.c: 242:    
      +                           TXREG1 = txData;
  5825   000DEE  C00C  FFAD         	movff	EUSART1_Write@txData,4013	;volatile
  5826   000DF2  0012               	return		;funcret
  5827   000DF4                     __end_of_EUSART1_Write:
  5828                           	callstack 0
  5829                           
  5830 ;; *************** function _EUSART1_IsTxReady *****************
  5831 ;; Defined at:
  5832 ;;		line 203 in file "mcc_generated_files/uart/src/eusart1.c"
  5833 ;; Parameters:    Size  Location     Type
  5834 ;;		None
  5835 ;; Auto vars:     Size  Location     Type
  5836 ;;		None
  5837 ;; Return value:  Size  Location     Type
  5838 ;;                  1    wreg      _Bool 
  5839 ;; Registers used:
  5840 ;;		wreg, status,2
  5841 ;; Tracked objects:
  5842 ;;		On entry : 0/0
  5843 ;;		On exit  : 0/0
  5844 ;;		Unchanged: 0/0
  5845 ;; Data sizes:     COMRAM   BANK0   BANK1   BANK2   BANK3   BANK4   BANK5
  5846 ;;      Params:         0       0       0       0       0       0       0
  5847 ;;      Locals:         1       0       0       0       0       0       0
  5848 ;;      Temps:          0       0       0       0       0       0       0
  5849 ;;      Totals:         1       0       0       0       0       0       0
  5850 ;;Total ram usage:        1 bytes
  5851 ;; Hardware stack levels used: 1
  5852 ;; Hardware stack levels required when called: 4
  5853 ;; This function calls:
  5854 ;;		Nothing
  5855 ;; This function is called by:
  5856 ;;		_putch
  5857 ;; This function uses a non-reentrant model
  5858 ;;
  5859                           
  5860                           	psect	text7
  5861   000C52                     __ptext7:
  5862                           	callstack 0
  5863   000C52                     _EUSART1_IsTxReady:
  5864                           	callstack 21
  5865   000C52                     
  5866                           ;mcc_generated_files/uart/src/eusart1.c: 205:     return (_Bool)(PIR1bits.TX1IF && TXSTA
      +                          1bits.TXEN);
  5867   000C52  6A0C               	clrf	_EUSART1_IsTxReady$1261^0,c
  5868   000C54  A89E               	btfss	158,4,c	;volatile
  5869   000C56  EF2F  F006         	goto	u941
  5870   000C5A  EF31  F006         	goto	u940
  5871   000C5E                     u941:
  5872   000C5E  EF3A  F006         	goto	l442
  5873   000C62                     u940:
  5874   000C62  AAAC               	btfss	172,5,c	;volatile
  5875   000C64  EF36  F006         	goto	u951
  5876   000C68  EF38  F006         	goto	u950
  5877   000C6C                     u951:
  5878   000C6C  EF3A  F006         	goto	l442
  5879   000C70                     u950:
  5880   000C70  0E01               	movlw	1
  5881   000C72  6E0C               	movwf	_EUSART1_IsTxReady$1261^0,c
  5882   000C74                     l442:
  5883   000C74  500C               	movf	_EUSART1_IsTxReady$1261^0,w,c
  5884   000C76  0012               	return		;funcret
  5885   000C78                     __end_of_EUSART1_IsTxReady:
  5886                           	callstack 0
  5887                           
  5888 ;; *************** function _TMR0_PeriodSet *****************
  5889 ;; Defined at:
  5890 ;;		line 114 in file "mcc_generated_files/timer/src/tmr0.c"
  5891 ;; Parameters:    Size  Location     Type
  5892 ;;  periodCount     2   10[COMRAM] unsigned short 
  5893 ;; Auto vars:     Size  Location     Type
  5894 ;;		None
  5895 ;; Return value:  Size  Location     Type
  5896 ;;                  1    wreg      void 
  5897 ;; Registers used:
  5898 ;;		None
  5899 ;; Tracked objects:
  5900 ;;		On entry : 0/0
  5901 ;;		On exit  : 0/0
  5902 ;;		Unchanged: 0/0
  5903 ;; Data sizes:     COMRAM   BANK0   BANK1   BANK2   BANK3   BANK4   BANK5
  5904 ;;      Params:         2       0       0       0       0       0       0
  5905 ;;      Locals:         0       0       0       0       0       0       0
  5906 ;;      Temps:          0       0       0       0       0       0       0
  5907 ;;      Totals:         2       0       0       0       0       0       0
  5908 ;;Total ram usage:        2 bytes
  5909 ;; Hardware stack levels used: 1
  5910 ;; Hardware stack levels required when called: 4
  5911 ;; This function calls:
  5912 ;;		Nothing
  5913 ;; This function is called by:
  5914 ;;		_main
  5915 ;; This function uses a non-reentrant model
  5916 ;;
  5917                           
  5918                           	psect	text8
  5919   000DBC                     __ptext8:
  5920                           	callstack 0
  5921   000DBC                     _TMR0_PeriodSet:
  5922                           	callstack 26
  5923   000DBC                     
  5924                           ;mcc_generated_files/timer/src/tmr0.c: 114: void TMR0_PeriodSet(uint16_t periodCount);mc
      +                          c_generated_files/timer/src/tmr0.c: 115: {;mcc_generated_files/timer/src/tmr0.c: 116:   
      +                           tmr0PeriodCount = periodCount;
  5925   000DBC  C00C  F041         	movff	TMR0_PeriodSet@periodCount,_tmr0PeriodCount	;volatile
  5926   000DC0  C00D  F042         	movff	TMR0_PeriodSet@periodCount+1,_tmr0PeriodCount+1	;volatile
  5927   000DC4  0012               	return		;funcret
  5928   000DC6                     __end_of_TMR0_PeriodSet:
  5929                           	callstack 0
  5930                           
  5931 ;; *************** function _SYSTEM_Initialize *****************
  5932 ;; Defined at:
  5933 ;;		line 39 in file "mcc_generated_files/system/src/system.c"
  5934 ;; Parameters:    Size  Location     Type
  5935 ;;		None
  5936 ;; Auto vars:     Size  Location     Type
  5937 ;;		None
  5938 ;; Return value:  Size  Location     Type
  5939 ;;                  1    wreg      void 
  5940 ;; Registers used:
  5941 ;;		wreg, status,2, status,0, cstack
  5942 ;; Tracked objects:
  5943 ;;		On entry : 0/0
  5944 ;;		On exit  : 0/0
  5945 ;;		Unchanged: 0/0
  5946 ;; Data sizes:     COMRAM   BANK0   BANK1   BANK2   BANK3   BANK4   BANK5
  5947 ;;      Params:         0       0       0       0       0       0       0
  5948 ;;      Locals:         0       0       0       0       0       0       0
  5949 ;;      Temps:          0       0       0       0       0       0       0
  5950 ;;      Totals:         0       0       0       0       0       0       0
  5951 ;;Total ram usage:        0 bytes
  5952 ;; Hardware stack levels used: 1
  5953 ;; Hardware stack levels required when called: 6
  5954 ;; This function calls:
  5955 ;;		_CLOCK_Initialize
  5956 ;;		_ECCP1_Initialize
  5957 ;;		_ECCP2_Initialize
  5958 ;;		_ECCP3_Initialize
  5959 ;;		_EUSART1_Initialize
  5960 ;;		_INTERRUPT_Initialize
  5961 ;;		_PIN_MANAGER_Initialize
  5962 ;;		_TMR0_Initialize
  5963 ;;		_TMR2_Initialize
  5964 ;; This function is called by:
  5965 ;;		_main
  5966 ;; This function uses a non-reentrant model
  5967 ;;
  5968                           
  5969                           	psect	text9
  5970   000C78                     __ptext9:
  5971                           	callstack 0
  5972   000C78                     _SYSTEM_Initialize:
  5973                           	callstack 24
  5974   000C78                     
  5975                           ;mcc_generated_files/system/src/system.c: 41:     CLOCK_Initialize();
  5976   000C78  ECD7  F006         	call	_CLOCK_Initialize	;wreg free
  5977                           
  5978                           ;mcc_generated_files/system/src/system.c: 42:     PIN_MANAGER_Initialize();
  5979   000C7C  EC12  F006         	call	_PIN_MANAGER_Initialize	;wreg free
  5980   000C80                     
  5981                           ;mcc_generated_files/system/src/system.c: 43:     TMR0_Initialize();
  5982   000C80  EC4F  F006         	call	_TMR0_Initialize	;wreg free
  5983   000C84                     
  5984                           ;mcc_generated_files/system/src/system.c: 44:     TMR2_Initialize();
  5985   000C84  EC9D  F006         	call	_TMR2_Initialize	;wreg free
  5986                           
  5987                           ;mcc_generated_files/system/src/system.c: 45:     ECCP1_Initialize();
  5988   000C88  ECC1  F006         	call	_ECCP1_Initialize	;wreg free
  5989                           
  5990                           ;mcc_generated_files/system/src/system.c: 46:     ECCP2_Initialize();
  5991   000C8C  ECB5  F006         	call	_ECCP2_Initialize	;wreg free
  5992                           
  5993                           ;mcc_generated_files/system/src/system.c: 47:     ECCP3_Initialize();
  5994   000C90  ECA9  F006         	call	_ECCP3_Initialize	;wreg free
  5995   000C94                     
  5996                           ;mcc_generated_files/system/src/system.c: 48:     EUSART1_Initialize();
  5997   000C94  ECF8  F005         	call	_EUSART1_Initialize	;wreg free
  5998   000C98                     
  5999                           ;mcc_generated_files/system/src/system.c: 49:     INTERRUPT_Initialize();
  6000   000C98  ECDE  F005         	call	_INTERRUPT_Initialize	;wreg free
  6001   000C9C  0012               	return		;funcret
  6002   000C9E                     __end_of_SYSTEM_Initialize:
  6003                           	callstack 0
  6004                           
  6005 ;; *************** function _TMR2_Initialize *****************
  6006 ;; Defined at:
  6007 ;;		line 45 in file "mcc_generated_files/timer/src/tmr2.c"
  6008 ;; Parameters:    Size  Location     Type
  6009 ;;		None
  6010 ;; Auto vars:     Size  Location     Type
  6011 ;;		None
  6012 ;; Return value:  Size  Location     Type
  6013 ;;                  1    wreg      void 
  6014 ;; Registers used:
  6015 ;;		wreg, status,2, status,0
  6016 ;; Tracked objects:
  6017 ;;		On entry : 0/0
  6018 ;;		On exit  : 0/0
  6019 ;;		Unchanged: 0/0
  6020 ;; Data sizes:     COMRAM   BANK0   BANK1   BANK2   BANK3   BANK4   BANK5
  6021 ;;      Params:         0       0       0       0       0       0       0
  6022 ;;      Locals:         0       0       0       0       0       0       0
  6023 ;;      Temps:          0       0       0       0       0       0       0
  6024 ;;      Totals:         0       0       0       0       0       0       0
  6025 ;;Total ram usage:        0 bytes
  6026 ;; Hardware stack levels used: 1
  6027 ;; Hardware stack levels required when called: 4
  6028 ;; This function calls:
  6029 ;;		Nothing
  6030 ;; This function is called by:
  6031 ;;		_SYSTEM_Initialize
  6032 ;; This function uses a non-reentrant model
  6033 ;;
  6034                           
  6035                           	psect	text10
  6036   000D3A                     __ptext10:
  6037                           	callstack 0
  6038   000D3A                     _TMR2_Initialize:
  6039                           	callstack 25
  6040   000D3A                     
  6041                           ;mcc_generated_files/timer/src/tmr2.c: 48:     PR2 = 0x3F;
  6042   000D3A  0E3F               	movlw	63
  6043   000D3C  6EBB               	movwf	187,c	;volatile
  6044   000D3E                     
  6045                           ;mcc_generated_files/timer/src/tmr2.c: 49:     TMR2 = 0x0;
  6046   000D3E  6ABC               	clrf	188,c	;volatile
  6047   000D40                     
  6048                           ;mcc_generated_files/timer/src/tmr2.c: 50:     TMR2_PeriodMatchCallback = TMR2_DefaultPe
      +                          riodMatchCallback;
  6049   000D40  0E00               	movlw	0
  6050   000D42  0100               	movlb	0	; () banked
  6051   000D44  6FD6               	movwf	_TMR2_PeriodMatchCallback& (0+255),b
  6052   000D46  0E00               	movlw	0
  6053   000D48  6FD7               	movwf	(_TMR2_PeriodMatchCallback+1)& (0+255),b
  6054   000D4A                     
  6055                           ; BSR set to: 0
  6056                           ;mcc_generated_files/timer/src/tmr2.c: 52:     PIR1bits.TMR2IF = 0;
  6057   000D4A  929E               	bcf	158,1,c	;volatile
  6058   000D4C                     
  6059                           ; BSR set to: 0
  6060                           ;mcc_generated_files/timer/src/tmr2.c: 53:     T2CON = (2 << 0x0)
  6061   000D4C  0E06               	movlw	6
  6062   000D4E  6EBA               	movwf	186,c	;volatile
  6063   000D50                     
  6064                           ; BSR set to: 0
  6065   000D50  0012               	return		;funcret
  6066   000D52                     __end_of_TMR2_Initialize:
  6067                           	callstack 0
  6068                           
  6069 ;; *************** function _TMR0_Initialize *****************
  6070 ;; Defined at:
  6071 ;;		line 48 in file "mcc_generated_files/timer/src/tmr0.c"
  6072 ;; Parameters:    Size  Location     Type
  6073 ;;		None
  6074 ;; Auto vars:     Size  Location     Type
  6075 ;;		None
  6076 ;; Return value:  Size  Location     Type
  6077 ;;                  1    wreg      void 
  6078 ;; Registers used:
  6079 ;;		wreg, status,2, status,0, cstack
  6080 ;; Tracked objects:
  6081 ;;		On entry : 0/0
  6082 ;;		On exit  : 0/0
  6083 ;;		Unchanged: 0/0
  6084 ;; Data sizes:     COMRAM   BANK0   BANK1   BANK2   BANK3   BANK4   BANK5
  6085 ;;      Params:         0       0       0       0       0       0       0
  6086 ;;      Locals:         0       0       0       0       0       0       0
  6087 ;;      Temps:          0       0       0       0       0       0       0
  6088 ;;      Totals:         0       0       0       0       0       0       0
  6089 ;;Total ram usage:        0 bytes
  6090 ;; Hardware stack levels used: 1
  6091 ;; Hardware stack levels required when called: 5
  6092 ;; This function calls:
  6093 ;;		_TMR0_OverflowCallbackRegister
  6094 ;; This function is called by:
  6095 ;;		_SYSTEM_Initialize
  6096 ;; This function uses a non-reentrant model
  6097 ;;
  6098                           
  6099                           	psect	text11
  6100   000C9E                     __ptext11:
  6101                           	callstack 0
  6102   000C9E                     _TMR0_Initialize:
  6103                           	callstack 24
  6104   000C9E                     
  6105                           ;mcc_generated_files/timer/src/tmr0.c: 51:     T0CONbits.T08BIT = 0;
  6106   000C9E  9CD5               	bcf	213,6,c	;volatile
  6107   000CA0                     
  6108                           ;mcc_generated_files/timer/src/tmr0.c: 52:     TMR0H = 0xF6;
  6109   000CA0  0EF6               	movlw	246
  6110   000CA2  6ED7               	movwf	215,c	;volatile
  6111   000CA4                     
  6112                           ;mcc_generated_files/timer/src/tmr0.c: 53:     TMR0L = 0x0;
  6113   000CA4  6AD6               	clrf	214,c	;volatile
  6114                           
  6115                           ;mcc_generated_files/timer/src/tmr0.c: 54:     tmr0PeriodCount = 62976U;
  6116   000CA6  0EF6               	movlw	246
  6117   000CA8  6E42               	movwf	(_tmr0PeriodCount+1)^0,c	;volatile
  6118   000CAA  0E00               	movlw	0
  6119   000CAC  6E41               	movwf	_tmr0PeriodCount^0,c	;volatile
  6120   000CAE                     
  6121                           ;mcc_generated_files/timer/src/tmr0.c: 55:     TMR0_OverflowCallbackRegister(TMR0_Defaul
      +                          tOverflowCallback);
  6122   000CAE  0EFE               	movlw	low _TMR0_DefaultOverflowCallback
  6123   000CB0  6E0C               	movwf	TMR0_OverflowCallbackRegister@callbackHandler^0,c
  6124   000CB2  0E0D               	movlw	high _TMR0_DefaultOverflowCallback
  6125   000CB4  6E0D               	movwf	(TMR0_OverflowCallbackRegister@callbackHandler+1)^0,c
  6126   000CB6  ECE3  F006         	call	_TMR0_OverflowCallbackRegister	;wreg free
  6127   000CBA                     
  6128                           ;mcc_generated_files/timer/src/tmr0.c: 57:     INTCONbits.TMR0IF = 0;
  6129   000CBA  94F2               	bcf	242,2,c	;volatile
  6130   000CBC                     
  6131                           ;mcc_generated_files/timer/src/tmr0.c: 58:     INTCONbits.TMR0IE = 1;
  6132   000CBC  8AF2               	bsf	242,5,c	;volatile
  6133   000CBE                     
  6134                           ;mcc_generated_files/timer/src/tmr0.c: 60:     T0CON = (3 << 0x0)
  6135   000CBE  0E93               	movlw	147
  6136   000CC0  6ED5               	movwf	213,c	;volatile
  6137   000CC2  0012               	return		;funcret
  6138   000CC4                     __end_of_TMR0_Initialize:
  6139                           	callstack 0
  6140                           
  6141 ;; *************** function _TMR0_OverflowCallbackRegister *****************
  6142 ;; Defined at:
  6143 ;;		line 154 in file "mcc_generated_files/timer/src/tmr0.c"
  6144 ;; Parameters:    Size  Location     Type
  6145 ;;  callbackHand    2   10[COMRAM] PTR FTN()void 
  6146 ;;		 -> timer0ISR(1), TMR0_DefaultOverflowCallback(1), 
  6147 ;; Auto vars:     Size  Location     Type
  6148 ;;		None
  6149 ;; Return value:  Size  Location     Type
  6150 ;;                  1    wreg      void 
  6151 ;; Registers used:
  6152 ;;		wreg, status,2, status,0
  6153 ;; Tracked objects:
  6154 ;;		On entry : 0/0
  6155 ;;		On exit  : 0/0
  6156 ;;		Unchanged: 0/0
  6157 ;; Data sizes:     COMRAM   BANK0   BANK1   BANK2   BANK3   BANK4   BANK5
  6158 ;;      Params:         2       0       0       0       0       0       0
  6159 ;;      Locals:         0       0       0       0       0       0       0
  6160 ;;      Temps:          0       0       0       0       0       0       0
  6161 ;;      Totals:         2       0       0       0       0       0       0
  6162 ;;Total ram usage:        2 bytes
  6163 ;; Hardware stack levels used: 1
  6164 ;; Hardware stack levels required when called: 4
  6165 ;; This function calls:
  6166 ;;		Nothing
  6167 ;; This function is called by:
  6168 ;;		_TMR0_Initialize
  6169 ;;		_main
  6170 ;; This function uses a non-reentrant model
  6171 ;;
  6172                           
  6173                           	psect	text12
  6174   000DC6                     __ptext12:
  6175                           	callstack 0
  6176   000DC6                     _TMR0_OverflowCallbackRegister:
  6177                           	callstack 24
  6178   000DC6                     
  6179                           ;mcc_generated_files/timer/src/tmr0.c: 154: void TMR0_OverflowCallbackRegister(void (* c
      +                          allbackHandler)(void));mcc_generated_files/timer/src/tmr0.c: 155: {;mcc_generated_files/
      +                          timer/src/tmr0.c: 156:     TMR0_OverflowCallback = callbackHandler;
  6180   000DC6  C00C  F04D         	movff	TMR0_OverflowCallbackRegister@callbackHandler,_TMR0_OverflowCallback
  6181   000DCA  C00D  F04E         	movff	TMR0_OverflowCallbackRegister@callbackHandler+1,_TMR0_OverflowCallback+1
  6182   000DCE  0012               	return		;funcret
  6183   000DD0                     __end_of_TMR0_OverflowCallbackRegister:
  6184                           	callstack 0
  6185                           
  6186 ;; *************** function _PIN_MANAGER_Initialize *****************
  6187 ;; Defined at:
  6188 ;;		line 38 in file "mcc_generated_files/system/src/pins.c"
  6189 ;; Parameters:    Size  Location     Type
  6190 ;;		None
  6191 ;; Auto vars:     Size  Location     Type
  6192 ;;		None
  6193 ;; Return value:  Size  Location     Type
  6194 ;;                  1    wreg      void 
  6195 ;; Registers used:
  6196 ;;		wreg, status,2
  6197 ;; Tracked objects:
  6198 ;;		On entry : 0/0
  6199 ;;		On exit  : 0/0
  6200 ;;		Unchanged: 0/0
  6201 ;; Data sizes:     COMRAM   BANK0   BANK1   BANK2   BANK3   BANK4   BANK5
  6202 ;;      Params:         0       0       0       0       0       0       0
  6203 ;;      Locals:         0       0       0       0       0       0       0
  6204 ;;      Temps:          0       0       0       0       0       0       0
  6205 ;;      Totals:         0       0       0       0       0       0       0
  6206 ;;Total ram usage:        0 bytes
  6207 ;; Hardware stack levels used: 1
  6208 ;; Hardware stack levels required when called: 4
  6209 ;; This function calls:
  6210 ;;		Nothing
  6211 ;; This function is called by:
  6212 ;;		_SYSTEM_Initialize
  6213 ;; This function uses a non-reentrant model
  6214 ;;
  6215                           
  6216                           	psect	text13
  6217   000C24                     __ptext13:
  6218                           	callstack 0
  6219   000C24                     _PIN_MANAGER_Initialize:
  6220                           	callstack 25
  6221   000C24                     
  6222                           ;mcc_generated_files/system/src/pins.c: 43:     LATA = 0x0;
  6223   000C24  6A89               	clrf	137,c	;volatile
  6224                           
  6225                           ;mcc_generated_files/system/src/pins.c: 44:     LATB = 0x0;
  6226   000C26  6A8A               	clrf	138,c	;volatile
  6227   000C28                     
  6228                           ;mcc_generated_files/system/src/pins.c: 45:     LATC = 0x40;
  6229   000C28  0E40               	movlw	64
  6230   000C2A  6E8B               	movwf	139,c	;volatile
  6231   000C2C                     
  6232                           ;mcc_generated_files/system/src/pins.c: 53:     TRISA = 0xFF;
  6233   000C2C  6892               	setf	146,c	;volatile
  6234                           
  6235                           ;mcc_generated_files/system/src/pins.c: 54:     TRISB = 0xDF;
  6236   000C2E  0EDF               	movlw	223
  6237   000C30  6E93               	movwf	147,c	;volatile
  6238                           
  6239                           ;mcc_generated_files/system/src/pins.c: 55:     TRISC = 0xB9;
  6240   000C32  0EB9               	movlw	185
  6241   000C34  6E94               	movwf	148,c	;volatile
  6242                           
  6243                           ;mcc_generated_files/system/src/pins.c: 56:     TRISE = 0x80;
  6244   000C36  0E80               	movlw	128
  6245   000C38  6E96               	movwf	150,c	;volatile
  6246                           
  6247                           ;mcc_generated_files/system/src/pins.c: 61:     ANSELA = 0x2F;
  6248   000C3A  0E2F               	movlw	47
  6249   000C3C  010F               	movlb	15	; () banked
  6250   000C3E  6F38               	movwf	56,b	;volatile
  6251                           
  6252                           ;mcc_generated_files/system/src/pins.c: 62:     ANSELB = 0x3F;
  6253   000C40  0E3F               	movlw	63
  6254   000C42  6F39               	movwf	57,b	;volatile
  6255                           
  6256                           ;mcc_generated_files/system/src/pins.c: 63:     ANSELC = 0x3C;
  6257   000C44  0E3C               	movlw	60
  6258   000C46  6F3A               	movwf	58,b	;volatile
  6259   000C48                     
  6260                           ; BSR set to: 15
  6261                           ;mcc_generated_files/system/src/pins.c: 68:     WPUB = 0xFF;
  6262   000C48  6861               	setf	97,c	;volatile
  6263                           
  6264                           ;mcc_generated_files/system/src/pins.c: 89:     IOCB = 0xF0;
  6265   000C4A  0EF0               	movlw	240
  6266   000C4C  6E62               	movwf	98,c	;volatile
  6267   000C4E                     
  6268                           ; BSR set to: 15
  6269                           ;mcc_generated_files/system/src/pins.c: 93:     INTCONbits.RBIE = 1;
  6270   000C4E  86F2               	bsf	242,3,c	;volatile
  6271   000C50                     
  6272                           ; BSR set to: 15
  6273   000C50  0012               	return		;funcret
  6274   000C52                     __end_of_PIN_MANAGER_Initialize:
  6275                           	callstack 0
  6276                           
  6277 ;; *************** function _INTERRUPT_Initialize *****************
  6278 ;; Defined at:
  6279 ;;		line 42 in file "mcc_generated_files/system/src/interrupt.c"
  6280 ;; Parameters:    Size  Location     Type
  6281 ;;		None
  6282 ;; Auto vars:     Size  Location     Type
  6283 ;;		None
  6284 ;; Return value:  Size  Location     Type
  6285 ;;                  1    wreg      void 
  6286 ;; Registers used:
  6287 ;;		wreg, status,2, status,0, cstack
  6288 ;; Tracked objects:
  6289 ;;		On entry : 0/0
  6290 ;;		On exit  : 0/0
  6291 ;;		Unchanged: 0/0
  6292 ;; Data sizes:     COMRAM   BANK0   BANK1   BANK2   BANK3   BANK4   BANK5
  6293 ;;      Params:         0       0       0       0       0       0       0
  6294 ;;      Locals:         0       0       0       0       0       0       0
  6295 ;;      Temps:          0       0       0       0       0       0       0
  6296 ;;      Totals:         0       0       0       0       0       0       0
  6297 ;;Total ram usage:        0 bytes
  6298 ;; Hardware stack levels used: 1
  6299 ;; Hardware stack levels required when called: 5
  6300 ;; This function calls:
  6301 ;;		_INT0_SetInterruptHandler
  6302 ;;		_INT1_SetInterruptHandler
  6303 ;;		_INT2_SetInterruptHandler
  6304 ;; This function is called by:
  6305 ;;		_SYSTEM_Initialize
  6306 ;; This function uses a non-reentrant model
  6307 ;;
  6308                           
  6309                           	psect	text14
  6310   000BBC                     __ptext14:
  6311                           	callstack 0
  6312   000BBC                     _INTERRUPT_Initialize:
  6313                           	callstack 24
  6314   000BBC                     
  6315                           ;mcc_generated_files/system/src/interrupt.c: 45:     RCONbits.IPEN = 0;
  6316   000BBC  9ED0               	bcf	208,7,c	;volatile
  6317                           
  6318                           ;mcc_generated_files/system/src/interrupt.c: 49:     (INTCONbits.INT0IF = 0);
  6319   000BBE  92F2               	bcf	242,1,c	;volatile
  6320                           
  6321                           ;mcc_generated_files/system/src/interrupt.c: 50:     (INTCON2bits.INTEDG0 = 1);
  6322   000BC0  8CF1               	bsf	241,6,c	;volatile
  6323   000BC2                     
  6324                           ;mcc_generated_files/system/src/interrupt.c: 52:     INT0_SetInterruptHandler(INT0_Defau
      +                          ltInterruptHandler);
  6325   000BC2  0E00               	movlw	0
  6326   000BC4  6E0C               	movwf	INT0_SetInterruptHandler@InterruptHandler^0,c
  6327   000BC6  0E00               	movlw	0
  6328   000BC8  6E0D               	movwf	(INT0_SetInterruptHandler@InterruptHandler+1)^0,c
  6329   000BCA  ECF2  F006         	call	_INT0_SetInterruptHandler	;wreg free
  6330   000BCE                     
  6331                           ;mcc_generated_files/system/src/interrupt.c: 57:     (INTCON3bits.INT1IF = 0);
  6332   000BCE  90F0               	bcf	240,0,c	;volatile
  6333   000BD0                     
  6334                           ;mcc_generated_files/system/src/interrupt.c: 58:     (INTCON2bits.INTEDG1 = 1);
  6335   000BD0  8AF1               	bsf	241,5,c	;volatile
  6336                           
  6337                           ;mcc_generated_files/system/src/interrupt.c: 60:     INT1_SetInterruptHandler(INT1_Defau
      +                          ltInterruptHandler);
  6338   000BD2  0E00               	movlw	0
  6339   000BD4  6E0C               	movwf	INT1_SetInterruptHandler@InterruptHandler^0,c
  6340   000BD6  0E00               	movlw	0
  6341   000BD8  6E0D               	movwf	(INT1_SetInterruptHandler@InterruptHandler+1)^0,c
  6342   000BDA  ECED  F006         	call	_INT1_SetInterruptHandler	;wreg free
  6343   000BDE                     
  6344                           ;mcc_generated_files/system/src/interrupt.c: 65:     (INTCON3bits.INT2IF = 0);
  6345   000BDE  92F0               	bcf	240,1,c	;volatile
  6346   000BE0                     
  6347                           ;mcc_generated_files/system/src/interrupt.c: 66:     (INTCON2bits.INTEDG2 = 1);
  6348   000BE0  88F1               	bsf	241,4,c	;volatile
  6349                           
  6350                           ;mcc_generated_files/system/src/interrupt.c: 68:     INT2_SetInterruptHandler(INT2_Defau
      +                          ltInterruptHandler);
  6351   000BE2  0E00               	movlw	0
  6352   000BE4  6E0C               	movwf	INT2_SetInterruptHandler@InterruptHandler^0,c
  6353   000BE6  0E00               	movlw	0
  6354   000BE8  6E0D               	movwf	(INT2_SetInterruptHandler@InterruptHandler+1)^0,c
  6355   000BEA  ECE8  F006         	call	_INT2_SetInterruptHandler	;wreg free
  6356   000BEE  0012               	return		;funcret
  6357   000BF0                     __end_of_INTERRUPT_Initialize:
  6358                           	callstack 0
  6359                           
  6360 ;; *************** function _INT2_SetInterruptHandler *****************
  6361 ;; Defined at:
  6362 ;;		line 162 in file "mcc_generated_files/system/src/interrupt.c"
  6363 ;; Parameters:    Size  Location     Type
  6364 ;;  InterruptHan    2   10[COMRAM] PTR FTN()void 
  6365 ;;		 -> INT2_DefaultInterruptHandler(1), 
  6366 ;; Auto vars:     Size  Location     Type
  6367 ;;		None
  6368 ;; Return value:  Size  Location     Type
  6369 ;;                  1    wreg      void 
  6370 ;; Registers used:
  6371 ;;		wreg, status,2, status,0
  6372 ;; Tracked objects:
  6373 ;;		On entry : 0/0
  6374 ;;		On exit  : 0/0
  6375 ;;		Unchanged: 0/0
  6376 ;; Data sizes:     COMRAM   BANK0   BANK1   BANK2   BANK3   BANK4   BANK5
  6377 ;;      Params:         2       0       0       0       0       0       0
  6378 ;;      Locals:         0       0       0       0       0       0       0
  6379 ;;      Temps:          0       0       0       0       0       0       0
  6380 ;;      Totals:         2       0       0       0       0       0       0
  6381 ;;Total ram usage:        2 bytes
  6382 ;; Hardware stack levels used: 1
  6383 ;; Hardware stack levels required when called: 4
  6384 ;; This function calls:
  6385 ;;		Nothing
  6386 ;; This function is called by:
  6387 ;;		_INTERRUPT_Initialize
  6388 ;; This function uses a non-reentrant model
  6389 ;;
  6390                           
  6391                           	psect	text15
  6392   000DD0                     __ptext15:
  6393                           	callstack 0
  6394   000DD0                     _INT2_SetInterruptHandler:
  6395                           	callstack 24
  6396   000DD0                     
  6397                           ;mcc_generated_files/system/src/interrupt.c: 163:     INT2_InterruptHandler = InterruptH
      +                          andler;
  6398   000DD0  C00C  F043         	movff	INT2_SetInterruptHandler@InterruptHandler,_INT2_InterruptHandler
  6399   000DD4  C00D  F044         	movff	INT2_SetInterruptHandler@InterruptHandler+1,_INT2_InterruptHandler+1
  6400   000DD8  0012               	return		;funcret
  6401   000DDA                     __end_of_INT2_SetInterruptHandler:
  6402                           	callstack 0
  6403                           
  6404 ;; *************** function _INT1_SetInterruptHandler *****************
  6405 ;; Defined at:
  6406 ;;		line 136 in file "mcc_generated_files/system/src/interrupt.c"
  6407 ;; Parameters:    Size  Location     Type
  6408 ;;  InterruptHan    2   10[COMRAM] PTR FTN()void 
  6409 ;;		 -> INT1_DefaultInterruptHandler(1), 
  6410 ;; Auto vars:     Size  Location     Type
  6411 ;;		None
  6412 ;; Return value:  Size  Location     Type
  6413 ;;                  1    wreg      void 
  6414 ;; Registers used:
  6415 ;;		wreg, status,2, status,0
  6416 ;; Tracked objects:
  6417 ;;		On entry : 0/0
  6418 ;;		On exit  : 0/0
  6419 ;;		Unchanged: 0/0
  6420 ;; Data sizes:     COMRAM   BANK0   BANK1   BANK2   BANK3   BANK4   BANK5
  6421 ;;      Params:         2       0       0       0       0       0       0
  6422 ;;      Locals:         0       0       0       0       0       0       0
  6423 ;;      Temps:          0       0       0       0       0       0       0
  6424 ;;      Totals:         2       0       0       0       0       0       0
  6425 ;;Total ram usage:        2 bytes
  6426 ;; Hardware stack levels used: 1
  6427 ;; Hardware stack levels required when called: 4
  6428 ;; This function calls:
  6429 ;;		Nothing
  6430 ;; This function is called by:
  6431 ;;		_INTERRUPT_Initialize
  6432 ;; This function uses a non-reentrant model
  6433 ;;
  6434                           
  6435                           	psect	text16
  6436   000DDA                     __ptext16:
  6437                           	callstack 0
  6438   000DDA                     _INT1_SetInterruptHandler:
  6439                           	callstack 24
  6440   000DDA                     
  6441                           ;mcc_generated_files/system/src/interrupt.c: 137:     INT1_InterruptHandler = InterruptH
      +                          andler;
  6442   000DDA  C00C  F045         	movff	INT1_SetInterruptHandler@InterruptHandler,_INT1_InterruptHandler
  6443   000DDE  C00D  F046         	movff	INT1_SetInterruptHandler@InterruptHandler+1,_INT1_InterruptHandler+1
  6444   000DE2  0012               	return		;funcret
  6445   000DE4                     __end_of_INT1_SetInterruptHandler:
  6446                           	callstack 0
  6447                           
  6448 ;; *************** function _INT0_SetInterruptHandler *****************
  6449 ;; Defined at:
  6450 ;;		line 110 in file "mcc_generated_files/system/src/interrupt.c"
  6451 ;; Parameters:    Size  Location     Type
  6452 ;;  InterruptHan    2   10[COMRAM] PTR FTN()void 
  6453 ;;		 -> INT0_DefaultInterruptHandler(1), 
  6454 ;; Auto vars:     Size  Location     Type
  6455 ;;		None
  6456 ;; Return value:  Size  Location     Type
  6457 ;;                  1    wreg      void 
  6458 ;; Registers used:
  6459 ;;		wreg, status,2, status,0
  6460 ;; Tracked objects:
  6461 ;;		On entry : 0/0
  6462 ;;		On exit  : 0/0
  6463 ;;		Unchanged: 0/0
  6464 ;; Data sizes:     COMRAM   BANK0   BANK1   BANK2   BANK3   BANK4   BANK5
  6465 ;;      Params:         2       0       0       0       0       0       0
  6466 ;;      Locals:         0       0       0       0       0       0       0
  6467 ;;      Temps:          0       0       0       0       0       0       0
  6468 ;;      Totals:         2       0       0       0       0       0       0
  6469 ;;Total ram usage:        2 bytes
  6470 ;; Hardware stack levels used: 1
  6471 ;; Hardware stack levels required when called: 4
  6472 ;; This function calls:
  6473 ;;		Nothing
  6474 ;; This function is called by:
  6475 ;;		_INTERRUPT_Initialize
  6476 ;; This function uses a non-reentrant model
  6477 ;;
  6478                           
  6479                           	psect	text17
  6480   000DE4                     __ptext17:
  6481                           	callstack 0
  6482   000DE4                     _INT0_SetInterruptHandler:
  6483                           	callstack 24
  6484   000DE4                     
  6485                           ;mcc_generated_files/system/src/interrupt.c: 111:     INT0_InterruptHandler = InterruptH
      +                          andler;
  6486   000DE4  C00C  F047         	movff	INT0_SetInterruptHandler@InterruptHandler,_INT0_InterruptHandler
  6487   000DE8  C00D  F048         	movff	INT0_SetInterruptHandler@InterruptHandler+1,_INT0_InterruptHandler+1
  6488   000DEC  0012               	return		;funcret
  6489   000DEE                     __end_of_INT0_SetInterruptHandler:
  6490                           	callstack 0
  6491                           
  6492 ;; *************** function _EUSART1_Initialize *****************
  6493 ;; Defined at:
  6494 ;;		line 99 in file "mcc_generated_files/uart/src/eusart1.c"
  6495 ;; Parameters:    Size  Location     Type
  6496 ;;		None
  6497 ;; Auto vars:     Size  Location     Type
  6498 ;;		None
  6499 ;; Return value:  Size  Location     Type
  6500 ;;                  1    wreg      void 
  6501 ;; Registers used:
  6502 ;;		wreg, status,2, status,0, cstack
  6503 ;; Tracked objects:
  6504 ;;		On entry : 0/0
  6505 ;;		On exit  : 0/0
  6506 ;;		Unchanged: 0/0
  6507 ;; Data sizes:     COMRAM   BANK0   BANK1   BANK2   BANK3   BANK4   BANK5
  6508 ;;      Params:         0       0       0       0       0       0       0
  6509 ;;      Locals:         0       0       0       0       0       0       0
  6510 ;;      Temps:          0       0       0       0       0       0       0
  6511 ;;      Totals:         0       0       0       0       0       0       0
  6512 ;;Total ram usage:        0 bytes
  6513 ;; Hardware stack levels used: 1
  6514 ;; Hardware stack levels required when called: 5
  6515 ;; This function calls:
  6516 ;;		_EUSART1_FramingErrorCallbackRegister
  6517 ;;		_EUSART1_OverrunErrorCallbackRegister
  6518 ;; This function is called by:
  6519 ;;		_SYSTEM_Initialize
  6520 ;; This function uses a non-reentrant model
  6521 ;;
  6522                           
  6523                           	psect	text18
  6524   000BF0                     __ptext18:
  6525                           	callstack 0
  6526   000BF0                     _EUSART1_Initialize:
  6527                           	callstack 24
  6528   000BF0                     
  6529                           ;mcc_generated_files/uart/src/eusart1.c: 104:     BAUDCON1 = 0x48;
  6530   000BF0  0E48               	movlw	72
  6531   000BF2  6EB8               	movwf	184,c	;volatile
  6532                           
  6533                           ;mcc_generated_files/uart/src/eusart1.c: 106:     RCSTA1 = 0x90;
  6534   000BF4  0E90               	movlw	144
  6535   000BF6  6EAB               	movwf	171,c	;volatile
  6536                           
  6537                           ;mcc_generated_files/uart/src/eusart1.c: 108:     TXSTA1 = 0x26;
  6538   000BF8  0E26               	movlw	38
  6539   000BFA  6EAC               	movwf	172,c	;volatile
  6540                           
  6541                           ;mcc_generated_files/uart/src/eusart1.c: 110:     SPBRG1 = 0x82;
  6542   000BFC  0E82               	movlw	130
  6543   000BFE  6EAF               	movwf	175,c	;volatile
  6544                           
  6545                           ;mcc_generated_files/uart/src/eusart1.c: 112:     SPBRGH1 = 0x6;
  6546   000C00  0E06               	movlw	6
  6547   000C02  6EB0               	movwf	176,c	;volatile
  6548   000C04                     
  6549                           ;mcc_generated_files/uart/src/eusart1.c: 114:     EUSART1_FramingErrorCallbackRegister(E
      +                          USART1_DefaultFramingErrorCallback);
  6550   000C04  0EFC               	movlw	low _EUSART1_DefaultFramingErrorCallback
  6551   000C06  6E0C               	movwf	EUSART1_FramingErrorCallbackRegister@callbackHandler^0,c
  6552   000C08  0E0D               	movlw	high _EUSART1_DefaultFramingErrorCallback
  6553   000C0A  6E0D               	movwf	(EUSART1_FramingErrorCallbackRegister@callbackHandler+1)^0,c
  6554   000C0C  EC8F  F006         	call	_EUSART1_FramingErrorCallbackRegister	;wreg free
  6555   000C10                     
  6556                           ;mcc_generated_files/uart/src/eusart1.c: 115:     EUSART1_OverrunErrorCallbackRegister(E
      +                          USART1_DefaultOverrunErrorCallback);
  6557   000C10  0EF4               	movlw	low _EUSART1_DefaultOverrunErrorCallback
  6558   000C12  6E0C               	movwf	EUSART1_OverrunErrorCallbackRegister@callbackHandler^0,c
  6559   000C14  0E0D               	movlw	high _EUSART1_DefaultOverrunErrorCallback
  6560   000C16  6E0D               	movwf	(EUSART1_OverrunErrorCallbackRegister@callbackHandler+1)^0,c
  6561   000C18  EC81  F006         	call	_EUSART1_OverrunErrorCallbackRegister	;wreg free
  6562                           
  6563                           ;mcc_generated_files/uart/src/eusart1.c: 116:     eusart1RxLastError.status = 0;
  6564   000C1C  6A40               	clrf	(_eusart1RxLastError+1)^0,c	;volatile
  6565   000C1E  0E00               	movlw	0
  6566   000C20  6E3F               	movwf	_eusart1RxLastError^0,c	;volatile
  6567   000C22  0012               	return		;funcret
  6568   000C24                     __end_of_EUSART1_Initialize:
  6569                           	callstack 0
  6570                           
  6571 ;; *************** function _EUSART1_OverrunErrorCallbackRegister *****************
  6572 ;; Defined at:
  6573 ;;		line 283 in file "mcc_generated_files/uart/src/eusart1.c"
  6574 ;; Parameters:    Size  Location     Type
  6575 ;;  callbackHand    2   10[COMRAM] PTR FTN()void 
  6576 ;;		 -> EUSART1_DefaultOverrunErrorCallback(1), 
  6577 ;; Auto vars:     Size  Location     Type
  6578 ;;		None
  6579 ;; Return value:  Size  Location     Type
  6580 ;;                  1    wreg      void 
  6581 ;; Registers used:
  6582 ;;		wreg, status,2, status,0
  6583 ;; Tracked objects:
  6584 ;;		On entry : 0/0
  6585 ;;		On exit  : 0/0
  6586 ;;		Unchanged: 0/0
  6587 ;; Data sizes:     COMRAM   BANK0   BANK1   BANK2   BANK3   BANK4   BANK5
  6588 ;;      Params:         2       0       0       0       0       0       0
  6589 ;;      Locals:         0       0       0       0       0       0       0
  6590 ;;      Temps:          0       0       0       0       0       0       0
  6591 ;;      Totals:         2       0       0       0       0       0       0
  6592 ;;Total ram usage:        2 bytes
  6593 ;; Hardware stack levels used: 1
  6594 ;; Hardware stack levels required when called: 4
  6595 ;; This function calls:
  6596 ;;		Nothing
  6597 ;; This function is called by:
  6598 ;;		_EUSART1_Initialize
  6599 ;; This function uses a non-reentrant model
  6600 ;;
  6601                           
  6602                           	psect	text19
  6603   000D02                     __ptext19:
  6604                           	callstack 0
  6605   000D02                     _EUSART1_OverrunErrorCallbackRegister:
  6606                           	callstack 24
  6607   000D02                     
  6608                           ;mcc_generated_files/uart/src/eusart1.c: 283: void EUSART1_OverrunErrorCallbackRegister(
      +                          void (* callbackHandler)(void));mcc_generated_files/uart/src/eusart1.c: 284: {;mcc_gener
      +                          ated_files/uart/src/eusart1.c: 285:     if(((void*)0) != callbackHandler)
  6609   000D02  500C               	movf	EUSART1_OverrunErrorCallbackRegister@callbackHandler^0,w,c
  6610   000D04  100D               	iorwf	(EUSART1_OverrunErrorCallbackRegister@callbackHandler+1)^0,w,c
  6611   000D06  B4D8               	btfsc	status,2,c
  6612   000D08  EF88  F006         	goto	u1021
  6613   000D0C  EF8A  F006         	goto	u1020
  6614   000D10                     u1021:
  6615   000D10  EF8E  F006         	goto	l485
  6616   000D14                     u1020:
  6617   000D14                     
  6618                           ;mcc_generated_files/uart/src/eusart1.c: 286:     {;mcc_generated_files/uart/src/eusart1
      +                          .c: 287:         EUSART1_OverrunErrorHandler = callbackHandler;
  6619   000D14  C00C  F03B         	movff	EUSART1_OverrunErrorCallbackRegister@callbackHandler,_EUSART1_OverrunErrorHandler
  6620   000D18  C00D  F03C         	movff	EUSART1_OverrunErrorCallbackRegister@callbackHandler+1,_EUSART1_OverrunErrorHandl
      +                          er+1
  6621   000D1C                     l485:
  6622   000D1C  0012               	return		;funcret
  6623   000D1E                     __end_of_EUSART1_OverrunErrorCallbackRegister:
  6624                           	callstack 0
  6625                           
  6626 ;; *************** function _EUSART1_FramingErrorCallbackRegister *****************
  6627 ;; Defined at:
  6628 ;;		line 275 in file "mcc_generated_files/uart/src/eusart1.c"
  6629 ;; Parameters:    Size  Location     Type
  6630 ;;  callbackHand    2   10[COMRAM] PTR FTN()void 
  6631 ;;		 -> EUSART1_DefaultFramingErrorCallback(1), 
  6632 ;; Auto vars:     Size  Location     Type
  6633 ;;		None
  6634 ;; Return value:  Size  Location     Type
  6635 ;;                  1    wreg      void 
  6636 ;; Registers used:
  6637 ;;		wreg, status,2, status,0
  6638 ;; Tracked objects:
  6639 ;;		On entry : 0/0
  6640 ;;		On exit  : 0/0
  6641 ;;		Unchanged: 0/0
  6642 ;; Data sizes:     COMRAM   BANK0   BANK1   BANK2   BANK3   BANK4   BANK5
  6643 ;;      Params:         2       0       0       0       0       0       0
  6644 ;;      Locals:         0       0       0       0       0       0       0
  6645 ;;      Temps:          0       0       0       0       0       0       0
  6646 ;;      Totals:         2       0       0       0       0       0       0
  6647 ;;Total ram usage:        2 bytes
  6648 ;; Hardware stack levels used: 1
  6649 ;; Hardware stack levels required when called: 4
  6650 ;; This function calls:
  6651 ;;		Nothing
  6652 ;; This function is called by:
  6653 ;;		_EUSART1_Initialize
  6654 ;; This function uses a non-reentrant model
  6655 ;;
  6656                           
  6657                           	psect	text20
  6658   000D1E                     __ptext20:
  6659                           	callstack 0
  6660   000D1E                     _EUSART1_FramingErrorCallbackRegister:
  6661                           	callstack 24
  6662   000D1E                     
  6663                           ;mcc_generated_files/uart/src/eusart1.c: 275: void EUSART1_FramingErrorCallbackRegister(
      +                          void (* callbackHandler)(void));mcc_generated_files/uart/src/eusart1.c: 276: {;mcc_gener
      +                          ated_files/uart/src/eusart1.c: 277:     if(((void*)0) != callbackHandler)
  6664   000D1E  500C               	movf	EUSART1_FramingErrorCallbackRegister@callbackHandler^0,w,c
  6665   000D20  100D               	iorwf	(EUSART1_FramingErrorCallbackRegister@callbackHandler+1)^0,w,c
  6666   000D22  B4D8               	btfsc	status,2,c
  6667   000D24  EF96  F006         	goto	u1011
  6668   000D28  EF98  F006         	goto	u1010
  6669   000D2C                     u1011:
  6670   000D2C  EF9C  F006         	goto	l481
  6671   000D30                     u1010:
  6672   000D30                     
  6673                           ;mcc_generated_files/uart/src/eusart1.c: 278:     {;mcc_generated_files/uart/src/eusart1
      +                          .c: 279:         EUSART1_FramingErrorHandler = callbackHandler;
  6674   000D30  C00C  F03D         	movff	EUSART1_FramingErrorCallbackRegister@callbackHandler,_EUSART1_FramingErrorHandler
  6675   000D34  C00D  F03E         	movff	EUSART1_FramingErrorCallbackRegister@callbackHandler+1,_EUSART1_FramingErrorHandl
      +                          er+1
  6676   000D38                     l481:
  6677   000D38  0012               	return		;funcret
  6678   000D3A                     __end_of_EUSART1_FramingErrorCallbackRegister:
  6679                           	callstack 0
  6680                           
  6681 ;; *************** function _ECCP3_Initialize *****************
  6682 ;; Defined at:
  6683 ;;		line 38 in file "mcc_generated_files/pwm/src/eccp3.c"
  6684 ;; Parameters:    Size  Location     Type
  6685 ;;		None
  6686 ;; Auto vars:     Size  Location     Type
  6687 ;;		None
  6688 ;; Return value:  Size  Location     Type
  6689 ;;                  1    wreg      void 
  6690 ;; Registers used:
  6691 ;;		wreg, status,2
  6692 ;; Tracked objects:
  6693 ;;		On entry : 0/0
  6694 ;;		On exit  : 0/0
  6695 ;;		Unchanged: 0/0
  6696 ;; Data sizes:     COMRAM   BANK0   BANK1   BANK2   BANK3   BANK4   BANK5
  6697 ;;      Params:         0       0       0       0       0       0       0
  6698 ;;      Locals:         0       0       0       0       0       0       0
  6699 ;;      Temps:          0       0       0       0       0       0       0
  6700 ;;      Totals:         0       0       0       0       0       0       0
  6701 ;;Total ram usage:        0 bytes
  6702 ;; Hardware stack levels used: 1
  6703 ;; Hardware stack levels required when called: 4
  6704 ;; This function calls:
  6705 ;;		Nothing
  6706 ;; This function is called by:
  6707 ;;		_SYSTEM_Initialize
  6708 ;; This function uses a non-reentrant model
  6709 ;;
  6710                           
  6711                           	psect	text21
  6712   000D52                     __ptext21:
  6713                           	callstack 0
  6714   000D52                     _ECCP3_Initialize:
  6715                           	callstack 25
  6716   000D52                     
  6717                           ;mcc_generated_files/pwm/src/eccp3.c: 43:     CCP3CON = 0xC;
  6718   000D52  0E0C               	movlw	12
  6719   000D54  010F               	movlb	15	; () banked
  6720   000D56  6F5D               	movwf	93,b	;volatile
  6721   000D58                     
  6722                           ; BSR set to: 15
  6723                           ;mcc_generated_files/pwm/src/eccp3.c: 46:     ECCP3AS = 0x0;
  6724   000D58  6B5B               	clrf	91,b	;volatile
  6725   000D5A                     
  6726                           ; BSR set to: 15
  6727                           ;mcc_generated_files/pwm/src/eccp3.c: 49:     PWM3CON = 0x0;
  6728   000D5A  6B5C               	clrf	92,b	;volatile
  6729                           
  6730                           ;mcc_generated_files/pwm/src/eccp3.c: 52:     PSTR3CON = 0x1;
  6731   000D5C  0E01               	movlw	1
  6732   000D5E  6F5A               	movwf	90,b	;volatile
  6733   000D60                     
  6734                           ; BSR set to: 15
  6735                           ;mcc_generated_files/pwm/src/eccp3.c: 55:     CCPR3H = 0x0;
  6736   000D60  6B5F               	clrf	95,b	;volatile
  6737   000D62                     
  6738                           ; BSR set to: 15
  6739                           ;mcc_generated_files/pwm/src/eccp3.c: 58:     CCPR3L = 0x0;
  6740   000D62  6B5E               	clrf	94,b	;volatile
  6741                           
  6742                           ;mcc_generated_files/pwm/src/eccp3.c: 61:     CCPTMRS0bits.C3TSEL = 0x0;
  6743   000D64  0E3F               	movlw	-193
  6744   000D66  1749               	andwf	73,f,b	;volatile
  6745   000D68                     
  6746                           ; BSR set to: 15
  6747   000D68  0012               	return		;funcret
  6748   000D6A                     __end_of_ECCP3_Initialize:
  6749                           	callstack 0
  6750                           
  6751 ;; *************** function _ECCP2_Initialize *****************
  6752 ;; Defined at:
  6753 ;;		line 38 in file "mcc_generated_files/pwm/src/eccp2.c"
  6754 ;; Parameters:    Size  Location     Type
  6755 ;;		None
  6756 ;; Auto vars:     Size  Location     Type
  6757 ;;		None
  6758 ;; Return value:  Size  Location     Type
  6759 ;;                  1    wreg      void 
  6760 ;; Registers used:
  6761 ;;		wreg, status,2
  6762 ;; Tracked objects:
  6763 ;;		On entry : 0/0
  6764 ;;		On exit  : 0/0
  6765 ;;		Unchanged: 0/0
  6766 ;; Data sizes:     COMRAM   BANK0   BANK1   BANK2   BANK3   BANK4   BANK5
  6767 ;;      Params:         0       0       0       0       0       0       0
  6768 ;;      Locals:         0       0       0       0       0       0       0
  6769 ;;      Temps:          0       0       0       0       0       0       0
  6770 ;;      Totals:         0       0       0       0       0       0       0
  6771 ;;Total ram usage:        0 bytes
  6772 ;; Hardware stack levels used: 1
  6773 ;; Hardware stack levels required when called: 4
  6774 ;; This function calls:
  6775 ;;		Nothing
  6776 ;; This function is called by:
  6777 ;;		_SYSTEM_Initialize
  6778 ;; This function uses a non-reentrant model
  6779 ;;
  6780                           
  6781                           	psect	text22
  6782   000D6A                     __ptext22:
  6783                           	callstack 0
  6784   000D6A                     _ECCP2_Initialize:
  6785                           	callstack 25
  6786   000D6A                     
  6787                           ;mcc_generated_files/pwm/src/eccp2.c: 43:     CCP2CON = 0xC;
  6788   000D6A  0E0C               	movlw	12
  6789   000D6C  6E66               	movwf	102,c	;volatile
  6790   000D6E                     
  6791                           ;mcc_generated_files/pwm/src/eccp2.c: 46:     ECCP2AS = 0x0;
  6792   000D6E  6A64               	clrf	100,c	;volatile
  6793   000D70                     
  6794                           ;mcc_generated_files/pwm/src/eccp2.c: 49:     PWM2CON = 0x0;
  6795   000D70  6A65               	clrf	101,c	;volatile
  6796                           
  6797                           ;mcc_generated_files/pwm/src/eccp2.c: 52:     PSTR2CON = 0x1;
  6798   000D72  0E01               	movlw	1
  6799   000D74  6E63               	movwf	99,c	;volatile
  6800   000D76                     
  6801                           ;mcc_generated_files/pwm/src/eccp2.c: 55:     CCPR2H = 0x0;
  6802   000D76  6A68               	clrf	104,c	;volatile
  6803   000D78                     
  6804                           ;mcc_generated_files/pwm/src/eccp2.c: 58:     CCPR2L = 0x0;
  6805   000D78  6A67               	clrf	103,c	;volatile
  6806                           
  6807                           ;mcc_generated_files/pwm/src/eccp2.c: 61:     CCPTMRS0bits.C2TSEL = 0x0;
  6808   000D7A  0EE7               	movlw	-25
  6809   000D7C  010F               	movlb	15	; () banked
  6810   000D7E  1749               	andwf	73,f,b	;volatile
  6811   000D80                     
  6812                           ; BSR set to: 15
  6813   000D80  0012               	return		;funcret
  6814   000D82                     __end_of_ECCP2_Initialize:
  6815                           	callstack 0
  6816                           
  6817 ;; *************** function _ECCP1_Initialize *****************
  6818 ;; Defined at:
  6819 ;;		line 38 in file "mcc_generated_files/pwm/src/eccp1.c"
  6820 ;; Parameters:    Size  Location     Type
  6821 ;;		None
  6822 ;; Auto vars:     Size  Location     Type
  6823 ;;		None
  6824 ;; Return value:  Size  Location     Type
  6825 ;;                  1    wreg      void 
  6826 ;; Registers used:
  6827 ;;		wreg, status,2
  6828 ;; Tracked objects:
  6829 ;;		On entry : 0/0
  6830 ;;		On exit  : 0/0
  6831 ;;		Unchanged: 0/0
  6832 ;; Data sizes:     COMRAM   BANK0   BANK1   BANK2   BANK3   BANK4   BANK5
  6833 ;;      Params:         0       0       0       0       0       0       0
  6834 ;;      Locals:         0       0       0       0       0       0       0
  6835 ;;      Temps:          0       0       0       0       0       0       0
  6836 ;;      Totals:         0       0       0       0       0       0       0
  6837 ;;Total ram usage:        0 bytes
  6838 ;; Hardware stack levels used: 1
  6839 ;; Hardware stack levels required when called: 4
  6840 ;; This function calls:
  6841 ;;		Nothing
  6842 ;; This function is called by:
  6843 ;;		_SYSTEM_Initialize
  6844 ;; This function uses a non-reentrant model
  6845 ;;
  6846                           
  6847                           	psect	text23
  6848   000D82                     __ptext23:
  6849                           	callstack 0
  6850   000D82                     _ECCP1_Initialize:
  6851                           	callstack 25
  6852   000D82                     
  6853                           ;mcc_generated_files/pwm/src/eccp1.c: 43:     CCP1CON = 0xC;
  6854   000D82  0E0C               	movlw	12
  6855   000D84  6EBD               	movwf	189,c	;volatile
  6856   000D86                     
  6857                           ;mcc_generated_files/pwm/src/eccp1.c: 46:     ECCP1AS = 0x0;
  6858   000D86  6AB6               	clrf	182,c	;volatile
  6859   000D88                     
  6860                           ;mcc_generated_files/pwm/src/eccp1.c: 49:     PWM1CON = 0x0;
  6861   000D88  6AB7               	clrf	183,c	;volatile
  6862                           
  6863                           ;mcc_generated_files/pwm/src/eccp1.c: 52:     PSTR1CON = 0x1;
  6864   000D8A  0E01               	movlw	1
  6865   000D8C  6EB9               	movwf	185,c	;volatile
  6866   000D8E                     
  6867                           ;mcc_generated_files/pwm/src/eccp1.c: 55:     CCPR1H = 0x0;
  6868   000D8E  6ABF               	clrf	191,c	;volatile
  6869   000D90                     
  6870                           ;mcc_generated_files/pwm/src/eccp1.c: 58:     CCPR1L = 0x0;
  6871   000D90  6ABE               	clrf	190,c	;volatile
  6872                           
  6873                           ;mcc_generated_files/pwm/src/eccp1.c: 61:     CCPTMRS0bits.C1TSEL = 0x0;
  6874   000D92  0EFC               	movlw	-4
  6875   000D94  010F               	movlb	15	; () banked
  6876   000D96  1749               	andwf	73,f,b	;volatile
  6877   000D98                     
  6878                           ; BSR set to: 15
  6879   000D98  0012               	return		;funcret
  6880   000D9A                     __end_of_ECCP1_Initialize:
  6881                           	callstack 0
  6882                           
  6883 ;; *************** function _CLOCK_Initialize *****************
  6884 ;; Defined at:
  6885 ;;		line 39 in file "mcc_generated_files/system/src/clock.c"
  6886 ;; Parameters:    Size  Location     Type
  6887 ;;		None
  6888 ;; Auto vars:     Size  Location     Type
  6889 ;;		None
  6890 ;; Return value:  Size  Location     Type
  6891 ;;                  1    wreg      void 
  6892 ;; Registers used:
  6893 ;;		wreg, status,2
  6894 ;; Tracked objects:
  6895 ;;		On entry : 0/0
  6896 ;;		On exit  : 0/0
  6897 ;;		Unchanged: 0/0
  6898 ;; Data sizes:     COMRAM   BANK0   BANK1   BANK2   BANK3   BANK4   BANK5
  6899 ;;      Params:         0       0       0       0       0       0       0
  6900 ;;      Locals:         0       0       0       0       0       0       0
  6901 ;;      Temps:          0       0       0       0       0       0       0
  6902 ;;      Totals:         0       0       0       0       0       0       0
  6903 ;;Total ram usage:        0 bytes
  6904 ;; Hardware stack levels used: 1
  6905 ;; Hardware stack levels required when called: 4
  6906 ;; This function calls:
  6907 ;;		Nothing
  6908 ;; This function is called by:
  6909 ;;		_SYSTEM_Initialize
  6910 ;; This function uses a non-reentrant model
  6911 ;;
  6912                           
  6913                           	psect	text24
  6914   000DAE                     __ptext24:
  6915                           	callstack 0
  6916   000DAE                     _CLOCK_Initialize:
  6917                           	callstack 25
  6918   000DAE                     
  6919                           ;mcc_generated_files/system/src/clock.c: 41:     OSCCON = (0 << 0x0)
  6920   000DAE  0E70               	movlw	112
  6921   000DB0  6ED3               	movwf	211,c	;volatile
  6922                           
  6923                           ;mcc_generated_files/system/src/clock.c: 44:     OSCCON2 = (1 << 0x2)
  6924   000DB2  0E04               	movlw	4
  6925   000DB4  6ED2               	movwf	210,c	;volatile
  6926                           
  6927                           ;mcc_generated_files/system/src/clock.c: 47:     OSCTUNE = (0 << 0x0)
  6928   000DB6  0E40               	movlw	64
  6929   000DB8  6E9B               	movwf	155,c	;volatile
  6930   000DBA  0012               	return		;funcret
  6931   000DBC                     __end_of_CLOCK_Initialize:
  6932                           	callstack 0
  6933                           
  6934 ;; *************** function _EUSART1_Read *****************
  6935 ;; Defined at:
  6936 ;;		line 218 in file "mcc_generated_files/uart/src/eusart1.c"
  6937 ;; Parameters:    Size  Location     Type
  6938 ;;		None
  6939 ;; Auto vars:     Size  Location     Type
  6940 ;;		None
  6941 ;; Return value:  Size  Location     Type
  6942 ;;                  1    wreg      unsigned char 
  6943 ;; Registers used:
  6944 ;;		wreg, status,2, status,0, pcl, pclath, pclatu, tosl, cstack
  6945 ;; Tracked objects:
  6946 ;;		On entry : 0/0
  6947 ;;		On exit  : 0/0
  6948 ;;		Unchanged: 0/0
  6949 ;; Data sizes:     COMRAM   BANK0   BANK1   BANK2   BANK3   BANK4   BANK5
  6950 ;;      Params:         0       0       0       0       0       0       0
  6951 ;;      Locals:         0       0       0       0       0       0       0
  6952 ;;      Temps:          0       0       0       0       0       0       0
  6953 ;;      Totals:         0       0       0       0       0       0       0
  6954 ;;Total ram usage:        0 bytes
  6955 ;; Hardware stack levels used: 1
  6956 ;; Hardware stack levels required when called: 5
  6957 ;; This function calls:
  6958 ;;		NULL
  6959 ;;		_EUSART1_DefaultFramingErrorCallback
  6960 ;;		_EUSART1_DefaultOverrunErrorCallback
  6961 ;; This function is called by:
  6962 ;;		_main
  6963 ;;		_getch
  6964 ;; This function uses a non-reentrant model
  6965 ;;
  6966                           
  6967                           	psect	text25
  6968   0008CA                     __ptext25:
  6969                           	callstack 0
  6970   0008CA                     _EUSART1_Read:
  6971                           	callstack 25
  6972   0008CA                     
  6973                           ;mcc_generated_files/uart/src/eusart1.c: 220:     eusart1RxLastError.status = 0;
  6974   0008CA  6A40               	clrf	(_eusart1RxLastError+1)^0,c	;volatile
  6975   0008CC  0E00               	movlw	0
  6976   0008CE  6E3F               	movwf	_eusart1RxLastError^0,c	;volatile
  6977   0008D0                     
  6978                           ;mcc_generated_files/uart/src/eusart1.c: 221:     if(1 == RCSTA1bits.OERR)
  6979   0008D0  A2AB               	btfss	171,1,c	;volatile
  6980   0008D2  EF6D  F004         	goto	u1121
  6981   0008D6  EF6F  F004         	goto	u1120
  6982   0008DA                     u1121:
  6983   0008DA  EF85  F004         	goto	l2673
  6984   0008DE                     u1120:
  6985   0008DE                     
  6986                           ;mcc_generated_files/uart/src/eusart1.c: 222:     {;mcc_generated_files/uart/src/eusart1
      +                          .c: 223:         eusart1RxLastError.oerr = 1;
  6987   0008DE  843F               	bsf	_eusart1RxLastError^0,2,c	;volatile
  6988   0008E0                     
  6989                           ;mcc_generated_files/uart/src/eusart1.c: 224:         if(((void*)0) != EUSART1_OverrunEr
      +                          rorHandler)
  6990   0008E0  503B               	movf	_EUSART1_OverrunErrorHandler^0,w,c
  6991   0008E2  103C               	iorwf	(_EUSART1_OverrunErrorHandler+1)^0,w,c
  6992   0008E4  B4D8               	btfsc	status,2,c
  6993   0008E6  EF77  F004         	goto	u1131
  6994   0008EA  EF79  F004         	goto	u1130
  6995   0008EE                     u1131:
  6996   0008EE  EF85  F004         	goto	l2673
  6997   0008F2                     u1130:
  6998   0008F2                     
  6999                           ;mcc_generated_files/uart/src/eusart1.c: 225:         {;mcc_generated_files/uart/src/eus
      +                          art1.c: 226:             EUSART1_OverrunErrorHandler();
  7000   0008F2  D802               	call	u1148
  7001   0008F4  EF85  F004         	goto	u1149
  7002   0008F8                     u1148:
  7003   0008F8  0005               	push	
  7004   0008FA  6EFA               	movwf	pclath,c
  7005   0008FC  503B               	movf	_EUSART1_OverrunErrorHandler^0,w,c
  7006   0008FE  6EFD               	movwf	tosl,c
  7007   000900  503C               	movf	(_EUSART1_OverrunErrorHandler+1)^0,w,c
  7008   000902  6EFE               	movwf	tosh,c
  7009   000904  6AFF               	clrf	tosu,c
  7010   000906  50FA               	movf	pclath,w,c
  7011   000908  0012               	return		;indir
  7012   00090A                     u1149:
  7013   00090A                     l2673:
  7014                           
  7015                           ;mcc_generated_files/uart/src/eusart1.c: 229:     if(1 == RCSTA1bits.FERR)
  7016   00090A  A4AB               	btfss	171,2,c	;volatile
  7017   00090C  EF8A  F004         	goto	u1151
  7018   000910  EF8C  F004         	goto	u1150
  7019   000914                     u1151:
  7020   000914  EFA2  F004         	goto	l2681
  7021   000918                     u1150:
  7022   000918                     
  7023                           ;mcc_generated_files/uart/src/eusart1.c: 230:     {;mcc_generated_files/uart/src/eusart1
      +                          .c: 231:         eusart1RxLastError.ferr = 1;
  7024   000918  823F               	bsf	_eusart1RxLastError^0,1,c	;volatile
  7025   00091A                     
  7026                           ;mcc_generated_files/uart/src/eusart1.c: 232:         if(((void*)0) != EUSART1_FramingEr
      +                          rorHandler)
  7027   00091A  503D               	movf	_EUSART1_FramingErrorHandler^0,w,c
  7028   00091C  103E               	iorwf	(_EUSART1_FramingErrorHandler+1)^0,w,c
  7029   00091E  B4D8               	btfsc	status,2,c
  7030   000920  EF94  F004         	goto	u1161
  7031   000924  EF96  F004         	goto	u1160
  7032   000928                     u1161:
  7033   000928  EFA2  F004         	goto	l2681
  7034   00092C                     u1160:
  7035   00092C                     
  7036                           ;mcc_generated_files/uart/src/eusart1.c: 233:         {;mcc_generated_files/uart/src/eus
      +                          art1.c: 234:             EUSART1_FramingErrorHandler();
  7037   00092C  D802               	call	u1178
  7038   00092E  EFA2  F004         	goto	u1179
  7039   000932                     u1178:
  7040   000932  0005               	push	
  7041   000934  6EFA               	movwf	pclath,c
  7042   000936  503D               	movf	_EUSART1_FramingErrorHandler^0,w,c
  7043   000938  6EFD               	movwf	tosl,c
  7044   00093A  503E               	movf	(_EUSART1_FramingErrorHandler+1)^0,w,c
  7045   00093C  6EFE               	movwf	tosh,c
  7046   00093E  6AFF               	clrf	tosu,c
  7047   000940  50FA               	movf	pclath,w,c
  7048   000942  0012               	return		;indir
  7049   000944                     u1179:
  7050   000944                     l2681:
  7051                           
  7052                           ;mcc_generated_files/uart/src/eusart1.c: 237:     return RCREG1;
  7053   000944  50AE               	movf	174,w,c	;volatile
  7054   000946  0012               	return		;funcret
  7055   000948                     __end_of_EUSART1_Read:
  7056                           	callstack 0
  7057                           
  7058 ;; *************** function _EUSART1_DefaultOverrunErrorCallback *****************
  7059 ;; Defined at:
  7060 ;;		line 268 in file "mcc_generated_files/uart/src/eusart1.c"
  7061 ;; Parameters:    Size  Location     Type
  7062 ;;		None
  7063 ;; Auto vars:     Size  Location     Type
  7064 ;;		None
  7065 ;; Return value:  Size  Location     Type
  7066 ;;                  1    wreg      void 
  7067 ;; Registers used:
  7068 ;;		None
  7069 ;; Tracked objects:
  7070 ;;		On entry : 0/0
  7071 ;;		On exit  : 0/0
  7072 ;;		Unchanged: 0/0
  7073 ;; Data sizes:     COMRAM   BANK0   BANK1   BANK2   BANK3   BANK4   BANK5
  7074 ;;      Params:         0       0       0       0       0       0       0
  7075 ;;      Locals:         0       0       0       0       0       0       0
  7076 ;;      Temps:          0       0       0       0       0       0       0
  7077 ;;      Totals:         0       0       0       0       0       0       0
  7078 ;;Total ram usage:        0 bytes
  7079 ;; Hardware stack levels used: 1
  7080 ;; Hardware stack levels required when called: 4
  7081 ;; This function calls:
  7082 ;;		Nothing
  7083 ;; This function is called by:
  7084 ;;		_EUSART1_Initialize
  7085 ;;		_EUSART1_Read
  7086 ;; This function uses a non-reentrant model
  7087 ;;
  7088                           
  7089                           	psect	text26
  7090   000DF4                     __ptext26:
  7091                           	callstack 0
  7092   000DF4                     _EUSART1_DefaultOverrunErrorCallback:
  7093                           	callstack 25
  7094   000DF4                     
  7095                           ;mcc_generated_files/uart/src/eusart1.c: 271:     RCSTA1bits.CREN = 0;
  7096   000DF4  98AB               	bcf	171,4,c	;volatile
  7097                           
  7098                           ;mcc_generated_files/uart/src/eusart1.c: 272:     RCSTA1bits.CREN = 1;
  7099   000DF6  88AB               	bsf	171,4,c	;volatile
  7100   000DF8  0012               	return		;funcret
  7101   000DFA                     __end_of_EUSART1_DefaultOverrunErrorCallback:
  7102                           	callstack 0
  7103                           
  7104 ;; *************** function _EUSART1_DefaultFramingErrorCallback *****************
  7105 ;; Defined at:
  7106 ;;		line 263 in file "mcc_generated_files/uart/src/eusart1.c"
  7107 ;; Parameters:    Size  Location     Type
  7108 ;;		None
  7109 ;; Auto vars:     Size  Location     Type
  7110 ;;		None
  7111 ;; Return value:  Size  Location     Type
  7112 ;;                  1    wreg      void 
  7113 ;; Registers used:
  7114 ;;		None
  7115 ;; Tracked objects:
  7116 ;;		On entry : 0/0
  7117 ;;		On exit  : 0/0
  7118 ;;		Unchanged: 0/0
  7119 ;; Data sizes:     COMRAM   BANK0   BANK1   BANK2   BANK3   BANK4   BANK5
  7120 ;;      Params:         0       0       0       0       0       0       0
  7121 ;;      Locals:         0       0       0       0       0       0       0
  7122 ;;      Temps:          0       0       0       0       0       0       0
  7123 ;;      Totals:         0       0       0       0       0       0       0
  7124 ;;Total ram usage:        0 bytes
  7125 ;; Hardware stack levels used: 1
  7126 ;; Hardware stack levels required when called: 4
  7127 ;; This function calls:
  7128 ;;		Nothing
  7129 ;; This function is called by:
  7130 ;;		_EUSART1_Initialize
  7131 ;;		_EUSART1_Read
  7132 ;; This function uses a non-reentrant model
  7133 ;;
  7134                           
  7135                           	psect	text27
  7136   000DFC                     __ptext27:
  7137                           	callstack 0
  7138   000DFC                     _EUSART1_DefaultFramingErrorCallback:
  7139                           	callstack 25
  7140   000DFC  0012               	return		;funcret
  7141   000DFE                     __end_of_EUSART1_DefaultFramingErrorCallback:
  7142                           	callstack 0
  7143                           
  7144 ;; *************** function _EUSART1_IsRxReady *****************
  7145 ;; Defined at:
  7146 ;;		line 198 in file "mcc_generated_files/uart/src/eusart1.c"
  7147 ;; Parameters:    Size  Location     Type
  7148 ;;		None
  7149 ;; Auto vars:     Size  Location     Type
  7150 ;;		None
  7151 ;; Return value:  Size  Location     Type
  7152 ;;                  1    wreg      _Bool 
  7153 ;; Registers used:
  7154 ;;		wreg
  7155 ;; Tracked objects:
  7156 ;;		On entry : 0/0
  7157 ;;		On exit  : 0/0
  7158 ;;		Unchanged: 0/0
  7159 ;; Data sizes:     COMRAM   BANK0   BANK1   BANK2   BANK3   BANK4   BANK5
  7160 ;;      Params:         0       0       0       0       0       0       0
  7161 ;;      Locals:         0       0       0       0       0       0       0
  7162 ;;      Temps:          0       0       0       0       0       0       0
  7163 ;;      Totals:         0       0       0       0       0       0       0
  7164 ;;Total ram usage:        0 bytes
  7165 ;; Hardware stack levels used: 1
  7166 ;; Hardware stack levels required when called: 4
  7167 ;; This function calls:
  7168 ;;		Nothing
  7169 ;; This function is called by:
  7170 ;;		_main
  7171 ;;		_getch
  7172 ;; This function uses a non-reentrant model
  7173 ;;
  7174                           
  7175                           	psect	text28
  7176   000D9A                     __ptext28:
  7177                           	callstack 0
  7178   000D9A                     _EUSART1_IsRxReady:
  7179                           	callstack 26
  7180   000D9A                     
  7181                           ;mcc_generated_files/uart/src/eusart1.c: 200:     return (_Bool)(PIR1bits.RC1IF);
  7182   000D9A  BA9E               	btfsc	158,5,c	;volatile
  7183   000D9C  EFD2  F006         	goto	u1111
  7184   000DA0  EFD5  F006         	goto	u1110
  7185   000DA4                     u1111:
  7186   000DA4  0E01               	movlw	1
  7187   000DA6  EFD6  F006         	goto	u1116
  7188   000DAA                     u1110:
  7189   000DAA  0E00               	movlw	0
  7190   000DAC                     u1116:
  7191   000DAC  0012               	return		;funcret
  7192   000DAE                     __end_of_EUSART1_IsRxReady:
  7193                           	callstack 0
  7194                           
  7195 ;; *************** function _ECCP3_LoadDutyValue *****************
  7196 ;; Defined at:
  7197 ;;		line 64 in file "mcc_generated_files/pwm/src/eccp3.c"
  7198 ;; Parameters:    Size  Location     Type
  7199 ;;  dutyValue       2   10[COMRAM] unsigned short 
  7200 ;; Auto vars:     Size  Location     Type
  7201 ;;		None
  7202 ;; Return value:  Size  Location     Type
  7203 ;;                  1    wreg      void 
  7204 ;; Registers used:
  7205 ;;		wreg, status,2, status,0
  7206 ;; Tracked objects:
  7207 ;;		On entry : 0/0
  7208 ;;		On exit  : 0/0
  7209 ;;		Unchanged: 0/0
  7210 ;; Data sizes:     COMRAM   BANK0   BANK1   BANK2   BANK3   BANK4   BANK5
  7211 ;;      Params:         2       0       0       0       0       0       0
  7212 ;;      Locals:         0       0       0       0       0       0       0
  7213 ;;      Temps:          2       0       0       0       0       0       0
  7214 ;;      Totals:         4       0       0       0       0       0       0
  7215 ;;Total ram usage:        4 bytes
  7216 ;; Hardware stack levels used: 1
  7217 ;; Hardware stack levels required when called: 4
  7218 ;; This function calls:
  7219 ;;		Nothing
  7220 ;; This function is called by:
  7221 ;;		_main
  7222 ;; This function uses a non-reentrant model
  7223 ;;
  7224                           
  7225                           	psect	text29
  7226   000A32                     __ptext29:
  7227                           	callstack 0
  7228   000A32                     _ECCP3_LoadDutyValue:
  7229                           	callstack 26
  7230   000A32                     
  7231                           ;mcc_generated_files/pwm/src/eccp3.c: 64: void ECCP3_LoadDutyValue(uint16_t dutyValue);m
      +                          cc_generated_files/pwm/src/eccp3.c: 65: {;mcc_generated_files/pwm/src/eccp3.c: 66:  duty
      +                          Value &= 0x03FF;
  7232   000A32  0EFF               	movlw	255
  7233   000A34  160C               	andwf	ECCP3_LoadDutyValue@dutyValue^0,f,c
  7234   000A36  0E03               	movlw	3
  7235   000A38  160D               	andwf	(ECCP3_LoadDutyValue@dutyValue+1)^0,f,c
  7236                           
  7237                           ;mcc_generated_files/pwm/src/eccp3.c: 69:     CCPR3L = ((dutyValue & 0x03FC) >> 2);
  7238   000A3A  C00C  F00E         	movff	ECCP3_LoadDutyValue@dutyValue,??_ECCP3_LoadDutyValue
  7239   000A3E  C00D  F00F         	movff	ECCP3_LoadDutyValue@dutyValue+1,??_ECCP3_LoadDutyValue+1
  7240   000A42  90D8               	bcf	status,0,c
  7241   000A44  320F               	rrcf	(??_ECCP3_LoadDutyValue+1)^0,f,c
  7242   000A46  320E               	rrcf	??_ECCP3_LoadDutyValue^0,f,c
  7243   000A48  90D8               	bcf	status,0,c
  7244   000A4A  320F               	rrcf	(??_ECCP3_LoadDutyValue+1)^0,f,c
  7245   000A4C  320E               	rrcf	??_ECCP3_LoadDutyValue^0,f,c
  7246   000A4E  500E               	movf	??_ECCP3_LoadDutyValue^0,w,c
  7247   000A50  010F               	movlb	15	; () banked
  7248   000A52  6F5E               	movwf	94,b	;volatile
  7249                           
  7250                           ;mcc_generated_files/pwm/src/eccp3.c: 72:     CCP3CON = (uint8_t)((CCP3CON & 0xCF) | ((d
      +                          utyValue & 0x0003) << 4));
  7251   000A54  C00C  F00E         	movff	ECCP3_LoadDutyValue@dutyValue,??_ECCP3_LoadDutyValue
  7252   000A58  0E03               	movlw	3
  7253   000A5A  160E               	andwf	??_ECCP3_LoadDutyValue^0,f,c
  7254   000A5C  3A0E               	swapf	??_ECCP3_LoadDutyValue^0,f,c
  7255   000A5E  0EF0               	movlw	240
  7256   000A60  160E               	andwf	??_ECCP3_LoadDutyValue^0,f,c
  7257   000A62  515D               	movf	93,w,b	;volatile
  7258   000A64  0BCF               	andlw	207
  7259   000A66  100E               	iorwf	??_ECCP3_LoadDutyValue^0,w,c
  7260   000A68  6F5D               	movwf	93,b	;volatile
  7261   000A6A                     
  7262                           ; BSR set to: 15
  7263   000A6A  0012               	return		;funcret
  7264   000A6C                     __end_of_ECCP3_LoadDutyValue:
  7265                           	callstack 0
  7266                           
  7267 ;; *************** function _ECCP2_LoadDutyValue *****************
  7268 ;; Defined at:
  7269 ;;		line 64 in file "mcc_generated_files/pwm/src/eccp2.c"
  7270 ;; Parameters:    Size  Location     Type
  7271 ;;  dutyValue       2   10[COMRAM] unsigned short 
  7272 ;; Auto vars:     Size  Location     Type
  7273 ;;		None
  7274 ;; Return value:  Size  Location     Type
  7275 ;;                  1    wreg      void 
  7276 ;; Registers used:
  7277 ;;		wreg, status,2, status,0
  7278 ;; Tracked objects:
  7279 ;;		On entry : 0/0
  7280 ;;		On exit  : 0/0
  7281 ;;		Unchanged: 0/0
  7282 ;; Data sizes:     COMRAM   BANK0   BANK1   BANK2   BANK3   BANK4   BANK5
  7283 ;;      Params:         2       0       0       0       0       0       0
  7284 ;;      Locals:         0       0       0       0       0       0       0
  7285 ;;      Temps:          2       0       0       0       0       0       0
  7286 ;;      Totals:         4       0       0       0       0       0       0
  7287 ;;Total ram usage:        4 bytes
  7288 ;; Hardware stack levels used: 1
  7289 ;; Hardware stack levels required when called: 4
  7290 ;; This function calls:
  7291 ;;		Nothing
  7292 ;; This function is called by:
  7293 ;;		_main
  7294 ;; This function uses a non-reentrant model
  7295 ;;
  7296                           
  7297                           	psect	text30
  7298   000AA6                     __ptext30:
  7299                           	callstack 0
  7300   000AA6                     _ECCP2_LoadDutyValue:
  7301                           	callstack 26
  7302   000AA6                     
  7303                           ;mcc_generated_files/pwm/src/eccp2.c: 64: void ECCP2_LoadDutyValue(uint16_t dutyValue);m
      +                          cc_generated_files/pwm/src/eccp2.c: 65: {;mcc_generated_files/pwm/src/eccp2.c: 66:  duty
      +                          Value &= 0x03FF;
  7304   000AA6  0EFF               	movlw	255
  7305   000AA8  160C               	andwf	ECCP2_LoadDutyValue@dutyValue^0,f,c
  7306   000AAA  0E03               	movlw	3
  7307   000AAC  160D               	andwf	(ECCP2_LoadDutyValue@dutyValue+1)^0,f,c
  7308                           
  7309                           ;mcc_generated_files/pwm/src/eccp2.c: 69:     CCPR2L = ((dutyValue & 0x03FC) >> 2);
  7310   000AAE  C00C  F00E         	movff	ECCP2_LoadDutyValue@dutyValue,??_ECCP2_LoadDutyValue
  7311   000AB2  C00D  F00F         	movff	ECCP2_LoadDutyValue@dutyValue+1,??_ECCP2_LoadDutyValue+1
  7312   000AB6  90D8               	bcf	status,0,c
  7313   000AB8  320F               	rrcf	(??_ECCP2_LoadDutyValue+1)^0,f,c
  7314   000ABA  320E               	rrcf	??_ECCP2_LoadDutyValue^0,f,c
  7315   000ABC  90D8               	bcf	status,0,c
  7316   000ABE  320F               	rrcf	(??_ECCP2_LoadDutyValue+1)^0,f,c
  7317   000AC0  320E               	rrcf	??_ECCP2_LoadDutyValue^0,f,c
  7318   000AC2  500E               	movf	??_ECCP2_LoadDutyValue^0,w,c
  7319   000AC4  6E67               	movwf	103,c	;volatile
  7320                           
  7321                           ;mcc_generated_files/pwm/src/eccp2.c: 72:     CCP2CON = (uint8_t)((CCP2CON & 0xCF) | ((d
      +                          utyValue & 0x0003) << 4));
  7322   000AC6  C00C  F00E         	movff	ECCP2_LoadDutyValue@dutyValue,??_ECCP2_LoadDutyValue
  7323   000ACA  0E03               	movlw	3
  7324   000ACC  160E               	andwf	??_ECCP2_LoadDutyValue^0,f,c
  7325   000ACE  3A0E               	swapf	??_ECCP2_LoadDutyValue^0,f,c
  7326   000AD0  0EF0               	movlw	240
  7327   000AD2  160E               	andwf	??_ECCP2_LoadDutyValue^0,f,c
  7328   000AD4  5066               	movf	102,w,c	;volatile
  7329   000AD6  0BCF               	andlw	207
  7330   000AD8  100E               	iorwf	??_ECCP2_LoadDutyValue^0,w,c
  7331   000ADA  6E66               	movwf	102,c	;volatile
  7332   000ADC  0012               	return		;funcret
  7333   000ADE                     __end_of_ECCP2_LoadDutyValue:
  7334                           	callstack 0
  7335                           
  7336 ;; *************** function _ECCP1_LoadDutyValue *****************
  7337 ;; Defined at:
  7338 ;;		line 64 in file "mcc_generated_files/pwm/src/eccp1.c"
  7339 ;; Parameters:    Size  Location     Type
  7340 ;;  dutyValue       2   10[COMRAM] unsigned short 
  7341 ;; Auto vars:     Size  Location     Type
  7342 ;;		None
  7343 ;; Return value:  Size  Location     Type
  7344 ;;                  1    wreg      void 
  7345 ;; Registers used:
  7346 ;;		wreg, status,2, status,0
  7347 ;; Tracked objects:
  7348 ;;		On entry : 0/0
  7349 ;;		On exit  : 0/0
  7350 ;;		Unchanged: 0/0
  7351 ;; Data sizes:     COMRAM   BANK0   BANK1   BANK2   BANK3   BANK4   BANK5
  7352 ;;      Params:         2       0       0       0       0       0       0
  7353 ;;      Locals:         0       0       0       0       0       0       0
  7354 ;;      Temps:          2       0       0       0       0       0       0
  7355 ;;      Totals:         4       0       0       0       0       0       0
  7356 ;;Total ram usage:        4 bytes
  7357 ;; Hardware stack levels used: 1
  7358 ;; Hardware stack levels required when called: 4
  7359 ;; This function calls:
  7360 ;;		Nothing
  7361 ;; This function is called by:
  7362 ;;		_main
  7363 ;; This function uses a non-reentrant model
  7364 ;;
  7365                           
  7366                           	psect	text31
  7367   000ADE                     __ptext31:
  7368                           	callstack 0
  7369   000ADE                     _ECCP1_LoadDutyValue:
  7370                           	callstack 26
  7371   000ADE                     
  7372                           ;mcc_generated_files/pwm/src/eccp1.c: 64: void ECCP1_LoadDutyValue(uint16_t dutyValue);m
      +                          cc_generated_files/pwm/src/eccp1.c: 65: {;mcc_generated_files/pwm/src/eccp1.c: 66:  duty
      +                          Value &= 0x03FF;
  7373   000ADE  0EFF               	movlw	255
  7374   000AE0  160C               	andwf	ECCP1_LoadDutyValue@dutyValue^0,f,c
  7375   000AE2  0E03               	movlw	3
  7376   000AE4  160D               	andwf	(ECCP1_LoadDutyValue@dutyValue+1)^0,f,c
  7377                           
  7378                           ;mcc_generated_files/pwm/src/eccp1.c: 69:     CCPR1L = ((dutyValue & 0x03FC) >> 2);
  7379   000AE6  C00C  F00E         	movff	ECCP1_LoadDutyValue@dutyValue,??_ECCP1_LoadDutyValue
  7380   000AEA  C00D  F00F         	movff	ECCP1_LoadDutyValue@dutyValue+1,??_ECCP1_LoadDutyValue+1
  7381   000AEE  90D8               	bcf	status,0,c
  7382   000AF0  320F               	rrcf	(??_ECCP1_LoadDutyValue+1)^0,f,c
  7383   000AF2  320E               	rrcf	??_ECCP1_LoadDutyValue^0,f,c
  7384   000AF4  90D8               	bcf	status,0,c
  7385   000AF6  320F               	rrcf	(??_ECCP1_LoadDutyValue+1)^0,f,c
  7386   000AF8  320E               	rrcf	??_ECCP1_LoadDutyValue^0,f,c
  7387   000AFA  500E               	movf	??_ECCP1_LoadDutyValue^0,w,c
  7388   000AFC  6EBE               	movwf	190,c	;volatile
  7389                           
  7390                           ;mcc_generated_files/pwm/src/eccp1.c: 72:     CCP1CON = (uint8_t)((CCP1CON & 0xCF) | ((d
      +                          utyValue & 0x0003) << 4));
  7391   000AFE  C00C  F00E         	movff	ECCP1_LoadDutyValue@dutyValue,??_ECCP1_LoadDutyValue
  7392   000B02  0E03               	movlw	3
  7393   000B04  160E               	andwf	??_ECCP1_LoadDutyValue^0,f,c
  7394   000B06  3A0E               	swapf	??_ECCP1_LoadDutyValue^0,f,c
  7395   000B08  0EF0               	movlw	240
  7396   000B0A  160E               	andwf	??_ECCP1_LoadDutyValue^0,f,c
  7397   000B0C  50BD               	movf	189,w,c	;volatile
  7398   000B0E  0BCF               	andlw	207
  7399   000B10  100E               	iorwf	??_ECCP1_LoadDutyValue^0,w,c
  7400   000B12  6EBD               	movwf	189,c	;volatile
  7401   000B14  0012               	return		;funcret
  7402   000B16                     __end_of_ECCP1_LoadDutyValue:
  7403                           	callstack 0
  7404                           
  7405 ;; *************** function _INTERRUPT_InterruptManager *****************
  7406 ;; Defined at:
  7407 ;;		line 80 in file "mcc_generated_files/system/src/interrupt.c"
  7408 ;; Parameters:    Size  Location     Type
  7409 ;;		None
  7410 ;; Auto vars:     Size  Location     Type
  7411 ;;		None
  7412 ;; Return value:  Size  Location     Type
  7413 ;;                  1    wreg      void 
  7414 ;; Registers used:
  7415 ;;		wreg, fsr2l, fsr2h, status,2, status,0, pcl, pclath, pclatu, tosl, prodl, prodh, cstack
  7416 ;; Tracked objects:
  7417 ;;		On entry : 0/0
  7418 ;;		On exit  : 0/0
  7419 ;;		Unchanged: 0/0
  7420 ;; Data sizes:     COMRAM   BANK0   BANK1   BANK2   BANK3   BANK4   BANK5
  7421 ;;      Params:         0       0       0       0       0       0       0
  7422 ;;      Locals:         0       0       0       0       0       0       0
  7423 ;;      Temps:          6       0       0       0       0       0       0
  7424 ;;      Totals:         6       0       0       0       0       0       0
  7425 ;;Total ram usage:        6 bytes
  7426 ;; Hardware stack levels used: 1
  7427 ;; Hardware stack levels required when called: 3
  7428 ;; This function calls:
  7429 ;;		_TMR0_OverflowISR
  7430 ;; This function is called by:
  7431 ;;		Interrupt level 2
  7432 ;; This function uses a non-reentrant model
  7433 ;;
  7434                           
  7435                           	psect	intcode
  7436   000008                     __pintcode:
  7437                           	callstack 0
  7438   000008                     _INTERRUPT_InterruptManager:
  7439                           	callstack 21
  7440                           
  7441                           ;incstack = 0
  7442   000008  8201               	bsf	int$flags,1,c	;set compiler interrupt flag (level 2)
  7443   00000A  CFFA F006          	movff	pclath,??_INTERRUPT_InterruptManager
  7444   00000E  CFFB F007          	movff	pclatu,??_INTERRUPT_InterruptManager+1
  7445   000012  CFD9 F008          	movff	fsr2l,??_INTERRUPT_InterruptManager+2
  7446   000016  CFDA F009          	movff	fsr2h,??_INTERRUPT_InterruptManager+3
  7447   00001A  CFF3 F00A          	movff	prodl,??_INTERRUPT_InterruptManager+4
  7448   00001E  CFF4 F00B          	movff	prodh,??_INTERRUPT_InterruptManager+5
  7449   000022                     
  7450                           ;mcc_generated_files/system/src/interrupt.c: 83:     if(INTCONbits.PEIE == 1)
  7451   000022  ACF2               	btfss	242,6,c	;volatile
  7452   000024  EF16  F000         	goto	i2u77_41
  7453   000028  EF18  F000         	goto	i2u77_40
  7454   00002C                     i2u77_41:
  7455   00002C  EF28  F000         	goto	i2l166
  7456   000030                     i2u77_40:
  7457   000030                     
  7458                           ;mcc_generated_files/system/src/interrupt.c: 84:     {;mcc_generated_files/system/src/in
      +                          terrupt.c: 85:         if(INTCONbits.TMR0IE == 1 && INTCONbits.TMR0IF == 1)
  7459   000030  AAF2               	btfss	242,5,c	;volatile
  7460   000032  EF1D  F000         	goto	i2u78_41
  7461   000036  EF1F  F000         	goto	i2u78_40
  7462   00003A                     i2u78_41:
  7463   00003A  EF28  F000         	goto	i2l166
  7464   00003E                     i2u78_40:
  7465   00003E  A4F2               	btfss	242,2,c	;volatile
  7466   000040  EF24  F000         	goto	i2u79_41
  7467   000044  EF26  F000         	goto	i2u79_40
  7468   000048                     i2u79_41:
  7469   000048  EF28  F000         	goto	i2l166
  7470   00004C                     i2u79_40:
  7471   00004C                     
  7472                           ;mcc_generated_files/system/src/interrupt.c: 86:         {;mcc_generated_files/system/sr
      +                          c/interrupt.c: 87:             TMR0_OverflowISR();
  7473   00004C  ECC3  F005         	call	_TMR0_OverflowISR	;wreg free
  7474   000050                     i2l166:
  7475   000050  C00B  FFF4         	movff	??_INTERRUPT_InterruptManager+5,prodh
  7476   000054  C00A  FFF3         	movff	??_INTERRUPT_InterruptManager+4,prodl
  7477   000058  C009  FFDA         	movff	??_INTERRUPT_InterruptManager+3,fsr2h
  7478   00005C  C008  FFD9         	movff	??_INTERRUPT_InterruptManager+2,fsr2l
  7479   000060  C007  FFFB         	movff	??_INTERRUPT_InterruptManager+1,pclatu
  7480   000064  C006  FFFA         	movff	??_INTERRUPT_InterruptManager,pclath
  7481   000068  9201               	bcf	int$flags,1,c	;clear compiler interrupt flag (level 2)
  7482   00006A  0011               	retfie		f
  7483   00006C                     __end_of_INTERRUPT_InterruptManager:
  7484                           	callstack 0
  7485                           
  7486 ;; *************** function _TMR0_OverflowISR *****************
  7487 ;; Defined at:
  7488 ;;		line 139 in file "mcc_generated_files/timer/src/tmr0.c"
  7489 ;; Parameters:    Size  Location     Type
  7490 ;;		None
  7491 ;; Auto vars:     Size  Location     Type
  7492 ;;		None
  7493 ;; Return value:  Size  Location     Type
  7494 ;;                  1    wreg      void 
  7495 ;; Registers used:
  7496 ;;		wreg, fsr2l, fsr2h, status,2, status,0, pcl, pclath, pclatu, tosl, prodl, prodh, cstack
  7497 ;; Tracked objects:
  7498 ;;		On entry : 0/0
  7499 ;;		On exit  : 0/0
  7500 ;;		Unchanged: 0/0
  7501 ;; Data sizes:     COMRAM   BANK0   BANK1   BANK2   BANK3   BANK4   BANK5
  7502 ;;      Params:         0       0       0       0       0       0       0
  7503 ;;      Locals:         0       0       0       0       0       0       0
  7504 ;;      Temps:          0       0       0       0       0       0       0
  7505 ;;      Totals:         0       0       0       0       0       0       0
  7506 ;;Total ram usage:        0 bytes
  7507 ;; Hardware stack levels used: 1
  7508 ;; Hardware stack levels required when called: 2
  7509 ;; This function calls:
  7510 ;;		NULL
  7511 ;;		_TMR0_DefaultOverflowCallback
  7512 ;;		_timer0ISR
  7513 ;; This function is called by:
  7514 ;;		_INTERRUPT_InterruptManager
  7515 ;; This function uses a non-reentrant model
  7516 ;;
  7517                           
  7518                           	psect	text33
  7519   000B86                     __ptext33:
  7520                           	callstack 0
  7521   000B86                     _TMR0_OverflowISR:
  7522                           	callstack 21
  7523   000B86                     
  7524                           ;mcc_generated_files/timer/src/tmr0.c: 144:     TMR0H = (uint8_t)(tmr0PeriodCount >> 8);
  7525   000B86  5042               	movf	(_tmr0PeriodCount+1)^0,w,c	;volatile
  7526   000B88  6ED7               	movwf	215,c	;volatile
  7527   000B8A                     
  7528                           ;mcc_generated_files/timer/src/tmr0.c: 145:     TMR0L = (uint8_t)(tmr0PeriodCount);
  7529   000B8A  C041  FFD6         	movff	_tmr0PeriodCount,4054	;volatile
  7530   000B8E                     
  7531                           ;mcc_generated_files/timer/src/tmr0.c: 147:     if(((void*)0) != TMR0_OverflowCallback)
  7532   000B8E  504D               	movf	_TMR0_OverflowCallback^0,w,c
  7533   000B90  104E               	iorwf	(_TMR0_OverflowCallback+1)^0,w,c
  7534   000B92  B4D8               	btfsc	status,2,c
  7535   000B94  EFCE  F005         	goto	i2u75_41
  7536   000B98  EFD0  F005         	goto	i2u75_40
  7537   000B9C                     i2u75_41:
  7538   000B9C  EFDC  F005         	goto	i2l2253
  7539   000BA0                     i2u75_40:
  7540   000BA0                     
  7541                           ;mcc_generated_files/timer/src/tmr0.c: 148:     {;mcc_generated_files/timer/src/tmr0.c: 
      +                          149:         TMR0_OverflowCallback();
  7542   000BA0  D802               	call	i2u76_48
  7543   000BA2  EFDC  F005         	goto	i2u76_49
  7544   000BA6                     i2u76_48:
  7545   000BA6  0005               	push	
  7546   000BA8  6EFA               	movwf	pclath,c
  7547   000BAA  504D               	movf	_TMR0_OverflowCallback^0,w,c
  7548   000BAC  6EFD               	movwf	tosl,c
  7549   000BAE  504E               	movf	(_TMR0_OverflowCallback+1)^0,w,c
  7550   000BB0  6EFE               	movwf	tosh,c
  7551   000BB2  6AFF               	clrf	tosu,c
  7552   000BB4  50FA               	movf	pclath,w,c
  7553   000BB6  0012               	return		;indir
  7554   000BB8                     i2u76_49:
  7555   000BB8                     i2l2253:
  7556                           
  7557                           ;mcc_generated_files/timer/src/tmr0.c: 151:     INTCONbits.TMR0IF = 0;
  7558   000BB8  94F2               	bcf	242,2,c	;volatile
  7559   000BBA  0012               	return		;funcret
  7560   000BBC                     __end_of_TMR0_OverflowISR:
  7561                           	callstack 0
  7562                           
  7563 ;; *************** function _TMR0_DefaultOverflowCallback *****************
  7564 ;; Defined at:
  7565 ;;		line 159 in file "mcc_generated_files/timer/src/tmr0.c"
  7566 ;; Parameters:    Size  Location     Type
  7567 ;;		None
  7568 ;; Auto vars:     Size  Location     Type
  7569 ;;		None
  7570 ;; Return value:  Size  Location     Type
  7571 ;;                  1    wreg      void 
  7572 ;; Registers used:
  7573 ;;		None
  7574 ;; Tracked objects:
  7575 ;;		On entry : 0/0
  7576 ;;		On exit  : 0/0
  7577 ;;		Unchanged: 0/0
  7578 ;; Data sizes:     COMRAM   BANK0   BANK1   BANK2   BANK3   BANK4   BANK5
  7579 ;;      Params:         0       0       0       0       0       0       0
  7580 ;;      Locals:         0       0       0       0       0       0       0
  7581 ;;      Temps:          0       0       0       0       0       0       0
  7582 ;;      Totals:         0       0       0       0       0       0       0
  7583 ;;Total ram usage:        0 bytes
  7584 ;; Hardware stack levels used: 1
  7585 ;; This function calls:
  7586 ;;		Nothing
  7587 ;; This function is called by:
  7588 ;;		_TMR0_Initialize
  7589 ;;		_TMR0_OverflowISR
  7590 ;; This function uses a non-reentrant model
  7591 ;;
  7592                           
  7593                           	psect	text34
  7594   000DFE                     __ptext34:
  7595                           	callstack 0
  7596   000DFE                     _TMR0_DefaultOverflowCallback:
  7597                           	callstack 22
  7598   000DFE  0012               	return		;funcret
  7599   000E00                     __end_of_TMR0_DefaultOverflowCallback:
  7600                           	callstack 0
  7601                           
  7602 ;; *************** function _timer0ISR *****************
  7603 ;; Defined at:
  7604 ;;		line 237 in file "main.c"
  7605 ;; Parameters:    Size  Location     Type
  7606 ;;		None
  7607 ;; Auto vars:     Size  Location     Type
  7608 ;;		None
  7609 ;; Return value:  Size  Location     Type
  7610 ;;                  1    wreg      void 
  7611 ;; Registers used:
  7612 ;;		wreg, fsr2l, fsr2h, status,2, status,0, prodl, prodh, cstack
  7613 ;; Tracked objects:
  7614 ;;		On entry : 0/0
  7615 ;;		On exit  : 0/0
  7616 ;;		Unchanged: 0/0
  7617 ;; Data sizes:     COMRAM   BANK0   BANK1   BANK2   BANK3   BANK4   BANK5
  7618 ;;      Params:         0       0       0       0       0       0       0
  7619 ;;      Locals:         0       0       0       0       0       0       0
  7620 ;;      Temps:          0       0       0       0       0       0       0
  7621 ;;      Totals:         0       0       0       0       0       0       0
  7622 ;;Total ram usage:        0 bytes
  7623 ;; Hardware stack levels used: 1
  7624 ;; Hardware stack levels required when called: 1
  7625 ;; This function calls:
  7626 ;;		i2_ECCP1_LoadDutyValue
  7627 ;;		i2_ECCP2_LoadDutyValue
  7628 ;;		i2_ECCP3_LoadDutyValue
  7629 ;; This function is called by:
  7630 ;;		_main
  7631 ;;		_TMR0_OverflowISR
  7632 ;; This function uses a non-reentrant model
  7633 ;;
  7634                           
  7635                           	psect	text35
  7636   00082C                     __ptext35:
  7637                           	callstack 0
  7638   00082C                     _timer0ISR:
  7639                           	callstack 21
  7640   00082C                     
  7641                           ;main.c: 239: ;main.c: 240:     };main.c: 241:     return;
  7642   00082C  044C               	decf	_colorTour^0,w,c
  7643   00082E  A4D8               	btfss	status,2,c
  7644   000830  EF1C  F004         	goto	i2u71_41
  7645   000834  EF1E  F004         	goto	i2u71_40
  7646   000838                     i2u71_41:
  7647   000838  EF64  F004         	goto	i2l583
  7648   00083C                     i2u71_40:
  7649   00083C  C039  F002         	movff	timer0ISR@currentRedValue,i2ECCP1_LoadDutyValue@dutyValue
  7650   000840  C03A  F003         	movff	timer0ISR@currentRedValue+1,i2ECCP1_LoadDutyValue@dutyValue+1
  7651   000844  ECA7  F005         	call	i2_ECCP1_LoadDutyValue	;wreg free
  7652   000848  C037  F002         	movff	timer0ISR@currentGreenValue,i2ECCP2_LoadDutyValue@dutyValue
  7653   00084C  C038  F003         	movff	timer0ISR@currentGreenValue+1,i2ECCP2_LoadDutyValue@dutyValue+1
  7654   000850  EC8B  F005         	call	i2_ECCP2_LoadDutyValue	;wreg free
  7655   000854  C04F  F002         	movff	timer0ISR@currentBlueValue,i2ECCP3_LoadDutyValue@dutyValue
  7656   000858  C050  F003         	movff	timer0ISR@currentBlueValue+1,i2ECCP3_LoadDutyValue@dutyValue+1
  7657   00085C  EC36  F005         	call	i2_ECCP3_LoadDutyValue	;wreg free
  7658   000860  504B               	movf	timer0ISR@currentCubeIndex^0,w,c
  7659   000862  0D02               	mullw	2
  7660   000864  50F3               	movf	243,w,c
  7661   000866  0F9C               	addlw	low _deltaRed
  7662   000868  6ED9               	movwf	fsr2l,c
  7663   00086A  6ADA               	clrf	fsr2h,c
  7664   00086C  50DE               	movf	postinc2,w,c
  7665   00086E  2639               	addwf	timer0ISR@currentRedValue^0,f,c
  7666   000870  50DD               	movf	postdec2,w,c
  7667   000872  223A               	addwfc	(timer0ISR@currentRedValue+1)^0,f,c
  7668   000874  504B               	movf	timer0ISR@currentCubeIndex^0,w,c
  7669   000876  0D02               	mullw	2
  7670   000878  50F3               	movf	243,w,c
  7671   00087A  0F90               	addlw	low _deltaGre
  7672   00087C  6ED9               	movwf	fsr2l,c
  7673   00087E  6ADA               	clrf	fsr2h,c
  7674   000880  50DE               	movf	postinc2,w,c
  7675   000882  2637               	addwf	timer0ISR@currentGreenValue^0,f,c
  7676   000884  50DD               	movf	postdec2,w,c
  7677   000886  2238               	addwfc	(timer0ISR@currentGreenValue+1)^0,f,c
  7678   000888  504B               	movf	timer0ISR@currentCubeIndex^0,w,c
  7679   00088A  0D02               	mullw	2
  7680   00088C  50F3               	movf	243,w,c
  7681   00088E  0F84               	addlw	low _deltaBlu
  7682   000890  6ED9               	movwf	fsr2l,c
  7683   000892  6ADA               	clrf	fsr2h,c
  7684   000894  50DE               	movf	postinc2,w,c
  7685   000896  264F               	addwf	timer0ISR@currentBlueValue^0,f,c
  7686   000898  50DD               	movf	postdec2,w,c
  7687   00089A  2250               	addwfc	(timer0ISR@currentBlueValue+1)^0,f,c
  7688   00089C  2A4A               	incf	timer0ISR@currentIntraIndex^0,f,c
  7689   00089E  284A               	incf	timer0ISR@currentIntraIndex^0,w,c
  7690   0008A0  A4D8               	btfss	status,2,c
  7691   0008A2  EF55  F004         	goto	i2u72_41
  7692   0008A6  EF57  F004         	goto	i2u72_40
  7693   0008AA                     i2u72_41:
  7694   0008AA  EF64  F004         	goto	i2l583
  7695   0008AE                     i2u72_40:
  7696   0008AE  6A4A               	clrf	timer0ISR@currentIntraIndex^0,c
  7697   0008B0  0E04               	movlw	4
  7698   0008B2  644B               	cpfsgt	timer0ISR@currentCubeIndex^0,c
  7699   0008B4  EF5E  F004         	goto	i2u73_41
  7700   0008B8  EF60  F004         	goto	i2u73_40
  7701   0008BC                     i2u73_41:
  7702   0008BC  EF63  F004         	goto	i2l2215
  7703   0008C0                     i2u73_40:
  7704   0008C0  6A4B               	clrf	timer0ISR@currentCubeIndex^0,c
  7705   0008C2  EF64  F004         	goto	i2l583
  7706   0008C6                     i2l2215:
  7707   0008C6  2A4B               	incf	timer0ISR@currentCubeIndex^0,f,c
  7708   0008C8                     i2l583:
  7709   0008C8  0012               	return		;funcret
  7710   0008CA                     __end_of_timer0ISR:
  7711                           	callstack 0
  7712                           
  7713 ;; *************** function i2_ECCP3_LoadDutyValue *****************
  7714 ;; Defined at:
  7715 ;;		line 64 in file "mcc_generated_files/pwm/src/eccp3.c"
  7716 ;; Parameters:    Size  Location     Type
  7717 ;;  dutyValue       2    0[COMRAM] unsigned short 
  7718 ;; Auto vars:     Size  Location     Type
  7719 ;;		None
  7720 ;; Return value:  Size  Location     Type
  7721 ;;                  1    wreg      void 
  7722 ;; Registers used:
  7723 ;;		wreg, status,2, status,0
  7724 ;; Tracked objects:
  7725 ;;		On entry : 0/0
  7726 ;;		On exit  : 0/0
  7727 ;;		Unchanged: 0/0
  7728 ;; Data sizes:     COMRAM   BANK0   BANK1   BANK2   BANK3   BANK4   BANK5
  7729 ;;      Params:         2       0       0       0       0       0       0
  7730 ;;      Locals:         0       0       0       0       0       0       0
  7731 ;;      Temps:          2       0       0       0       0       0       0
  7732 ;;      Totals:         4       0       0       0       0       0       0
  7733 ;;Total ram usage:        4 bytes
  7734 ;; Hardware stack levels used: 1
  7735 ;; This function calls:
  7736 ;;		Nothing
  7737 ;; This function is called by:
  7738 ;;		_timer0ISR
  7739 ;; This function uses a non-reentrant model
  7740 ;;
  7741                           
  7742                           	psect	text36
  7743   000A6C                     __ptext36:
  7744                           	callstack 0
  7745   000A6C                     i2_ECCP3_LoadDutyValue:
  7746                           	callstack 21
  7747   000A6C                     
  7748                           ;mcc_generated_files/pwm/src/eccp3.c: 64: void ECCP3_LoadDutyValue(uint16_t dutyValue);m
      +                          cc_generated_files/pwm/src/eccp3.c: 65: {;mcc_generated_files/pwm/src/eccp3.c: 66:  duty
      +                          Value &= 0x03FF;
  7749   000A6C  0EFF               	movlw	255
  7750   000A6E  1602               	andwf	i2ECCP3_LoadDutyValue@dutyValue^0,f,c
  7751   000A70  0E03               	movlw	3
  7752   000A72  1603               	andwf	(i2ECCP3_LoadDutyValue@dutyValue+1)^0,f,c
  7753                           
  7754                           ;mcc_generated_files/pwm/src/eccp3.c: 69:     CCPR3L = ((dutyValue & 0x03FC) >> 2);
  7755   000A74  C002  F004         	movff	i2ECCP3_LoadDutyValue@dutyValue,??i2_ECCP3_LoadDutyValue
  7756   000A78  C003  F005         	movff	i2ECCP3_LoadDutyValue@dutyValue+1,??i2_ECCP3_LoadDutyValue+1
  7757   000A7C  90D8               	bcf	status,0,c
  7758   000A7E  3205               	rrcf	(??i2_ECCP3_LoadDutyValue+1)^0,f,c
  7759   000A80  3204               	rrcf	??i2_ECCP3_LoadDutyValue^0,f,c
  7760   000A82  90D8               	bcf	status,0,c
  7761   000A84  3205               	rrcf	(??i2_ECCP3_LoadDutyValue+1)^0,f,c
  7762   000A86  3204               	rrcf	??i2_ECCP3_LoadDutyValue^0,f,c
  7763   000A88  5004               	movf	??i2_ECCP3_LoadDutyValue^0,w,c
  7764   000A8A  010F               	movlb	15	; () banked
  7765   000A8C  6F5E               	movwf	94,b	;volatile
  7766                           
  7767                           ;mcc_generated_files/pwm/src/eccp3.c: 72:     CCP3CON = (uint8_t)((CCP3CON & 0xCF) | ((d
      +                          utyValue & 0x0003) << 4));
  7768   000A8E  C002  F004         	movff	i2ECCP3_LoadDutyValue@dutyValue,??i2_ECCP3_LoadDutyValue
  7769   000A92  0E03               	movlw	3
  7770   000A94  1604               	andwf	??i2_ECCP3_LoadDutyValue^0,f,c
  7771   000A96  3A04               	swapf	??i2_ECCP3_LoadDutyValue^0,f,c
  7772   000A98  0EF0               	movlw	240
  7773   000A9A  1604               	andwf	??i2_ECCP3_LoadDutyValue^0,f,c
  7774   000A9C  515D               	movf	93,w,b	;volatile
  7775   000A9E  0BCF               	andlw	207
  7776   000AA0  1004               	iorwf	??i2_ECCP3_LoadDutyValue^0,w,c
  7777   000AA2  6F5D               	movwf	93,b	;volatile
  7778   000AA4                     
  7779                           ; BSR set to: 15
  7780   000AA4  0012               	return		;funcret
  7781   000AA6                     __end_ofi2_ECCP3_LoadDutyValue:
  7782                           	callstack 0
  7783                           
  7784 ;; *************** function i2_ECCP2_LoadDutyValue *****************
  7785 ;; Defined at:
  7786 ;;		line 64 in file "mcc_generated_files/pwm/src/eccp2.c"
  7787 ;; Parameters:    Size  Location     Type
  7788 ;;  dutyValue       2    0[COMRAM] unsigned short 
  7789 ;; Auto vars:     Size  Location     Type
  7790 ;;		None
  7791 ;; Return value:  Size  Location     Type
  7792 ;;                  1    wreg      void 
  7793 ;; Registers used:
  7794 ;;		wreg, status,2, status,0
  7795 ;; Tracked objects:
  7796 ;;		On entry : 0/0
  7797 ;;		On exit  : 0/0
  7798 ;;		Unchanged: 0/0
  7799 ;; Data sizes:     COMRAM   BANK0   BANK1   BANK2   BANK3   BANK4   BANK5
  7800 ;;      Params:         2       0       0       0       0       0       0
  7801 ;;      Locals:         0       0       0       0       0       0       0
  7802 ;;      Temps:          2       0       0       0       0       0       0
  7803 ;;      Totals:         4       0       0       0       0       0       0
  7804 ;;Total ram usage:        4 bytes
  7805 ;; Hardware stack levels used: 1
  7806 ;; This function calls:
  7807 ;;		Nothing
  7808 ;; This function is called by:
  7809 ;;		_timer0ISR
  7810 ;; This function uses a non-reentrant model
  7811 ;;
  7812                           
  7813                           	psect	text37
  7814   000B16                     __ptext37:
  7815                           	callstack 0
  7816   000B16                     i2_ECCP2_LoadDutyValue:
  7817                           	callstack 21
  7818   000B16                     
  7819                           ;mcc_generated_files/pwm/src/eccp2.c: 64: void ECCP2_LoadDutyValue(uint16_t dutyValue);m
      +                          cc_generated_files/pwm/src/eccp2.c: 65: {;mcc_generated_files/pwm/src/eccp2.c: 66:  duty
      +                          Value &= 0x03FF;
  7820   000B16  0EFF               	movlw	255
  7821   000B18  1602               	andwf	i2ECCP2_LoadDutyValue@dutyValue^0,f,c
  7822   000B1A  0E03               	movlw	3
  7823   000B1C  1603               	andwf	(i2ECCP2_LoadDutyValue@dutyValue+1)^0,f,c
  7824                           
  7825                           ;mcc_generated_files/pwm/src/eccp2.c: 69:     CCPR2L = ((dutyValue & 0x03FC) >> 2);
  7826   000B1E  C002  F004         	movff	i2ECCP2_LoadDutyValue@dutyValue,??i2_ECCP2_LoadDutyValue
  7827   000B22  C003  F005         	movff	i2ECCP2_LoadDutyValue@dutyValue+1,??i2_ECCP2_LoadDutyValue+1
  7828   000B26  90D8               	bcf	status,0,c
  7829   000B28  3205               	rrcf	(??i2_ECCP2_LoadDutyValue+1)^0,f,c
  7830   000B2A  3204               	rrcf	??i2_ECCP2_LoadDutyValue^0,f,c
  7831   000B2C  90D8               	bcf	status,0,c
  7832   000B2E  3205               	rrcf	(??i2_ECCP2_LoadDutyValue+1)^0,f,c
  7833   000B30  3204               	rrcf	??i2_ECCP2_LoadDutyValue^0,f,c
  7834   000B32  5004               	movf	??i2_ECCP2_LoadDutyValue^0,w,c
  7835   000B34  6E67               	movwf	103,c	;volatile
  7836                           
  7837                           ;mcc_generated_files/pwm/src/eccp2.c: 72:     CCP2CON = (uint8_t)((CCP2CON & 0xCF) | ((d
      +                          utyValue & 0x0003) << 4));
  7838   000B36  C002  F004         	movff	i2ECCP2_LoadDutyValue@dutyValue,??i2_ECCP2_LoadDutyValue
  7839   000B3A  0E03               	movlw	3
  7840   000B3C  1604               	andwf	??i2_ECCP2_LoadDutyValue^0,f,c
  7841   000B3E  3A04               	swapf	??i2_ECCP2_LoadDutyValue^0,f,c
  7842   000B40  0EF0               	movlw	240
  7843   000B42  1604               	andwf	??i2_ECCP2_LoadDutyValue^0,f,c
  7844   000B44  5066               	movf	102,w,c	;volatile
  7845   000B46  0BCF               	andlw	207
  7846   000B48  1004               	iorwf	??i2_ECCP2_LoadDutyValue^0,w,c
  7847   000B4A  6E66               	movwf	102,c	;volatile
  7848   000B4C  0012               	return		;funcret
  7849   000B4E                     __end_ofi2_ECCP2_LoadDutyValue:
  7850                           	callstack 0
  7851                           
  7852 ;; *************** function i2_ECCP1_LoadDutyValue *****************
  7853 ;; Defined at:
  7854 ;;		line 64 in file "mcc_generated_files/pwm/src/eccp1.c"
  7855 ;; Parameters:    Size  Location     Type
  7856 ;;  dutyValue       2    0[COMRAM] unsigned short 
  7857 ;; Auto vars:     Size  Location     Type
  7858 ;;		None
  7859 ;; Return value:  Size  Location     Type
  7860 ;;                  1    wreg      void 
  7861 ;; Registers used:
  7862 ;;		wreg, status,2, status,0
  7863 ;; Tracked objects:
  7864 ;;		On entry : 0/0
  7865 ;;		On exit  : 0/0
  7866 ;;		Unchanged: 0/0
  7867 ;; Data sizes:     COMRAM   BANK0   BANK1   BANK2   BANK3   BANK4   BANK5
  7868 ;;      Params:         2       0       0       0       0       0       0
  7869 ;;      Locals:         0       0       0       0       0       0       0
  7870 ;;      Temps:          2       0       0       0       0       0       0
  7871 ;;      Totals:         4       0       0       0       0       0       0
  7872 ;;Total ram usage:        4 bytes
  7873 ;; Hardware stack levels used: 1
  7874 ;; This function calls:
  7875 ;;		Nothing
  7876 ;; This function is called by:
  7877 ;;		_timer0ISR
  7878 ;; This function uses a non-reentrant model
  7879 ;;
  7880                           
  7881                           	psect	text38
  7882   000B4E                     __ptext38:
  7883                           	callstack 0
  7884   000B4E                     i2_ECCP1_LoadDutyValue:
  7885                           	callstack 21
  7886   000B4E                     
  7887                           ;mcc_generated_files/pwm/src/eccp1.c: 64: void ECCP1_LoadDutyValue(uint16_t dutyValue);m
      +                          cc_generated_files/pwm/src/eccp1.c: 65: {;mcc_generated_files/pwm/src/eccp1.c: 66:  duty
      +                          Value &= 0x03FF;
  7888   000B4E  0EFF               	movlw	255
  7889   000B50  1602               	andwf	i2ECCP1_LoadDutyValue@dutyValue^0,f,c
  7890   000B52  0E03               	movlw	3
  7891   000B54  1603               	andwf	(i2ECCP1_LoadDutyValue@dutyValue+1)^0,f,c
  7892                           
  7893                           ;mcc_generated_files/pwm/src/eccp1.c: 69:     CCPR1L = ((dutyValue & 0x03FC) >> 2);
  7894   000B56  C002  F004         	movff	i2ECCP1_LoadDutyValue@dutyValue,??i2_ECCP1_LoadDutyValue
  7895   000B5A  C003  F005         	movff	i2ECCP1_LoadDutyValue@dutyValue+1,??i2_ECCP1_LoadDutyValue+1
  7896   000B5E  90D8               	bcf	status,0,c
  7897   000B60  3205               	rrcf	(??i2_ECCP1_LoadDutyValue+1)^0,f,c
  7898   000B62  3204               	rrcf	??i2_ECCP1_LoadDutyValue^0,f,c
  7899   000B64  90D8               	bcf	status,0,c
  7900   000B66  3205               	rrcf	(??i2_ECCP1_LoadDutyValue+1)^0,f,c
  7901   000B68  3204               	rrcf	??i2_ECCP1_LoadDutyValue^0,f,c
  7902   000B6A  5004               	movf	??i2_ECCP1_LoadDutyValue^0,w,c
  7903   000B6C  6EBE               	movwf	190,c	;volatile
  7904                           
  7905                           ;mcc_generated_files/pwm/src/eccp1.c: 72:     CCP1CON = (uint8_t)((CCP1CON & 0xCF) | ((d
      +                          utyValue & 0x0003) << 4));
  7906   000B6E  C002  F004         	movff	i2ECCP1_LoadDutyValue@dutyValue,??i2_ECCP1_LoadDutyValue
  7907   000B72  0E03               	movlw	3
  7908   000B74  1604               	andwf	??i2_ECCP1_LoadDutyValue^0,f,c
  7909   000B76  3A04               	swapf	??i2_ECCP1_LoadDutyValue^0,f,c
  7910   000B78  0EF0               	movlw	240
  7911   000B7A  1604               	andwf	??i2_ECCP1_LoadDutyValue^0,f,c
  7912   000B7C  50BD               	movf	189,w,c	;volatile
  7913   000B7E  0BCF               	andlw	207
  7914   000B80  1004               	iorwf	??i2_ECCP1_LoadDutyValue^0,w,c
  7915   000B82  6EBD               	movwf	189,c	;volatile
  7916   000B84  0012               	return		;funcret
  7917   000B86                     __end_ofi2_ECCP1_LoadDutyValue:
  7918                           	callstack 0
  7919                           
  7920                           	psect	rparam
  7921   000001                     ___rparam_used  equ	1
  7922   000000                     ___param_bank   equ	0
  7923   000000                     __Lparam        equ	__Lrparam
  7924   000000                     __Hparam        equ	__Hrparam
  7925   000001                     btemp           set	1	;btemp
  7926   000001                     int$flags       set	1
  7927   000001                     btemp0          set	1
  7928   000002                     btemp1          set	2
  7929                           
  7930                           	psect	config
  7931                           
  7932                           ; Padding undefined space
  7933   300000                     	org	3145728
  7934   300000  FF                 	db	255
  7935                           
  7936                           ;Config register CONFIG1H @ 0x300001
  7937                           ;	Oscillator Selection bits
  7938                           ;	FOSC = INTIO67, Internal oscillator block
  7939                           ;	4X PLL Enable
  7940                           ;	PLLCFG = OFF, Oscillator used directly
  7941                           ;	Primary clock enable bit
  7942                           ;	PRICLKEN = ON, Primary clock enabled
  7943                           ;	Fail-Safe Clock Monitor Enable bit
  7944                           ;	FCMEN = OFF, Fail-Safe Clock Monitor disabled
  7945                           ;	Internal/External Oscillator Switchover bit
  7946                           ;	IESO = OFF, Oscillator Switchover mode disabled
  7947   300001                     	org	3145729
  7948   300001  28                 	db	40
  7949                           
  7950                           ;Config register CONFIG2L @ 0x300002
  7951                           ;	Power-up Timer Enable bit
  7952                           ;	PWRTEN = OFF, Power up timer disabled
  7953                           ;	Brown-out Reset Enable bits
  7954                           ;	BOREN = SBORDIS, Brown-out Reset enabled in hardware only (SBOREN is disabled)
  7955                           ;	Brown Out Reset Voltage bits
  7956                           ;	BORV = 190, VBOR set to 1.90 V nominal
  7957   300002                     	org	3145730
  7958   300002  1F                 	db	31
  7959                           
  7960                           ;Config register CONFIG2H @ 0x300003
  7961                           ;	Watchdog Timer Enable bits
  7962                           ;	WDTEN = OFF, Watch dog timer is always disabled. SWDTEN has no effect.
  7963                           ;	Watchdog Timer Postscale Select bits
  7964                           ;	WDTPS = 32768, 1:32768
  7965   300003                     	org	3145731
  7966   300003  3C                 	db	60
  7967                           
  7968                           ; Padding undefined space
  7969   300004                     	org	3145732
  7970   300004  FF                 	db	255
  7971                           
  7972                           ;Config register CONFIG3H @ 0x300005
  7973                           ;	CCP2 MUX bit
  7974                           ;	CCP2MX = PORTC1, CCP2 input/output is multiplexed with RC1
  7975                           ;	PORTB A/D Enable bit
  7976                           ;	PBADEN = ON, PORTB<5:0> pins are configured as analog input channels on Reset
  7977                           ;	P3A/CCP3 Mux bit
  7978                           ;	CCP3MX = PORTB5, P3A/CCP3 input/output is multiplexed with RB5
  7979                           ;	HFINTOSC Fast Start-up
  7980                           ;	HFOFST = ON, HFINTOSC output and ready status are not delayed by the oscillator stable
      +                           status
  7981                           ;	Timer3 Clock input mux bit
  7982                           ;	T3CMX = PORTC0, T3CKI is on RC0
  7983                           ;	ECCP2 B output mux bit
  7984                           ;	P2BMX = PORTB5, P2B is on RB5
  7985                           ;	MCLR Pin Enable bit
  7986                           ;	MCLRE = EXTMCLR, MCLR pin enabled, RE3 input pin disabled
  7987   300005                     	org	3145733
  7988   300005  BF                 	db	191
  7989                           
  7990                           ;Config register CONFIG4L @ 0x300006
  7991                           ;	Stack Full/Underflow Reset Enable bit
  7992                           ;	STVREN = ON, Stack full/underflow will cause Reset
  7993                           ;	Single-Supply ICSP Enable bit
  7994                           ;	LVP = ON, Single-Supply ICSP enabled if MCLRE is also 1
  7995                           ;	Extended Instruction Set Enable bit
  7996                           ;	XINST = OFF, Instruction set extension and Indexed Addressing mode disabled (Legacy mo
      +                          de)
  7997                           ;	Background Debug
  7998                           ;	DEBUG = 0x1, unprogrammed default
  7999   300006                     	org	3145734
  8000   300006  85                 	db	133
  8001                           
  8002                           ; Padding undefined space
  8003   300007                     	org	3145735
  8004   300007  FF                 	db	255
  8005                           
  8006                           ;Config register CONFIG5L @ 0x300008
  8007                           ;	Code Protection Block 0
  8008                           ;	CP0 = OFF, Block 0 (000800-001FFFh) not code-protected
  8009                           ;	Code Protection Block 1
  8010                           ;	CP1 = OFF, Block 1 (002000-003FFFh) not code-protected
  8011                           ;	Code Protection Block 2
  8012                           ;	CP2 = OFF, Block 2 (004000-005FFFh) not code-protected
  8013                           ;	Code Protection Block 3
  8014                           ;	CP3 = OFF, Block 3 (006000-007FFFh) not code-protected
  8015   300008                     	org	3145736
  8016   300008  0F                 	db	15
  8017                           
  8018                           ;Config register CONFIG5H @ 0x300009
  8019                           ;	Boot Block Code Protection bit
  8020                           ;	CPB = OFF, Boot block (000000-0007FFh) not code-protected
  8021                           ;	Data EEPROM Code Protection bit
  8022                           ;	CPD = OFF, Data EEPROM not code-protected
  8023   300009                     	org	3145737
  8024   300009  C0                 	db	192
  8025                           
  8026                           ;Config register CONFIG6L @ 0x30000A
  8027                           ;	Write Protection Block 0
  8028                           ;	WRT0 = OFF, Block 0 (000800-001FFFh) not write-protected
  8029                           ;	Write Protection Block 1
  8030                           ;	WRT1 = OFF, Block 1 (002000-003FFFh) not write-protected
  8031                           ;	Write Protection Block 2
  8032                           ;	WRT2 = OFF, Block 2 (004000-005FFFh) not write-protected
  8033                           ;	Write Protection Block 3
  8034                           ;	WRT3 = OFF, Block 3 (006000-007FFFh) not write-protected
  8035   30000A                     	org	3145738
  8036   30000A  0F                 	db	15
  8037                           
  8038                           ;Config register CONFIG6H @ 0x30000B
  8039                           ;	Configuration Register Write Protection bit
  8040                           ;	WRTC = OFF, Configuration registers (300000-3000FFh) not write-protected
  8041                           ;	Boot Block Write Protection bit
  8042                           ;	WRTB = OFF, Boot Block (000000-0007FFh) not write-protected
  8043                           ;	Data EEPROM Write Protection bit
  8044                           ;	WRTD = OFF, Data EEPROM not write-protected
  8045   30000B                     	org	3145739
  8046   30000B  E0                 	db	224
  8047                           
  8048                           ;Config register CONFIG7L @ 0x30000C
  8049                           ;	Table Read Protection Block 0
  8050                           ;	EBTR0 = OFF, Block 0 (000800-001FFFh) not protected from table reads executed in other
      +                           blocks
  8051                           ;	Table Read Protection Block 1
  8052                           ;	EBTR1 = OFF, Block 1 (002000-003FFFh) not protected from table reads executed in other
      +                           blocks
  8053                           ;	Table Read Protection Block 2
  8054                           ;	EBTR2 = OFF, Block 2 (004000-005FFFh) not protected from table reads executed in other
      +                           blocks
  8055                           ;	Table Read Protection Block 3
  8056                           ;	EBTR3 = OFF, Block 3 (006000-007FFFh) not protected from table reads executed in other
      +                           blocks
  8057   30000C                     	org	3145740
  8058   30000C  0F                 	db	15
  8059                           
  8060                           ;Config register CONFIG7H @ 0x30000D
  8061                           ;	Boot Block Table Read Protection bit
  8062                           ;	EBTRB = OFF, Boot Block (000000-0007FFh) not protected from table reads executed in ot
      +                          her blocks
  8063   30000D                     	org	3145741
  8064   30000D  40                 	db	64
  8065                           tosu	equ	0xFFF
  8066                           tosh	equ	0xFFE
  8067                           tosl	equ	0xFFD
  8068                           stkptr	equ	0xFFC
  8069                           pclatu	equ	0xFFB
  8070                           pclath	equ	0xFFA
  8071                           pcl	equ	0xFF9
  8072                           tblptru	equ	0xFF8
  8073                           tblptrh	equ	0xFF7
  8074                           tblptrl	equ	0xFF6
  8075                           tablat	equ	0xFF5
  8076                           prodh	equ	0xFF4
  8077                           prodl	equ	0xFF3
  8078                           indf0	equ	0xFEF
  8079                           postinc0	equ	0xFEE
  8080                           postdec0	equ	0xFED
  8081                           preinc0	equ	0xFEC
  8082                           plusw0	equ	0xFEB
  8083                           fsr0h	equ	0xFEA
  8084                           fsr0l	equ	0xFE9
  8085                           wreg	equ	0xFE8
  8086                           indf1	equ	0xFE7
  8087                           postinc1	equ	0xFE6
  8088                           postdec1	equ	0xFE5
  8089                           preinc1	equ	0xFE4
  8090                           plusw1	equ	0xFE3
  8091                           fsr1h	equ	0xFE2
  8092                           fsr1l	equ	0xFE1
  8093                           bsr	equ	0xFE0
  8094                           indf2	equ	0xFDF
  8095                           postinc2	equ	0xFDE
  8096                           postdec2	equ	0xFDD
  8097                           preinc2	equ	0xFDC
  8098                           plusw2	equ	0xFDB
  8099                           fsr2h	equ	0xFDA
  8100                           fsr2l	equ	0xFD9
  8101                           status	equ	0xFD8

Data Sizes:
    Strings     795
    Constant    48
    Data        74
    BSS         58
    Persistent  4
    Stack       0

Auto Spaces:
    Space          Size  Autos    Used
    COMRAM           94     49      79
    BANK0           160     14     120
    BANK1           256      0       0
    BANK2           256      0       0
    BANK3           256      0       0
    BANK4           256      0       0
    BANK5           256      0       0

Pointer List with Targets:

    EUSART1_FramingErrorCallbackRegister@callbackHandler	PTR FTN()void  size(2) Largest target is 1
		 -> EUSART1_DefaultFramingErrorCallback(), 

    EUSART1_FramingErrorHandler	PTR FTN()void  size(2) Largest target is 1
		 -> EUSART1_DefaultFramingErrorCallback(), NULL(), 

    EUSART1_OverrunErrorCallbackRegister@callbackHandler	PTR FTN()void  size(2) Largest target is 1
		 -> EUSART1_DefaultOverrunErrorCallback(), 

    EUSART1_OverrunErrorHandler	PTR FTN()void  size(2) Largest target is 1
		 -> EUSART1_DefaultOverrunErrorCallback(), NULL(), 

    fputc@fp	PTR struct _IO_FILE size(2) Largest target is 0
		 -> NULL(NULL[0]), 

    fputc@fp$.$buffer	PTR unsigned char  size(2) Largest target is 0

    fputc@fp$.$source	PTR const unsigned char  size(2) Largest target is 0

    INT0_InterruptHandler	PTR FTN()void  size(2) Largest target is 1
		 -> INT0_DefaultInterruptHandler(), NULL(), 

    INT0_SetInterruptHandler@InterruptHandler	PTR FTN()void  size(2) Largest target is 1
		 -> INT0_DefaultInterruptHandler(), 

    INT1_InterruptHandler	PTR FTN()void  size(2) Largest target is 1
		 -> INT1_DefaultInterruptHandler(), NULL(), 

    INT1_SetInterruptHandler@InterruptHandler	PTR FTN()void  size(2) Largest target is 1
		 -> INT1_DefaultInterruptHandler(), 

    INT2_InterruptHandler	PTR FTN()void  size(2) Largest target is 1
		 -> INT2_DefaultInterruptHandler(), NULL(), 

    INT2_SetInterruptHandler@InterruptHandler	PTR FTN()void  size(2) Largest target is 1
		 -> INT2_DefaultInterruptHandler(), 

    printf@ap	PTR void [1] size(1) Largest target is 2
		 -> ?_printf(COMRAM[2]), 

    printf@fmt	PTR const unsigned char  size(2) Largest target is 47
		 -> STR_1(CODE[11]), STR_10(CODE[33]), STR_11(CODE[15]), STR_12(CODE[21]), 
		 -> STR_13(CODE[24]), STR_14(CODE[39]), STR_15(CODE[41]), STR_16(CODE[40]), 
		 -> STR_17(CODE[30]), STR_18(CODE[18]), STR_19(CODE[47]), STR_2(CODE[13]), 
		 -> STR_20(CODE[33]), STR_21(CODE[2]), STR_22(CODE[2]), STR_23(CODE[21]), 
		 -> STR_24(CODE[22]), STR_25(CODE[23]), STR_26(CODE[20]), STR_27(CODE[23]), 
		 -> STR_28(CODE[24]), STR_29(CODE[23]), STR_3(CODE[22]), STR_30(CODE[22]), 
		 -> STR_31(CODE[22]), STR_32(CODE[23]), STR_33(CODE[21]), STR_34(CODE[22]), 
		 -> STR_35(CODE[20]), STR_36(CODE[14]), STR_37(CODE[24]), STR_38(CODE[19]), 
		 -> STR_39(CODE[24]), STR_4(CODE[16]), STR_40(CODE[28]), STR_41(CODE[17]), 
		 -> STR_5(CODE[5]), STR_6(CODE[33]), STR_7(CODE[18]), STR_8(CODE[18]), 
		 -> STR_9(CODE[18]), 

    S1992$buffer	PTR unsigned char  size(2) Largest target is 0

    S1992$source	PTR const unsigned char  size(2) Largest target is 0

    S789$20$0	PTR FTN()void  size(2) Largest target is 1
		 -> EUSART1_DefaultFramingErrorCallback(), 

    S789$21$0	PTR FTN()void  size(2) Largest target is 1
		 -> EUSART1_DefaultOverrunErrorCallback(), 

    S789$AutoBaudEventEnableGet	PTR FTN()_Bool  size(2) Largest target is 1
		 -> NULL(), 

    S789$AutoBaudQuery	PTR FTN()_Bool  size(2) Largest target is 1
		 -> EUSART1_AutoBaudQuery(), 

    S789$AutoBaudSet	PTR FTN(_Bool ,)void  size(2) Largest target is 1
		 -> EUSART1_AutoBaudSet(), 

    S789$BaudRateGet	PTR FTN()unsigned long  size(2) Largest target is 1
		 -> NULL(), 

    S789$BaudRateSet	PTR FTN(unsigned long ,)void  size(2) Largest target is 1
		 -> NULL(), 

    S789$BRGCountGet	PTR FTN()unsigned long  size(2) Largest target is 1
		 -> NULL(), 

    S789$BRGCountSet	PTR FTN(unsigned long ,)void  size(2) Largest target is 1
		 -> NULL(), 

    S789$Deinitialize	PTR FTN()void  size(2) Largest target is 1
		 -> EUSART1_Deinitialize(), 

    S789$ErrorGet	PTR FTN()unsigned int  size(2) Largest target is 2
		 -> EUSART1_ErrorGet(), 

    S789$EventCallbackRegister	PTR FTN(PTR FTN()void ,)void  size(2) Largest target is 1
		 -> NULL(), 

    S789$FramingErrorCallbackRegister	PTR FTN(PTR FTN()void ,)void  size(2) Largest target is 1
		 -> EUSART1_FramingErrorCallbackRegister(), 

    S789$Initialize	PTR FTN()void  size(2) Largest target is 1
		 -> EUSART1_Initialize(), 

    S789$IsRxReady	PTR FTN()_Bool  size(2) Largest target is 1
		 -> EUSART1_IsRxReady(), 

    S789$IsTxDone	PTR FTN()_Bool  size(2) Largest target is 1
		 -> EUSART1_IsTxDone(), 

    S789$IsTxReady	PTR FTN()_Bool  size(2) Largest target is 1
		 -> EUSART1_IsTxReady(), 

    S789$OverrunErrorCallbackRegister	PTR FTN(PTR FTN()void ,)void  size(2) Largest target is 1
		 -> EUSART1_OverrunErrorCallbackRegister(), 

    S789$ParityErrorCallbackRegister	PTR FTN(PTR FTN()void ,)void  size(2) Largest target is 1
		 -> NULL(), 

    S789$Read	PTR FTN()unsigned char  size(2) Largest target is 1
		 -> EUSART1_Read(), 

    S789$RxCompleteCallbackRegister	PTR FTN(PTR FTN()void ,)void  size(2) Largest target is 1
		 -> NULL(), 

    S789$TransmitDisable	PTR FTN()void  size(2) Largest target is 1
		 -> EUSART1_TransmitDisable(), 

    S789$TransmitEnable	PTR FTN()void  size(2) Largest target is 1
		 -> EUSART1_TransmitEnable(), 

    S789$TxCollisionCallbackRegister	PTR FTN(PTR FTN()void ,)void  size(2) Largest target is 1
		 -> NULL(), 

    S789$TxCompleteCallbackRegister	PTR FTN(PTR FTN()void ,)void  size(2) Largest target is 1
		 -> NULL(), 

    S789$Write	PTR FTN(unsigned char ,)void  size(2) Largest target is 1
		 -> EUSART1_Write(), 

    TMR0_OverflowCallback	PTR FTN()void  size(2) Largest target is 1
		 -> timer0ISR(), TMR0_DefaultOverflowCallback(), NULL(), 

    TMR0_OverflowCallbackRegister@callbackHandler	PTR FTN()void  size(2) Largest target is 1
		 -> timer0ISR(), TMR0_DefaultOverflowCallback(), 

    TMR2_PeriodMatchCallback	PTR FTN()void  size(2) Largest target is 1
		 -> TMR2_DefaultPeriodMatchCallback(), NULL(), 

    UART1$AutoBaudEventEnableGet	PTR FTN()_Bool  size(2) Largest target is 1
		 -> NULL(), 

    UART1$AutoBaudQuery	PTR FTN()_Bool  size(2) Largest target is 1
		 -> EUSART1_AutoBaudQuery(), 

    UART1$AutoBaudSet	PTR FTN(_Bool ,)void  size(2) Largest target is 1
		 -> EUSART1_AutoBaudSet(), 

    UART1$BaudRateGet	PTR FTN()unsigned long  size(2) Largest target is 1
		 -> NULL(), 

    UART1$BaudRateSet	PTR FTN(unsigned long ,)void  size(2) Largest target is 1
		 -> NULL(), 

    UART1$BRGCountGet	PTR FTN()unsigned long  size(2) Largest target is 1
		 -> NULL(), 

    UART1$BRGCountSet	PTR FTN(unsigned long ,)void  size(2) Largest target is 1
		 -> NULL(), 

    UART1$Deinitialize	PTR FTN()void  size(2) Largest target is 1
		 -> EUSART1_Deinitialize(), 

    UART1$ErrorGet	PTR FTN()unsigned int  size(2) Largest target is 2
		 -> EUSART1_ErrorGet(), 

    UART1$EventCallbackRegister	PTR FTN(PTR FTN()void ,)void  size(2) Largest target is 1
		 -> NULL(), 

    UART1$FramingErrorCallbackRegister	PTR FTN(PTR FTN()void ,)void  size(2) Largest target is 1
		 -> EUSART1_FramingErrorCallbackRegister(), 

    UART1$Initialize	PTR FTN()void  size(2) Largest target is 1
		 -> EUSART1_Initialize(), 

    UART1$IsRxReady	PTR FTN()_Bool  size(2) Largest target is 1
		 -> EUSART1_IsRxReady(), 

    UART1$IsTxDone	PTR FTN()_Bool  size(2) Largest target is 1
		 -> EUSART1_IsTxDone(), 

    UART1$IsTxReady	PTR FTN()_Bool  size(2) Largest target is 1
		 -> EUSART1_IsTxReady(), 

    UART1$OverrunErrorCallbackRegister	PTR FTN(PTR FTN()void ,)void  size(2) Largest target is 1
		 -> EUSART1_OverrunErrorCallbackRegister(), 

    UART1$ParityErrorCallbackRegister	PTR FTN(PTR FTN()void ,)void  size(2) Largest target is 1
		 -> NULL(), 

    UART1$Read	PTR FTN()unsigned char  size(2) Largest target is 1
		 -> EUSART1_Read(), 

    UART1$RxCompleteCallbackRegister	PTR FTN(PTR FTN()void ,)void  size(2) Largest target is 1
		 -> NULL(), 

    UART1$TransmitDisable	PTR FTN()void  size(2) Largest target is 1
		 -> EUSART1_TransmitDisable(), 

    UART1$TransmitEnable	PTR FTN()void  size(2) Largest target is 1
		 -> EUSART1_TransmitEnable(), 

    UART1$TxCollisionCallbackRegister	PTR FTN(PTR FTN()void ,)void  size(2) Largest target is 1
		 -> NULL(), 

    UART1$TxCompleteCallbackRegister	PTR FTN(PTR FTN()void ,)void  size(2) Largest target is 1
		 -> NULL(), 

    UART1$Write	PTR FTN(unsigned char ,)void  size(2) Largest target is 1
		 -> EUSART1_Write(), 

    vfpfcnvrt@ap	PTR PTR void  size(1) Largest target is 1
		 -> printf@ap(COMRAM[1]), 

    vfpfcnvrt@cp	PTR unsigned char  size(2) Largest target is 47
		 -> STR_1(CODE[11]), STR_10(CODE[33]), STR_11(CODE[15]), STR_12(CODE[21]), 
		 -> STR_13(CODE[24]), STR_14(CODE[39]), STR_15(CODE[41]), STR_16(CODE[40]), 
		 -> STR_17(CODE[30]), STR_18(CODE[18]), STR_19(CODE[47]), STR_2(CODE[13]), 
		 -> STR_20(CODE[33]), STR_21(CODE[2]), STR_22(CODE[2]), STR_23(CODE[21]), 
		 -> STR_24(CODE[22]), STR_25(CODE[23]), STR_26(CODE[20]), STR_27(CODE[23]), 
		 -> STR_28(CODE[24]), STR_29(CODE[23]), STR_3(CODE[22]), STR_30(CODE[22]), 
		 -> STR_31(CODE[22]), STR_32(CODE[23]), STR_33(CODE[21]), STR_34(CODE[22]), 
		 -> STR_35(CODE[20]), STR_36(CODE[14]), STR_37(CODE[24]), STR_38(CODE[19]), 
		 -> STR_39(CODE[24]), STR_4(CODE[16]), STR_40(CODE[28]), STR_41(CODE[17]), 
		 -> STR_5(CODE[5]), STR_6(CODE[33]), STR_7(CODE[18]), STR_8(CODE[18]), 
		 -> STR_9(CODE[18]), 

    vfpfcnvrt@fmt	PTR PTR unsigned char  size(1) Largest target is 2
		 -> vfprintf@cfmt(COMRAM[2]), 

    vfpfcnvrt@fp	PTR struct _IO_FILE size(2) Largest target is 0
		 -> NULL(NULL[0]), 

    vfprintf@ap	PTR PTR void  size(1) Largest target is 1
		 -> printf@ap(COMRAM[1]), 

    vfprintf@cfmt	PTR unsigned char  size(2) Largest target is 47
		 -> STR_1(CODE[11]), STR_10(CODE[33]), STR_11(CODE[15]), STR_12(CODE[21]), 
		 -> STR_13(CODE[24]), STR_14(CODE[39]), STR_15(CODE[41]), STR_16(CODE[40]), 
		 -> STR_17(CODE[30]), STR_18(CODE[18]), STR_19(CODE[47]), STR_2(CODE[13]), 
		 -> STR_20(CODE[33]), STR_21(CODE[2]), STR_22(CODE[2]), STR_23(CODE[21]), 
		 -> STR_24(CODE[22]), STR_25(CODE[23]), STR_26(CODE[20]), STR_27(CODE[23]), 
		 -> STR_28(CODE[24]), STR_29(CODE[23]), STR_3(CODE[22]), STR_30(CODE[22]), 
		 -> STR_31(CODE[22]), STR_32(CODE[23]), STR_33(CODE[21]), STR_34(CODE[22]), 
		 -> STR_35(CODE[20]), STR_36(CODE[14]), STR_37(CODE[24]), STR_38(CODE[19]), 
		 -> STR_39(CODE[24]), STR_4(CODE[16]), STR_40(CODE[28]), STR_41(CODE[17]), 
		 -> STR_5(CODE[5]), STR_6(CODE[33]), STR_7(CODE[18]), STR_8(CODE[18]), 
		 -> STR_9(CODE[18]), 

    vfprintf@fmt	PTR const unsigned char  size(2) Largest target is 47
		 -> STR_1(CODE[11]), STR_10(CODE[33]), STR_11(CODE[15]), STR_12(CODE[21]), 
		 -> STR_13(CODE[24]), STR_14(CODE[39]), STR_15(CODE[41]), STR_16(CODE[40]), 
		 -> STR_17(CODE[30]), STR_18(CODE[18]), STR_19(CODE[47]), STR_2(CODE[13]), 
		 -> STR_20(CODE[33]), STR_21(CODE[2]), STR_22(CODE[2]), STR_23(CODE[21]), 
		 -> STR_24(CODE[22]), STR_25(CODE[23]), STR_26(CODE[20]), STR_27(CODE[23]), 
		 -> STR_28(CODE[24]), STR_29(CODE[23]), STR_3(CODE[22]), STR_30(CODE[22]), 
		 -> STR_31(CODE[22]), STR_32(CODE[23]), STR_33(CODE[21]), STR_34(CODE[22]), 
		 -> STR_35(CODE[20]), STR_36(CODE[14]), STR_37(CODE[24]), STR_38(CODE[19]), 
		 -> STR_39(CODE[24]), STR_4(CODE[16]), STR_40(CODE[28]), STR_41(CODE[17]), 
		 -> STR_5(CODE[5]), STR_6(CODE[33]), STR_7(CODE[18]), STR_8(CODE[18]), 
		 -> STR_9(CODE[18]), 

    vfprintf@fp	PTR struct _IO_FILE size(2) Largest target is 0
		 -> NULL(NULL[0]), 


Critical Paths under _main in COMRAM

    _main->_printf
    _printf->_vfprintf
    _vfprintf->_vfpfcnvrt
    _vfpfcnvrt->_fputc
    _fputc->_putch
    _putch->_EUSART1_IsTxReady
    _putch->_EUSART1_Write
    _TMR0_Initialize->_TMR0_OverflowCallbackRegister
    _INTERRUPT_Initialize->_INT0_SetInterruptHandler
    _INTERRUPT_Initialize->_INT1_SetInterruptHandler
    _INTERRUPT_Initialize->_INT2_SetInterruptHandler
    _EUSART1_Initialize->_EUSART1_FramingErrorCallbackRegister
    _EUSART1_Initialize->_EUSART1_OverrunErrorCallbackRegister

Critical Paths under _INTERRUPT_InterruptManager in COMRAM

    _timer0ISR->i2_ECCP1_LoadDutyValue
    _timer0ISR->i2_ECCP2_LoadDutyValue
    _timer0ISR->i2_ECCP3_LoadDutyValue

Critical Paths under _main in BANK0

    None.

Critical Paths under _INTERRUPT_InterruptManager in BANK0

    None.

Critical Paths under _main in BANK1

    None.

Critical Paths under _INTERRUPT_InterruptManager in BANK1

    None.

Critical Paths under _main in BANK2

    None.

Critical Paths under _INTERRUPT_InterruptManager in BANK2

    None.

Critical Paths under _main in BANK3

    None.

Critical Paths under _INTERRUPT_InterruptManager in BANK3

    None.

Critical Paths under _main in BANK4

    None.

Critical Paths under _INTERRUPT_InterruptManager in BANK4

    None.

Critical Paths under _main in BANK5

    None.

Critical Paths under _INTERRUPT_InterruptManager in BANK5

    None.

Call Graph Tables:

 ---------------------------------------------------------------------------------
 (Depth) Function   	        Calls       Base Space   Used Autos Params    Refs
 ---------------------------------------------------------------------------------
 (0) _main                                                18    18      0    3371
                                             47 COMRAM     2     2      0
                                              0 BANK0     14    14      0
                _ECCP1_LoadDutyValue
                _ECCP2_LoadDutyValue
                _ECCP3_LoadDutyValue
                  _EUSART1_IsRxReady
                       _EUSART1_Read
                  _SYSTEM_Initialize
      _TMR0_OverflowCallbackRegister
                     _TMR0_PeriodSet
                             _printf
 ---------------------------------------------------------------------------------
 (1) _printf                                               7     3      4    1714
                                             42 COMRAM     5     1      4
                           _vfprintf
 ---------------------------------------------------------------------------------
 (2) _vfprintf                                             7     2      5    1504
                                             35 COMRAM     7     2      5
                          _vfpfcnvrt
 ---------------------------------------------------------------------------------
 (3) _vfpfcnvrt                                           15    11      4    1295
                                             21 COMRAM    14    10      4
                              _fputc
 ---------------------------------------------------------------------------------
 (4) _fputc                                                9     5      4     453
                                             12 COMRAM     9     5      4
                              _putch
 ---------------------------------------------------------------------------------
 (5) _putch                                                1     1      0     118
                                             11 COMRAM     1     1      0
                  _EUSART1_IsTxReady
                      _EUSART1_Write
 ---------------------------------------------------------------------------------
 (6) _EUSART1_Write                                        1     0      1      34
                                             10 COMRAM     1     0      1
 ---------------------------------------------------------------------------------
 (6) _EUSART1_IsTxReady                                    1     1      0      37
                                             10 COMRAM     1     1      0
 ---------------------------------------------------------------------------------
 (1) _TMR0_PeriodSet                                       2     0      2      37
                                             10 COMRAM     2     0      2
 ---------------------------------------------------------------------------------
 (1) _SYSTEM_Initialize                                    0     0      0     269
                   _CLOCK_Initialize
                   _ECCP1_Initialize
                   _ECCP2_Initialize
                   _ECCP3_Initialize
                 _EUSART1_Initialize
               _INTERRUPT_Initialize
             _PIN_MANAGER_Initialize
                    _TMR0_Initialize
                    _TMR2_Initialize
 ---------------------------------------------------------------------------------
 (2) _TMR2_Initialize                                      0     0      0       0
 ---------------------------------------------------------------------------------
 (2) _TMR0_Initialize                                      0     0      0      37
      _TMR0_OverflowCallbackRegister
 ---------------------------------------------------------------------------------
 (3) _TMR0_OverflowCallbackRegister                        2     0      2      37
                                             10 COMRAM     2     0      2
 ---------------------------------------------------------------------------------
 (2) _PIN_MANAGER_Initialize                               0     0      0       0
 ---------------------------------------------------------------------------------
 (2) _INTERRUPT_Initialize                                 0     0      0     102
           _INT0_SetInterruptHandler
           _INT1_SetInterruptHandler
           _INT2_SetInterruptHandler
 ---------------------------------------------------------------------------------
 (3) _INT2_SetInterruptHandler                             2     0      2      34
                                             10 COMRAM     2     0      2
 ---------------------------------------------------------------------------------
 (3) _INT1_SetInterruptHandler                             2     0      2      34
                                             10 COMRAM     2     0      2
 ---------------------------------------------------------------------------------
 (3) _INT0_SetInterruptHandler                             2     0      2      34
                                             10 COMRAM     2     0      2
 ---------------------------------------------------------------------------------
 (2) _EUSART1_Initialize                                   0     0      0     130
_EUSART1_FramingErrorCallbackRegiste
_EUSART1_OverrunErrorCallbackRegiste
 ---------------------------------------------------------------------------------
 (3) _EUSART1_OverrunErrorCallbackRegister                 2     0      2      65
                                             10 COMRAM     2     0      2
 ---------------------------------------------------------------------------------
 (3) _EUSART1_FramingErrorCallbackRegister                 2     0      2      65
                                             10 COMRAM     2     0      2
 ---------------------------------------------------------------------------------
 (2) _ECCP3_Initialize                                     0     0      0       0
 ---------------------------------------------------------------------------------
 (2) _ECCP2_Initialize                                     0     0      0       0
 ---------------------------------------------------------------------------------
 (2) _ECCP1_Initialize                                     0     0      0       0
 ---------------------------------------------------------------------------------
 (2) _CLOCK_Initialize                                     0     0      0       0
 ---------------------------------------------------------------------------------
 (1) _EUSART1_Read                                         0     0      0       0
                                NULL *
_EUSART1_DefaultFramingErrorCallback *
_EUSART1_DefaultOverrunErrorCallback *
 ---------------------------------------------------------------------------------
 (2) _EUSART1_DefaultOverrunErrorCallback                  0     0      0       0
 ---------------------------------------------------------------------------------
 (2) _EUSART1_DefaultFramingErrorCallback                  0     0      0       0
 ---------------------------------------------------------------------------------
 (9) NULL(Fake)                                            0     0      0       0
 ---------------------------------------------------------------------------------
 (1) _EUSART1_IsRxReady                                    0     0      0       0
 ---------------------------------------------------------------------------------
 (1) _ECCP3_LoadDutyValue                                  4     2      2      74
                                             10 COMRAM     4     2      2
 ---------------------------------------------------------------------------------
 (1) _ECCP2_LoadDutyValue                                  4     2      2      74
                                             10 COMRAM     4     2      2
 ---------------------------------------------------------------------------------
 (1) _ECCP1_LoadDutyValue                                  4     2      2      74
                                             10 COMRAM     4     2      2
 ---------------------------------------------------------------------------------
 Estimated maximum stack depth 9
 ---------------------------------------------------------------------------------
 (Depth) Function   	        Calls       Base Space   Used Autos Params    Refs
 ---------------------------------------------------------------------------------
 (7) _INTERRUPT_InterruptManager                           6     6      0     138
                                              4 COMRAM     6     6      0
                   _TMR0_OverflowISR
 ---------------------------------------------------------------------------------
 (8) _TMR0_OverflowISR                                     0     0      0     138
                                NULL *
       _TMR0_DefaultOverflowCallback *
                          _timer0ISR *
 ---------------------------------------------------------------------------------
 (9) _timer0ISR                                            0     0      0     138
              i2_ECCP1_LoadDutyValue
              i2_ECCP2_LoadDutyValue
              i2_ECCP3_LoadDutyValue
 ---------------------------------------------------------------------------------
 (10) i2_ECCP3_LoadDutyValue                               4     2      2      46
                                              0 COMRAM     4     2      2
 ---------------------------------------------------------------------------------
 (10) i2_ECCP2_LoadDutyValue                               4     2      2      46
                                              0 COMRAM     4     2      2
 ---------------------------------------------------------------------------------
 (10) i2_ECCP1_LoadDutyValue                               4     2      2      46
                                              0 COMRAM     4     2      2
 ---------------------------------------------------------------------------------
 (9) _TMR0_DefaultOverflowCallback                         0     0      0       0
 ---------------------------------------------------------------------------------
 (9) NULL(Fake)                                            0     0      0       0
 ---------------------------------------------------------------------------------
 Estimated maximum stack depth 10
 ---------------------------------------------------------------------------------

 Call Graph Graphs:

 _main (ROOT)
   _ECCP1_LoadDutyValue
   _ECCP2_LoadDutyValue
   _ECCP3_LoadDutyValue
   _EUSART1_IsRxReady
   _EUSART1_Read
     NULL(Fake) *
     _EUSART1_DefaultFramingErrorCallback *
     _EUSART1_DefaultOverrunErrorCallback *
   _SYSTEM_Initialize
     _CLOCK_Initialize
     _ECCP1_Initialize
     _ECCP2_Initialize
     _ECCP3_Initialize
     _EUSART1_Initialize
       _EUSART1_FramingErrorCallbackRegister
       _EUSART1_OverrunErrorCallbackRegister
     _INTERRUPT_Initialize
       _INT0_SetInterruptHandler
       _INT1_SetInterruptHandler
       _INT2_SetInterruptHandler
     _PIN_MANAGER_Initialize
     _TMR0_Initialize
       _TMR0_OverflowCallbackRegister
     _TMR2_Initialize
   _TMR0_OverflowCallbackRegister
   _TMR0_PeriodSet
   _printf
     _vfprintf
       _vfpfcnvrt
         _fputc
           _putch
             _EUSART1_IsTxReady
             _EUSART1_Write

 _INTERRUPT_InterruptManager (ROOT)
   _TMR0_OverflowISR
     NULL(Fake) *
     _TMR0_DefaultOverflowCallback *
     _timer0ISR *
       i2_ECCP1_LoadDutyValue
       i2_ECCP2_LoadDutyValue
       i2_ECCP3_LoadDutyValue

Address spaces:
Name               Size   Autos  Total    Usage
BIGRAM            1535      0       0      0.0%
BITBANK5           256      0       0      0.0%
BANK5              256      0       0      0.0%
BITBANK4           256      0       0      0.0%
BANK4              256      0       0      0.0%
BITBANK3           256      0       0      0.0%
BANK3              256      0       0      0.0%
BITBANK2           256      0       0      0.0%
BANK2              256      0       0      0.0%
BITBANK1           256      0       0      0.0%
BANK1              256      0       0      0.0%
BITBANK0           160      0       0      0.0%
BANK0              160     14     120     75.0%
BITBIGSFRh         155      0       0      0.0%
BITCOMRAM           94      0       0      0.0%
COMRAM              94     49      79     84.0%
BITBIGSFRllh        19      0       0      0.0%
BITBIGSFRlll        14      0       0      0.0%
BITBIGSFRlh          6      0       0      0.0%
STACK                0      0       0      0.0%
DATA                 0      0     199      0.0%


Microchip Technology PIC18 Macro Assembler V3.10 build 20250813170317 
Symbol Table                                                                                   Mon Oct  6 22:02:49 2025

                           __end_of_ECCP2_Initialize 0D82                                                   l20 0B14  
                                                 l40 0ADC                                                   l17 0D98  
                                                 l60 0A6A                                                   l37 0D80  
                                                 l57 0D68                                                   l90 0C9C  
                                                 l69 0DBA                                                  l202 0DD8  
                                                l119 0C50                                                  l226 0CC2  
                                                l159 0BEE                                                  l247 0DC4  
                                                l176 0DEC                                                  l266 0DCE  
                                                l442 0C74                                                  l443 0C76  
                                                l531 01DC                                                  l189 0DE2  
                                                l533 01FE                                                  l438 0DAC  
                                                l534 0204                                                  l471 0CE2  
                                                l456 0946                                                  l288 0D50  
                                                l481 0D38                                                  l474 0DFC  
                                                l394 0C22                                                  l459 0DF2  
                                                l477 0DF8                                                  l485 0D1C  
                                                _PR2 0FBB                                                  u940 0C62  
                                                u941 0C5E                                                  u950 0C70  
                                                u951 0C6C                                                  u960 0CDA  
                                                u961 0CD6                                                  u970 0774  
                                                u971 0770                                                  u980 0786  
                                                u981 0782                                                  u990 07AE  
                                                u991 07AA                           ??_INT0_SetInterruptHandler 000E  
                                _ECCP2_LoadDutyValue 0AA6                                      _TMR2_Initialize 0D3A  
                                                tosl 0FFD                                                  wreg 0FE8  
                                         _TXSTA1bits 0FAC                                    main@currentPeriod 00CD  
                           __end_of_ECCP3_Initialize 0D6A                                                 l1400 0760  
                                               l1421 0A30                                                 l1433 082A  
                                               l2501 061E                                                 l1374 0D00  
                                               l2511 067A                                                 l2503 063A  
                                               l2601 0D3A                                                 l2433 0C52  
                                               l2441 0DEE                                                 l2521 06B6  
                                               l2513 068A                                                 l2505 0652  
                                               l2611 0BF0                                                 l2603 0D3E  
                                               l2435 0C62                                                 l2443 0CC6  
                                               l2451 0762                                                 l2523 06C8  
                                               l2515 0692                                                 l2507 0670  
                                               l2613 0C04                                                 l2621 0BCE  
                                               l2605 0D40                                                 l2437 0C70  
                                               l2445 0CC6                                                 l2461 07E4  
                                               l2453 0774                                                 l2525 06DC  
                                               l2517 0696                                                 l2509 0674  
                                               l2533 0712                                                 l2701 009C  
                                               l2551 0D8E                                                 l2615 0C10  
                                               l2623 0BD0                                                 l2471 0DC6  
                                               l2607 0D4A                                                 l2447 0CDA  
                                               l2455 0786                                                 l2527 06FA  
                                               l2519 06A4                                                 l2535 072A  
                                               l2631 09EE                                                 l2711 00BC  
                                               l2703 00A0                                                 l2641 0ADE  
                                               l2553 0D90                                                 l2545 0D82  
                                               l2561 0D76                                                 l2473 0D1E  
                                               l2465 0DE4                                                 l2625 0BDE  
                                               l2617 0BBC                                                 l2609 0D4C  
                                               l2457 0790                                                 l2529 06FC  
                                               l2481 057C                                                 l2633 09FA  
                                               l2721 0100                                                 l2713 00C8  
                                               l2705 00AC                                                 l2643 0AA6  
                                               l2547 0D86                                                 l2563 0D78  
                                               l2555 0D6A                                                 l2571 0D60  
                                               l2475 0D30                                                 l2467 0DDA  
                                               l2627 0BE0                                                 l2619 0BC2  
                                               l2651 0C84                                                 l2459 07AE  
                                               l2491 05DA                                                 l2483 059E  
                                               l2539 073A                                                 l2635 0A0E  
                                               l2811 0406                                                 l2803 03E0  
                                               l2731 01EA                                                 l2723 010C  
                                               l2715 00D4                                                 l2707 00AE  
                                               l2645 0A32                                                 l2629 0DF4  
                                               l2549 0D88                                                 l2557 0D6E  
                                               l2573 0D62                                                 l2565 0D52  
                                               l2477 0D02                                                 l2469 0DD0  
                                               l2581 0C2C                                                 l2653 0C94  
                                               l2493 05E6                                                 l2485 05AA  
                                               l2637 0A2A                                                 l2821 045E  
                                               l2813 0412                                                 l2805 03EC  
                                               l2741 0212                                                 l2733 01EE  
                                               l2717 00E0                                                 l2709 00B0  
                                               l2671 08F2                                                 l2663 08CA  
                                               l2575 0DAE                                                 l2559 0D70  
                                               l2567 0D58                                                 l2479 0D14  
                                               l2583 0C48                                                 l2591 0CA4  
                                               l2655 0C98                                                 l2647 0C78  
                                               l2495 05FA                                                 l2487 05B4  
                                               l2831 04AA                                                 l2823 046A  
                                               l2815 0436                                                 l2807 03F4  
                                               l2751 025A                                                 l2743 0216  
                                               l2719 00EC                                                 l2681 0944  
                                               l2673 090A                                                 l2665 08D0  
                                               l2569 0D5A                                                 l2585 0C4E  
                                               l2577 0C24                                                 l2593 0CAE  
                                               l2649 0C80                                                 l2657 0DBC  
                                               l2489 05B8                                                 l2841 04D4  
                                               l2833 04B6                                                 l2825 048E  
                                               l2817 0446                                                 l2809 0400  
                                               l2761 02B0                                                 l2753 0266  
                                               l2745 022A                                                 l2729 01DE  
                                               l2659 0D9A                                                 l2675 0918  
                                               l2667 08DE                                                 l2579 0C28  
                                               l2595 0CBA                                                 l2587 0C9E  
                                               l2499 0610                                                 l2843 04DE  
                                               l2835 04BE                                                 l2827 049E  
                                               l2819 044E                                                 l2771 02F0  
                                               l2755 0276                                                 l2747 0242  
                                               l2739 0206                                                 l2677 091A  
                                               l2669 08E0                                                 l2597 0CBC  
                                               l2589 0CA0                                                 l2685 0CE4  
                                               l2845 04EC                                                 l2837 04C4  
                                               l2781 0346                                                 l2773 02FC  
                                               l2765 02C0                                                 l2757 0298  
                                               l2749 0252                                                 l2679 092C  
                                               l2599 0CBE                                                 l2687 0CE8  
                                               l2839 04CA                                                 l2791 0386  
                                               l2775 030C                                                 l2767 02D8  
                                               l2759 02A8                                                 l2793 0396  
                                               l2785 0356                                                 l2777 032E  
                                               l2769 02E8                                                 l2849 0502  
                                               l2795 03B8                                                 l2787 036E  
                                               l2779 033E                                                 l2699 0070  
                                               l2797 03C8                                                 l2789 037E  
                                               l2799 03D0                                                 STR_1 7FEE  
                                               STR_2 7FE1                                                 STR_3 7E89  
                                               STR_4 7FB4                                                 STR_5 7FF9  
                                               STR_6 7D8A                                                 STR_7 7F6D  
                                               STR_8 7F91                                                 STR_9 7F7F  
                                               u1000 07E4                                                 u1001 07E0  
                                               u1010 0D30                                                 u1011 0D2C  
                                               u1020 0D14                                                 u1100 0A2A  
                                               u1021 0D10                                                 u1101 0A26  
                                               u1110 0DAA                                                 u1030 059E  
                                               u1111 0DA4                                                 u1031 059A  
                                               u1120 08DE                                                 u1040 05DA  
                                               u1200 01FE                                                 u1121 08DA  
                                               u1041 05D6                                                 u1201 01FA  
                                               u1130 08F2                                                 u1050 063A  
                                               u1210 0226                                                 u1131 08EE  
                                               u1051 0636                                                 u1211 0222  
                                               u1116 0DAC                                                 u1060 068A  
                                               u1220 0242                                                 u1061 0686  
                                               u1221 023E                                                 u1150 0918  
                                               u1070 06C8                                                 u1230 0298  
                                               u1151 0914                                                 u1071 06C4  
                                               u1231 0294                                                 u1160 092C  
                                               u1080 06D8                                                 u1240 02D8  
                                               u1161 0928                                                 u1081 06D4  
                                               u1241 02D4                                                 u1090 070E  
                                               u1250 032E                                                 u1091 070A  
                                               u1251 032A                                                 u1148 08F8  
                                               u1260 036E                                                 _IOCB 0F62  
                                               u1149 090A                                                 u1261 036A  
                                               _LATA 0F89                                                 u1270 03B8  
                                               u1190 0100                                                 _LATB 0F8A  
                                               u1271 03B4                                                 u1191 00FC  
                                               _LATC 0F8B                                                 u1280 0436  
                                               u1281 0432                                                 u1178 0932  
                                               u1290 048E                                                 u1179 0944  
                                               u1291 048A                                                 i2l20 0B84  
                                               i2l40 0B4C                                                 i2l60 0AA4  
                                        main@redDuty 00D0                                                 _TMR2 0FBC  
                                               _WPUB 0F61                                        _EUSART1_Write 0DEE  
                                               _dbuf 00A8                                                 _main 0070  
                                      ?_EUSART1_Read 0002                                                 _prec 0035  
                                               fsr1h 0FE2                                                 fsr2h 0FDA  
                                               indf2 0FDF                                                 fsr1l 0FE1  
                                               fsr2l 0FD9                                                 btemp 0001  
                          ?_INT2_SetInterruptHandler 000C                                                 prodh 0FF4  
                                               prodl 0FF3                                                 start 006C  
                               ?_ECCP2_LoadDutyValue 000C                                         ___param_bank 0000  
                                   _TMR0_OverflowISR 0B86                                         main@blueDuty 00D4  
                            __end_of_TMR0_Initialize 0CC4                                         _BAUDCON1bits 0FB8  
                                              ?_main 0002                                                STR_10 7D8A  
                                              STR_11 7FC4                                                STR_20 7D8A  
                                              STR_12 7F0B                                                STR_21 7DFB  
                                              STR_13 7E15                                                STR_22 7DFB  
                                              STR_30 7E9F                                                STR_14 7D63  
                                              STR_23 7EE1                                                STR_31 7E73  
                                              STR_15 7D12                                                STR_32 7E45  
                                              STR_24 7EB5                                                STR_40 7DC9  
                                              STR_16 7D3B                                                STR_41 7FA3  
                                              STR_33 7EF6                                                STR_25 7E45  
                                              STR_17 7DAB                                                STR_18 7F5B  
                                              STR_26 7F20                                                STR_34 7ECB  
                                              STR_35 7F34                                                STR_27 7E5C  
                                              STR_19 7CE3                                                STR_36 7FD3  
                                              STR_28 7E2D                                                STR_29 7E45  
                                              STR_37 7DFD                                                STR_38 7F48  
                                              STR_39 7DE5                                                _T0CON 0FD5  
                                              _T2CON 0FBA                                                i2l166 0050  
                                              i2l263 0BBA                                                i2l269 0DFE  
                                              i2l583 08C8                                                _UART1 7CB3  
                                       vfpfcnvrt@fmt 0019                                                _TMR0H 0FD7  
                                              _TMR0L 0FD6                                                _TRISA 0F92  
                                              _TRISB 0F93                                                _TRISC 0F94  
                                              _TRISE 0F96                                i2_ECCP3_LoadDutyValue 0A6C  
       __end_of_EUSART1_FramingErrorCallbackRegister 0D3A               ??_EUSART1_FramingErrorCallbackRegister 000E  
              ?_EUSART1_FramingErrorCallbackRegister 000C                 _EUSART1_FramingErrorCallbackRegister 0D1E  
                                              _flags 0049                                                _fputc 0762  
                                              btemp0 0001                                                btemp1 0002  
                                              _width 0033                                                _putch 0CC4  
                                              main@i 00CF                             _INT1_SetInterruptHandler 0DDA  
                                     ?_EUSART1_Write 000C                                                pclath 0FFA  
                                              pclatu 0FFB                                      _tmr0PeriodCount 0041  
                                              tablat 0FF5                                       ??_EUSART1_Read 000C  
                              _EUSART1_AutoBaudQuery 0000                                                status 0FD8  
                              ??_ECCP2_LoadDutyValue 000E                                      __initialization 0948  
                         __end_of_EUSART1_Initialize 0C24                                         __end_of_main 057C  
                            __end_of_TMR2_Initialize 0D52                          ?_INTERRUPT_InterruptManager 0002  
                                             ??_main 0031                                        __activetblptr 0002  
EUSART1_OverrunErrorCallbackRegister@callbackHandler 000C  EUSART1_FramingErrorCallbackRegister@callbackHandler 000C  
       TMR0_OverflowCallbackRegister@callbackHandler 000C                          __end_of_ECCP1_LoadDutyValue 0B16  
                                             ?_fputc 000E                                               _CCPR1H 0FBF  
                                             _CCPR2H 0F68                                               _CCPR1L 0FBE  
                                             _CCPR3H 0F5F                                               _CCPR2L 0F67  
                                             _CCPR3L 0F5E                                               _ANSELA 0F38  
                                             ?_putch 0002                                               _ANSELB 0F39  
                                             _ANSELC 0F3A                                        main@greenDuty 00D2  
                                             i2l2201 0874                                               i2l2211 08B0  
                                             i2l2203 0888                                               i2l2213 08C0  
                                             i2l2205 089C                                               i2l2151 0A6C  
                                             i2l2215 08C6                                               i2l2207 089E  
                                             i2l2209 08AE                                               i2l2147 0B4E  
                                             i2l2251 0BA0                                               i2l2149 0B16  
                                             i2l2253 0BB8                                               i2l2245 0B86  
                                             i2l2247 0B8A                                               i2l2263 0022  
                                             i2l2249 0B8E                                               i2l2265 0030  
                                             i2l2195 082C                                               i2l2267 003E  
                                             i2l2197 083C                                               i2l2269 004C  
                                             i2l2199 0860                                               _RCREG1 0FAE  
                                             _RCSTA1 0FAB                                               _OSCCON 0FD3  
                                             _SPBRG1 0FAF                       i2ECCP3_LoadDutyValue@dutyValue 0002  
                                             _TXREG1 0FAD                                               _TXSTA1 0FAC  
                                       _CCPTMRS0bits 0F49                                         vfprintf@cfmt 002A  
                       ECCP1_LoadDutyValue@dutyValue 000C                              ??i2_ECCP2_LoadDutyValue 0004  
                                   ?_TMR0_Initialize 0002                        __end_ofi2_ECCP1_LoadDutyValue 0B86  
                                             clear_0 0986                                               clear_1 0992  
                                             isa$std 0001                                               _printf 0CE4  
                                  ?_CLOCK_Initialize 0002                                               fputc@c 000E  
                             ?i2_ECCP3_LoadDutyValue 0002                         _INT2_DefaultInterruptHandler 0000  
                                       __pdataCOMRAM 004F                                   ??_CLOCK_Initialize 000C  
                                       __mediumconst 7CB2                                               tblptrh 0FF7  
                                             tblptrl 0FF6                                               tblptru 0FF8  
       __end_of_EUSART1_OverrunErrorCallbackRegister 0D1E               ??_EUSART1_OverrunErrorCallbackRegister 000E  
              ?_EUSART1_OverrunErrorCallbackRegister 000C                 _EUSART1_OverrunErrorCallbackRegister 0D02  
                                   __end_of_vfprintf 0A32                                      ??_EUSART1_Write 000D  
           INT2_SetInterruptHandler@InterruptHandler 000C             INT1_SetInterruptHandler@InterruptHandler 000C  
           INT0_SetInterruptHandler@InterruptHandler 000C                                    ?_ECCP1_Initialize 0002  
                                  _SYSTEM_Initialize 0C78                                   ??_ECCP1_Initialize 000C  
                                         __accesstop 0060                              __end_of__initialization 0998  
                                 ?_SYSTEM_Initialize 0002                                        ___rparam_used 0001  
                                      __end_of_UART1 7CE3                                       __pcstackCOMRAM 0002  
                                       __pidataBANK0 09A6                                  ??_SYSTEM_Initialize 000E  
                                  ?_ECCP2_Initialize 0002                                        __end_of_fputc 082C  
                                      __end_of_putch 0CE4                                     ?_TMR2_Initialize 0002  
                                 ??_ECCP2_Initialize 000C                                 __end_of_EUSART1_Read 0948  
                   __end_of_INT2_SetInterruptHandler 0DDA                                  _ECCP3_LoadDutyValue 0A32  
                           __end_of_TMR0_OverflowISR 0BBC                                              ??_fputc 0012  
                          __end_of_SYSTEM_Initialize 0C9E                                    ?_ECCP3_Initialize 0002  
                                            ??_putch 000D                                           __pbssBANK0 00A8  
                                 ??_ECCP3_Initialize 000C                                _INT0_InterruptHandler 0047  
                                         __pnvCOMRAM 004D                                _TMR0_OverflowCallback 004D  
                               ?_ECCP3_LoadDutyValue 000C                                              _CCP1CON 0FBD  
                                            _CCP2CON 0F66                                              _CCP3CON 0F5D  
                                            _ECCP1AS 0FB6                                              _ECCP2AS 0F64  
                                            _ECCP3AS 0F5B                                     _EUSART1_IsTxDone 0000  
                             _EUSART1_IsTxReady$1261 000C                                              ?_printf 002C  
                                   _EUSART1_ErrorGet 0000                           ??_INT1_SetInterruptHandler 000E  
                                            _OSCCON2 0FD2                                              _OSCTUNE 0F9B  
                                            i2u71_40 083C                                              i2u71_41 0838  
                                            _PWM1CON 0FB7                                              i2u72_40 08AE  
                                            i2u72_41 08AA                                              _PWM2CON 0F65  
                                            i2u73_40 08C0                                              i2u73_41 08BC  
                                            _PWM3CON 0F5C                                              i2u75_40 0BA0  
                                            i2u75_41 0B9C                                              _SPBRGH1 0FB0  
                                            i2u76_48 0BA6                                              i2u77_40 0030  
                                            i2u76_49 0BB8                                              i2u77_41 002C  
                                            i2u78_40 003E                                              i2u78_41 003A  
                                            i2u79_40 004C                                              i2u79_41 0048  
                          ?_INT0_SetInterruptHandler 000C                                 _EUSART1_Deinitialize 0000  
                             _EUSART1_TransmitEnable 0000                                ??_ECCP3_LoadDutyValue 000E  
                                            __Hparam 0000                                              __Lparam 0000  
                                          ?_vfprintf 0025                                              __pcinit 0948  
                                            __ramtop 0600                                              __ptext0 0070  
                                            __ptext1 0CE4                                              __ptext2 09EE  
                                            __ptext3 057C                                              __ptext4 0762  
                                            __ptext5 0CC4                                              __ptext6 0DEE  
                                            __ptext7 0C52                                              __ptext8 0DBC  
                                            __ptext9 0C78                                            _T0CONbits 0FD5  
                                            _initBlu 0060                                              _initGre 006C  
                                            _initRed 0078                                            _T2CONbits 0FBA  
                                 _EUSART1_Initialize 0BF0                             ??_PIN_MANAGER_Initialize 000C  
                                            main@cmd 00CA                          __end_of_ECCP2_LoadDutyValue 0ADE  
                               end_of_initialization 0998                             _INT2_SetInterruptHandler 0DD0  
                                ?_EUSART1_Initialize 0002                                              fputc@fp 0010  
                                      __Lmediumconst 7CB2                          _EUSART1_OverrunErrorHandler 003B  
                                  __end_of_timer0ISR 08CA                                    __end_of_vfpfcnvrt 0762  
                                            postdec1 0FE5                                              postdec2 0FDD  
                                            postinc0 0FEE                                              postinc1 0FE6  
                                            postinc2 0FDE                                     vfpfcnvrt@convarg 001D  
                                         ??_vfprintf 002A                                 ??_EUSART1_Initialize 000E  
                            ??i2_ECCP3_LoadDutyValue 0004                        __end_ofi2_ECCP2_LoadDutyValue 0B4E  
                              _INT1_InterruptHandler 0045                                       main@twoHundRaw 00CB  
              __end_of_TMR0_OverflowCallbackRegister 0DD0                        _TMR0_OverflowCallbackRegister 0DC6  
                                     _TMR0_PeriodSet 0DBC                       i2ECCP1_LoadDutyValue@dutyValue 0002  
                                EUSART1_Write@txData 000C                                         _EUSART1_Read 08CA  
               __end_of_TMR0_DefaultOverflowCallback 0E00                         _TMR0_DefaultOverflowCallback 0DFE  
                           timer0ISR@currentRedValue 0039                      _TMR2_DefaultPeriodMatchCallback 0000  
                       __end_of_INTERRUPT_Initialize 0BF0                         _INT0_DefaultInterruptHandler 0000  
                                        vfpfcnvrt@ap 001A                                          vfpfcnvrt@cp 0022  
                                        vfpfcnvrt@fp 0017                                        __pidataCOMRAM 0DFA  
                       ECCP2_LoadDutyValue@dutyValue 000C                               __end_of_TMR0_PeriodSet 0DC6  
                              i2_ECCP1_LoadDutyValue 0B4E                                       __end_of_printf 0D02  
                                start_initialization 0948                                    ?_TMR0_OverflowISR 0002  
                                        putch@txData 000D                                __end_of_EUSART1_Write 0DF4  
                                 ??_TMR0_OverflowISR 0006                        ?_TMR0_DefaultOverflowCallback 0002  
                                        vfprintf@fmt 0027                                          __pdataBANK0 0060  
                          timer0ISR@currentBlueValue 004F                            timer0ISR@currentCubeIndex 004B  
                                           ??_printf 0030                                      ?_TMR0_PeriodSet 000C  
                                        __pbssCOMRAM 0033                     __end_of_INT0_SetInterruptHandler 0DEE  
                          TMR0_PeriodSet@periodCount 000C                                        __pcstackBANK0 00C8  
                     ?_TMR0_OverflowCallbackRegister 000C                                _INT2_InterruptHandler 0043  
                                          __pnvBANK0 00D6                               _PIN_MANAGER_Initialize 0C24  
                                          __pintcode 0008                                        __pmediumconst 7CB2  
                       ??_INTERRUPT_InterruptManager 0006                               ?i2_ECCP1_LoadDutyValue 0002  
                                          _colorTour 004C                                          __smallconst 7CB2  
                         ??_INT2_SetInterruptHandler 000E                                             _BAUDCON1 0FB8  
                                  _EUSART1_IsRxReady 0D9A                                    _EUSART1_IsTxReady 0C52  
                                 ?_EUSART1_IsRxReady 0002                                   ?_EUSART1_IsTxReady 0002  
                               _INTERRUPT_Initialize 0BBC                          __end_of_ECCP3_LoadDutyValue 0A6C  
                                   _CLOCK_Initialize 0DAE                                    ??_TMR0_Initialize 000E  
                                ??_EUSART1_IsRxReady 000C                                  ??_EUSART1_IsTxReady 000C  
                          ?_INT1_SetInterruptHandler 000C                                             _PIE1bits 0F9D  
                                           _PIR1bits 0F9E                                            _timer0ISR 082C  
                                           _RCONbits 0FD0                                     _ECCP1_Initialize 0D82  
                                           _PSTR1CON 0FB9                                             _PSTR2CON 0F63  
                                           _PSTR3CON 0F5A                       ??_TMR0_DefaultOverflowCallback 0002  
                                          _vfpfcnvrt 057C                        __end_ofi2_ECCP3_LoadDutyValue 0AA6  
                          __end_of_EUSART1_IsRxReady 0DAE                                  _ECCP1_LoadDutyValue 0ADE  
                          __end_of_EUSART1_IsTxReady 0C78                                     _ECCP2_Initialize 0D6A  
                                         vfpfcnvrt@c 0024                                           vfpfcnvrt@x 0021  
                                        _INTCON2bits 0FF1                                          _INTCON3bits 0FF0  
                                          copy_data0 095C                                ?_INTERRUPT_Initialize 0002  
                           _INT0_SetInterruptHandler 0DE4                                  _EUSART1_AutoBaudSet 0000  
                                  main@maxColorSpeed 00C8                                    ??_TMR2_Initialize 000C  
                            _EUSART1_TransmitDisable 0000                                 ?_ECCP1_LoadDutyValue 000C  
                                           __Hrparam 0000                                           ?_timer0ISR 0002  
                                         vfprintf@ap 0029                                             __Lrparam 0000  
                                         vfprintf@fp 0025                                     _ECCP3_Initialize 0D52  
                                         ?_vfpfcnvrt 0017          __end_of_EUSART1_DefaultFramingErrorCallback 0DFE  
              ??_EUSART1_DefaultFramingErrorCallback 000C                 ?_EUSART1_DefaultFramingErrorCallback 0002  
                _EUSART1_DefaultFramingErrorCallback 0DFC                                i2_ECCP2_LoadDutyValue 0B16  
                                           _deltaBlu 0084                                             _deltaGre 0090  
                                           _deltaRed 009C                                             __ptext10 0D3A  
                                           __ptext11 0C9E                                             __ptext20 0D1E  
                                           __ptext12 0DC6                                             __ptext21 0D52  
                                           __ptext13 0C24                                             __ptext30 0AA6  
                                           __ptext22 0D6A                                             __ptext14 0BBC  
                                           __ptext31 0ADE                                             __ptext23 0D82  
                                           __ptext15 0DD0                                             __ptext24 0DAE  
                                           __ptext16 0DDA                                             __ptext33 0B86  
                                           __ptext25 08CA                                             __ptext17 0DE4  
                                           __ptext34 0DFE                                             __ptext26 0DF4  
                                           __ptext18 0BF0                                             __ptext35 082C  
                                           __ptext27 0DFC                                             __ptext19 0D02  
                                           __ptext36 0A6C                                             __ptext28 0D9A  
                                           __ptext37 0B16                                             __ptext29 0A32  
                                           __ptext38 0B4E                       i2ECCP2_LoadDutyValue@dutyValue 0002  
                              ??_ECCP1_LoadDutyValue 000E                           timer0ISR@currentGreenValue 0037  
                                           isa$xinst 0000                                     ??_TMR0_PeriodSet 000E  
                                           int$flags 0001                                             _vfprintf 09EE  
                 __end_of_INTERRUPT_InterruptManager 006C                           _INTERRUPT_InterruptManager 0008  
                                          printf@fmt 002C                          _EUSART1_FramingErrorHandler 003D  
                       _INT1_DefaultInterruptHandler 0000                         ECCP3_LoadDutyValue@dutyValue 000C  
                                         _INTCONbits 0FF2                           timer0ISR@currentIntraIndex 004A  
                             ??_INTERRUPT_Initialize 000E                                             intlevel2 0000  
                            ?_PIN_MANAGER_Initialize 0002                                           _RCSTA1bits 0FAB  
                                        ??_timer0ISR 0006                      ??_TMR0_OverflowCallbackRegister 000E  
                            ??i2_ECCP1_LoadDutyValue 0004                                             printf@ap 0030  
                                        ??_vfpfcnvrt 001B                                   _eusart1RxLastError 003F  
                           __end_of_CLOCK_Initialize 0DBC                               ?i2_ECCP2_LoadDutyValue 0002  
                                    _TMR0_Initialize 0C9E                     __end_of_INT1_SetInterruptHandler 0DE4  
        __end_of_EUSART1_DefaultOverrunErrorCallback 0DFA                ??_EUSART1_DefaultOverrunErrorCallback 000C  
               ?_EUSART1_DefaultOverrunErrorCallback 0002                  _EUSART1_DefaultOverrunErrorCallback 0DF4  
                           __end_of_ECCP1_Initialize 0D9A                       __end_of_PIN_MANAGER_Initialize 0C52  
                           _TMR2_PeriodMatchCallback 00D6  
